component_id,batch_id,component_family,measurement_name,upper_limit,profile_id,part_number,nominal_capacitance_nf,rated_voltage_v,package_code,dielectric,applied_voltage_v,voltage_stress_ratio,measurement_voltage_v,prior_storage_humidity_pct,tester_id,tester_channel,board_position,data_source,is_synthetic,generator_version,hours,measurement_value,temperature_c,measurement_temperature_c,capacitance_nf,dissipation_factor_pct,insulation_resistance_gohm
MLCC_C000002,MLCC_B046,MLCC_X7R,leakage_ua,0.12,SIM_X7R_10N_50V,FICTIONAL-MLCC-01,10,50,0805,X7R,45.5463849288,0.910927698575,49.2110231956,21.8225744456,TESTER_2,15,160,synthetic,True,mlcc-synthetic-1.0.0,0,0.0115336302033,122.939535449,24.1559440548,9.95375249713,0.655514041582,4.26674189549
MLCC_C000002,MLCC_B046,MLCC_X7R,leakage_ua,0.12,SIM_X7R_10N_50V,FICTIONAL-MLCC-01,10,50,0805,X7R,45.5463849288,0.910927698575,49.2110231956,21.8225744456,TESTER_2,15,160,synthetic,True,mlcc-synthetic-1.0.0,24,0.0124795515148,122.920435267,24.1559440548,9.91236002136,0.71934621541,3.94333267001
MLCC_C000027,MLCC_B046,MLCC_X7R,leakage_ua,0.12,SIM_X7R_10N_50V,FICTIONAL-MLCC-01,10,50,0805,X7R,45.5463849288,0.910927698575,49.2110231956,43.9220226458,TESTER_2,3,138,synthetic,True,mlcc-synthetic-1.0.0,0,0.00905469497061,122.873216835,24.1559440548,9.84233907183,0.532869186927,5.43486261606
MLCC_C000027,MLCC_B046,MLCC_X7R,leakage_ua,0.12,SIM_X7R_10N_50V,FICTIONAL-MLCC-01,10,50,0805,X7R,45.5463849288,0.910927698575,49.2110231956,43.9220226458,TESTER_2,3,138,synthetic,True,mlcc-synthetic-1.0.0,24,0.00928797332362,123.177096331,24.1559440548,9.77964931783,0.517447345151,5.29835966157
MLCC_C000074,MLCC_B046,MLCC_X7R,leakage_ua,0.12,SIM_X7R_10N_50V,FICTIONAL-MLCC-01,10,50,0805,X7R,45.5463849288,0.910927698575,49.2110231956,20.1291810396,TESTER_2,10,103,synthetic,True,mlcc-synthetic-1.0.0,0,0.0214781287119,123.408963391,24.1559440548,9.87508034489,0.668461645088,2.29121558287
MLCC_C000074,MLCC_B046,MLCC_X7R,leakage_ua,0.12,SIM_X7R_10N_50V,FICTIONAL-MLCC-01,10,50,0805,X7R,45.5463849288,0.910927698575,49.2110231956,20.1291810396,TESTER_2,10,103,synthetic,True,mlcc-synthetic-1.0.0,24,0.0198518542027,123.027853061,24.1559440548,9.82618579183,0.600123146713,2.47891318831
MLCC_C000087,MLCC_B046,MLCC_X7R,leakage_ua,0.12,SIM_X7R_10N_50V,FICTIONAL-MLCC-01,10,50,0805,X7R,45.5463849288,0.910927698575,49.2110231956,58.4340014569,TESTER_2,12,71,synthetic,True,mlcc-synthetic-1.0.0,0,0.0299362348666,123.168827279,24.1559440548,9.61161584681,0.455224433425,1.64386147473
MLCC_C000087,MLCC_B046,MLCC_X7R,leakage_ua,0.12,SIM_X7R_10N_50V,FICTIONAL-MLCC-01,10,50,0805,X7R,45.5463849288,0.910927698575,49.2110231956,58.4340014569,TESTER_2,12,71,synthetic,True,mlcc-synthetic-1.0.0,24,0.0266058134326,123.033169382,24.1559440548,9.65560650674,0.511923635498,1.84963422826
MLCC_C000256,MLCC_B046,MLCC_X7R,leakage_ua,0.12,SIM_X7R_10N_50V,FICTIONAL-MLCC-01,10,50,0805,X7R,45.5463849288,0.910927698575,49.2110231956,41.3394992213,TESTER_2,16,84,synthetic,True,mlcc-synthetic-1.0.0,0,0.0179327532183,122.92218736,24.1559440548,10.0362688562,0.697795540696,2.7441978706
MLCC_C000256,MLCC_B046,MLCC_X7R,leakage_ua,0.12,SIM_X7R_10N_50V,FICTIONAL-MLCC-01,10,50,0805,X7R,45.5463849288,0.910927698575,49.2110231956,41.3394992213,TESTER_2,16,84,synthetic,True,mlcc-synthetic-1.0.0,24,0.0161121481954,122.927054328,24.1559440548,9.94262245539,0.70570824595,3.05428069546
MLCC_C000384,MLCC_B046,MLCC_X7R,leakage_ua,0.12,SIM_X7R_10N_50V,FICTIONAL-MLCC-01,10,50,0805,X7R,45.5463849288,0.910927698575,49.2110231956,35.074404591,TESTER_2,14,131,synthetic,True,mlcc-synthetic-1.0.0,0,0.0158321666154,123.087771463,24.1559440548,9.22213176428,0.619243822641,3.10829366511
MLCC_C000384,MLCC_B046,MLCC_X7R,leakage_ua,0.12,SIM_X7R_10N_50V,FICTIONAL-MLCC-01,10,50,0805,X7R,45.5463849288,0.910927698575,49.2110231956,35.074404591,TESTER_2,14,131,synthetic,True,mlcc-synthetic-1.0.0,24,0.0141759584423,122.989009539,24.1559440548,9.20718754493,0.645087038507,3.47144239988
MLCC_C000419,MLCC_B046,MLCC_X7R,leakage_ua,0.12,SIM_X7R_10N_50V,FICTIONAL-MLCC-01,10,50,0805,X7R,45.5463849288,0.910927698575,49.2110231956,19.9001752178,TESTER_2,8,90,synthetic,True,mlcc-synthetic-1.0.0,0,0.0230983852313,122.914731347,24.1559440548,9.80429360465,0.559640079212,2.13049625344
MLCC_C000419,MLCC_B046,MLCC_X7R,leakage_ua,0.12,SIM_X7R_10N_50V,FICTIONAL-MLCC-01,10,50,0805,X7R,45.5463849288,0.910927698575,49.2110231956,19.9001752178,TESTER_2,8,90,synthetic,True,mlcc-synthetic-1.0.0,24,0.0197592386352,122.853880494,24.1559440548,9.79992341408,0.548013792612,2.49053235826
MLCC_C000483,MLCC_B046,MLCC_X7R,leakage_ua,0.12,SIM_X7R_10N_50V,FICTIONAL-MLCC-01,10,50,0805,X7R,45.5463849288,0.910927698575,49.2110231956,23.5273927065,TESTER_2,14,44,synthetic,True,mlcc-synthetic-1.0.0,0,0.0131750215964,123.056957975,24.1559440548,10.2024058006,0.691266457072,3.73517590354
MLCC_C000483,MLCC_B046,MLCC_X7R,leakage_ua,0.12,SIM_X7R_10N_50V,FICTIONAL-MLCC-01,10,50,0805,X7R,45.5463849288,0.910927698575,49.2110231956,23.5273927065,TESTER_2,14,44,synthetic,True,mlcc-synthetic-1.0.0,24,0.010030134254,123.025165694,24.1559440548,10.1432688971,0.61502031767,4.90631749778
MLCC_C000536,MLCC_B046,MLCC_X7R,leakage_ua,0.12,SIM_X7R_10N_50V,FICTIONAL-MLCC-01,10,50,0805,X7R,45.5463849288,0.910927698575,49.2110231956,25.845945631,TESTER_2,13,125,synthetic,True,mlcc-synthetic-1.0.0,0,0.0218144729119,123.063096276,24.1559440548,10.1704830006,0.531334090697,2.25588871179
MLCC_C000536,MLCC_B046,MLCC_X7R,leakage_ua,0.12,SIM_X7R_10N_50V,FICTIONAL-MLCC-01,10,50,0805,X7R,45.5463849288,0.910927698575,49.2110231956,25.845945631,TESTER_2,13,125,synthetic,True,mlcc-synthetic-1.0.0,24,0.0168243611358,123.119538244,24.1559440548,10.099283589,0.524200987681,2.92498614351
MLCC_C000578,MLCC_B046,MLCC_X7R,leakage_ua,0.12,SIM_X7R_10N_50V,FICTIONAL-MLCC-01,10,50,0805,X7R,45.5463849288,0.910927698575,49.2110231956,24.5565108664,TESTER_2,8,7,synthetic,True,mlcc-synthetic-1.0.0,0,0.0145944016978,123.055947197,24.1559440548,10.2755664846,0.482740302393,3.37191097069
MLCC_C000578,MLCC_B046,MLCC_X7R,leakage_ua,0.12,SIM_X7R_10N_50V,FICTIONAL-MLCC-01,10,50,0805,X7R,45.5463849288,0.910927698575,49.2110231956,24.5565108664,TESTER_2,8,7,synthetic,True,mlcc-synthetic-1.0.0,24,0.0128579454809,123.09985145,24.1559440548,10.2831533499,0.592490014472,3.8272851031
MLCC_C000580,MLCC_B046,MLCC_X7R,leakage_ua,0.12,SIM_X7R_10N_50V,FICTIONAL-MLCC-01,10,50,0805,X7R,45.5463849288,0.910927698575,49.2110231956,43.7692954318,TESTER_2,2,4,synthetic,True,mlcc-synthetic-1.0.0,0,0.0172444817835,123.070602621,24.1559440548,10.0943362108,0.864695739233,2.85372583608
MLCC_C000580,MLCC_B046,MLCC_X7R,leakage_ua,0.12,SIM_X7R_10N_50V,FICTIONAL-MLCC-01,10,50,0805,X7R,45.5463849288,0.910927698575,49.2110231956,43.7692954318,TESTER_2,2,4,synthetic,True,mlcc-synthetic-1.0.0,24,0.0161771265997,123.155059893,24.1559440548,10.0306367356,0.87457772139,3.04201261531
MLCC_C000598,MLCC_B046,MLCC_X7R,leakage_ua,0.12,SIM_X7R_10N_50V,FICTIONAL-MLCC-01,10,50,0805,X7R,45.5463849288,0.910927698575,49.2110231956,39.5778827592,TESTER_2,11,169,synthetic,True,mlcc-synthetic-1.0.0,0,0.033942617468,123.124459152,24.1559440548,9.57207744646,0.849829432309,1.44982994438
MLCC_C000598,MLCC_B046,MLCC_X7R,leakage_ua,0.12,SIM_X7R_10N_50V,FICTIONAL-MLCC-01,10,50,0805,X7R,45.5463849288,0.910927698575,49.2110231956,39.5778827592,TESTER_2,11,169,synthetic,True,mlcc-synthetic-1.0.0,24,0.0369830629323,123.029125614,24.1559440548,9.51599874076,0.872198286864,1.33063676434
MLCC_C000631,MLCC_B046,MLCC_X7R,leakage_ua,0.12,SIM_X7R_10N_50V,FICTIONAL-MLCC-01,10,50,0805,X7R,45.5463849288,0.910927698575,49.2110231956,36.2345106165,TESTER_2,5,181,synthetic,True,mlcc-synthetic-1.0.0,0,0.145297148386,122.917954784,24.1559440548,10.329456396,0.684445479948,0.338692285032
MLCC_C000631,MLCC_B046,MLCC_X7R,leakage_ua,0.12,SIM_X7R_10N_50V,FICTIONAL-MLCC-01,10,50,0805,X7R,45.5463849288,0.910927698575,49.2110231956,36.2345106165,TESTER_2,5,181,synthetic,True,mlcc-synthetic-1.0.0,24,0.144686836004,123.252318116,24.1559440548,10.2268390147,0.72349411831,0.340120943652
MLCC_C000667,MLCC_B046,MLCC_X7R,leakage_ua,0.12,SIM_X7R_10N_50V,FICTIONAL-MLCC-01,10,50,0805,X7R,45.5463849288,0.910927698575,49.2110231956,38.5527790931,TESTER_2,6,8,synthetic,True,mlcc-synthetic-1.0.0,0,0.0206338847774,123.179344197,24.1559440548,9.87767420079,0.930540554855,2.38496161661
MLCC_C000667,MLCC_B046,MLCC_X7R,leakage_ua,0.12,SIM_X7R_10N_50V,FICTIONAL-MLCC-01,10,50,0805,X7R,45.5463849288,0.910927698575,49.2110231956,38.5527790931,TESTER_2,6,8,synthetic,True,mlcc-synthetic-1.0.0,24,0.0186662697962,123.098586751,24.1559440548,9.85223604461,0.927818097241,2.6363608655
MLCC_C000699,MLCC_B046,MLCC_X7R,leakage_ua,0.12,SIM_X7R_10N_50V,FICTIONAL-MLCC-01,10,50,0805,X7R,45.5463849288,0.910927698575,49.2110231956,30.8092013148,TESTER_2,16,157,synthetic,True,mlcc-synthetic-1.0.0,0,0.00867457217719,123.166860086,24.1559440548,9.87724945053,0.628500569635,5.67302020093
MLCC_C000699,MLCC_B046,MLCC_X7R,leakage_ua,0.12,SIM_X7R_10N_50V,FICTIONAL-MLCC-01,10,50,0805,X7R,45.5463849288,0.910927698575,49.2110231956,30.8092013148,TESTER_2,16,157,synthetic,True,mlcc-synthetic-1.0.0,24,0.0140869377127,123.057150317,24.1559440548,9.84948575863,0.677717835914,3.49337976778
MLCC_C000805,MLCC_B046,MLCC_X7R,leakage_ua,0.12,SIM_X7R_10N_50V,FICTIONAL-MLCC-01,10,50,0805,X7R,45.5463849288,0.910927698575,49.2110231956,32.293220804,TESTER_2,9,10,synthetic,True,mlcc-synthetic-1.0.0,0,0.0207527028779,123.006506107,24.1559440548,9.90673933807,0.491874364862,2.37130669123
MLCC_C000805,MLCC_B046,MLCC_X7R,leakage_ua,0.12,SIM_X7R_10N_50V,FICTIONAL-MLCC-01,10,50,0805,X7R,45.5463849288,0.910927698575,49.2110231956,32.293220804,TESTER_2,9,10,synthetic,True,mlcc-synthetic-1.0.0,24,0.0175606098349,123.054859887,24.1559440548,9.84917523386,0.460470380812,2.8023527462
MLCC_C000876,MLCC_B046,MLCC_X7R,leakage_ua,0.12,SIM_X7R_10N_50V,FICTIONAL-MLCC-01,10,50,0805,X7R,45.5463849288,0.910927698575,49.2110231956,40.967621698,TESTER_2,11,144,synthetic,True,mlcc-synthetic-1.0.0,0,0.0196989670036,122.996324936,24.1559440548,10.366907468,0.634251537499,2.49815247604
MLCC_C000876,MLCC_B046,MLCC_X7R,leakage_ua,0.12,SIM_X7R_10N_50V,FICTIONAL-MLCC-01,10,50,0805,X7R,45.5463849288,0.910927698575,49.2110231956,40.967621698,TESTER_2,11,144,synthetic,True,mlcc-synthetic-1.0.0,24,0.0108193154087,123.066583614,24.1559440548,10.3276922559,0.613620562538,4.54844149898
MLCC_C000908,MLCC_B046,MLCC_X7R,leakage_ua,0.12,SIM_X7R_10N_50V,FICTIONAL-MLCC-01,10,50,0805,X7R,45.5463849288,0.910927698575,49.2110231956,21.8695480799,TESTER_2,13,65,synthetic,True,mlcc-synthetic-1.0.0,0,0.0218601389484,123.086768187,24.1559440548,9.81679952596,0.839534124193,2.25117613899
MLCC_C000908,MLCC_B046,MLCC_X7R,leakage_ua,0.12,SIM_X7R_10N_50V,FICTIONAL-MLCC-01,10,50,0805,X7R,45.5463849288,0.910927698575,49.2110231956,21.8695480799,TESTER_2,13,65,synthetic,True,mlcc-synthetic-1.0.0,24,0.0150524026581,122.978418497,24.1559440548,9.80603919848,0.703550580062,3.26931349854
MLCC_C000934,MLCC_B046,MLCC_X7R,leakage_ua,0.12,SIM_X7R_10N_50V,FICTIONAL-MLCC-01,10,50,0805,X7R,45.5463849288,0.910927698575,49.2110231956,34.1997368103,TESTER_2,15,91,synthetic,True,mlcc-synthetic-1.0.0,0,0.0204152279226,123.132014057,24.1559440548,10.2327451766,0.50674521556,2.41050569615
MLCC_C000934,MLCC_B046,MLCC_X7R,leakage_ua,0.12,SIM_X7R_10N_50V,FICTIONAL-MLCC-01,10,50,0805,X7R,45.5463849288,0.910927698575,49.2110231956,34.1997368103,TESTER_2,15,91,synthetic,True,mlcc-synthetic-1.0.0,24,0.0162008493464,123.108715548,24.1559440548,10.1929653959,0.508852989749,3.03755822572
MLCC_C001139,MLCC_B046,MLCC_X7R,leakage_ua,0.12,SIM_X7R_10N_50V,FICTIONAL-MLCC-01,10,50,0805,X7R,45.5463849288,0.910927698575,49.2110231956,29.7880224688,TESTER_2,9,162,synthetic,True,mlcc-synthetic-1.0.0,0,0.0159367046637,123.209175287,24.1559440548,9.21906606433,0.760268945826,3.08790457212
MLCC_C001139,MLCC_B046,MLCC_X7R,leakage_ua,0.12,SIM_X7R_10N_50V,FICTIONAL-MLCC-01,10,50,0805,X7R,45.5463849288,0.910927698575,49.2110231956,29.7880224688,TESTER_2,9,162,synthetic,True,mlcc-synthetic-1.0.0,24,0.0151253274934,123.069640185,24.1559440548,9.29477664557,0.864155115727,3.25355092093
MLCC_C001147,MLCC_B046,MLCC_X7R,leakage_ua,0.12,SIM_X7R_10N_50V,FICTIONAL-MLCC-01,10,50,0805,X7R,45.5463849288,0.910927698575,49.2110231956,29.8234156221,TESTER_2,2,123,synthetic,True,mlcc-synthetic-1.0.0,0,0.01071956767,123.188721469,24.1559440548,10.9298870774,0.815535301126,4.59076566429
MLCC_C001147,MLCC_B046,MLCC_X7R,leakage_ua,0.12,SIM_X7R_10N_50V,FICTIONAL-MLCC-01,10,50,0805,X7R,45.5463849288,0.910927698575,49.2110231956,29.8234156221,TESTER_2,2,123,synthetic,True,mlcc-synthetic-1.0.0,24,0.0112198944711,122.867573084,24.1559440548,10.8266173017,0.745962312635,4.38605045014
MLCC_C001152,MLCC_B046,MLCC_X7R,leakage_ua,0.12,SIM_X7R_10N_50V,FICTIONAL-MLCC-01,10,50,0805,X7R,45.5463849288,0.910927698575,49.2110231956,19.9930186699,TESTER_2,16,168,synthetic,True,mlcc-synthetic-1.0.0,0,0.034001979939,123.097002042,24.1559440548,9.6174139807,0.830354401257,1.44729875389
MLCC_C001152,MLCC_B046,MLCC_X7R,leakage_ua,0.12,SIM_X7R_10N_50V,FICTIONAL-MLCC-01,10,50,0805,X7R,45.5463849288,0.910927698575,49.2110231956,19.9930186699,TESTER_2,16,168,synthetic,True,mlcc-synthetic-1.0.0,24,0.025694791612,123.169937003,24.1559440548,9.56825072721,0.810376984178,1.91521394447
MLCC_C001160,MLCC_B046,MLCC_X7R,leakage_ua,0.12,SIM_X7R_10N_50V,FICTIONAL-MLCC-01,10,50,0805,X7R,45.5463849288,0.910927698575,49.2110231956,30.6858553912,TESTER_2,3,127,synthetic,True,mlcc-synthetic-1.0.0,0,0.0134258048937,122.950478523,24.1559440548,9.80302137643,0.667559210146,3.66540580512
MLCC_C001160,MLCC_B046,MLCC_X7R,leakage_ua,0.12,SIM_X7R_10N_50V,FICTIONAL-MLCC-01,10,50,0805,X7R,45.5463849288,0.910927698575,49.2110231956,30.6858553912,TESTER_2,3,127,synthetic,True,mlcc-synthetic-1.0.0,24,0.011895978723,123.195307289,24.1559440548,9.79603316193,0.69235265221,4.13677801058
MLCC_C001227,MLCC_B046,MLCC_X7R,leakage_ua,0.12,SIM_X7R_10N_50V,FICTIONAL-MLCC-01,10,50,0805,X7R,45.5463849288,0.910927698575,49.2110231956,38.3698707478,TESTER_2,1,76,synthetic,True,mlcc-synthetic-1.0.0,0,0.0140040702436,122.98335739,24.1559440548,9.96243261799,0.726177527016,3.51405143931
MLCC_C001227,MLCC_B046,MLCC_X7R,leakage_ua,0.12,SIM_X7R_10N_50V,FICTIONAL-MLCC-01,10,50,0805,X7R,45.5463849288,0.910927698575,49.2110231956,38.3698707478,TESTER_2,1,76,synthetic,True,mlcc-synthetic-1.0.0,24,0.0136466335349,122.999524848,24.1559440548,9.88431937972,0.652518194429,3.60609252603
MLCC_C001246,MLCC_B046,MLCC_X7R,leakage_ua,0.12,SIM_X7R_10N_50V,FICTIONAL-MLCC-01,10,50,0805,X7R,45.5463849288,0.910927698575,49.2110231956,23.2307196546,TESTER_2,15,14,synthetic,True,mlcc-synthetic-1.0.0,0,0.015954035446,123.091473903,24.1559440548,9.8380384389,1.00215313658,3.08455019811
MLCC_C001246,MLCC_B046,MLCC_X7R,leakage_ua,0.12,SIM_X7R_10N_50V,FICTIONAL-MLCC-01,10,50,0805,X7R,45.5463849288,0.910927698575,49.2110231956,23.2307196546,TESTER_2,15,14,synthetic,True,mlcc-synthetic-1.0.0,24,0.0195008736591,122.874742994,24.1559440548,9.80380811166,0.938424122214,2.5235291534
MLCC_C001329,MLCC_B046,MLCC_X7R,leakage_ua,0.12,SIM_X7R_10N_50V,FICTIONAL-MLCC-01,10,50,0805,X7R,45.5463849288,0.910927698575,49.2110231956,31.6995447639,TESTER_2,14,174,synthetic,True,mlcc-synthetic-1.0.0,0,0.0150538655669,123.139308302,24.1559440548,10.2787089785,0.893944326856,3.26899579227
MLCC_C001329,MLCC_B046,MLCC_X7R,leakage_ua,0.12,SIM_X7R_10N_50V,FICTIONAL-MLCC-01,10,50,0805,X7R,45.5463849288,0.910927698575,49.2110231956,31.6995447639,TESTER_2,14,174,synthetic,True,mlcc-synthetic-1.0.0,24,0.0167134716909,123.118975041,24.1559440548,10.2187074578,0.954228385387,2.94439264958
MLCC_C001341,MLCC_B046,MLCC_X7R,leakage_ua,0.12,SIM_X7R_10N_50V,FICTIONAL-MLCC-01,10,50,0805,X7R,45.5463849288,0.910927698575,49.2110231956,27.6910141287,TESTER_2,9,100,synthetic,True,mlcc-synthetic-1.0.0,0,0.0323024824085,123.141773132,24.1559440548,10.0070516653,0.688724028583,1.52344400573
MLCC_C001341,MLCC_B046,MLCC_X7R,leakage_ua,0.12,SIM_X7R_10N_50V,FICTIONAL-MLCC-01,10,50,0805,X7R,45.5463849288,0.910927698575,49.2110231956,27.6910141287,TESTER_2,9,100,synthetic,True,mlcc-synthetic-1.0.0,24,0.0272437425001,123.080248202,24.1559440548,10.0238207994,0.683264319469,1.80632389971
MLCC_C001425,MLCC_B046,MLCC_X7R,leakage_ua,0.12,SIM_X7R_10N_50V,FICTIONAL-MLCC-01,10,50,0805,X7R,45.5463849288,0.910927698575,49.2110231956,36.9291198545,TESTER_2,12,78,synthetic,True,mlcc-synthetic-1.0.0,0,0.0110373337841,123.368748166,24.1559440548,10.6747515858,0.869659684837,4.45859699074
MLCC_C001425,MLCC_B046,MLCC_X7R,leakage_ua,0.12,SIM_X7R_10N_50V,FICTIONAL-MLCC-01,10,50,0805,X7R,45.5463849288,0.910927698575,49.2110231956,36.9291198545,TESTER_2,12,78,synthetic,True,mlcc-synthetic-1.0.0,24,0.00906018176853,122.991476681,24.1559440548,10.5497862857,0.854228256151,5.43157129215
MLCC_C001456,MLCC_B046,MLCC_X7R,leakage_ua,0.12,SIM_X7R_10N_50V,FICTIONAL-MLCC-01,10,50,0805,X7R,45.5463849288,0.910927698575,49.2110231956,27.0027773105,TESTER_2,12,21,synthetic,True,mlcc-synthetic-1.0.0,0,0.0137584693301,123.09264263,24.1559440548,9.76975304476,0.614233434981,3.57678038269
MLCC_C001456,MLCC_B046,MLCC_X7R,leakage_ua,0.12,SIM_X7R_10N_50V,FICTIONAL-MLCC-01,10,50,0805,X7R,45.5463849288,0.910927698575,49.2110231956,27.0027773105,TESTER_2,12,21,synthetic,True,mlcc-synthetic-1.0.0,24,0.0108971245801,123.193710027,24.1559440548,9.73050729135,0.596704521151,4.51596408153
MLCC_C001618,MLCC_B046,MLCC_X7R,leakage_ua,0.12,SIM_X7R_10N_50V,FICTIONAL-MLCC-01,10,50,0805,X7R,45.5463849288,0.910927698575,49.2110231956,43.9119336411,TESTER_2,13,163,synthetic,True,mlcc-synthetic-1.0.0,0,0.0109919010902,123.005971383,24.1559440548,10.3900384116,0.935744618017,4.47702565659
MLCC_C001618,MLCC_B046,MLCC_X7R,leakage_ua,0.12,SIM_X7R_10N_50V,FICTIONAL-MLCC-01,10,50,0805,X7R,45.5463849288,0.910927698575,49.2110231956,43.9119336411,TESTER_2,13,163,synthetic,True,mlcc-synthetic-1.0.0,24,0.0548324948394,123.039098602,24.1559440548,10.3030292542,0.938652663628,0.89747919258
MLCC_C001629,MLCC_B046,MLCC_X7R,leakage_ua,0.12,SIM_X7R_10N_50V,FICTIONAL-MLCC-01,10,50,0805,X7R,45.5463849288,0.910927698575,49.2110231956,35.3125616875,TESTER_2,10,45,synthetic,True,mlcc-synthetic-1.0.0,0,0.0311597869527,122.86760985,24.1559440548,10.2965233288,0.476763715812,1.57931192759
MLCC_C001629,MLCC_B046,MLCC_X7R,leakage_ua,0.12,SIM_X7R_10N_50V,FICTIONAL-MLCC-01,10,50,0805,X7R,45.5463849288,0.910927698575,49.2110231956,35.3125616875,TESTER_2,10,45,synthetic,True,mlcc-synthetic-1.0.0,24,0.0263990237624,123.031859163,24.1559440548,10.2774060693,0.485489138298,1.86412284176
MLCC_C001637,MLCC_B046,MLCC_X7R,leakage_ua,0.12,SIM_X7R_10N_50V,FICTIONAL-MLCC-01,10,50,0805,X7R,45.5463849288,0.910927698575,49.2110231956,29.8216026812,TESTER_2,1,132,synthetic,True,mlcc-synthetic-1.0.0,0,0.0241836598401,123.047813469,24.1559440548,9.81730105274,0.711670872235,2.03488733802
MLCC_C001637,MLCC_B046,MLCC_X7R,leakage_ua,0.12,SIM_X7R_10N_50V,FICTIONAL-MLCC-01,10,50,0805,X7R,45.5463849288,0.910927698575,49.2110231956,29.8216026812,TESTER_2,1,132,synthetic,True,mlcc-synthetic-1.0.0,24,0.023514743574,123.253117297,24.1559440548,9.76915949197,0.772776849596,2.09277311661
MLCC_C001714,MLCC_B046,MLCC_X7R,leakage_ua,0.12,SIM_X7R_10N_50V,FICTIONAL-MLCC-01,10,50,0805,X7R,45.5463849288,0.910927698575,49.2110231956,33.4732670438,TESTER_2,10,52,synthetic,True,mlcc-synthetic-1.0.0,0,0.0177994407469,122.867403408,24.1559440548,10.0905347606,0.835888209167,2.76475108939
MLCC_C001714,MLCC_B046,MLCC_X7R,leakage_ua,0.12,SIM_X7R_10N_50V,FICTIONAL-MLCC-01,10,50,0805,X7R,45.5463849288,0.910927698575,49.2110231956,33.4732670438,TESTER_2,10,52,synthetic,True,mlcc-synthetic-1.0.0,24,0.0153260763075,123.105276032,24.1559440548,10.0235696571,0.903744488383,3.21093424099
MLCC_C001729,MLCC_B046,MLCC_X7R,leakage_ua,0.12,SIM_X7R_10N_50V,FICTIONAL-MLCC-01,10,50,0805,X7R,45.5463849288,0.910927698575,49.2110231956,29.1120039551,TESTER_2,11,142,synthetic,True,mlcc-synthetic-1.0.0,0,0.0147650712607,122.708647205,24.1559440548,10.0377503632,0.561241909041,3.332935028
MLCC_C001729,MLCC_B046,MLCC_X7R,leakage_ua,0.12,SIM_X7R_10N_50V,FICTIONAL-MLCC-01,10,50,0805,X7R,45.5463849288,0.910927698575,49.2110231956,29.1120039551,TESTER_2,11,142,synthetic,True,mlcc-synthetic-1.0.0,24,0.0137408714799,122.73655624,24.1559440548,9.99129912056,0.547380661597,3.58136114346
MLCC_C001776,MLCC_B046,MLCC_X7R,leakage_ua,0.12,SIM_X7R_10N_50V,FICTIONAL-MLCC-01,10,50,0805,X7R,45.5463849288,0.910927698575,49.2110231956,26.7844333307,TESTER_2,4,43,synthetic,True,mlcc-synthetic-1.0.0,0,0.017524638738,123.50618893,24.1559440548,10.7361930433,0.916035581368,2.80810485919
MLCC_C001776,MLCC_B046,MLCC_X7R,leakage_ua,0.12,SIM_X7R_10N_50V,FICTIONAL-MLCC-01,10,50,0805,X7R,45.5463849288,0.910927698575,49.2110231956,26.7844333307,TESTER_2,4,43,synthetic,True,mlcc-synthetic-1.0.0,24,0.0156504882188,123.216389464,24.1559440548,10.693607641,0.880381296765,3.14437623336
MLCC_C001788,MLCC_B046,MLCC_X7R,leakage_ua,0.12,SIM_X7R_10N_50V,FICTIONAL-MLCC-01,10,50,0805,X7R,45.5463849288,0.910927698575,49.2110231956,28.7690416101,TESTER_2,5,49,synthetic,True,mlcc-synthetic-1.0.0,0,0.144950754586,123.144178994,24.1559440548,9.99860247211,0.411309480383,0.339501669627
MLCC_C001788,MLCC_B046,MLCC_X7R,leakage_ua,0.12,SIM_X7R_10N_50V,FICTIONAL-MLCC-01,10,50,0805,X7R,45.5463849288,0.910927698575,49.2110231956,28.7690416101,TESTER_2,5,49,synthetic,True,mlcc-synthetic-1.0.0,24,0.145947912158,122.815384121,24.1559440548,9.9006130435,0.528552680503,0.337182097832
MLCC_C001834,MLCC_B046,MLCC_X7R,leakage_ua,0.12,SIM_X7R_10N_50V,FICTIONAL-MLCC-01,10,50,0805,X7R,45.5463849288,0.910927698575,49.2110231956,29.5202681836,TESTER_2,1,136,synthetic,True,mlcc-synthetic-1.0.0,0,0.0362298626139,122.971623557,24.1559440548,9.92820515687,0.6558402605,1.35830002228
MLCC_C001834,MLCC_B046,MLCC_X7R,leakage_ua,0.12,SIM_X7R_10N_50V,FICTIONAL-MLCC-01,10,50,0805,X7R,45.5463849288,0.910927698575,49.2110231956,29.5202681836,TESTER_2,1,136,synthetic,True,mlcc-synthetic-1.0.0,24,0.0315987209028,123.311158682,24.1559440548,9.89301386663,0.607876241222,1.55737389962
MLCC_C001871,MLCC_B046,MLCC_X7R,leakage_ua,0.12,SIM_X7R_10N_50V,FICTIONAL-MLCC-01,10,50,0805,X7R,45.5463849288,0.910927698575,49.2110231956,30.189449779,TESTER_2,15,120,synthetic,True,mlcc-synthetic-1.0.0,0,0.0281880346065,123.079696325,24.1559440548,9.84386166083,0.633022339406,1.74581250103
MLCC_C001871,MLCC_B046,MLCC_X7R,leakage_ua,0.12,SIM_X7R_10N_50V,FICTIONAL-MLCC-01,10,50,0805,X7R,45.5463849288,0.910927698575,49.2110231956,30.189449779,TESTER_2,15,120,synthetic,True,mlcc-synthetic-1.0.0,24,0.0283553292515,123.064365003,24.1559440548,9.7971080415,0.690632040813,1.73551231796
MLCC_C001941,MLCC_B046,MLCC_X7R,leakage_ua,0.12,SIM_X7R_10N_50V,FICTIONAL-MLCC-01,10,50,0805,X7R,45.5463849288,0.910927698575,49.2110231956,53.2394099301,TESTER_2,16,128,synthetic,True,mlcc-synthetic-1.0.0,0,0.0161168046016,122.864020908,24.1559440548,10.3838537231,0.706725463751,3.05339826424
MLCC_C001941,MLCC_B046,MLCC_X7R,leakage_ua,0.12,SIM_X7R_10N_50V,FICTIONAL-MLCC-01,10,50,0805,X7R,45.5463849288,0.910927698575,49.2110231956,53.2394099301,TESTER_2,16,128,synthetic,True,mlcc-synthetic-1.0.0,24,0.019018727911,123.156219724,24.1559440548,10.3265033572,0.691361365969,2.58750340326
MLCC_C002032,MLCC_B046,MLCC_X7R,leakage_ua,0.12,SIM_X7R_10N_50V,FICTIONAL-MLCC-01,10,50,0805,X7R,45.5463849288,0.910927698575,49.2110231956,34.9292170996,TESTER_2,5,184,synthetic,True,mlcc-synthetic-1.0.0,0,0.145967180217,123.127657653,24.1559440548,10.5237192361,0.866310448953,0.337137588891
MLCC_C002032,MLCC_B046,MLCC_X7R,leakage_ua,0.12,SIM_X7R_10N_50V,FICTIONAL-MLCC-01,10,50,0805,X7R,45.5463849288,0.910927698575,49.2110231956,34.9292170996,TESTER_2,5,184,synthetic,True,mlcc-synthetic-1.0.0,24,0.17066272521,122.976695139,24.1559440548,10.494507052,0.834440661004,0.288352498386
MLCC_C002104,MLCC_B046,MLCC_X7R,leakage_ua,0.12,SIM_X7R_10N_50V,FICTIONAL-MLCC-01,10,50,0805,X7R,45.5463849288,0.910927698575,49.2110231956,33.871333464,TESTER_2,8,112,synthetic,True,mlcc-synthetic-1.0.0,0,0.0137515776265,123.159119898,24.1559440548,9.39916597021,0.754337673625,3.5785729123
MLCC_C002104,MLCC_B046,MLCC_X7R,leakage_ua,0.12,SIM_X7R_10N_50V,FICTIONAL-MLCC-01,10,50,0805,X7R,45.5463849288,0.910927698575,49.2110231956,33.871333464,TESTER_2,8,112,synthetic,True,mlcc-synthetic-1.0.0,24,0.00893737649824,123.012990696,24.1559440548,9.32427144536,0.768378651637,5.50620455626
MLCC_C002180,MLCC_B046,MLCC_X7R,leakage_ua,0.12,SIM_X7R_10N_50V,FICTIONAL-MLCC-01,10,50,0805,X7R,45.5463849288,0.910927698575,49.2110231956,33.0214201266,TESTER_2,14,187,synthetic,True,mlcc-synthetic-1.0.0,0,0.0130665200774,122.995331241,24.1559440548,10.5990619447,0.618981295827,3.76619198562
MLCC_C002180,MLCC_B046,MLCC_X7R,leakage_ua,0.12,SIM_X7R_10N_50V,FICTIONAL-MLCC-01,10,50,0805,X7R,45.5463849288,0.910927698575,49.2110231956,33.0214201266,TESTER_2,14,187,synthetic,True,mlcc-synthetic-1.0.0,24,0.0120972594303,122.668478719,24.1559440548,10.4709788122,0.636741011524,4.06794807361
MLCC_C002215,MLCC_B046,MLCC_X7R,leakage_ua,0.12,SIM_X7R_10N_50V,FICTIONAL-MLCC-01,10,50,0805,X7R,45.5463849288,0.910927698575,49.2110231956,23.1891731383,TESTER_2,8,164,synthetic,True,mlcc-synthetic-1.0.0,0,0.0224667169535,122.937257438,24.1559440548,10.2766788813,0.674036207406,2.19039672318
MLCC_C002215,MLCC_B046,MLCC_X7R,leakage_ua,0.12,SIM_X7R_10N_50V,FICTIONAL-MLCC-01,10,50,0805,X7R,45.5463849288,0.910927698575,49.2110231956,23.1891731383,TESTER_2,8,164,synthetic,True,mlcc-synthetic-1.0.0,24,0.0217297874147,123.397765632,24.1559440548,10.2671282327,0.722764142169,2.26468037889
MLCC_C002317,MLCC_B046,MLCC_X7R,leakage_ua,0.12,SIM_X7R_10N_50V,FICTIONAL-MLCC-01,10,50,0805,X7R,45.5463849288,0.910927698575,49.2110231956,32.5457182494,TESTER_2,1,93,synthetic,True,mlcc-synthetic-1.0.0,0,0.0172489470684,123.25542637,24.1559440548,10.1620461833,0.799501653706,2.85298708382
MLCC_C002317,MLCC_B046,MLCC_X7R,leakage_ua,0.12,SIM_X7R_10N_50V,FICTIONAL-MLCC-01,10,50,0805,X7R,45.5463849288,0.910927698575,49.2110231956,32.5457182494,TESTER_2,1,93,synthetic,True,mlcc-synthetic-1.0.0,24,0.0172351794902,122.970463128,24.1559440548,10.0521896055,0.897015884149,2.85526606923
MLCC_C002324,MLCC_B046,MLCC_X7R,leakage_ua,0.12,SIM_X7R_10N_50V,FICTIONAL-MLCC-01,10,50,0805,X7R,45.5463849288,0.910927698575,49.2110231956,30.1826045146,TESTER_2,7,57,synthetic,True,mlcc-synthetic-1.0.0,0,0.0152745171995,123.192111687,24.1559440548,9.94226894399,1.06950875245,3.2217727443
MLCC_C002324,MLCC_B046,MLCC_X7R,leakage_ua,0.12,SIM_X7R_10N_50V,FICTIONAL-MLCC-01,10,50,0805,X7R,45.5463849288,0.910927698575,49.2110231956,30.1826045146,TESTER_2,7,57,synthetic,True,mlcc-synthetic-1.0.0,24,0.0148467589083,123.112867062,24.1559440548,9.82985164923,1.07182639359,3.31459704435
MLCC_C002371,MLCC_B046,MLCC_X7R,leakage_ua,0.12,SIM_X7R_10N_50V,FICTIONAL-MLCC-01,10,50,0805,X7R,45.5463849288,0.910927698575,49.2110231956,34.1615373173,TESTER_2,16,199,synthetic,True,mlcc-synthetic-1.0.0,0,0.0152525325955,123.252818377,24.1559440548,10.3043688262,0.831567127773,3.22641652379
MLCC_C002371,MLCC_B046,MLCC_X7R,leakage_ua,0.12,SIM_X7R_10N_50V,FICTIONAL-MLCC-01,10,50,0805,X7R,45.5463849288,0.910927698575,49.2110231956,34.1615373173,TESTER_2,16,199,synthetic,True,mlcc-synthetic-1.0.0,24,0.012988067202,123.004410414,24.1559440548,10.3342546616,0.878168277982,3.78894122046
MLCC_C002526,MLCC_B046,MLCC_X7R,leakage_ua,0.12,SIM_X7R_10N_50V,FICTIONAL-MLCC-01,10,50,0805,X7R,45.5463849288,0.910927698575,49.2110231956,27.2495508834,TESTER_2,2,111,synthetic,True,mlcc-synthetic-1.0.0,0,0.0133726660102,123.006358587,24.1559440548,9.2280324641,0.585788721335,3.6799710064
MLCC_C002526,MLCC_B046,MLCC_X7R,leakage_ua,0.12,SIM_X7R_10N_50V,FICTIONAL-MLCC-01,10,50,0805,X7R,45.5463849288,0.910927698575,49.2110231956,27.2495508834,TESTER_2,2,111,synthetic,True,mlcc-synthetic-1.0.0,24,0.0136485415742,123.158727954,24.1559440548,9.2174887552,0.627228823761,3.60558840137
MLCC_C002586,MLCC_B046,MLCC_X7R,leakage_ua,0.12,SIM_X7R_10N_50V,FICTIONAL-MLCC-01,10,50,0805,X7R,45.5463849288,0.910927698575,49.2110231956,36.2693436337,TESTER_2,12,32,synthetic,True,mlcc-synthetic-1.0.0,0,0.0225671521033,122.961741196,24.1559440548,9.7472394545,0.748358986014,2.18064835874
MLCC_C002586,MLCC_B046,MLCC_X7R,leakage_ua,0.12,SIM_X7R_10N_50V,FICTIONAL-MLCC-01,10,50,0805,X7R,45.5463849288,0.910927698575,49.2110231956,36.2693436337,TESTER_2,12,32,synthetic,True,mlcc-synthetic-1.0.0,24,0.019623192523,123.142872907,24.1559440548,9.72966180623,0.720060763695,2.50779903106
MLCC_C002819,MLCC_B046,MLCC_X7R,leakage_ua,0.12,SIM_X7R_10N_50V,FICTIONAL-MLCC-01,10,50,0805,X7R,45.5463849288,0.910927698575,49.2110231956,32.4819200178,TESTER_2,13,188,synthetic,True,mlcc-synthetic-1.0.0,0,0.0231130313959,122.907006166,24.1559440548,10.0203075086,0.61028112059,2.12914620989
MLCC_C002819,MLCC_B046,MLCC_X7R,leakage_ua,0.12,SIM_X7R_10N_50V,FICTIONAL-MLCC-01,10,50,0805,X7R,45.5463849288,0.910927698575,49.2110231956,32.4819200178,TESTER_2,13,188,synthetic,True,mlcc-synthetic-1.0.0,24,0.0207197085894,122.750711981,24.1559440548,9.95667006716,0.650792327138,2.37508278571
MLCC_C002826,MLCC_B046,MLCC_X7R,leakage_ua,0.12,SIM_X7R_10N_50V,FICTIONAL-MLCC-01,10,50,0805,X7R,45.5463849288,0.910927698575,49.2110231956,34.2233416749,TESTER_2,7,1,synthetic,True,mlcc-synthetic-1.0.0,0,0.0276128852877,123.018899783,24.1559440548,9.8529673823,0.74287738675,1.7821760632
MLCC_C002826,MLCC_B046,MLCC_X7R,leakage_ua,0.12,SIM_X7R_10N_50V,FICTIONAL-MLCC-01,10,50,0805,X7R,45.5463849288,0.910927698575,49.2110231956,34.2233416749,TESTER_2,7,1,synthetic,True,mlcc-synthetic-1.0.0,24,0.0235390850817,123.231712763,24.1559440548,9.81825469706,0.663646779601,2.09060900306
MLCC_C002917,MLCC_B046,MLCC_X7R,leakage_ua,0.12,SIM_X7R_10N_50V,FICTIONAL-MLCC-01,10,50,0805,X7R,45.5463849288,0.910927698575,49.2110231956,24.656460224,TESTER_2,9,102,synthetic,True,mlcc-synthetic-1.0.0,0,0.0175399970032,122.901106265,24.1559440548,10.0253626745,0.650732865196,2.80564604354
MLCC_C002917,MLCC_B046,MLCC_X7R,leakage_ua,0.12,SIM_X7R_10N_50V,FICTIONAL-MLCC-01,10,50,0805,X7R,45.5463849288,0.910927698575,49.2110231956,24.656460224,TESTER_2,9,102,synthetic,True,mlcc-synthetic-1.0.0,24,0.0157420191568,123.150233037,24.1559440548,9.96041258301,0.713311791919,3.12609346396
MLCC_C002936,MLCC_B046,MLCC_X7R,leakage_ua,0.12,SIM_X7R_10N_50V,FICTIONAL-MLCC-01,10,50,0805,X7R,45.5463849288,0.910927698575,49.2110231956,50.4719117645,TESTER_2,7,48,synthetic,True,mlcc-synthetic-1.0.0,0,0.0219012337527,122.891030618,24.1559440548,10.0956423406,0.436414458335,2.24695210102
MLCC_C002936,MLCC_B046,MLCC_X7R,leakage_ua,0.12,SIM_X7R_10N_50V,FICTIONAL-MLCC-01,10,50,0805,X7R,45.5463849288,0.910927698575,49.2110231956,50.4719117645,TESTER_2,7,48,synthetic,True,mlcc-synthetic-1.0.0,24,0.02206635613,122.691408191,24.1559440548,9.97593049417,0.373757409181,2.23013817531
MLCC_C002954,MLCC_B046,MLCC_X7R,leakage_ua,0.12,SIM_X7R_10N_50V,FICTIONAL-MLCC-01,10,50,0805,X7R,45.5463849288,0.910927698575,49.2110231956,43.7394094954,TESTER_2,7,13,synthetic,True,mlcc-synthetic-1.0.0,0,0.0181267490269,122.936389961,24.1559440548,10.522006517,0.577364399635,2.71482895927
MLCC_C002954,MLCC_B046,MLCC_X7R,leakage_ua,0.12,SIM_X7R_10N_50V,FICTIONAL-MLCC-01,10,50,0805,X7R,45.5463849288,0.910927698575,49.2110231956,43.7394094954,TESTER_2,7,13,synthetic,True,mlcc-synthetic-1.0.0,24,0.0169773665807,122.849121109,24.1559440548,10.4687023558,0.516806343633,2.89862523506
MLCC_C002986,MLCC_B046,MLCC_X7R,leakage_ua,0.12,SIM_X7R_10N_50V,FICTIONAL-MLCC-01,10,50,0805,X7R,45.5463849288,0.910927698575,49.2110231956,35.8453249662,TESTER_2,1,74,synthetic,True,mlcc-synthetic-1.0.0,0,0.0107677697057,123.122790217,24.1559440548,10.3715127959,0.468071861763,4.57021505294
MLCC_C002986,MLCC_B046,MLCC_X7R,leakage_ua,0.12,SIM_X7R_10N_50V,FICTIONAL-MLCC-01,10,50,0805,X7R,45.5463849288,0.910927698575,49.2110231956,35.8453249662,TESTER_2,1,74,synthetic,True,mlcc-synthetic-1.0.0,24,0.00953843052643,123.014864264,24.1559440548,10.3759437181,0.505606507071,5.15923694776
MLCC_C002988,MLCC_B046,MLCC_X7R,leakage_ua,0.12,SIM_X7R_10N_50V,FICTIONAL-MLCC-01,10,50,0805,X7R,45.5463849288,0.910927698575,49.2110231956,43.9070888685,TESTER_2,3,22,synthetic,True,mlcc-synthetic-1.0.0,0,0.0184925069747,123.023698554,24.1559440548,10.1032152308,0.643126869794,2.66113314235
MLCC_C002988,MLCC_B046,MLCC_X7R,leakage_ua,0.12,SIM_X7R_10N_50V,FICTIONAL-MLCC-01,10,50,0805,X7R,45.5463849288,0.910927698575,49.2110231956,43.9070888685,TESTER_2,3,22,synthetic,True,mlcc-synthetic-1.0.0,24,0.0141807144057,122.782383032,24.1559440548,10.0889686281,0.581353972971,3.47027813887
MLCC_C003069,MLCC_B046,MLCC_X7R,leakage_ua,0.12,SIM_X7R_10N_50V,FICTIONAL-MLCC-01,10,50,0805,X7R,45.5463849288,0.910927698575,49.2110231956,28.5997313518,TESTER_2,14,115,synthetic,True,mlcc-synthetic-1.0.0,0,0.021758965366,123.097860157,24.1559440548,9.69233112244,0.844126582301,2.26164352799
MLCC_C003069,MLCC_B046,MLCC_X7R,leakage_ua,0.12,SIM_X7R_10N_50V,FICTIONAL-MLCC-01,10,50,0805,X7R,45.5463849288,0.910927698575,49.2110231956,28.5997313518,TESTER_2,14,115,synthetic,True,mlcc-synthetic-1.0.0,24,0.0189536742146,123.277126777,24.1559440548,9.64411367264,0.933992864891,2.59638435473
MLCC_C003074,MLCC_B046,MLCC_X7R,leakage_ua,0.12,SIM_X7R_10N_50V,FICTIONAL-MLCC-01,10,50,0805,X7R,45.5463849288,0.910927698575,49.2110231956,38.0564238676,TESTER_2,10,101,synthetic,True,mlcc-synthetic-1.0.0,0,0.0265560522791,123.08193449,24.1559440548,10.2319353492,0.97307772722,1.85310010232
MLCC_C003074,MLCC_B046,MLCC_X7R,leakage_ua,0.12,SIM_X7R_10N_50V,FICTIONAL-MLCC-01,10,50,0805,X7R,45.5463849288,0.910927698575,49.2110231956,38.0564238676,TESTER_2,10,101,synthetic,True,mlcc-synthetic-1.0.0,24,0.0236938923057,123.156403133,24.1559440548,10.1730097744,0.942345595849,2.07694972868
MLCC_C003138,MLCC_B046,MLCC_X7R,leakage_ua,0.12,SIM_X7R_10N_50V,FICTIONAL-MLCC-01,10,50,0805,X7R,45.5463849288,0.910927698575,49.2110231956,33.7677979577,TESTER_2,10,107,synthetic,True,mlcc-synthetic-1.0.0,0,0.0208602029163,123.141867267,24.1559440548,9.98505365321,0.530400402243,2.3590865052
MLCC_C003138,MLCC_B046,MLCC_X7R,leakage_ua,0.12,SIM_X7R_10N_50V,FICTIONAL-MLCC-01,10,50,0805,X7R,45.5463849288,0.910927698575,49.2110231956,33.7677979577,TESTER_2,10,107,synthetic,True,mlcc-synthetic-1.0.0,24,0.019751812157,123.008022634,24.1559440548,9.97014391989,0.602775973088,2.49146877281
MLCC_C003143,MLCC_B046,MLCC_X7R,leakage_ua,0.12,SIM_X7R_10N_50V,FICTIONAL-MLCC-01,10,50,0805,X7R,45.5463849288,0.910927698575,49.2110231956,19.1911824069,TESTER_2,1,114,synthetic,True,mlcc-synthetic-1.0.0,0,0.0153425109249,123.013124401,24.1559440548,10.3168867641,0.753746372216,3.20749474689
MLCC_C003143,MLCC_B046,MLCC_X7R,leakage_ua,0.12,SIM_X7R_10N_50V,FICTIONAL-MLCC-01,10,50,0805,X7R,45.5463849288,0.910927698575,49.2110231956,19.1911824069,TESTER_2,1,114,synthetic,True,mlcc-synthetic-1.0.0,24,0.0141556134821,122.843474721,24.1559440548,10.2893590832,0.722284794868,3.47643168258
MLCC_C003192,MLCC_B046,MLCC_X7R,leakage_ua,0.12,SIM_X7R_10N_50V,FICTIONAL-MLCC-01,10,50,0805,X7R,45.5463849288,0.910927698575,49.2110231956,30.9868812096,TESTER_2,4,67,synthetic,True,mlcc-synthetic-1.0.0,0,0.0216941123193,122.966471051,24.1559440548,9.5413749767,0.706323547365,2.26840455471
MLCC_C003192,MLCC_B046,MLCC_X7R,leakage_ua,0.12,SIM_X7R_10N_50V,FICTIONAL-MLCC-01,10,50,0805,X7R,45.5463849288,0.910927698575,49.2110231956,30.9868812096,TESTER_2,4,67,synthetic,True,mlcc-synthetic-1.0.0,24,0.0207790644587,123.077209678,24.1559440548,9.55133907507,0.719728352074,2.36829830782
MLCC_C003229,MLCC_B046,MLCC_X7R,leakage_ua,0.12,SIM_X7R_10N_50V,FICTIONAL-MLCC-01,10,50,0805,X7R,45.5463849288,0.910927698575,49.2110231956,16.5754669124,TESTER_2,13,95,synthetic,True,mlcc-synthetic-1.0.0,0,0.0110623128374,123.019651337,24.1559440548,10.1104699136,0.729202252836,4.44852933732
MLCC_C003229,MLCC_B046,MLCC_X7R,leakage_ua,0.12,SIM_X7R_10N_50V,FICTIONAL-MLCC-01,10,50,0805,X7R,45.5463849288,0.910927698575,49.2110231956,16.5754669124,TESTER_2,13,95,synthetic,True,mlcc-synthetic-1.0.0,24,0.0100526790215,122.964862296,24.1559440548,10.1036153614,0.720404413441,4.89531428291
MLCC_C003255,MLCC_B046,MLCC_X7R,leakage_ua,0.12,SIM_X7R_10N_50V,FICTIONAL-MLCC-01,10,50,0805,X7R,45.5463849288,0.910927698575,49.2110231956,12.8573585752,TESTER_2,6,17,synthetic,True,mlcc-synthetic-1.0.0,0,0.0126505181336,123.106483761,24.1559440548,10.0017455344,0.559527482511,3.89004012927
MLCC_C003255,MLCC_B046,MLCC_X7R,leakage_ua,0.12,SIM_X7R_10N_50V,FICTIONAL-MLCC-01,10,50,0805,X7R,45.5463849288,0.910927698575,49.2110231956,12.8573585752,TESTER_2,6,17,synthetic,True,mlcc-synthetic-1.0.0,24,0.0116262119536,122.996403469,24.1559440548,9.93267406179,0.520412950837,4.23276501341
MLCC_C003365,MLCC_B046,MLCC_X7R,leakage_ua,0.12,SIM_X7R_10N_50V,FICTIONAL-MLCC-01,10,50,0805,X7R,45.5463849288,0.910927698575,49.2110231956,33.407598459,TESTER_2,8,124,synthetic,True,mlcc-synthetic-1.0.0,0,0.0127727831662,123.17904235,24.1559440548,9.82769592004,0.421199442117,3.8528034615
MLCC_C003365,MLCC_B046,MLCC_X7R,leakage_ua,0.12,SIM_X7R_10N_50V,FICTIONAL-MLCC-01,10,50,0805,X7R,45.5463849288,0.910927698575,49.2110231956,33.407598459,TESTER_2,8,124,synthetic,True,mlcc-synthetic-1.0.0,24,0.0121493603835,123.007680676,24.1559440548,9.94315509703,0.475839982773,4.05050320694
MLCC_C003369,MLCC_B046,MLCC_X7R,leakage_ua,0.12,SIM_X7R_10N_50V,FICTIONAL-MLCC-01,10,50,0805,X7R,45.5463849288,0.910927698575,49.2110231956,52.7567958519,TESTER_2,14,39,synthetic,True,mlcc-synthetic-1.0.0,0,0.0264618984637,122.892523054,24.1559440548,9.98539206789,0.600107942446,1.8596935992
MLCC_C003369,MLCC_B046,MLCC_X7R,leakage_ua,0.12,SIM_X7R_10N_50V,FICTIONAL-MLCC-01,10,50,0805,X7R,45.5463849288,0.910927698575,49.2110231956,52.7567958519,TESTER_2,14,39,synthetic,True,mlcc-synthetic-1.0.0,24,0.023607438757,123.277880766,24.1559440548,9.85597048127,0.585815942989,2.08455579202
MLCC_C003418,MLCC_B046,MLCC_X7R,leakage_ua,0.12,SIM_X7R_10N_50V,FICTIONAL-MLCC-01,10,50,0805,X7R,45.5463849288,0.910927698575,49.2110231956,29.1501911243,TESTER_2,7,152,synthetic,True,mlcc-synthetic-1.0.0,0,0.0131176598741,123.141977248,24.1559440548,10.113741022,0.875286439619,3.75150931399
MLCC_C003418,MLCC_B046,MLCC_X7R,leakage_ua,0.12,SIM_X7R_10N_50V,FICTIONAL-MLCC-01,10,50,0805,X7R,45.5463849288,0.910927698575,49.2110231956,29.1501911243,TESTER_2,7,152,synthetic,True,mlcc-synthetic-1.0.0,24,0.0115362553099,122.981987823,24.1559440548,10.1064057221,0.802735887086,4.26577098664
MLCC_C003500,MLCC_B046,MLCC_X7R,leakage_ua,0.12,SIM_X7R_10N_50V,FICTIONAL-MLCC-01,10,50,0805,X7R,45.5463849288,0.910927698575,49.2110231956,41.1731993263,TESTER_2,3,54,synthetic,True,mlcc-synthetic-1.0.0,0,0.0173029371386,122.946910204,24.1559440548,10.3709045909,0.874124221501,2.84408495514
MLCC_C003500,MLCC_B046,MLCC_X7R,leakage_ua,0.12,SIM_X7R_10N_50V,FICTIONAL-MLCC-01,10,50,0805,X7R,45.5463849288,0.910927698575,49.2110231956,41.1731993263,TESTER_2,3,54,synthetic,True,mlcc-synthetic-1.0.0,24,0.0154016250077,122.927875466,24.1559440548,10.3554636815,0.859716589739,3.195183831
MLCC_C003534,MLCC_B046,MLCC_X7R,leakage_ua,0.12,SIM_X7R_10N_50V,FICTIONAL-MLCC-01,10,50,0805,X7R,45.5463849288,0.910927698575,49.2110231956,41.6021080258,TESTER_2,8,42,synthetic,True,mlcc-synthetic-1.0.0,0,0.0166750359228,122.86944991,24.1559440548,9.74725787161,0.653756668734,2.95117944114
MLCC_C003534,MLCC_B046,MLCC_X7R,leakage_ua,0.12,SIM_X7R_10N_50V,FICTIONAL-MLCC-01,10,50,0805,X7R,45.5463849288,0.910927698575,49.2110231956,41.6021080258,TESTER_2,8,42,synthetic,True,mlcc-synthetic-1.0.0,24,0.0148951857467,123.100751375,24.1559440548,9.69215062039,0.717142934654,3.30382071311
MLCC_C003635,MLCC_B046,MLCC_X7R,leakage_ua,0.12,SIM_X7R_10N_50V,FICTIONAL-MLCC-01,10,50,0805,X7R,45.5463849288,0.910927698575,49.2110231956,25.1423687129,TESTER_2,9,179,synthetic,True,mlcc-synthetic-1.0.0,0,0.0161927916776,122.917947333,24.1559440548,10.0951295299,0.92474232543,3.03906974013
MLCC_C003635,MLCC_B046,MLCC_X7R,leakage_ua,0.12,SIM_X7R_10N_50V,FICTIONAL-MLCC-01,10,50,0805,X7R,45.5463849288,0.910927698575,49.2110231956,25.1423687129,TESTER_2,9,179,synthetic,True,mlcc-synthetic-1.0.0,24,0.0157693379457,123.186487397,24.1559440548,10.0838509528,0.925464970059,3.12067782205
MLCC_C003655,MLCC_B046,MLCC_X7R,leakage_ua,0.12,SIM_X7R_10N_50V,FICTIONAL-MLCC-01,10,50,0805,X7R,45.5463849288,0.910927698575,49.2110231956,25.0515128741,TESTER_2,10,117,synthetic,True,mlcc-synthetic-1.0.0,0,0.0151636496944,122.921092226,24.1559440548,9.58662656209,0.637355407861,3.24532841284
MLCC_C003655,MLCC_B046,MLCC_X7R,leakage_ua,0.12,SIM_X7R_10N_50V,FICTIONAL-MLCC-01,10,50,0805,X7R,45.5463849288,0.910927698575,49.2110231956,25.0515128741,TESTER_2,10,117,synthetic,True,mlcc-synthetic-1.0.0,24,0.0168711256457,123.020448386,24.1559440548,9.53199283129,0.61338801397,2.91687847207
MLCC_C003675,MLCC_B046,MLCC_X7R,leakage_ua,0.12,SIM_X7R_10N_50V,FICTIONAL-MLCC-01,10,50,0805,X7R,45.5463849288,0.910927698575,49.2110231956,30.5202872474,TESTER_2,10,56,synthetic,True,mlcc-synthetic-1.0.0,0,0.0171306627441,122.861076012,24.1559440548,9.83233963676,0.630482536579,2.87268647633
MLCC_C003675,MLCC_B046,MLCC_X7R,leakage_ua,0.12,SIM_X7R_10N_50V,FICTIONAL-MLCC-01,10,50,0805,X7R,45.5463849288,0.910927698575,49.2110231956,30.5202872474,TESTER_2,10,56,synthetic,True,mlcc-synthetic-1.0.0,24,0.0168257533042,123.267809322,24.1559440548,9.74417388331,0.748465988319,2.92474412919
MLCC_C003706,MLCC_B046,MLCC_X7R,leakage_ua,0.12,SIM_X7R_10N_50V,FICTIONAL-MLCC-01,10,50,0805,X7R,45.5463849288,0.910927698575,49.2110231956,37.4149217408,TESTER_2,5,51,synthetic,True,mlcc-synthetic-1.0.0,0,0.134041421226,122.843029045,24.1559440548,9.82405615974,0.813217790739,0.367132955959
MLCC_C003706,MLCC_B046,MLCC_X7R,leakage_ua,0.12,SIM_X7R_10N_50V,FICTIONAL-MLCC-01,10,50,0805,X7R,45.5463849288,0.910927698575,49.2110231956,37.4149217408,TESTER_2,5,51,synthetic,True,mlcc-synthetic-1.0.0,24,0.135562231346,123.001967832,24.1559440548,9.79962456349,0.785793390529,0.363014260736
MLCC_C003748,MLCC_B046,MLCC_X7R,leakage_ua,0.12,SIM_X7R_10N_50V,FICTIONAL-MLCC-01,10,50,0805,X7R,45.5463849288,0.910927698575,49.2110231956,40.6699742116,TESTER_2,5,2,synthetic,True,mlcc-synthetic-1.0.0,0,0.141998578514,122.988634289,24.1559440548,10.027147762,0.695469221033,0.346559970605
MLCC_C003748,MLCC_B046,MLCC_X7R,leakage_ua,0.12,SIM_X7R_10N_50V,FICTIONAL-MLCC-01,10,50,0805,X7R,45.5463849288,0.910927698575,49.2110231956,40.6699742116,TESTER_2,5,2,synthetic,True,mlcc-synthetic-1.0.0,24,0.142392787106,123.03239563,24.1559440548,9.97824232984,0.704968926644,0.345600533536
MLCC_C003805,MLCC_B046,MLCC_X7R,leakage_ua,0.12,SIM_X7R_10N_50V,FICTIONAL-MLCC-01,10,50,0805,X7R,45.5463849288,0.910927698575,49.2110231956,32.2893211259,TESTER_2,4,183,synthetic,True,mlcc-synthetic-1.0.0,0,0.0198663075285,123.349736789,24.1559440548,9.39330533522,0.536802483746,2.47710970571
MLCC_C003805,MLCC_B046,MLCC_X7R,leakage_ua,0.12,SIM_X7R_10N_50V,FICTIONAL-MLCC-01,10,50,0805,X7R,45.5463849288,0.910927698575,49.2110231956,32.2893211259,TESTER_2,4,183,synthetic,True,mlcc-synthetic-1.0.0,24,0.0203395447275,123.030629673,24.1559440548,9.36340150925,0.428737244269,2.41947515812
MLCC_C003808,MLCC_B046,MLCC_X7R,leakage_ua,0.12,SIM_X7R_10N_50V,FICTIONAL-MLCC-01,10,50,0805,X7R,45.5463849288,0.910927698575,49.2110231956,20.4138447661,TESTER_2,2,180,synthetic,True,mlcc-synthetic-1.0.0,0,0.0132700447139,123.314879588,24.1559440548,10.1206205603,0.598263566849,3.70842934267
MLCC_C003808,MLCC_B046,MLCC_X7R,leakage_ua,0.12,SIM_X7R_10N_50V,FICTIONAL-MLCC-01,10,50,0805,X7R,45.5463849288,0.910927698575,49.2110231956,20.4138447661,TESTER_2,2,180,synthetic,True,mlcc-synthetic-1.0.0,24,0.011962471421,123.27827426,24.1559440548,10.0370976071,0.607245513427,4.11378397188
MLCC_C004019,MLCC_B046,MLCC_X7R,leakage_ua,0.12,SIM_X7R_10N_50V,FICTIONAL-MLCC-01,10,50,0805,X7R,45.5463849288,0.910927698575,49.2110231956,44.8646462534,TESTER_2,4,16,synthetic,True,mlcc-synthetic-1.0.0,0,0.0138981856423,122.913565316,24.1559440548,10.0199723896,0.709693099394,3.5408235623
MLCC_C004019,MLCC_B046,MLCC_X7R,leakage_ua,0.12,SIM_X7R_10N_50V,FICTIONAL-MLCC-01,10,50,0805,X7R,45.5463849288,0.910927698575,49.2110231956,44.8646462534,TESTER_2,4,16,synthetic,True,mlcc-synthetic-1.0.0,24,0.0120652451135,123.106760169,24.1559440548,9.92541790036,0.691805104776,4.07874210035
MLCC_C004023,MLCC_B046,MLCC_X7R,leakage_ua,0.12,SIM_X7R_10N_50V,FICTIONAL-MLCC-01,10,50,0805,X7R,45.5463849288,0.910927698575,49.2110231956,27.2204586581,TESTER_2,1,154,synthetic,True,mlcc-synthetic-1.0.0,0,0.023004034981,123.108435387,24.1559440548,10.3212407498,0.738556102544,2.1392344098
MLCC_C004023,MLCC_B046,MLCC_X7R,leakage_ua,0.12,SIM_X7R_10N_50V,FICTIONAL-MLCC-01,10,50,0805,X7R,45.5463849288,0.910927698575,49.2110231956,27.2204586581,TESTER_2,1,154,synthetic,True,mlcc-synthetic-1.0.0,24,0.0225003545764,123.004990719,24.1559440548,10.3280417004,0.720368521606,2.18712211972
MLCC_C004060,MLCC_B046,MLCC_X7R,leakage_ua,0.12,SIM_X7R_10N_50V,FICTIONAL-MLCC-01,10,50,0805,X7R,45.5463849288,0.910927698575,49.2110231956,41.9958546983,TESTER_2,3,26,synthetic,True,mlcc-synthetic-1.0.0,0,0.0155765270208,123.102077854,24.1559440548,10.6017691344,0.873733034176,3.15930650842
MLCC_C004060,MLCC_B046,MLCC_X7R,leakage_ua,0.12,SIM_X7R_10N_50V,FICTIONAL-MLCC-01,10,50,0805,X7R,45.5463849288,0.910927698575,49.2110231956,41.9958546983,TESTER_2,3,26,synthetic,True,mlcc-synthetic-1.0.0,24,0.0140729631102,123.178372902,24.1559440548,10.5754105031,0.804837304983,3.49684873117
MLCC_C004188,MLCC_B046,MLCC_X7R,leakage_ua,0.12,SIM_X7R_10N_50V,FICTIONAL-MLCC-01,10,50,0805,X7R,45.5463849288,0.910927698575,49.2110231956,34.1689852388,TESTER_2,3,11,synthetic,True,mlcc-synthetic-1.0.0,0,0.0261250855185,123.230005522,24.1559440548,10.233104711,0.567528912393,1.88366936295
MLCC_C004188,MLCC_B046,MLCC_X7R,leakage_ua,0.12,SIM_X7R_10N_50V,FICTIONAL-MLCC-01,10,50,0805,X7R,45.5463849288,0.910927698575,49.2110231956,34.1689852388,TESTER_2,3,11,synthetic,True,mlcc-synthetic-1.0.0,24,0.023344188442,123.123276762,24.1559440548,10.2261579859,0.519524113175,2.10806314034
MLCC_C004200,MLCC_B046,MLCC_X7R,leakage_ua,0.12,SIM_X7R_10N_50V,FICTIONAL-MLCC-01,10,50,0805,X7R,45.5463849288,0.910927698575,49.2110231956,33.3125792474,TESTER_2,16,88,synthetic,True,mlcc-synthetic-1.0.0,0,0.0170130731007,122.934984405,24.1559440548,9.97238625819,1.13654825585,2.89254168864
MLCC_C004200,MLCC_B046,MLCC_X7R,leakage_ua,0.12,SIM_X7R_10N_50V,FICTIONAL-MLCC-01,10,50,0805,X7R,45.5463849288,0.910927698575,49.2110231956,33.3125792474,TESTER_2,16,88,synthetic,True,mlcc-synthetic-1.0.0,24,0.0168954379192,123.150738067,24.1559440548,9.87906191983,1.12325075316,2.91268112913
MLCC_C004205,MLCC_B046,MLCC_X7R,leakage_ua,0.12,SIM_X7R_10N_50V,FICTIONAL-MLCC-01,10,50,0805,X7R,45.5463849288,0.910927698575,49.2110231956,34.0946832045,TESTER_2,12,64,synthetic,True,mlcc-synthetic-1.0.0,0,0.0157664266488,123.06449949,24.1559440548,10.5636432904,0.76019955711,3.12125406041
MLCC_C004205,MLCC_B046,MLCC_X7R,leakage_ua,0.12,SIM_X7R_10N_50V,FICTIONAL-MLCC-01,10,50,0805,X7R,45.5463849288,0.910927698575,49.2110231956,34.0946832045,TESTER_2,12,64,synthetic,True,mlcc-synthetic-1.0.0,24,0.0134347027685,123.11658407,24.1559440548,10.4645199462,0.670912477214,3.66297818743
MLCC_C004319,MLCC_B046,MLCC_X7R,leakage_ua,0.12,SIM_X7R_10N_50V,FICTIONAL-MLCC-01,10,50,0805,X7R,45.5463849288,0.910927698575,49.2110231956,35.0740180357,TESTER_2,3,47,synthetic,True,mlcc-synthetic-1.0.0,0,0.0209490271184,123.068411952,24.1559440548,10.2068922292,0.604651471889,2.34908394159
MLCC_C004319,MLCC_B046,MLCC_X7R,leakage_ua,0.12,SIM_X7R_10N_50V,FICTIONAL-MLCC-01,10,50,0805,X7R,45.5463849288,0.910927698575,49.2110231956,35.0740180357,TESTER_2,3,47,synthetic,True,mlcc-synthetic-1.0.0,24,0.0174962041592,122.825553859,24.1559440548,10.1485618395,0.556004237704,2.81266855072
MLCC_C004336,MLCC_B046,MLCC_X7R,leakage_ua,0.12,SIM_X7R_10N_50V,FICTIONAL-MLCC-01,10,50,0805,X7R,45.5463849288,0.910927698575,49.2110231956,46.3328670758,TESTER_2,4,133,synthetic,True,mlcc-synthetic-1.0.0,0,0.0184857398011,123.145298688,24.1559440548,9.97928609951,0.635246108524,2.66210731759
MLCC_C004336,MLCC_B046,MLCC_X7R,leakage_ua,0.12,SIM_X7R_10N_50V,FICTIONAL-MLCC-01,10,50,0805,X7R,45.5463849288,0.910927698575,49.2110231956,46.3328670758,TESTER_2,4,133,synthetic,True,mlcc-synthetic-1.0.0,24,0.0182204199519,123.323102825,24.1559440548,9.93829713091,0.601412880102,2.70087206143
MLCC_C004340,MLCC_B046,MLCC_X7R,leakage_ua,0.12,SIM_X7R_10N_50V,FICTIONAL-MLCC-01,10,50,0805,X7R,45.5463849288,0.910927698575,49.2110231956,33.1629759755,TESTER_2,3,104,synthetic,True,mlcc-synthetic-1.0.0,0,0.0118837894982,122.931747263,24.1559440548,9.91281473866,0.663346219844,4.14102111141
MLCC_C004340,MLCC_B046,MLCC_X7R,leakage_ua,0.12,SIM_X7R_10N_50V,FICTIONAL-MLCC-01,10,50,0805,X7R,45.5463849288,0.910927698575,49.2110231956,33.1629759755,TESTER_2,3,104,synthetic,True,mlcc-synthetic-1.0.0,24,0.0118339665311,122.99877719,24.1559440548,9.80975674999,0.667722465106,4.15845549893
MLCC_C004377,MLCC_B046,MLCC_X7R,leakage_ua,0.12,SIM_X7R_10N_50V,FICTIONAL-MLCC-01,10,50,0805,X7R,45.5463849288,0.910927698575,49.2110231956,30.0446578786,TESTER_2,1,37,synthetic,True,mlcc-synthetic-1.0.0,0,0.0190079088965,123.176746112,24.1559440548,10.4704462177,1.14374386606,2.58897617111
MLCC_C004377,MLCC_B046,MLCC_X7R,leakage_ua,0.12,SIM_X7R_10N_50V,FICTIONAL-MLCC-01,10,50,0805,X7R,45.5463849288,0.910927698575,49.2110231956,30.0446578786,TESTER_2,1,37,synthetic,True,mlcc-synthetic-1.0.0,24,0.0201206037725,123.077763563,24.1559440548,10.4121855651,1.17185398615,2.44580250931
MLCC_C004447,MLCC_B046,MLCC_X7R,leakage_ua,0.12,SIM_X7R_10N_50V,FICTIONAL-MLCC-01,10,50,0805,X7R,45.5463849288,0.910927698575,49.2110231956,34.1657730331,TESTER_2,1,70,synthetic,True,mlcc-synthetic-1.0.0,0,0.0146962123467,122.923736611,24.1559440548,9.72762981347,0.86182269464,3.34855145222
MLCC_C004447,MLCC_B046,MLCC_X7R,leakage_ua,0.12,SIM_X7R_10N_50V,FICTIONAL-MLCC-01,10,50,0805,X7R,45.5463849288,0.910927698575,49.2110231956,34.1657730331,TESTER_2,1,70,synthetic,True,mlcc-synthetic-1.0.0,24,0.0135349961101,123.200582083,24.1559440548,9.65611919661,0.771995042716,3.63583578417
MLCC_C004492,MLCC_B046,MLCC_X7R,leakage_ua,0.12,SIM_X7R_10N_50V,FICTIONAL-MLCC-01,10,50,0805,X7R,45.5463849288,0.910927698575,49.2110231956,39.9459211603,TESTER_2,13,80,synthetic,True,mlcc-synthetic-1.0.0,0,0.0193409346496,123.065244956,24.1559440548,10.7270208411,0.636212108769,2.54439736689
MLCC_C004492,MLCC_B046,MLCC_X7R,leakage_ua,0.12,SIM_X7R_10N_50V,FICTIONAL-MLCC-01,10,50,0805,X7R,45.5463849288,0.910927698575,49.2110231956,39.9459211603,TESTER_2,13,80,synthetic,True,mlcc-synthetic-1.0.0,24,0.0227669478196,122.904226496,24.1559440548,10.6197459655,0.633089285066,2.16151166092
MLCC_C004577,MLCC_B046,MLCC_X7R,leakage_ua,0.12,SIM_X7R_10N_50V,FICTIONAL-MLCC-01,10,50,0805,X7R,45.5463849288,0.910927698575,49.2110231956,34.1543547948,TESTER_2,15,12,synthetic,True,mlcc-synthetic-1.0.0,0,0.0298825246693,123.28928918,24.1559440548,10.5864771721,0.668114328557,1.64681611545
MLCC_C004577,MLCC_B046,MLCC_X7R,leakage_ua,0.12,SIM_X7R_10N_50V,FICTIONAL-MLCC-01,10,50,0805,X7R,45.5463849288,0.910927698575,49.2110231956,34.1543547948,TESTER_2,15,12,synthetic,True,mlcc-synthetic-1.0.0,24,0.0240689877365,123.221489739,24.1559440548,10.5376198578,0.650366791217,2.04458217081
MLCC_C004592,MLCC_B046,MLCC_X7R,leakage_ua,0.12,SIM_X7R_10N_50V,FICTIONAL-MLCC-01,10,50,0805,X7R,45.5463849288,0.910927698575,49.2110231956,51.2392102194,TESTER_2,6,170,synthetic,True,mlcc-synthetic-1.0.0,0,0.0321716180847,123.13616016,24.1559440548,9.82275267781,0.864773688782,1.529640911
MLCC_C004592,MLCC_B046,MLCC_X7R,leakage_ua,0.12,SIM_X7R_10N_50V,FICTIONAL-MLCC-01,10,50,0805,X7R,45.5463849288,0.910927698575,49.2110231956,51.2392102194,TESTER_2,6,170,synthetic,True,mlcc-synthetic-1.0.0,24,0.0254525090377,122.764704355,24.1559440548,9.82028055965,0.84056695454,1.9334448766
MLCC_C004807,MLCC_B046,MLCC_X7R,leakage_ua,0.12,SIM_X7R_10N_50V,FICTIONAL-MLCC-01,10,50,0805,X7R,45.5463849288,0.910927698575,49.2110231956,57.3632950237,TESTER_2,4,19,synthetic,True,mlcc-synthetic-1.0.0,0,0.0139758481997,123.093047841,24.1559440548,9.90358216796,0.497618205525,3.52114751767
MLCC_C004807,MLCC_B046,MLCC_X7R,leakage_ua,0.12,SIM_X7R_10N_50V,FICTIONAL-MLCC-01,10,50,0805,X7R,45.5463849288,0.910927698575,49.2110231956,57.3632950237,TESTER_2,4,19,synthetic,True,mlcc-synthetic-1.0.0,24,0.013247928261,122.884625124,24.1559440548,9.8053836454,0.468355849469,3.7146202958
MLCC_C004923,MLCC_B046,MLCC_X7R,leakage_ua,0.12,SIM_X7R_10N_50V,FICTIONAL-MLCC-01,10,50,0805,X7R,45.5463849288,0.910927698575,49.2110231956,29.5421416851,TESTER_2,2,89,synthetic,True,mlcc-synthetic-1.0.0,0,0.0320841502284,122.988130022,24.1559440548,9.57345705449,0.821087820521,1.53381102025
MLCC_C004923,MLCC_B046,MLCC_X7R,leakage_ua,0.12,SIM_X7R_10N_50V,FICTIONAL-MLCC-01,10,50,0805,X7R,45.5463849288,0.910927698575,49.2110231956,29.5421416851,TESTER_2,2,89,synthetic,True,mlcc-synthetic-1.0.0,24,0.0163968605957,122.96621922,24.1559440548,9.51646700828,0.814801337882,3.00124666599
MLCC_C004947,MLCC_B046,MLCC_X7R,leakage_ua,0.12,SIM_X7R_10N_50V,FICTIONAL-MLCC-01,10,50,0805,X7R,45.5463849288,0.910927698575,49.2110231956,58.7731125857,TESTER_2,15,134,synthetic,True,mlcc-synthetic-1.0.0,0,0.0186880619488,122.95785975,24.1559440548,9.83860199437,0.734940272135,2.6332866046
MLCC_C004947,MLCC_B046,MLCC_X7R,leakage_ua,0.12,SIM_X7R_10N_50V,FICTIONAL-MLCC-01,10,50,0805,X7R,45.5463849288,0.910927698575,49.2110231956,58.7731125857,TESTER_2,15,134,synthetic,True,mlcc-synthetic-1.0.0,24,0.0189556728345,122.977112333,24.1559440548,9.755730751,0.656453053071,2.59611060105
MLCC_C004969,MLCC_B046,MLCC_X7R,leakage_ua,0.12,SIM_X7R_10N_50V,FICTIONAL-MLCC-01,10,50,0805,X7R,45.5463849288,0.910927698575,49.2110231956,31.6485172285,TESTER_2,12,105,synthetic,True,mlcc-synthetic-1.0.0,0,0.0124120719347,123.160500704,24.1559440548,9.82745800891,0.58448977571,3.96477102729
MLCC_C004969,MLCC_B046,MLCC_X7R,leakage_ua,0.12,SIM_X7R_10N_50V,FICTIONAL-MLCC-01,10,50,0805,X7R,45.5463849288,0.910927698575,49.2110231956,31.6485172285,TESTER_2,12,105,synthetic,True,mlcc-synthetic-1.0.0,24,0.0114464241639,122.960980024,24.1559440548,9.8078004125,0.574927044509,4.2992486117
MLCC_C004993,MLCC_B046,MLCC_X7R,leakage_ua,0.12,SIM_X7R_10N_50V,FICTIONAL-MLCC-01,10,50,0805,X7R,45.5463849288,0.910927698575,49.2110231956,39.3765210822,TESTER_2,15,122,synthetic,True,mlcc-synthetic-1.0.0,0,0.0212347786886,123.180252569,24.1559440548,10.1324594869,0.632366091412,2.31747285513
MLCC_C004993,MLCC_B046,MLCC_X7R,leakage_ua,0.12,SIM_X7R_10N_50V,FICTIONAL-MLCC-01,10,50,0805,X7R,45.5463849288,0.910927698575,49.2110231956,39.3765210822,TESTER_2,15,122,synthetic,True,mlcc-synthetic-1.0.0,24,0.0164977538242,122.804735223,24.1559440548,10.0983479156,0.616967333376,2.98289232098
MLCC_C004999,MLCC_B046,MLCC_X7R,leakage_ua,0.12,SIM_X7R_10N_50V,FICTIONAL-MLCC-01,10,50,0805,X7R,45.5463849288,0.910927698575,49.2110231956,42.967746895,TESTER_2,3,198,synthetic,True,mlcc-synthetic-1.0.0,0,0.0194346883089,122.998811519,24.1559440548,9.40992499994,0.809369952467,2.53212309935
MLCC_C004999,MLCC_B046,MLCC_X7R,leakage_ua,0.12,SIM_X7R_10N_50V,FICTIONAL-MLCC-01,10,50,0805,X7R,45.5463849288,0.910927698575,49.2110231956,42.967746895,TESTER_2,3,198,synthetic,True,mlcc-synthetic-1.0.0,24,0.0193006570585,122.986471114,24.1559440548,9.35504745444,0.7700691619,2.5497071445
MLCC_C005026,MLCC_B046,MLCC_X7R,leakage_ua,0.12,SIM_X7R_10N_50V,FICTIONAL-MLCC-01,10,50,0805,X7R,45.5463849288,0.910927698575,49.2110231956,44.8062779742,TESTER_2,11,139,synthetic,True,mlcc-synthetic-1.0.0,0,0.0154509423894,122.828782427,24.1559440548,10.0846384847,0.780337702835,3.18498522325
MLCC_C005026,MLCC_B046,MLCC_X7R,leakage_ua,0.12,SIM_X7R_10N_50V,FICTIONAL-MLCC-01,10,50,0805,X7R,45.5463849288,0.910927698575,49.2110231956,44.8062779742,TESTER_2,11,139,synthetic,True,mlcc-synthetic-1.0.0,24,0.0149237457364,123.175755555,24.1559440548,9.99246320685,0.74993771667,3.297498099
MLCC_C005049,MLCC_B046,MLCC_X7R,leakage_ua,0.12,SIM_X7R_10N_50V,FICTIONAL-MLCC-01,10,50,0805,X7R,45.5463849288,0.910927698575,49.2110231956,42.5535608054,TESTER_2,6,82,synthetic,True,mlcc-synthetic-1.0.0,0,0.0185381735599,123.008978227,24.1559440548,9.87623948669,0.503878832319,2.65457775744
MLCC_C005049,MLCC_B046,MLCC_X7R,leakage_ua,0.12,SIM_X7R_10N_50V,FICTIONAL-MLCC-01,10,50,0805,X7R,45.5463849288,0.910927698575,49.2110231956,42.5535608054,TESTER_2,6,82,synthetic,True,mlcc-synthetic-1.0.0,24,0.0181541465022,122.802661838,24.1559440548,9.86766445672,0.611802832847,2.71073185344
MLCC_C005214,MLCC_B046,MLCC_X7R,leakage_ua,0.12,SIM_X7R_10N_50V,FICTIONAL-MLCC-01,10,50,0805,X7R,45.5463849288,0.910927698575,49.2110231956,29.3146729018,TESTER_2,5,118,synthetic,True,mlcc-synthetic-1.0.0,0,0.141572710359,123.255816643,24.1559440548,10.178569648,0.904346588642,0.347602465692
MLCC_C005214,MLCC_B046,MLCC_X7R,leakage_ua,0.12,SIM_X7R_10N_50V,FICTIONAL-MLCC-01,10,50,0805,X7R,45.5463849288,0.910927698575,49.2110231956,29.3146729018,TESTER_2,5,118,synthetic,True,mlcc-synthetic-1.0.0,24,0.142346592319,123.18420952,24.1559440548,10.1261909249,0.815753146603,0.345712688965
MLCC_C005273,MLCC_B046,MLCC_X7R,leakage_ua,0.12,SIM_X7R_10N_50V,FICTIONAL-MLCC-01,10,50,0805,X7R,45.5463849288,0.910927698575,49.2110231956,30.0769333843,TESTER_2,7,28,synthetic,True,mlcc-synthetic-1.0.0,0,0.0232420295948,122.753896218,24.1559440548,9.9684966503,0.695788195097,2.11732899638
MLCC_C005273,MLCC_B046,MLCC_X7R,leakage_ua,0.12,SIM_X7R_10N_50V,FICTIONAL-MLCC-01,10,50,0805,X7R,45.5463849288,0.910927698575,49.2110231956,30.0769333843,TESTER_2,7,28,synthetic,True,mlcc-synthetic-1.0.0,24,0.0229637595357,123.039509486,24.1559440548,9.98214138693,0.682197594773,2.14298634852
MLCC_C005287,MLCC_B046,MLCC_X7R,leakage_ua,0.12,SIM_X7R_10N_50V,FICTIONAL-MLCC-01,10,50,0805,X7R,45.5463849288,0.910927698575,49.2110231956,28.7408545894,TESTER_2,4,150,synthetic,True,mlcc-synthetic-1.0.0,0,0.017411314403,123.382712905,24.1559440548,8.86656782489,0.738197267636,2.82638186047
MLCC_C005287,MLCC_B046,MLCC_X7R,leakage_ua,0.12,SIM_X7R_10N_50V,FICTIONAL-MLCC-01,10,50,0805,X7R,45.5463849288,0.910927698575,49.2110231956,28.7408545894,TESTER_2,4,150,synthetic,True,mlcc-synthetic-1.0.0,24,0.0160588459473,122.88879765,24.1559440548,8.83942761809,0.7749648016,3.06441841196
MLCC_C005512,MLCC_B046,MLCC_X7R,leakage_ua,0.12,SIM_X7R_10N_50V,FICTIONAL-MLCC-01,10,50,0805,X7R,45.5463849288,0.910927698575,49.2110231956,28.7567573624,TESTER_2,9,60,synthetic,True,mlcc-synthetic-1.0.0,0,0.0155189012833,122.852155887,24.1559440548,9.74517715908,0.708236625702,3.17103783941
MLCC_C005512,MLCC_B046,MLCC_X7R,leakage_ua,0.12,SIM_X7R_10N_50V,FICTIONAL-MLCC-01,10,50,0805,X7R,45.5463849288,0.910927698575,49.2110231956,28.7567573624,TESTER_2,9,60,synthetic,True,mlcc-synthetic-1.0.0,24,0.0171642833537,122.914181828,24.1559440548,9.72469628529,0.624629673496,2.86705959005
MLCC_C005517,MLCC_B046,MLCC_X7R,leakage_ua,0.12,SIM_X7R_10N_50V,FICTIONAL-MLCC-01,10,50,0805,X7R,45.5463849288,0.910927698575,49.2110231956,24.4097411203,TESTER_2,2,141,synthetic,True,mlcc-synthetic-1.0.0,0,0.0238632085635,122.885960255,24.1559440548,9.89094205711,0.528582707474,2.06221317912
MLCC_C005517,MLCC_B046,MLCC_X7R,leakage_ua,0.12,SIM_X7R_10N_50V,FICTIONAL-MLCC-01,10,50,0805,X7R,45.5463849288,0.910927698575,49.2110231956,24.4097411203,TESTER_2,2,141,synthetic,True,mlcc-synthetic-1.0.0,24,0.0200290935515,123.166718839,24.1559440548,9.90153732622,0.559045463328,2.45697705036
MLCC_C005550,MLCC_B046,MLCC_X7R,leakage_ua,0.12,SIM_X7R_10N_50V,FICTIONAL-MLCC-01,10,50,0805,X7R,45.5463849288,0.910927698575,49.2110231956,31.3872744413,TESTER_2,4,176,synthetic,True,mlcc-synthetic-1.0.0,0,0.0271077337288,122.896614311,24.1559440548,10.0524171903,0.683030050481,1.81538684451
MLCC_C005550,MLCC_B046,MLCC_X7R,leakage_ua,0.12,SIM_X7R_10N_50V,FICTIONAL-MLCC-01,10,50,0805,X7R,45.5463849288,0.910927698575,49.2110231956,31.3872744413,TESTER_2,4,176,synthetic,True,mlcc-synthetic-1.0.0,24,0.0252489741611,123.101202311,24.1559440548,9.97530148755,0.74339771088,1.94903059751
MLCC_C005623,MLCC_B046,MLCC_X7R,leakage_ua,0.12,SIM_X7R_10N_50V,FICTIONAL-MLCC-01,10,50,0805,X7R,45.5463849288,0.910927698575,49.2110231956,34.7075703601,TESTER_2,15,41,synthetic,True,mlcc-synthetic-1.0.0,0,0.0172294639771,122.941897401,24.1559440548,10.3401200831,0.690441632783,2.85621324383
MLCC_C005623,MLCC_B046,MLCC_X7R,leakage_ua,0.12,SIM_X7R_10N_50V,FICTIONAL-MLCC-01,10,50,0805,X7R,45.5463849288,0.910927698575,49.2110231956,34.7075703601,TESTER_2,15,41,synthetic,True,mlcc-synthetic-1.0.0,24,0.0141025038879,122.907421576,24.1559440548,10.3358167534,0.67539836119,3.48952381697
MLCC_C005788,MLCC_B046,MLCC_X7R,leakage_ua,0.12,SIM_X7R_10N_50V,FICTIONAL-MLCC-01,10,50,0805,X7R,45.5463849288,0.910927698575,49.2110231956,29.5463026284,TESTER_2,13,92,synthetic,True,mlcc-synthetic-1.0.0,0,0.0165323498111,123.086235236,24.1559440548,9.6935153973,0.901998831968,2.97665024983
MLCC_C005788,MLCC_B046,MLCC_X7R,leakage_ua,0.12,SIM_X7R_10N_50V,FICTIONAL-MLCC-01,10,50,0805,X7R,45.5463849288,0.910927698575,49.2110231956,29.5463026284,TESTER_2,13,92,synthetic,True,mlcc-synthetic-1.0.0,24,0.0160387008191,123.190177967,24.1559440548,9.6182764625,0.863055116026,3.06826742082
MLCC_C005810,MLCC_B046,MLCC_X7R,leakage_ua,0.12,SIM_X7R_10N_50V,FICTIONAL-MLCC-01,10,50,0805,X7R,45.5463849288,0.910927698575,49.2110231956,47.1780938273,TESTER_2,12,186,synthetic,True,mlcc-synthetic-1.0.0,0,0.0182629241939,122.961064537,24.1559440548,10.3300029191,0.572244852046,2.69458618309
MLCC_C005810,MLCC_B046,MLCC_X7R,leakage_ua,0.12,SIM_X7R_10N_50V,FICTIONAL-MLCC-01,10,50,0805,X7R,45.5463849288,0.910927698575,49.2110231956,47.1780938273,TESTER_2,12,186,synthetic,True,mlcc-synthetic-1.0.0,24,0.0146778381099,122.911694061,24.1559440548,10.3464490108,0.536690076531,3.35274328734
MLCC_C005866,MLCC_B046,MLCC_X7R,leakage_ua,0.12,SIM_X7R_10N_50V,FICTIONAL-MLCC-01,10,50,0805,X7R,45.5463849288,0.910927698575,49.2110231956,27.9543425641,TESTER_2,11,68,synthetic,True,mlcc-synthetic-1.0.0,0,0.0186503185401,123.378583573,24.1559440548,9.67699467877,0.638569269882,2.63861569387
MLCC_C005866,MLCC_B046,MLCC_X7R,leakage_ua,0.12,SIM_X7R_10N_50V,FICTIONAL-MLCC-01,10,50,0805,X7R,45.5463849288,0.910927698575,49.2110231956,27.9543425641,TESTER_2,11,68,synthetic,True,mlcc-synthetic-1.0.0,24,0.0196441443298,122.935000108,24.1559440548,9.60582124708,0.599738047886,2.50512429401
MLCC_C005881,MLCC_B046,MLCC_X7R,leakage_ua,0.12,SIM_X7R_10N_50V,FICTIONAL-MLCC-01,10,50,0805,X7R,45.5463849288,0.910927698575,49.2110231956,41.3622451608,TESTER_2,13,140,synthetic,True,mlcc-synthetic-1.0.0,0,0.0259143311525,122.695860449,24.1559440548,9.59980583443,0.711788079393,1.89898874511
MLCC_C005881,MLCC_B046,MLCC_X7R,leakage_ua,0.12,SIM_X7R_10N_50V,FICTIONAL-MLCC-01,10,50,0805,X7R,45.5463849288,0.910927698575,49.2110231956,41.3622451608,TESTER_2,13,140,synthetic,True,mlcc-synthetic-1.0.0,24,0.0212906283951,122.8414209,24.1559440548,9.53090487963,0.749989979828,2.31139364617
MLCC_C005966,MLCC_B046,MLCC_X7R,leakage_ua,0.12,SIM_X7R_10N_50V,FICTIONAL-MLCC-01,10,50,0805,X7R,45.5463849288,0.910927698575,49.2110231956,32.0703404456,TESTER_2,2,149,synthetic,True,mlcc-synthetic-1.0.0,0,0.0112619206171,122.98432239,24.1559440548,10.1053636862,0.644765023403,4.36968301135
MLCC_C005966,MLCC_B046,MLCC_X7R,leakage_ua,0.12,SIM_X7R_10N_50V,FICTIONAL-MLCC-01,10,50,0805,X7R,45.5463849288,0.910927698575,49.2110231956,32.0703404456,TESTER_2,2,149,synthetic,True,mlcc-synthetic-1.0.0,24,0.010599682808,122.962761857,24.1559440548,10.0125224403,0.598356839526,4.64268828483
MLCC_C006015,MLCC_B046,MLCC_X7R,leakage_ua,0.12,SIM_X7R_10N_50V,FICTIONAL-MLCC-01,10,50,0805,X7R,45.5463849288,0.910927698575,49.2110231956,36.6973582248,TESTER_2,16,191,synthetic,True,mlcc-synthetic-1.0.0,0,0.0293246418669,122.992334714,24.1559440548,9.62277768715,0.95097784192,1.67814575261
MLCC_C006015,MLCC_B046,MLCC_X7R,leakage_ua,0.12,SIM_X7R_10N_50V,FICTIONAL-MLCC-01,10,50,0805,X7R,45.5463849288,0.910927698575,49.2110231956,36.6973582248,TESTER_2,16,191,synthetic,True,mlcc-synthetic-1.0.0,24,0.0247877759747,122.757067389,24.1559440548,9.57438179752,0.942261305203,1.98529401128
MLCC_C006043,MLCC_B046,MLCC_X7R,leakage_ua,0.12,SIM_X7R_10N_50V,FICTIONAL-MLCC-01,10,50,0805,X7R,45.5463849288,0.910927698575,49.2110231956,25.7480499587,TESTER_2,4,27,synthetic,True,mlcc-synthetic-1.0.0,0,0.0245347804827,123.028965747,24.1559440548,10.5097046652,0.832134968007,2.0057657834
MLCC_C006043,MLCC_B046,MLCC_X7R,leakage_ua,0.12,SIM_X7R_10N_50V,FICTIONAL-MLCC-01,10,50,0805,X7R,45.5463849288,0.910927698575,49.2110231956,25.7480499587,TESTER_2,4,27,synthetic,True,mlcc-synthetic-1.0.0,24,0.0240769935758,123.171828985,24.1559440548,10.4555836135,0.799728490965,2.04390232696
MLCC_C006099,MLCC_B046,MLCC_X7R,leakage_ua,0.12,SIM_X7R_10N_50V,FICTIONAL-MLCC-01,10,50,0805,X7R,45.5463849288,0.910927698575,49.2110231956,43.6616478667,TESTER_2,8,5,synthetic,True,mlcc-synthetic-1.0.0,0,0.018675318503,122.9647282,24.1559440548,9.9238644796,0.992155506586,2.63508347596
MLCC_C006099,MLCC_B046,MLCC_X7R,leakage_ua,0.12,SIM_X7R_10N_50V,FICTIONAL-MLCC-01,10,50,0805,X7R,45.5463849288,0.910927698575,49.2110231956,43.6616478667,TESTER_2,8,5,synthetic,True,mlcc-synthetic-1.0.0,24,0.016056021668,123.170112616,24.1559440548,9.89410906597,0.944257715554,3.06495744793
MLCC_C006296,MLCC_B046,MLCC_X7R,leakage_ua,0.12,SIM_X7R_10N_50V,FICTIONAL-MLCC-01,10,50,0805,X7R,45.5463849288,0.910927698575,49.2110231956,40.3300598363,TESTER_2,14,109,synthetic,True,mlcc-synthetic-1.0.0,0,0.0139958063289,123.169337887,24.1559440548,10.3175985656,0.710301182546,3.51612633379
MLCC_C006296,MLCC_B046,MLCC_X7R,leakage_ua,0.12,SIM_X7R_10N_50V,FICTIONAL-MLCC-01,10,50,0805,X7R,45.5463849288,0.910927698575,49.2110231956,40.3300598363,TESTER_2,14,109,synthetic,True,mlcc-synthetic-1.0.0,24,0.0123180992775,123.113267507,24.1559440548,10.2236203805,0.682259438177,3.99501758241
MLCC_C006351,MLCC_B046,MLCC_X7R,leakage_ua,0.12,SIM_X7R_10N_50V,FICTIONAL-MLCC-01,10,50,0805,X7R,45.5463849288,0.910927698575,49.2110231956,22.5509622297,TESTER_2,3,83,synthetic,True,mlcc-synthetic-1.0.0,0,0.0197735606835,123.269971994,24.1559440548,10.0572071377,0.709680381541,2.48872845834
MLCC_C006351,MLCC_B046,MLCC_X7R,leakage_ua,0.12,SIM_X7R_10N_50V,FICTIONAL-MLCC-01,10,50,0805,X7R,45.5463849288,0.910927698575,49.2110231956,22.5509622297,TESTER_2,3,83,synthetic,True,mlcc-synthetic-1.0.0,24,0.0180067892405,122.869289387,24.1559440548,9.95290928163,0.697522550834,2.73291493215
MLCC_C006374,MLCC_B046,MLCC_X7R,leakage_ua,0.12,SIM_X7R_10N_50V,FICTIONAL-MLCC-01,10,50,0805,X7R,45.5463849288,0.910927698575,49.2110231956,33.0598613778,TESTER_2,2,53,synthetic,True,mlcc-synthetic-1.0.0,0,0.0185563514449,123.137765044,24.1559440548,10.3622806382,0.64522088361,2.65197732117
MLCC_C006374,MLCC_B046,MLCC_X7R,leakage_ua,0.12,SIM_X7R_10N_50V,FICTIONAL-MLCC-01,10,50,0805,X7R,45.5463849288,0.910927698575,49.2110231956,33.0598613778,TESTER_2,2,53,synthetic,True,mlcc-synthetic-1.0.0,24,0.0140876408726,122.970001031,24.1559440548,10.3619546877,0.671982776842,3.49320540186
MLCC_C006403,MLCC_B046,MLCC_X7R,leakage_ua,0.12,SIM_X7R_10N_50V,FICTIONAL-MLCC-01,10,50,0805,X7R,45.5463849288,0.910927698575,49.2110231956,46.1744623185,TESTER_2,12,38,synthetic,True,mlcc-synthetic-1.0.0,0,0.0177405408054,122.895826308,24.1559440548,10.143925143,0.794880678098,2.77393027278
MLCC_C006403,MLCC_B046,MLCC_X7R,leakage_ua,0.12,SIM_X7R_10N_50V,FICTIONAL-MLCC-01,10,50,0805,X7R,45.5463849288,0.910927698575,49.2110231956,46.1744623185,TESTER_2,12,38,synthetic,True,mlcc-synthetic-1.0.0,24,0.0214989686899,122.986316032,24.1559440548,10.0920035836,0.777865515861,2.28899459808
MLCC_C006503,MLCC_B046,MLCC_X7R,leakage_ua,0.12,SIM_X7R_10N_50V,FICTIONAL-MLCC-01,10,50,0805,X7R,45.5463849288,0.910927698575,49.2110231956,40.6884968307,TESTER_2,14,33,synthetic,True,mlcc-synthetic-1.0.0,0,0.032872860213,123.360803188,24.1559440548,10.2658042557,0.476567392173,1.4970106914
MLCC_C006503,MLCC_B046,MLCC_X7R,leakage_ua,0.12,SIM_X7R_10N_50V,FICTIONAL-MLCC-01,10,50,0805,X7R,45.5463849288,0.910927698575,49.2110231956,40.6884968307,TESTER_2,14,33,synthetic,True,mlcc-synthetic-1.0.0,24,0.0298350819923,122.91536362,24.1559440548,10.1839789506,0.446984337533,1.64943482335
MLCC_C006594,MLCC_B046,MLCC_X7R,leakage_ua,0.12,SIM_X7R_10N_50V,FICTIONAL-MLCC-01,10,50,0805,X7R,45.5463849288,0.910927698575,49.2110231956,26.8074198397,TESTER_2,9,58,synthetic,True,mlcc-synthetic-1.0.0,0,0.0096424476696,122.901226785,24.1559440548,9.67412977567,0.491103322535,5.1035820864
MLCC_C006594,MLCC_B046,MLCC_X7R,leakage_ua,0.12,SIM_X7R_10N_50V,FICTIONAL-MLCC-01,10,50,0805,X7R,45.5463849288,0.910927698575,49.2110231956,26.8074198397,TESTER_2,9,58,synthetic,True,mlcc-synthetic-1.0.0,24,0.00785328623559,123.009040685,24.1559440548,9.62454919025,0.474771705995,6.26629690034
MLCC_C006660,MLCC_B046,MLCC_X7R,leakage_ua,0.12,SIM_X7R_10N_50V,FICTIONAL-MLCC-01,10,50,0805,X7R,45.5463849288,0.910927698575,49.2110231956,38.9442587232,TESTER_2,5,119,synthetic,True,mlcc-synthetic-1.0.0,0,0.14315112273,123.030506903,24.1559440548,9.8735876277,0.982264160881,0.343769732692
MLCC_C006660,MLCC_B046,MLCC_X7R,leakage_ua,0.12,SIM_X7R_10N_50V,FICTIONAL-MLCC-01,10,50,0805,X7R,45.5463849288,0.910927698575,49.2110231956,38.9442587232,TESTER_2,5,119,synthetic,True,mlcc-synthetic-1.0.0,24,0.141499179909,122.778048576,24.1559440548,9.7607872634,0.969691385613,0.3477830983
MLCC_C006728,MLCC_B046,MLCC_X7R,leakage_ua,0.12,SIM_X7R_10N_50V,FICTIONAL-MLCC-01,10,50,0805,X7R,45.5463849288,0.910927698575,49.2110231956,21.2330170333,TESTER_2,3,20,synthetic,True,mlcc-synthetic-1.0.0,0,0.0190340040351,122.821989479,24.1559440548,10.0298305887,0.753165919094,2.58542675019
MLCC_C006728,MLCC_B046,MLCC_X7R,leakage_ua,0.12,SIM_X7R_10N_50V,FICTIONAL-MLCC-01,10,50,0805,X7R,45.5463849288,0.910927698575,49.2110231956,21.2330170333,TESTER_2,3,20,synthetic,True,mlcc-synthetic-1.0.0,24,0.0162586387792,123.104114817,24.1559440548,10.0110045532,0.709695756618,3.02676157974
MLCC_C006803,MLCC_B046,MLCC_X7R,leakage_ua,0.12,SIM_X7R_10N_50V,FICTIONAL-MLCC-01,10,50,0805,X7R,45.5463849288,0.910927698575,49.2110231956,35.7085039178,TESTER_2,8,143,synthetic,True,mlcc-synthetic-1.0.0,0,0.0199052705164,123.203766251,24.1559440548,9.39915246489,0.678837550277,2.47226095998
MLCC_C006803,MLCC_B046,MLCC_X7R,leakage_ua,0.12,SIM_X7R_10N_50V,FICTIONAL-MLCC-01,10,50,0805,X7R,45.5463849288,0.910927698575,49.2110231956,35.7085039178,TESTER_2,8,143,synthetic,True,mlcc-synthetic-1.0.0,24,0.018567652278,123.155359371,24.1559440548,9.29809982052,0.766361625756,2.6503632478
MLCC_C006883,MLCC_B046,MLCC_X7R,leakage_ua,0.12,SIM_X7R_10N_50V,FICTIONAL-MLCC-01,10,50,0805,X7R,45.5463849288,0.910927698575,49.2110231956,55.1482062372,TESTER_2,13,147,synthetic,True,mlcc-synthetic-1.0.0,0,0.0135271998948,122.842568233,24.1559440548,9.93917141756,0.581754503006,3.63793124803
MLCC_C006883,MLCC_B046,MLCC_X7R,leakage_ua,0.12,SIM_X7R_10N_50V,FICTIONAL-MLCC-01,10,50,0805,X7R,45.5463849288,0.910927698575,49.2110231956,55.1482062372,TESTER_2,13,147,synthetic,True,mlcc-synthetic-1.0.0,24,0.0118727372502,123.172808483,24.1559440548,9.79221018927,0.553203234134,4.14487595897
MLCC_C006968,MLCC_B046,MLCC_X7R,leakage_ua,0.12,SIM_X7R_10N_50V,FICTIONAL-MLCC-01,10,50,0805,X7R,45.5463849288,0.910927698575,49.2110231956,34.4702695132,TESTER_2,6,94,synthetic,True,mlcc-synthetic-1.0.0,0,0.0155222825959,123.120991952,24.1559440548,9.807218924,0.775486866632,3.17034707308
MLCC_C006968,MLCC_B046,MLCC_X7R,leakage_ua,0.12,SIM_X7R_10N_50V,FICTIONAL-MLCC-01,10,50,0805,X7R,45.5463849288,0.910927698575,49.2110231956,34.4702695132,TESTER_2,6,94,synthetic,True,mlcc-synthetic-1.0.0,24,0.0143276775618,123.383711859,24.1559440548,9.79349004517,0.731863041836,3.43468248663
MLCC_C007054,MLCC_B046,MLCC_X7R,leakage_ua,0.12,SIM_X7R_10N_50V,FICTIONAL-MLCC-01,10,50,0805,X7R,45.5463849288,0.910927698575,49.2110231956,16.1969413148,TESTER_2,11,145,synthetic,True,mlcc-synthetic-1.0.0,0,0.0256393921996,123.112034056,24.1559440548,10.1887620802,0.787185355076,1.91935217546
MLCC_C007054,MLCC_B046,MLCC_X7R,leakage_ua,0.12,SIM_X7R_10N_50V,FICTIONAL-MLCC-01,10,50,0805,X7R,45.5463849288,0.910927698575,49.2110231956,16.1969413148,TESTER_2,11,145,synthetic,True,mlcc-synthetic-1.0.0,24,0.0221902948853,122.704621829,24.1559440548,10.1727835216,0.796628046565,2.21768225479
MLCC_C007186,MLCC_B046,MLCC_X7R,leakage_ua,0.12,SIM_X7R_10N_50V,FICTIONAL-MLCC-01,10,50,0805,X7R,45.5463849288,0.910927698575,49.2110231956,14.2800126877,TESTER_2,6,192,synthetic,True,mlcc-synthetic-1.0.0,0,0.0199972898104,123.028559889,24.1559440548,9.54199570625,0.715755383149,2.46088463298
MLCC_C007186,MLCC_B046,MLCC_X7R,leakage_ua,0.12,SIM_X7R_10N_50V,FICTIONAL-MLCC-01,10,50,0805,X7R,45.5463849288,0.910927698575,49.2110231956,14.2800126877,TESTER_2,6,192,synthetic,True,mlcc-synthetic-1.0.0,24,0.0182010214379,123.234466692,24.1559440548,9.46737962877,0.735720066796,2.70375063089
MLCC_C007277,MLCC_B046,MLCC_X7R,leakage_ua,0.12,SIM_X7R_10N_50V,FICTIONAL-MLCC-01,10,50,0805,X7R,45.5463849288,0.910927698575,49.2110231956,34.4157660725,TESTER_2,9,135,synthetic,True,mlcc-synthetic-1.0.0,0,0.0306753902886,122.742456773,24.1559440548,10.5818458911,0.775755863535,1.60425092338
MLCC_C007277,MLCC_B046,MLCC_X7R,leakage_ua,0.12,SIM_X7R_10N_50V,FICTIONAL-MLCC-01,10,50,0805,X7R,45.5463849288,0.910927698575,49.2110231956,34.4157660725,TESTER_2,9,135,synthetic,True,mlcc-synthetic-1.0.0,24,0.02649675204,122.846454193,24.1559440548,10.4777364526,0.721192560752,1.85724737588
MLCC_C007334,MLCC_B046,MLCC_X7R,leakage_ua,0.12,SIM_X7R_10N_50V,FICTIONAL-MLCC-01,10,50,0805,X7R,45.5463849288,0.910927698575,49.2110231956,34.2635947242,TESTER_2,16,29,synthetic,True,mlcc-synthetic-1.0.0,0,0.0136905740926,122.934355569,24.1559440548,9.36598869901,0.731525373333,3.59451859817
MLCC_C007334,MLCC_B046,MLCC_X7R,leakage_ua,0.12,SIM_X7R_10N_50V,FICTIONAL-MLCC-01,10,50,0805,X7R,45.5463849288,0.910927698575,49.2110231956,34.2635947242,TESTER_2,16,29,synthetic,True,mlcc-synthetic-1.0.0,24,0.0170398747426,123.103219034,24.1559440548,9.36836416275,0.75363685163,2.88799207383
MLCC_C007336,MLCC_B046,MLCC_X7R,leakage_ua,0.12,SIM_X7R_10N_50V,FICTIONAL-MLCC-01,10,50,0805,X7R,45.5463849288,0.910927698575,49.2110231956,28.7793106143,TESTER_2,9,85,synthetic,True,mlcc-synthetic-1.0.0,0,0.0184904561283,123.072198693,24.1559440548,9.60112016051,0.533989318717,2.66142829869
MLCC_C007336,MLCC_B046,MLCC_X7R,leakage_ua,0.12,SIM_X7R_10N_50V,FICTIONAL-MLCC-01,10,50,0805,X7R,45.5463849288,0.910927698575,49.2110231956,28.7793106143,TESTER_2,9,85,synthetic,True,mlcc-synthetic-1.0.0,24,0.0186804464894,123.057396007,24.1559440548,9.56440199266,0.583071349058,2.6343601168
MLCC_C007366,MLCC_B046,MLCC_X7R,leakage_ua,0.12,SIM_X7R_10N_50V,FICTIONAL-MLCC-01,10,50,0805,X7R,45.5463849288,0.910927698575,49.2110231956,30.6856925825,TESTER_2,5,137,synthetic,True,mlcc-synthetic-1.0.0,0,0.141106022157,122.934622557,24.1559440548,10.4855169102,0.737855111251,0.348752111663
MLCC_C007366,MLCC_B046,MLCC_X7R,leakage_ua,0.12,SIM_X7R_10N_50V,FICTIONAL-MLCC-01,10,50,0805,X7R,45.5463849288,0.910927698575,49.2110231956,30.6856925825,TESTER_2,5,137,synthetic,True,mlcc-synthetic-1.0.0,24,0.141908175341,123.303272523,24.1559440548,10.4216741156,0.759510172081,0.346780748026
MLCC_C007401,MLCC_B046,MLCC_X7R,leakage_ua,0.12,SIM_X7R_10N_50V,FICTIONAL-MLCC-01,10,50,0805,X7R,45.5463849288,0.910927698575,49.2110231956,29.4284374304,TESTER_2,7,9,synthetic,True,mlcc-synthetic-1.0.0,0,0.0161060054881,123.255636765,24.1559440548,10.2034086109,0.73533602137,3.05544557476
MLCC_C007401,MLCC_B046,MLCC_X7R,leakage_ua,0.12,SIM_X7R_10N_50V,FICTIONAL-MLCC-01,10,50,0805,X7R,45.5463849288,0.910927698575,49.2110231956,29.4284374304,TESTER_2,7,9,synthetic,True,mlcc-synthetic-1.0.0,24,0.0139542333992,122.933687237,24.1559440548,10.219639175,0.706068931508,3.52660169768
MLCC_C007428,MLCC_B046,MLCC_X7R,leakage_ua,0.12,SIM_X7R_10N_50V,FICTIONAL-MLCC-01,10,50,0805,X7R,45.5463849288,0.910927698575,49.2110231956,37.3412020771,TESTER_2,8,166,synthetic,True,mlcc-synthetic-1.0.0,0,0.00885547147828,123.188653705,24.1559440548,10.2344719461,1.01779511669,5.5571319174
MLCC_C007428,MLCC_B046,MLCC_X7R,leakage_ua,0.12,SIM_X7R_10N_50V,FICTIONAL-MLCC-01,10,50,0805,X7R,45.5463849288,0.910927698575,49.2110231956,37.3412020771,TESTER_2,8,166,synthetic,True,mlcc-synthetic-1.0.0,24,0.00895466453166,123.22275793,24.1559440548,10.1573219466,1.01313966925,5.49557418054
MLCC_C007458,MLCC_B046,MLCC_X7R,leakage_ua,0.12,SIM_X7R_10N_50V,FICTIONAL-MLCC-01,10,50,0805,X7R,45.5463849288,0.910927698575,49.2110231956,35.4906962883,TESTER_2,11,121,synthetic,True,mlcc-synthetic-1.0.0,0,0.0235441204745,122.911546532,24.1559440548,9.72814492193,0.51675912771,2.09016188347
MLCC_C007458,MLCC_B046,MLCC_X7R,leakage_ua,0.12,SIM_X7R_10N_50V,FICTIONAL-MLCC-01,10,50,0805,X7R,45.5463849288,0.910927698575,49.2110231956,35.4906962883,TESTER_2,11,121,synthetic,True,mlcc-synthetic-1.0.0,24,0.0214506811308,122.884684177,24.1559440548,9.73982171698,0.563254594425,2.29414734644
MLCC_C007471,MLCC_B046,MLCC_X7R,leakage_ua,0.12,SIM_X7R_10N_50V,FICTIONAL-MLCC-01,10,50,0805,X7R,45.5463849288,0.910927698575,49.2110231956,25.5971400152,TESTER_2,9,59,synthetic,True,mlcc-synthetic-1.0.0,0,0.00709153554357,123.20195803,24.1559440548,10.4689873757,0.604585744043,6.93940302396
MLCC_C007471,MLCC_B046,MLCC_X7R,leakage_ua,0.12,SIM_X7R_10N_50V,FICTIONAL-MLCC-01,10,50,0805,X7R,45.5463849288,0.910927698575,49.2110231956,25.5971400152,TESTER_2,9,59,synthetic,True,mlcc-synthetic-1.0.0,24,0.00648682267635,123.086390393,24.1559440548,10.4376156531,0.558422292275,7.5863062166
MLCC_C007483,MLCC_B046,MLCC_X7R,leakage_ua,0.12,SIM_X7R_10N_50V,FICTIONAL-MLCC-01,10,50,0805,X7R,45.5463849288,0.910927698575,49.2110231956,27.170245268,TESTER_2,15,86,synthetic,True,mlcc-synthetic-1.0.0,0,0.0183575015264,122.978534486,24.1559440548,10.301764359,0.738970021005,2.68070375072
MLCC_C007483,MLCC_B046,MLCC_X7R,leakage_ua,0.12,SIM_X7R_10N_50V,FICTIONAL-MLCC-01,10,50,0805,X7R,45.5463849288,0.910927698575,49.2110231956,27.170245268,TESTER_2,15,86,synthetic,True,mlcc-synthetic-1.0.0,24,0.0182660922042,122.844090714,24.1559440548,10.2468513271,0.700491463466,2.69411884302
MLCC_C007530,MLCC_B046,MLCC_X7R,leakage_ua,0.12,SIM_X7R_10N_50V,FICTIONAL-MLCC-01,10,50,0805,X7R,45.5463849288,0.910927698575,49.2110231956,34.0280426444,TESTER_2,16,126,synthetic,True,mlcc-synthetic-1.0.0,0,0.0181263208972,123.190745389,24.1559440548,9.45981690949,0.476829707724,2.71489308143
MLCC_C007530,MLCC_B046,MLCC_X7R,leakage_ua,0.12,SIM_X7R_10N_50V,FICTIONAL-MLCC-01,10,50,0805,X7R,45.5463849288,0.910927698575,49.2110231956,34.0280426444,TESTER_2,16,126,synthetic,True,mlcc-synthetic-1.0.0,24,0.0166967657405,123.095935083,24.1559440548,9.39818748603,0.537075769524,2.9473386619
MLCC_C007561,MLCC_B046,MLCC_X7R,leakage_ua,0.12,SIM_X7R_10N_50V,FICTIONAL-MLCC-01,10,50,0805,X7R,45.5463849288,0.910927698575,49.2110231956,50.2050534911,TESTER_2,10,23,synthetic,True,mlcc-synthetic-1.0.0,0,0.0163060524108,123.281969366,24.1559440548,9.35110417052,0.689865500118,3.017960568
MLCC_C007561,MLCC_B046,MLCC_X7R,leakage_ua,0.12,SIM_X7R_10N_50V,FICTIONAL-MLCC-01,10,50,0805,X7R,45.5463849288,0.910927698575,49.2110231956,50.2050534911,TESTER_2,10,23,synthetic,True,mlcc-synthetic-1.0.0,24,0.0138021933486,122.808056402,24.1559440548,9.22093922111,0.692553993087,3.56544948711
MLCC_C007636,MLCC_B046,MLCC_X7R,leakage_ua,0.12,SIM_X7R_10N_50V,FICTIONAL-MLCC-01,10,50,0805,X7R,45.5463849288,0.910927698575,49.2110231956,52.7099979767,TESTER_2,2,177,synthetic,True,mlcc-synthetic-1.0.0,0,0.0403257482405,123.35541175,24.1559440548,9.64259853051,0.532065718398,1.22033750997
MLCC_C007636,MLCC_B046,MLCC_X7R,leakage_ua,0.12,SIM_X7R_10N_50V,FICTIONAL-MLCC-01,10,50,0805,X7R,45.5463849288,0.910927698575,49.2110231956,52.7099979767,TESTER_2,2,177,synthetic,True,mlcc-synthetic-1.0.0,24,0.0324269795404,123.149073521,24.1559440548,9.59359274051,0.539581567998,1.51759503639
MLCC_C007653,MLCC_B046,MLCC_X7R,leakage_ua,0.12,SIM_X7R_10N_50V,FICTIONAL-MLCC-01,10,50,0805,X7R,45.5463849288,0.910927698575,49.2110231956,39.0979646329,TESTER_2,8,200,synthetic,True,mlcc-synthetic-1.0.0,0,0.020617397726,122.993813467,24.1559440548,10.3977098784,0.695540775269,2.38686879157
MLCC_C007653,MLCC_B046,MLCC_X7R,leakage_ua,0.12,SIM_X7R_10N_50V,FICTIONAL-MLCC-01,10,50,0805,X7R,45.5463849288,0.910927698575,49.2110231956,39.0979646329,TESTER_2,8,200,synthetic,True,mlcc-synthetic-1.0.0,24,0.0184172879449,123.135690399,24.1559440548,10.3548505666,0.693222116452,2.67200161842
MLCC_C007775,MLCC_B046,MLCC_X7R,leakage_ua,0.12,SIM_X7R_10N_50V,FICTIONAL-MLCC-01,10,50,0805,X7R,45.5463849288,0.910927698575,49.2110231956,38.0595069007,TESTER_2,11,185,synthetic,True,mlcc-synthetic-1.0.0,0,0.011879594755,122.859900972,24.1559440548,10.4649659239,0.789113883021,4.14248332629
MLCC_C007775,MLCC_B046,MLCC_X7R,leakage_ua,0.12,SIM_X7R_10N_50V,FICTIONAL-MLCC-01,10,50,0805,X7R,45.5463849288,0.910927698575,49.2110231956,38.0595069007,TESTER_2,11,185,synthetic,True,mlcc-synthetic-1.0.0,24,0.01164670705,123.066532428,24.1559440548,10.4043179556,0.718828354072,4.22531647652
MLCC_C007801,MLCC_B046,MLCC_X7R,leakage_ua,0.12,SIM_X7R_10N_50V,FICTIONAL-MLCC-01,10,50,0805,X7R,45.5463849288,0.910927698575,49.2110231956,38.5723461452,TESTER_2,1,62,synthetic,True,mlcc-synthetic-1.0.0,0,0.019006527518,123.037607674,24.1559440548,10.4825031654,0.485529626927,2.58916433572
MLCC_C007801,MLCC_B046,MLCC_X7R,leakage_ua,0.12,SIM_X7R_10N_50V,FICTIONAL-MLCC-01,10,50,0805,X7R,45.5463849288,0.910927698575,49.2110231956,38.5723461452,TESTER_2,1,62,synthetic,True,mlcc-synthetic-1.0.0,24,0.0159880535602,122.964660789,24.1559440548,10.3992955635,0.470566286103,3.07798713648
MLCC_C007835,MLCC_B046,MLCC_X7R,leakage_ua,0.12,SIM_X7R_10N_50V,FICTIONAL-MLCC-01,10,50,0805,X7R,45.5463849288,0.910927698575,49.2110231956,30.8321654073,TESTER_2,6,40,synthetic,True,mlcc-synthetic-1.0.0,0,0.0161161126669,123.297571855,24.1559440548,9.93157903082,0.799405363933,3.05352935989
MLCC_C007835,MLCC_B046,MLCC_X7R,leakage_ua,0.12,SIM_X7R_10N_50V,FICTIONAL-MLCC-01,10,50,0805,X7R,45.5463849288,0.910927698575,49.2110231956,30.8321654073,TESTER_2,6,40,synthetic,True,mlcc-synthetic-1.0.0,24,0.0139625357917,122.96327256,24.1559440548,9.9051172419,0.824699918787,3.52450471244
MLCC_C007851,MLCC_B046,MLCC_X7R,leakage_ua,0.12,SIM_X7R_10N_50V,FICTIONAL-MLCC-01,10,50,0805,X7R,45.5463849288,0.910927698575,49.2110231956,48.9641304784,TESTER_2,8,15,synthetic,True,mlcc-synthetic-1.0.0,0,0.0174359605048,123.014091989,24.1559440548,9.72689328399,0.760570146455,2.82238670948
MLCC_C007851,MLCC_B046,MLCC_X7R,leakage_ua,0.12,SIM_X7R_10N_50V,FICTIONAL-MLCC-01,10,50,0805,X7R,45.5463849288,0.910927698575,49.2110231956,48.9641304784,TESTER_2,8,15,synthetic,True,mlcc-synthetic-1.0.0,24,0.0150900825379,123.02256222,24.1559440548,9.70495675238,0.713516579515,3.26115003493
MLCC_C007976,MLCC_B046,MLCC_X7R,leakage_ua,0.12,SIM_X7R_10N_50V,FICTIONAL-MLCC-01,10,50,0805,X7R,45.5463849288,0.910927698575,49.2110231956,28.8385242816,TESTER_2,2,146,synthetic,True,mlcc-synthetic-1.0.0,0,0.0113978703879,122.913981561,24.1559440548,10.3945584435,0.70662723403,4.3175629763
MLCC_C007976,MLCC_B046,MLCC_X7R,leakage_ua,0.12,SIM_X7R_10N_50V,FICTIONAL-MLCC-01,10,50,0805,X7R,45.5463849288,0.910927698575,49.2110231956,28.8385242816,TESTER_2,2,146,synthetic,True,mlcc-synthetic-1.0.0,24,0.0179523592563,122.924036691,24.1559440548,10.3760380057,0.686003615912,2.74120089137
MLCC_C007986,MLCC_B046,MLCC_X7R,leakage_ua,0.12,SIM_X7R_10N_50V,FICTIONAL-MLCC-01,10,50,0805,X7R,45.5463849288,0.910927698575,49.2110231956,40.3391485115,TESTER_2,4,69,synthetic,True,mlcc-synthetic-1.0.0,0,0.014086320108,123.15999296,24.1559440548,9.89729048663,0.689708771005,3.49353293254
MLCC_C007986,MLCC_B046,MLCC_X7R,leakage_ua,0.12,SIM_X7R_10N_50V,FICTIONAL-MLCC-01,10,50,0805,X7R,45.5463849288,0.910927698575,49.2110231956,40.3391485115,TESTER_2,4,69,synthetic,True,mlcc-synthetic-1.0.0,24,0.0150116586634,123.081725759,24.1559440548,9.90066456279,0.712867522493,3.27818692785
MLCC_C008091,MLCC_B046,MLCC_X7R,leakage_ua,0.12,SIM_X7R_10N_50V,FICTIONAL-MLCC-01,10,50,0805,X7R,45.5463849288,0.910927698575,49.2110231956,32.7785110772,TESTER_2,3,110,synthetic,True,mlcc-synthetic-1.0.0,0,0.0151095363611,123.122005128,24.1559440548,9.91029902687,0.863267966768,3.25695124056
MLCC_C008091,MLCC_B046,MLCC_X7R,leakage_ua,0.12,SIM_X7R_10N_50V,FICTIONAL-MLCC-01,10,50,0805,X7R,45.5463849288,0.910927698575,49.2110231956,32.7785110772,TESTER_2,3,110,synthetic,True,mlcc-synthetic-1.0.0,24,0.0125313149475,122.904170776,24.1559440548,9.87702454719,0.893973214208,3.9270438419
MLCC_C008111,MLCC_B046,MLCC_X7R,leakage_ua,0.12,SIM_X7R_10N_50V,FICTIONAL-MLCC-01,10,50,0805,X7R,45.5463849288,0.910927698575,49.2110231956,42.3953523729,TESTER_2,2,190,synthetic,True,mlcc-synthetic-1.0.0,0,0.025053372616,122.756145206,24.1559440548,9.49835191004,0.642749082697,1.96424744684
MLCC_C008111,MLCC_B046,MLCC_X7R,leakage_ua,0.12,SIM_X7R_10N_50V,FICTIONAL-MLCC-01,10,50,0805,X7R,45.5463849288,0.910927698575,49.2110231956,42.3953523729,TESTER_2,2,190,synthetic,True,mlcc-synthetic-1.0.0,24,0.0194472063932,123.322904654,24.1559440548,9.52770743751,0.578904008003,2.53049318244
MLCC_C008133,MLCC_B046,MLCC_X7R,leakage_ua,0.12,SIM_X7R_10N_50V,FICTIONAL-MLCC-01,10,50,0805,X7R,45.5463849288,0.910927698575,49.2110231956,35.4205749026,TESTER_2,7,151,synthetic,True,mlcc-synthetic-1.0.0,0,0.0179195302767,123.002703564,24.1559440548,10.065928066,0.442039021639,2.74622283261
MLCC_C008133,MLCC_B046,MLCC_X7R,leakage_ua,0.12,SIM_X7R_10N_50V,FICTIONAL-MLCC-01,10,50,0805,X7R,45.5463849288,0.910927698575,49.2110231956,35.4205749026,TESTER_2,7,151,synthetic,True,mlcc-synthetic-1.0.0,24,0.0145256497349,123.108111754,24.1559440548,10.1533489439,0.406324730769,3.38787070414
MLCC_C008150,MLCC_B046,MLCC_X7R,leakage_ua,0.12,SIM_X7R_10N_50V,FICTIONAL-MLCC-01,10,50,0805,X7R,45.5463849288,0.910927698575,49.2110231956,35.0933854375,TESTER_2,16,182,synthetic,True,mlcc-synthetic-1.0.0,0,0.0184475718513,123.107811793,24.1559440548,10.3086260752,0.68604768179,2.66761520662
MLCC_C008150,MLCC_B046,MLCC_X7R,leakage_ua,0.12,SIM_X7R_10N_50V,FICTIONAL-MLCC-01,10,50,0805,X7R,45.5463849288,0.910927698575,49.2110231956,35.0933854375,TESTER_2,16,182,synthetic,True,mlcc-synthetic-1.0.0,24,0.0124607712597,123.240154475,24.1559440548,10.2743073827,0.64561582376,3.94927586502
MLCC_C008211,MLCC_B046,MLCC_X7R,leakage_ua,0.12,SIM_X7R_10N_50V,FICTIONAL-MLCC-01,10,50,0805,X7R,45.5463849288,0.910927698575,49.2110231956,36.8392965542,TESTER_2,2,66,synthetic,True,mlcc-synthetic-1.0.0,0,0.0156136862247,123.046218495,24.1559440548,9.94747553249,0.844863272198,3.151787636
MLCC_C008211,MLCC_B046,MLCC_X7R,leakage_ua,0.12,SIM_X7R_10N_50V,FICTIONAL-MLCC-01,10,50,0805,X7R,45.5463849288,0.910927698575,49.2110231956,36.8392965542,TESTER_2,2,66,synthetic,True,mlcc-synthetic-1.0.0,24,0.0138472645377,123.097611565,24.1559440548,9.92377699458,0.841165483938,3.55384437567
MLCC_C008350,MLCC_B046,MLCC_X7R,leakage_ua,0.12,SIM_X7R_10N_50V,FICTIONAL-MLCC-01,10,50,0805,X7R,45.5463849288,0.910927698575,49.2110231956,42.2119292274,TESTER_2,16,75,synthetic,True,mlcc-synthetic-1.0.0,0,0.00844467008988,123.176210114,24.1559440548,10.708555828,0.982250012095,5.8274654512
MLCC_C008350,MLCC_B046,MLCC_X7R,leakage_ua,0.12,SIM_X7R_10N_50V,FICTIONAL-MLCC-01,10,50,0805,X7R,45.5463849288,0.910927698575,49.2110231956,42.2119292274,TESTER_2,16,75,synthetic,True,mlcc-synthetic-1.0.0,24,0.00877760169108,122.850326565,24.1559440548,10.6965949817,1.06530444388,5.60643156611
MLCC_C008545,MLCC_B046,MLCC_X7R,leakage_ua,0.12,SIM_X7R_10N_50V,FICTIONAL-MLCC-01,10,50,0805,X7R,45.5463849288,0.910927698575,49.2110231956,25.7483565382,TESTER_2,5,172,synthetic,True,mlcc-synthetic-1.0.0,0,0.138507399525,123.262060777,24.1559440548,10.1298836122,0.979995301741,0.355295264832
MLCC_C008545,MLCC_B046,MLCC_X7R,leakage_ua,0.12,SIM_X7R_10N_50V,FICTIONAL-MLCC-01,10,50,0805,X7R,45.5463849288,0.910927698575,49.2110231956,25.7483565382,TESTER_2,5,172,synthetic,True,mlcc-synthetic-1.0.0,24,0.139927695127,123.205674589,24.1559440548,10.1019981944,0.938469442932,0.351688943
MLCC_C008648,MLCC_B046,MLCC_X7R,leakage_ua,0.12,SIM_X7R_10N_50V,FICTIONAL-MLCC-01,10,50,0805,X7R,45.5463849288,0.910927698575,49.2110231956,38.0573506136,TESTER_2,13,193,synthetic,True,mlcc-synthetic-1.0.0,0,0.0133209531814,123.034293306,24.1559440548,9.81334076808,0.65349988751,3.69425689931
MLCC_C008648,MLCC_B046,MLCC_X7R,leakage_ua,0.12,SIM_X7R_10N_50V,FICTIONAL-MLCC-01,10,50,0805,X7R,45.5463849288,0.910927698575,49.2110231956,38.0573506136,TESTER_2,13,193,synthetic,True,mlcc-synthetic-1.0.0,24,0.013004912964,123.06720909,24.1559440548,9.76445834141,0.615607909936,3.78403325971
MLCC_C008692,MLCC_B046,MLCC_X7R,leakage_ua,0.12,SIM_X7R_10N_50V,FICTIONAL-MLCC-01,10,50,0805,X7R,45.5463849288,0.910927698575,49.2110231956,21.2377933094,TESTER_2,5,153,synthetic,True,mlcc-synthetic-1.0.0,0,0.142679264343,123.366666528,24.1559440548,10.094681379,0.553905095903,0.344906622713
MLCC_C008692,MLCC_B046,MLCC_X7R,leakage_ua,0.12,SIM_X7R_10N_50V,FICTIONAL-MLCC-01,10,50,0805,X7R,45.5463849288,0.910927698575,49.2110231956,21.2377933094,TESTER_2,5,153,synthetic,True,mlcc-synthetic-1.0.0,24,0.144232368986,123.044441436,24.1559440548,10.0671827287,0.538685957207,0.341192643104
MLCC_C008717,MLCC_B046,MLCC_X7R,leakage_ua,0.12,SIM_X7R_10N_50V,FICTIONAL-MLCC-01,10,50,0805,X7R,45.5463849288,0.910927698575,49.2110231956,43.3147117153,TESTER_2,8,3,synthetic,True,mlcc-synthetic-1.0.0,0,0.0128862486316,123.221197142,24.1559440548,9.57129978527,0.454754947952,3.81887891522
MLCC_C008717,MLCC_B046,MLCC_X7R,leakage_ua,0.12,SIM_X7R_10N_50V,FICTIONAL-MLCC-01,10,50,0805,X7R,45.5463849288,0.910927698575,49.2110231956,43.3147117153,TESTER_2,8,3,synthetic,True,mlcc-synthetic-1.0.0,24,0.0120914340654,122.821113955,24.1559440548,9.544503726,0.477442515615,4.06990791409
MLCC_C008790,MLCC_B046,MLCC_X7R,leakage_ua,0.12,SIM_X7R_10N_50V,FICTIONAL-MLCC-01,10,50,0805,X7R,45.5463849288,0.910927698575,49.2110231956,35.4939135607,TESTER_2,12,113,synthetic,True,mlcc-synthetic-1.0.0,0,0.00897220697624,123.060176647,24.1559440548,9.94664547267,0.713174953221,5.48482924278
MLCC_C008790,MLCC_B046,MLCC_X7R,leakage_ua,0.12,SIM_X7R_10N_50V,FICTIONAL-MLCC-01,10,50,0805,X7R,45.5463849288,0.910927698575,49.2110231956,35.4939135607,TESTER_2,12,113,synthetic,True,mlcc-synthetic-1.0.0,24,0.00816746192802,123.214270778,24.1559440548,9.91178240001,0.718724301379,6.02525284223
MLCC_C008805,MLCC_B046,MLCC_X7R,leakage_ua,0.12,SIM_X7R_10N_50V,FICTIONAL-MLCC-01,10,50,0805,X7R,45.5463849288,0.910927698575,49.2110231956,55.0038112276,TESTER_2,6,97,synthetic,True,mlcc-synthetic-1.0.0,0,0.0150578632804,123.262048571,24.1559440548,9.67733787782,0.495663851554,3.26812790627
MLCC_C008805,MLCC_B046,MLCC_X7R,leakage_ua,0.12,SIM_X7R_10N_50V,FICTIONAL-MLCC-01,10,50,0805,X7R,45.5463849288,0.910927698575,49.2110231956,55.0038112276,TESTER_2,6,97,synthetic,True,mlcc-synthetic-1.0.0,24,0.0138688577961,122.790631621,24.1559440548,9.64150028916,0.465942194728,3.54831118173
MLCC_C008822,MLCC_B046,MLCC_X7R,leakage_ua,0.12,SIM_X7R_10N_50V,FICTIONAL-MLCC-01,10,50,0805,X7R,45.5463849288,0.910927698575,49.2110231956,43.8203854461,TESTER_2,10,98,synthetic,True,mlcc-synthetic-1.0.0,0,0.0181755798137,122.936930054,24.1559440548,9.93651174722,0.911821335221,2.70753525884
MLCC_C008822,MLCC_B046,MLCC_X7R,leakage_ua,0.12,SIM_X7R_10N_50V,FICTIONAL-MLCC-01,10,50,0805,X7R,45.5463849288,0.910927698575,49.2110231956,43.8203854461,TESTER_2,10,98,synthetic,True,mlcc-synthetic-1.0.0,24,0.0172399347914,123.230183115,24.1559440548,9.88119825149,0.955722148738,2.85447849955
MLCC_C008824,MLCC_B046,MLCC_X7R,leakage_ua,0.12,SIM_X7R_10N_50V,FICTIONAL-MLCC-01,10,50,0805,X7R,45.5463849288,0.910927698575,49.2110231956,45.3854286402,TESTER_2,5,96,synthetic,True,mlcc-synthetic-1.0.0,0,0.138560871797,122.822658648,24.1559440548,10.2277174149,0.805457330881,0.355158152206
MLCC_C008824,MLCC_B046,MLCC_X7R,leakage_ua,0.12,SIM_X7R_10N_50V,FICTIONAL-MLCC-01,10,50,0805,X7R,45.5463849288,0.910927698575,49.2110231956,45.3854286402,TESTER_2,5,96,synthetic,True,mlcc-synthetic-1.0.0,24,0.139617498287,123.073704327,24.1559440548,10.1698897969,0.807743550568,0.352470312099
MLCC_C008889,MLCC_B046,MLCC_X7R,leakage_ua,0.12,SIM_X7R_10N_50V,FICTIONAL-MLCC-01,10,50,0805,X7R,45.5463849288,0.910927698575,49.2110231956,20.4616945194,TESTER_2,12,77,synthetic,True,mlcc-synthetic-1.0.0,0,0.0095420945431,123.169180614,24.1559440548,9.92442528468,0.51256604739,5.15725588059
MLCC_C008889,MLCC_B046,MLCC_X7R,leakage_ua,0.12,SIM_X7R_10N_50V,FICTIONAL-MLCC-01,10,50,0805,X7R,45.5463849288,0.910927698575,49.2110231956,20.4616945194,TESTER_2,12,77,synthetic,True,mlcc-synthetic-1.0.0,24,0.0091644599261,123.020035303,24.1559440548,9.8745041326,0.491856996725,5.36976795058
MLCC_C009036,MLCC_B046,MLCC_X7R,leakage_ua,0.12,SIM_X7R_10N_50V,FICTIONAL-MLCC-01,10,50,0805,X7R,45.5463849288,0.910927698575,49.2110231956,33.1310291125,TESTER_2,9,46,synthetic,True,mlcc-synthetic-1.0.0,0,0.0191395371495,123.11438768,24.1559440548,9.20953902356,0.777887555722,2.5711710169
MLCC_C009036,MLCC_B046,MLCC_X7R,leakage_ua,0.12,SIM_X7R_10N_50V,FICTIONAL-MLCC-01,10,50,0805,X7R,45.5463849288,0.910927698575,49.2110231956,33.1310291125,TESTER_2,9,46,synthetic,True,mlcc-synthetic-1.0.0,24,0.0196454189656,123.198577699,24.1559440548,9.16933166341,0.84373728481,2.50496175631
MLCC_C009090,MLCC_B046,MLCC_X7R,leakage_ua,0.12,SIM_X7R_10N_50V,FICTIONAL-MLCC-01,10,50,0805,X7R,45.5463849288,0.910927698575,49.2110231956,36.9529656218,TESTER_2,11,73,synthetic,True,mlcc-synthetic-1.0.0,0,0.0162338030419,123.123564716,24.1559440548,10.4101717859,0.549898419312,3.03139215553
MLCC_C009090,MLCC_B046,MLCC_X7R,leakage_ua,0.12,SIM_X7R_10N_50V,FICTIONAL-MLCC-01,10,50,0805,X7R,45.5463849288,0.910927698575,49.2110231956,36.9529656218,TESTER_2,11,73,synthetic,True,mlcc-synthetic-1.0.0,24,0.01303543957,123.206823412,24.1559440548,10.4105815704,0.547984157408,3.77517174863
MLCC_C009155,MLCC_B046,MLCC_X7R,leakage_ua,0.12,SIM_X7R_10N_50V,FICTIONAL-MLCC-01,10,50,0805,X7R,45.5463849288,0.910927698575,49.2110231956,39.5568001553,TESTER_2,13,148,synthetic,True,mlcc-synthetic-1.0.0,0,0.0148065050768,122.985516307,24.1559440548,9.77855915403,0.54913754502,3.32360830192
MLCC_C009155,MLCC_B046,MLCC_X7R,leakage_ua,0.12,SIM_X7R_10N_50V,FICTIONAL-MLCC-01,10,50,0805,X7R,45.5463849288,0.910927698575,49.2110231956,39.5568001553,TESTER_2,13,148,synthetic,True,mlcc-synthetic-1.0.0,24,0.0110423422604,123.061503501,24.1559440548,9.70737133139,0.630637703625,4.45657470447
MLCC_C009168,MLCC_B046,MLCC_X7R,leakage_ua,0.12,SIM_X7R_10N_50V,FICTIONAL-MLCC-01,10,50,0805,X7R,45.5463849288,0.910927698575,49.2110231956,41.8600138085,TESTER_2,15,79,synthetic,True,mlcc-synthetic-1.0.0,0,0.0370649778033,123.17894651,24.1559440548,10.0315340477,0.887699628505,1.3276960115
MLCC_C009168,MLCC_B046,MLCC_X7R,leakage_ua,0.12,SIM_X7R_10N_50V,FICTIONAL-MLCC-01,10,50,0805,X7R,45.5463849288,0.910927698575,49.2110231956,41.8600138085,TESTER_2,15,79,synthetic,True,mlcc-synthetic-1.0.0,24,0.0294230619966,123.102457987,24.1559440548,9.98542294225,0.83002210893,1.67253235579
MLCC_C009205,MLCC_B046,MLCC_X7R,leakage_ua,0.12,SIM_X7R_10N_50V,FICTIONAL-MLCC-01,10,50,0805,X7R,45.5463849288,0.910927698575,49.2110231956,38.0002060194,TESTER_2,7,194,synthetic,True,mlcc-synthetic-1.0.0,0,0.020237375209,122.95666868,24.1559440548,10.7517662944,0.798264059726,2.43169001352
MLCC_C009205,MLCC_B046,MLCC_X7R,leakage_ua,0.12,SIM_X7R_10N_50V,FICTIONAL-MLCC-01,10,50,0805,X7R,45.5463849288,0.910927698575,49.2110231956,38.0002060194,TESTER_2,7,194,synthetic,True,mlcc-synthetic-1.0.0,24,0.0187553446146,123.075134471,24.1559440548,10.6555971755,0.804919929518,2.62383998838
MLCC_C009239,MLCC_B046,MLCC_X7R,leakage_ua,0.12,SIM_X7R_10N_50V,FICTIONAL-MLCC-01,10,50,0805,X7R,45.5463849288,0.910927698575,49.2110231956,33.1914103102,TESTER_2,5,81,synthetic,True,mlcc-synthetic-1.0.0,0,0.144411787211,123.173265239,24.1559440548,10.2773506628,0.860820194539,0.340768742953
MLCC_C009239,MLCC_B046,MLCC_X7R,leakage_ua,0.12,SIM_X7R_10N_50V,FICTIONAL-MLCC-01,10,50,0805,X7R,45.5463849288,0.910927698575,49.2110231956,33.1914103102,TESTER_2,5,81,synthetic,True,mlcc-synthetic-1.0.0,24,0.144238271972,122.882719335,24.1559440548,10.1968569624,0.808681920877,0.341178679714
MLCC_C009280,MLCC_B046,MLCC_X7R,leakage_ua,0.12,SIM_X7R_10N_50V,FICTIONAL-MLCC-01,10,50,0805,X7R,45.5463849288,0.910927698575,49.2110231956,32.9179153554,TESTER_2,16,18,synthetic,True,mlcc-synthetic-1.0.0,0,0.0118934303256,122.985262965,24.1559440548,10.0637855929,1.07061123094,4.13766439524
MLCC_C009280,MLCC_B046,MLCC_X7R,leakage_ua,0.12,SIM_X7R_10N_50V,FICTIONAL-MLCC-01,10,50,0805,X7R,45.5463849288,0.910927698575,49.2110231956,32.9179153554,TESTER_2,16,18,synthetic,True,mlcc-synthetic-1.0.0,24,0.0116491631308,123.153314506,24.1559440548,9.99795016313,1.09601671041,4.22442562122
MLCC_C009423,MLCC_B046,MLCC_X7R,leakage_ua,0.12,SIM_X7R_10N_50V,FICTIONAL-MLCC-01,10,50,0805,X7R,45.5463849288,0.910927698575,49.2110231956,37.1827717665,TESTER_2,1,159,synthetic,True,mlcc-synthetic-1.0.0,0,0.0127127123846,122.999507327,24.1559440548,9.85259921542,0.575575415275,3.87100893239
MLCC_C009423,MLCC_B046,MLCC_X7R,leakage_ua,0.12,SIM_X7R_10N_50V,FICTIONAL-MLCC-01,10,50,0805,X7R,45.5463849288,0.910927698575,49.2110231956,37.1827717665,TESTER_2,1,159,synthetic,True,mlcc-synthetic-1.0.0,24,0.0111298022822,123.213059512,24.1559440548,9.78162961969,0.616217995731,4.4215541254
MLCC_C009485,MLCC_B046,MLCC_X7R,leakage_ua,0.12,SIM_X7R_10N_50V,FICTIONAL-MLCC-01,10,50,0805,X7R,45.5463849288,0.910927698575,49.2110231956,33.8777999679,TESTER_2,6,156,synthetic,True,mlcc-synthetic-1.0.0,0,0.0234065363507,123.142241369,24.1559440548,9.4180778901,0.879033863689,2.10244789995
MLCC_C009485,MLCC_B046,MLCC_X7R,leakage_ua,0.12,SIM_X7R_10N_50V,FICTIONAL-MLCC-01,10,50,0805,X7R,45.5463849288,0.910927698575,49.2110231956,33.8777999679,TESTER_2,6,156,synthetic,True,mlcc-synthetic-1.0.0,24,0.0242485231921,123.106086786,24.1559440548,9.4032802014,0.824940179438,2.02944413587
MLCC_C009489,MLCC_B046,MLCC_X7R,leakage_ua,0.12,SIM_X7R_10N_50V,FICTIONAL-MLCC-01,10,50,0805,X7R,45.5463849288,0.910927698575,49.2110231956,32.1459911279,TESTER_2,7,155,synthetic,True,mlcc-synthetic-1.0.0,0,0.016395266681,123.218159055,24.1559440548,9.40671578297,0.648980169938,3.00153844112
MLCC_C009489,MLCC_B046,MLCC_X7R,leakage_ua,0.12,SIM_X7R_10N_50V,FICTIONAL-MLCC-01,10,50,0805,X7R,45.5463849288,0.910927698575,49.2110231956,32.1459911279,TESTER_2,7,155,synthetic,True,mlcc-synthetic-1.0.0,24,0.0143850697719,123.046382764,24.1559440548,9.39051776354,0.625729451346,3.4209791107
MLCC_C009530,MLCC_B046,MLCC_X7R,leakage_ua,0.12,SIM_X7R_10N_50V,FICTIONAL-MLCC-01,10,50,0805,X7R,45.5463849288,0.910927698575,49.2110231956,38.7922825122,TESTER_2,15,116,synthetic,True,mlcc-synthetic-1.0.0,0,0.0214227732592,122.872894828,24.1559440548,10.0808350046,0.846947318866,2.29713597769
MLCC_C009530,MLCC_B046,MLCC_X7R,leakage_ua,0.12,SIM_X7R_10N_50V,FICTIONAL-MLCC-01,10,50,0805,X7R,45.5463849288,0.910927698575,49.2110231956,38.7922825122,TESTER_2,15,116,synthetic,True,mlcc-synthetic-1.0.0,24,0.0191319211471,123.175991927,24.1559440548,10.006464064,0.725098790895,2.57219454425
MLCC_C009605,MLCC_B046,MLCC_X7R,leakage_ua,0.12,SIM_X7R_10N_50V,FICTIONAL-MLCC-01,10,50,0805,X7R,45.5463849288,0.910927698575,49.2110231956,30.1656334674,TESTER_2,11,106,synthetic,True,mlcc-synthetic-1.0.0,0,0.0173317694579,123.018283642,24.1559440548,10.4161223007,0.709857153845,2.83935366871
MLCC_C009605,MLCC_B046,MLCC_X7R,leakage_ua,0.12,SIM_X7R_10N_50V,FICTIONAL-MLCC-01,10,50,0805,X7R,45.5463849288,0.910927698575,49.2110231956,30.1656334674,TESTER_2,11,106,synthetic,True,mlcc-synthetic-1.0.0,24,0.0154609914395,123.298861128,24.1559440548,10.3129186041,0.71635302707,3.18291510529
MLCC_C009610,MLCC_B046,MLCC_X7R,leakage_ua,0.12,SIM_X7R_10N_50V,FICTIONAL-MLCC-01,10,50,0805,X7R,45.5463849288,0.910927698575,49.2110231956,23.3414318733,TESTER_2,1,175,synthetic,True,mlcc-synthetic-1.0.0,0,0.0229784794936,123.180495188,24.1559440548,9.70061005129,0.695472533694,2.14161355668
MLCC_C009610,MLCC_B046,MLCC_X7R,leakage_ua,0.12,SIM_X7R_10N_50V,FICTIONAL-MLCC-01,10,50,0805,X7R,45.5463849288,0.910927698575,49.2110231956,23.3414318733,TESTER_2,1,175,synthetic,True,mlcc-synthetic-1.0.0,24,0.0206080940669,123.049600865,24.1559440548,9.53700092496,0.683399253958,2.38794635913
MLCC_C009621,MLCC_B046,MLCC_X7R,leakage_ua,0.12,SIM_X7R_10N_50V,FICTIONAL-MLCC-01,10,50,0805,X7R,45.5463849288,0.910927698575,49.2110231956,35.0832617155,TESTER_2,7,165,synthetic,True,mlcc-synthetic-1.0.0,0,0.0186362245094,123.065943103,24.1559440548,10.2622794415,0.939677138149,2.64061120163
MLCC_C009621,MLCC_B046,MLCC_X7R,leakage_ua,0.12,SIM_X7R_10N_50V,FICTIONAL-MLCC-01,10,50,0805,X7R,45.5463849288,0.910927698575,49.2110231956,35.0832617155,TESTER_2,7,165,synthetic,True,mlcc-synthetic-1.0.0,24,0.0182620327719,123.077853157,24.1559440548,10.2703980315,0.939824867463,2.69471771353
MLCC_C009727,MLCC_B046,MLCC_X7R,leakage_ua,0.12,SIM_X7R_10N_50V,FICTIONAL-MLCC-01,10,50,0805,X7R,45.5463849288,0.910927698575,49.2110231956,25.8469099965,TESTER_2,6,6,synthetic,True,mlcc-synthetic-1.0.0,0,0.0192725567166,122.962151815,24.1559440548,9.67769275366,0.661058329392,2.55342474376
MLCC_C009727,MLCC_B046,MLCC_X7R,leakage_ua,0.12,SIM_X7R_10N_50V,FICTIONAL-MLCC-01,10,50,0805,X7R,45.5463849288,0.910927698575,49.2110231956,25.8469099965,TESTER_2,6,6,synthetic,True,mlcc-synthetic-1.0.0,24,0.0163932018546,123.041459502,24.1559440548,9.55599160115,0.678222562956,3.00191650368
MLCC_C009747,MLCC_B046,MLCC_X7R,leakage_ua,0.12,SIM_X7R_10N_50V,FICTIONAL-MLCC-01,10,50,0805,X7R,45.5463849288,0.910927698575,49.2110231956,37.6970849079,TESTER_2,15,63,synthetic,True,mlcc-synthetic-1.0.0,0,0.0183624363953,123.033405214,24.1559440548,10.3160654888,0.57904021583,2.67998331682
MLCC_C009747,MLCC_B046,MLCC_X7R,leakage_ua,0.12,SIM_X7R_10N_50V,FICTIONAL-MLCC-01,10,50,0805,X7R,45.5463849288,0.910927698575,49.2110231956,37.6970849079,TESTER_2,15,63,synthetic,True,mlcc-synthetic-1.0.0,24,0.0164930913961,123.108323499,24.1559440548,10.1324779974,0.570968697,2.98373555411
MLCC_C009792,MLCC_B046,MLCC_X7R,leakage_ua,0.12,SIM_X7R_10N_50V,FICTIONAL-MLCC-01,10,50,0805,X7R,45.5463849288,0.910927698575,49.2110231956,34.208451607,TESTER_2,3,158,synthetic,True,mlcc-synthetic-1.0.0,0,0.0213877589755,123.127921491,24.1559440548,9.63964151895,0.612995799265,2.30089666018
MLCC_C009792,MLCC_B046,MLCC_X7R,leakage_ua,0.12,SIM_X7R_10N_50V,FICTIONAL-MLCC-01,10,50,0805,X7R,45.5463849288,0.910927698575,49.2110231956,34.208451607,TESTER_2,3,158,synthetic,True,mlcc-synthetic-1.0.0,24,0.017719897521,122.911547202,24.1559440548,9.62283576682,0.64361573017,2.77716183952
MLCC_C010044,MLCC_B046,MLCC_X7R,leakage_ua,0.12,SIM_X7R_10N_50V,FICTIONAL-MLCC-01,10,50,0805,X7R,45.5463849288,0.910927698575,49.2110231956,39.0823099695,TESTER_2,5,87,synthetic,True,mlcc-synthetic-1.0.0,0,0.136479872236,123.103921713,24.1559440548,10.0079214525,0.833363890969,0.360573485229
MLCC_C010044,MLCC_B046,MLCC_X7R,leakage_ua,0.12,SIM_X7R_10N_50V,FICTIONAL-MLCC-01,10,50,0805,X7R,45.5463849288,0.910927698575,49.2110231956,39.0823099695,TESTER_2,5,87,synthetic,True,mlcc-synthetic-1.0.0,24,0.136869553447,122.95728693,24.1559440548,9.8893764828,0.80936776158,0.359546896706
MLCC_C010201,MLCC_B046,MLCC_X7R,leakage_ua,0.12,SIM_X7R_10N_50V,FICTIONAL-MLCC-01,10,50,0805,X7R,45.5463849288,0.910927698575,49.2110231956,38.1833065609,TESTER_2,6,55,synthetic,True,mlcc-synthetic-1.0.0,0,0.00928210197713,122.959290105,24.1559440548,10.0062118023,0.658656485535,5.30171111208
MLCC_C010201,MLCC_B046,MLCC_X7R,leakage_ua,0.12,SIM_X7R_10N_50V,FICTIONAL-MLCC-01,10,50,0805,X7R,45.5463849288,0.910927698575,49.2110231956,38.1833065609,TESTER_2,6,55,synthetic,True,mlcc-synthetic-1.0.0,24,0.00960450985373,122.954777243,24.1559440548,9.97075271592,0.605927188458,5.12374123667
MLCC_C010305,MLCC_B046,MLCC_X7R,leakage_ua,0.12,SIM_X7R_10N_50V,FICTIONAL-MLCC-01,10,50,0805,X7R,45.5463849288,0.910927698575,49.2110231956,40.1552976251,TESTER_2,4,167,synthetic,True,mlcc-synthetic-1.0.0,0,0.0121573270835,122.996827811,24.1559440548,9.6129199111,0.457083904781,4.047848911
MLCC_C010305,MLCC_B046,MLCC_X7R,leakage_ua,0.12,SIM_X7R_10N_50V,FICTIONAL-MLCC-01,10,50,0805,X7R,45.5463849288,0.910927698575,49.2110231956,40.1552976251,TESTER_2,4,167,synthetic,True,mlcc-synthetic-1.0.0,24,0.00951110454188,123.055604243,24.1559440548,9.56755068731,0.433265910132,5.17405975078
MLCC_C010406,MLCC_B046,MLCC_X7R,leakage_ua,0.12,SIM_X7R_10N_50V,FICTIONAL-MLCC-01,10,50,0805,X7R,45.5463849288,0.910927698575,49.2110231956,36.3110031863,TESTER_2,14,196,synthetic,True,mlcc-synthetic-1.0.0,0,0.0147309737584,123.01775785,24.1559440548,9.86431315732,0.685756309372,3.34064970874
MLCC_C010406,MLCC_B046,MLCC_X7R,leakage_ua,0.12,SIM_X7R_10N_50V,FICTIONAL-MLCC-01,10,50,0805,X7R,45.5463849288,0.910927698575,49.2110231956,36.3110031863,TESTER_2,14,196,synthetic,True,mlcc-synthetic-1.0.0,24,0.0147461295744,123.027198939,24.1559440548,9.8028329879,0.652110939501,3.33721624696
MLCC_C010417,MLCC_B046,MLCC_X7R,leakage_ua,0.12,SIM_X7R_10N_50V,FICTIONAL-MLCC-01,10,50,0805,X7R,45.5463849288,0.910927698575,49.2110231956,34.3627126294,TESTER_2,4,61,synthetic,True,mlcc-synthetic-1.0.0,0,0.023137931579,122.916418316,24.1559440548,9.95257900776,0.646353994604,2.12685490177
MLCC_C010417,MLCC_B046,MLCC_X7R,leakage_ua,0.12,SIM_X7R_10N_50V,FICTIONAL-MLCC-01,10,50,0805,X7R,45.5463849288,0.910927698575,49.2110231956,34.3627126294,TESTER_2,4,61,synthetic,True,mlcc-synthetic-1.0.0,24,0.0213005150573,123.24958659,24.1559440548,9.90131768438,0.625022490761,2.31032080977
MLCC_C010477,MLCC_B046,MLCC_X7R,leakage_ua,0.12,SIM_X7R_10N_50V,FICTIONAL-MLCC-01,10,50,0805,X7R,45.5463849288,0.910927698575,49.2110231956,42.2187994731,TESTER_2,8,129,synthetic,True,mlcc-synthetic-1.0.0,0,0.0261685346619,123.317772722,24.1559440548,9.35362837788,0.664610316225,1.88054179691
MLCC_C010477,MLCC_B046,MLCC_X7R,leakage_ua,0.12,SIM_X7R_10N_50V,FICTIONAL-MLCC-01,10,50,0805,X7R,45.5463849288,0.910927698575,49.2110231956,42.2187994731,TESTER_2,8,129,synthetic,True,mlcc-synthetic-1.0.0,24,0.103484647502,123.277517613,24.1559440548,9.27450318464,0.740417608845,0.475539361477
MLCC_C010607,MLCC_B046,MLCC_X7R,leakage_ua,0.12,SIM_X7R_10N_50V,FICTIONAL-MLCC-01,10,50,0805,X7R,45.5463849288,0.910927698575,49.2110231956,37.1269444094,TESTER_2,13,189,synthetic,True,mlcc-synthetic-1.0.0,0,0.0171538935476,123.066419154,24.1559440548,9.88676776201,0.638009788708,2.86879611671
MLCC_C010607,MLCC_B046,MLCC_X7R,leakage_ua,0.12,SIM_X7R_10N_50V,FICTIONAL-MLCC-01,10,50,0805,X7R,45.5463849288,0.910927698575,49.2110231956,37.1269444094,TESTER_2,13,189,synthetic,True,mlcc-synthetic-1.0.0,24,0.0153817248937,122.832095018,24.1559440548,9.81797199245,0.582802292288,3.19931760162
MLCC_C010626,MLCC_B046,MLCC_X7R,leakage_ua,0.12,SIM_X7R_10N_50V,FICTIONAL-MLCC-01,10,50,0805,X7R,45.5463849288,0.910927698575,49.2110231956,37.4549900684,TESTER_2,7,35,synthetic,True,mlcc-synthetic-1.0.0,0,0.0163338577761,123.361609622,24.1559440548,9.78942217601,0.737629913212,3.01282304952
MLCC_C010626,MLCC_B046,MLCC_X7R,leakage_ua,0.12,SIM_X7R_10N_50V,FICTIONAL-MLCC-01,10,50,0805,X7R,45.5463849288,0.910927698575,49.2110231956,37.4549900684,TESTER_2,7,35,synthetic,True,mlcc-synthetic-1.0.0,24,0.0211276364619,123.224788939,24.1559440548,9.77160613263,0.714001316391,2.32922519679
MLCC_C010721,MLCC_B046,MLCC_X7R,leakage_ua,0.12,SIM_X7R_10N_50V,FICTIONAL-MLCC-01,10,50,0805,X7R,45.5463849288,0.910927698575,49.2110231956,32.8962406298,TESTER_2,12,72,synthetic,True,mlcc-synthetic-1.0.0,0,0.0126671268773,123.026293404,24.1559440548,10.2903488871,0.600349425901,3.88493962936
MLCC_C010721,MLCC_B046,MLCC_X7R,leakage_ua,0.12,SIM_X7R_10N_50V,FICTIONAL-MLCC-01,10,50,0805,X7R,45.5463849288,0.910927698575,49.2110231956,32.8962406298,TESTER_2,12,72,synthetic,True,mlcc-synthetic-1.0.0,24,0.0108598136004,123.122179745,24.1559440548,10.2370269176,0.594683329828,4.53147954527
MLCC_C010751,MLCC_B046,MLCC_X7R,leakage_ua,0.12,SIM_X7R_10N_50V,FICTIONAL-MLCC-01,10,50,0805,X7R,45.5463849288,0.910927698575,49.2110231956,45.5583775753,TESTER_2,6,36,synthetic,True,mlcc-synthetic-1.0.0,0,0.0188772040146,122.894662128,24.1559440548,9.592345927,0.668966955739,2.60690212161
MLCC_C010751,MLCC_B046,MLCC_X7R,leakage_ua,0.12,SIM_X7R_10N_50V,FICTIONAL-MLCC-01,10,50,0805,X7R,45.5463849288,0.910927698575,49.2110231956,45.5583775753,TESTER_2,6,36,synthetic,True,mlcc-synthetic-1.0.0,24,0.0194849356644,123.01600584,24.1559440548,9.61514170416,0.62113743653,2.52559331184
MLCC_C010769,MLCC_B046,MLCC_X7R,leakage_ua,0.12,SIM_X7R_10N_50V,FICTIONAL-MLCC-01,10,50,0805,X7R,45.5463849288,0.910927698575,49.2110231956,31.19212503,TESTER_2,10,31,synthetic,True,mlcc-synthetic-1.0.0,0,0.0161266755588,122.714363616,24.1559440548,10.0044412592,0.572317515536,3.05152931342
MLCC_C010769,MLCC_B046,MLCC_X7R,leakage_ua,0.12,SIM_X7R_10N_50V,FICTIONAL-MLCC-01,10,50,0805,X7R,45.5463849288,0.910927698575,49.2110231956,31.19212503,TESTER_2,10,31,synthetic,True,mlcc-synthetic-1.0.0,24,0.0140656954534,123.287879774,24.1559440548,9.92659178949,0.528382415278,3.49865553101
MLCC_C010992,MLCC_B046,MLCC_X7R,leakage_ua,0.12,SIM_X7R_10N_50V,FICTIONAL-MLCC-01,10,50,0805,X7R,45.5463849288,0.910927698575,49.2110231956,13.3544164303,TESTER_2,11,178,synthetic,True,mlcc-synthetic-1.0.0,0,0.0153105373851,123.236142401,24.1559440548,9.77513244302,0.512246548569,3.21419307225
MLCC_C010992,MLCC_B046,MLCC_X7R,leakage_ua,0.12,SIM_X7R_10N_50V,FICTIONAL-MLCC-01,10,50,0805,X7R,45.5463849288,0.910927698575,49.2110231956,13.3544164303,TESTER_2,11,178,synthetic,True,mlcc-synthetic-1.0.0,24,0.0143871199275,123.156154278,24.1559440548,9.74205636572,0.533188764756,3.42049162332
MLCC_C011001,MLCC_B046,MLCC_X7R,leakage_ua,0.12,SIM_X7R_10N_50V,FICTIONAL-MLCC-01,10,50,0805,X7R,45.5463849288,0.910927698575,49.2110231956,39.2224606252,TESTER_2,4,130,synthetic,True,mlcc-synthetic-1.0.0,0,0.0155810253729,122.897436789,24.1559440548,10.6100687831,0.481887811647,3.15839439433
MLCC_C011001,MLCC_B046,MLCC_X7R,leakage_ua,0.12,SIM_X7R_10N_50V,FICTIONAL-MLCC-01,10,50,0805,X7R,45.5463849288,0.910927698575,49.2110231956,39.2224606252,TESTER_2,4,130,synthetic,True,mlcc-synthetic-1.0.0,24,0.013983527623,123.339261563,24.1559440548,10.5309129256,0.431127725702,3.51921378655
MLCC_C011032,MLCC_B046,MLCC_X7R,leakage_ua,0.12,SIM_X7R_10N_50V,FICTIONAL-MLCC-01,10,50,0805,X7R,45.5463849288,0.910927698575,49.2110231956,28.0621229924,TESTER_2,2,30,synthetic,True,mlcc-synthetic-1.0.0,0,0.0122741472371,122.935794261,24.1559440548,9.94326591732,0.729532347438,4.00932319329
MLCC_C011032,MLCC_B046,MLCC_X7R,leakage_ua,0.12,SIM_X7R_10N_50V,FICTIONAL-MLCC-01,10,50,0805,X7R,45.5463849288,0.910927698575,49.2110231956,28.0621229924,TESTER_2,2,30,synthetic,True,mlcc-synthetic-1.0.0,24,0.0119399555605,123.233738959,24.1559440548,9.87736421023,0.742062184316,4.12154157076
MLCC_C011137,MLCC_B046,MLCC_X7R,leakage_ua,0.12,SIM_X7R_10N_50V,FICTIONAL-MLCC-01,10,50,0805,X7R,45.5463849288,0.910927698575,49.2110231956,30.9247213276,TESTER_2,10,25,synthetic,True,mlcc-synthetic-1.0.0,0,0.0187502845052,123.059888748,24.1559440548,10.0479264001,0.798118709707,2.6245480799
MLCC_C011137,MLCC_B046,MLCC_X7R,leakage_ua,0.12,SIM_X7R_10N_50V,FICTIONAL-MLCC-01,10,50,0805,X7R,45.5463849288,0.910927698575,49.2110231956,30.9247213276,TESTER_2,10,25,synthetic,True,mlcc-synthetic-1.0.0,24,0.0195227276093,122.992247414,24.1559440548,10.016961733,0.832641297073,2.52070428786
MLCC_C011189,MLCC_B046,MLCC_X7R,leakage_ua,0.12,SIM_X7R_10N_50V,FICTIONAL-MLCC-01,10,50,0805,X7R,45.5463849288,0.910927698575,49.2110231956,38.2144247968,TESTER_2,6,34,synthetic,True,mlcc-synthetic-1.0.0,0,0.0123705566326,122.685666802,24.1559440548,10.2747498548,0.537703133588,3.97807670722
MLCC_C011189,MLCC_B046,MLCC_X7R,leakage_ua,0.12,SIM_X7R_10N_50V,FICTIONAL-MLCC-01,10,50,0805,X7R,45.5463849288,0.910927698575,49.2110231956,38.2144247968,TESTER_2,6,34,synthetic,True,mlcc-synthetic-1.0.0,24,0.0124435451695,122.894637322,24.1559440548,10.2109563432,0.520765997855,3.95474300332
MLCC_C011273,MLCC_B046,MLCC_X7R,leakage_ua,0.12,SIM_X7R_10N_50V,FICTIONAL-MLCC-01,10,50,0805,X7R,45.5463849288,0.910927698575,49.2110231956,43.6800783443,TESTER_2,7,197,synthetic,True,mlcc-synthetic-1.0.0,0,0.0176747527216,122.821251319,24.1559440548,9.98434791773,0.421334773943,2.7842552578
MLCC_C011273,MLCC_B046,MLCC_X7R,leakage_ua,0.12,SIM_X7R_10N_50V,FICTIONAL-MLCC-01,10,50,0805,X7R,45.5463849288,0.910927698575,49.2110231956,43.6800783443,TESTER_2,7,197,synthetic,True,mlcc-synthetic-1.0.0,24,0.0152712581135,122.839329122,24.1559440548,10.0230034253,0.368321210911,3.22246031269
MLCC_C011284,MLCC_B046,MLCC_X7R,leakage_ua,0.12,SIM_X7R_10N_50V,FICTIONAL-MLCC-01,10,50,0805,X7R,45.5463849288,0.910927698575,49.2110231956,44.1840523904,TESTER_2,14,173,synthetic,True,mlcc-synthetic-1.0.0,0,0.0279156819224,123.145885153,24.1559440548,9.6027737442,0.665713552133,1.76284510378
MLCC_C011284,MLCC_B046,MLCC_X7R,leakage_ua,0.12,SIM_X7R_10N_50V,FICTIONAL-MLCC-01,10,50,0805,X7R,45.5463849288,0.910927698575,49.2110231956,44.1840523904,TESTER_2,14,173,synthetic,True,mlcc-synthetic-1.0.0,24,0.0256673520323,122.861852952,24.1559440548,9.59935131196,0.648584873787,1.91726139625
MLCC_C011314,MLCC_B046,MLCC_X7R,leakage_ua,0.12,SIM_X7R_10N_50V,FICTIONAL-MLCC-01,10,50,0805,X7R,45.5463849288,0.910927698575,49.2110231956,54.6494788455,TESTER_2,14,99,synthetic,True,mlcc-synthetic-1.0.0,0,0.0142171299154,123.234429361,24.1559440548,9.92368556642,0.887205919203,3.4613894287
MLCC_C011314,MLCC_B046,MLCC_X7R,leakage_ua,0.12,SIM_X7R_10N_50V,FICTIONAL-MLCC-01,10,50,0805,X7R,45.5463849288,0.910927698575,49.2110231956,54.6494788455,TESTER_2,14,99,synthetic,True,mlcc-synthetic-1.0.0,24,0.0127724358438,123.144280796,24.1559440548,9.83460144278,0.908207970724,3.85290823126
MLCC_C011377,MLCC_B046,MLCC_X7R,leakage_ua,0.12,SIM_X7R_10N_50V,FICTIONAL-MLCC-01,10,50,0805,X7R,45.5463849288,0.910927698575,49.2110231956,44.6368911661,TESTER_2,11,161,synthetic,True,mlcc-synthetic-1.0.0,0,0.0180598086572,122.931182511,24.1559440548,9.92815833241,0.78176442037,2.7248917267
MLCC_C011377,MLCC_B046,MLCC_X7R,leakage_ua,0.12,SIM_X7R_10N_50V,FICTIONAL-MLCC-01,10,50,0805,X7R,45.5463849288,0.910927698575,49.2110231956,44.6368911661,TESTER_2,11,161,synthetic,True,mlcc-synthetic-1.0.0,24,0.0148074938507,122.992683357,24.1559440548,9.95848899218,0.708221362837,3.32338636718
MLCC_C011469,MLCC_B046,MLCC_X7R,leakage_ua,0.12,SIM_X7R_10N_50V,FICTIONAL-MLCC-01,10,50,0805,X7R,45.5463849288,0.910927698575,49.2110231956,32.1412327828,TESTER_2,14,108,synthetic,True,mlcc-synthetic-1.0.0,0,0.0274174105962,123.084110269,24.1559440548,9.89737420828,0.80888434683,1.79488223452
MLCC_C011469,MLCC_B046,MLCC_X7R,leakage_ua,0.12,SIM_X7R_10N_50V,FICTIONAL-MLCC-01,10,50,0805,X7R,45.5463849288,0.910927698575,49.2110231956,32.1412327828,TESTER_2,14,108,synthetic,True,mlcc-synthetic-1.0.0,24,0.0442697852812,123.132145596,24.1559440548,9.85413179978,0.766505735653,1.11161648702
MLCC_C011666,MLCC_B046,MLCC_X7R,leakage_ua,0.12,SIM_X7R_10N_50V,FICTIONAL-MLCC-01,10,50,0805,X7R,45.5463849288,0.910927698575,49.2110231956,15.2422361468,TESTER_2,12,171,synthetic,True,mlcc-synthetic-1.0.0,0,0.0201457686243,123.001052984,24.1559440548,9.96561412181,0.373859730512,2.44274736364
MLCC_C011666,MLCC_B046,MLCC_X7R,leakage_ua,0.12,SIM_X7R_10N_50V,FICTIONAL-MLCC-01,10,50,0805,X7R,45.5463849288,0.910927698575,49.2110231956,15.2422361468,TESTER_2,12,171,synthetic,True,mlcc-synthetic-1.0.0,24,0.0171960541432,122.963607042,24.1559440548,9.92075470182,0.320575894216,2.86176251748
MLCC_C011773,MLCC_B046,MLCC_X7R,leakage_ua,0.12,SIM_X7R_10N_50V,FICTIONAL-MLCC-01,10,50,0805,X7R,45.5463849288,0.910927698575,49.2110231956,25.0517515236,TESTER_2,1,50,synthetic,True,mlcc-synthetic-1.0.0,0,0.0335502907278,123.028495427,24.1559440548,10.2229068667,0.58720969639,1.46678380807
MLCC_C011773,MLCC_B046,MLCC_X7R,leakage_ua,0.12,SIM_X7R_10N_50V,FICTIONAL-MLCC-01,10,50,0805,X7R,45.5463849288,0.910927698575,49.2110231956,25.0517515236,TESTER_2,1,50,synthetic,True,mlcc-synthetic-1.0.0,24,0.0216512025343,122.929186691,24.1559440548,10.084502904,0.654398373471,2.27290022887
MLCC_C011790,MLCC_B046,MLCC_X7R,leakage_ua,0.12,SIM_X7R_10N_50V,FICTIONAL-MLCC-01,10,50,0805,X7R,45.5463849288,0.910927698575,49.2110231956,26.5847342541,TESTER_2,10,24,synthetic,True,mlcc-synthetic-1.0.0,0,0.0252539692598,123.100955213,24.1559440548,10.1541139857,0.543627546565,1.94864508978
MLCC_C011790,MLCC_B046,MLCC_X7R,leakage_ua,0.12,SIM_X7R_10N_50V,FICTIONAL-MLCC-01,10,50,0805,X7R,45.5463849288,0.910927698575,49.2110231956,26.5847342541,TESTER_2,10,24,synthetic,True,mlcc-synthetic-1.0.0,24,0.0237385187249,123.096435127,24.1559440548,10.1117257554,0.523575420553,2.07304523782
MLCC_C011888,MLCC_B046,MLCC_X7R,leakage_ua,0.12,SIM_X7R_10N_50V,FICTIONAL-MLCC-01,10,50,0805,X7R,45.5463849288,0.910927698575,49.2110231956,37.1779320059,TESTER_2,9,195,synthetic,True,mlcc-synthetic-1.0.0,0,0.0212218567037,123.012721754,24.1559440548,10.0041969821,0.609982439844,2.31888396395
MLCC_C011888,MLCC_B046,MLCC_X7R,leakage_ua,0.12,SIM_X7R_10N_50V,FICTIONAL-MLCC-01,10,50,0805,X7R,45.5463849288,0.910927698575,49.2110231956,37.1779320059,TESTER_2,9,195,synthetic,True,mlcc-synthetic-1.0.0,24,0.0173977914275,123.349270467,24.1559440548,9.94939720704,0.635569517997,2.82857875385
