component_id,batch_id,component_family,measurement_name,profile_id,scenario,component_scenario,is_defect,is_healthy,is_tester_fault,anomaly_onset_hour,tester_fault_onset_hour,final_value,true_final_value,is_future_failure,is_observed_final_exceedance,ever_latent_exceedance,upper_limit,data_source,is_synthetic
MLCC_C000085,MLCC_B001,MLCC_X7R,leakage_ua,SIM_X7R_100N_50V,ordinary_noise,ordinary_noise,False,True,False,,,0.0377457413213,0.0387753454387,False,False,False,0.25,synthetic,True
MLCC_C000109,MLCC_B001,MLCC_X7R,leakage_ua,SIM_X7R_100N_50V,ordinary_noise,ordinary_noise,False,True,False,,,0.0338399098725,0.033582547999,False,False,False,0.25,synthetic,True
MLCC_C000187,MLCC_B001,MLCC_X7R,leakage_ua,SIM_X7R_100N_50V,healthy_settling,healthy_settling,False,True,False,,,0.024761059218,0.0257628459548,False,False,False,0.25,synthetic,True
MLCC_C000204,MLCC_B001,MLCC_X7R,leakage_ua,SIM_X7R_100N_50V,intermittent_leakage,intermittent_leakage,True,False,False,6,,0.107070065645,0.106481345647,False,False,False,0.25,synthetic,True
MLCC_C000284,MLCC_B001,MLCC_X7R,leakage_ua,SIM_X7R_100N_50V,healthy_settling,healthy_settling,False,True,False,,,0.0521502156381,0.0505620478658,False,False,False,0.25,synthetic,True
MLCC_C000343,MLCC_B001,MLCC_X7R,leakage_ua,SIM_X7R_100N_50V,healthy_settling,healthy_settling,False,True,False,,,0.0264212104266,0.026558316913,False,False,False,0.25,synthetic,True
MLCC_C000485,MLCC_B001,MLCC_X7R,leakage_ua,SIM_X7R_100N_50V,healthy_settling,healthy_settling,False,True,False,,,0.0431934672049,0.0438089430144,False,False,False,0.25,synthetic,True
MLCC_C000492,MLCC_B001,MLCC_X7R,leakage_ua,SIM_X7R_100N_50V,healthy_settling,healthy_settling,False,True,False,,,0.0320672887284,0.0305135078275,False,False,False,0.25,synthetic,True
MLCC_C000504,MLCC_B001,MLCC_X7R,leakage_ua,SIM_X7R_100N_50V,accelerating_drift,accelerating_drift,True,False,False,6,,0.209329730744,0.210765030233,False,False,False,0.25,synthetic,True
MLCC_C000511,MLCC_B001,MLCC_X7R,leakage_ua,SIM_X7R_100N_50V,accelerating_drift,accelerating_drift,True,False,False,24,,0.257090374715,0.269003794143,True,True,True,0.25,synthetic,True
MLCC_C000785,MLCC_B001,MLCC_X7R,leakage_ua,SIM_X7R_100N_50V,healthy_settling,healthy_settling,False,True,False,,,0.0220956299395,0.0221745082385,False,False,False,0.25,synthetic,True
MLCC_C001157,MLCC_B001,MLCC_X7R,leakage_ua,SIM_X7R_100N_50V,healthy_settling,healthy_settling,False,True,False,,,0.0228406231074,0.0221820859299,False,False,False,0.25,synthetic,True
MLCC_C001183,MLCC_B001,MLCC_X7R,leakage_ua,SIM_X7R_100N_50V,healthy_settling,healthy_settling,False,True,False,,,0.0379250884687,0.0386183318804,False,False,False,0.25,synthetic,True
MLCC_C001252,MLCC_B001,MLCC_X7R,leakage_ua,SIM_X7R_100N_50V,healthy_settling,healthy_settling,False,True,False,,,0.0358069021051,0.0347672844129,False,False,False,0.25,synthetic,True
MLCC_C001255,MLCC_B001,MLCC_X7R,leakage_ua,SIM_X7R_100N_50V,ordinary_noise,ordinary_noise,False,True,False,,,0.0425224423336,0.0444924905414,False,False,False,0.25,synthetic,True
MLCC_C001336,MLCC_B001,MLCC_X7R,leakage_ua,SIM_X7R_100N_50V,ordinary_noise,ordinary_noise,False,True,False,,,0.0314480756291,0.0327715623087,False,False,False,0.25,synthetic,True
MLCC_C001343,MLCC_B001,MLCC_X7R,leakage_ua,SIM_X7R_100N_50V,healthy_settling,healthy_settling,False,True,False,,,0.0321907975257,0.0327367273306,False,False,False,0.25,synthetic,True
MLCC_C001344,MLCC_B001,MLCC_X7R,leakage_ua,SIM_X7R_100N_50V,healthy_settling,healthy_settling,False,True,False,,,0.0352275238787,0.0352761128075,False,False,False,0.25,synthetic,True
MLCC_C001428,MLCC_B001,MLCC_X7R,leakage_ua,SIM_X7R_100N_50V,ordinary_noise,ordinary_noise,False,True,False,,,0.0200703874091,0.0168905928715,False,False,False,0.25,synthetic,True
MLCC_C001542,MLCC_B001,MLCC_X7R,leakage_ua,SIM_X7R_100N_50V,healthy_settling,healthy_settling,False,True,False,,,0.0301833835923,0.0291654439271,False,False,False,0.25,synthetic,True
MLCC_C001544,MLCC_B001,MLCC_X7R,leakage_ua,SIM_X7R_100N_50V,accelerating_drift,accelerating_drift,True,False,False,0,,0.380461201727,0.374760394262,True,True,True,0.25,synthetic,True
MLCC_C001622,MLCC_B001,MLCC_X7R,leakage_ua,SIM_X7R_100N_50V,intermittent_leakage,intermittent_leakage,True,False,False,12,,0.773881447788,0.735032218606,True,True,True,0.25,synthetic,True
MLCC_C001658,MLCC_B001,MLCC_X7R,leakage_ua,SIM_X7R_100N_50V,ordinary_noise,ordinary_noise,False,True,False,,,0.0321113359285,0.0313861902055,False,False,False,0.25,synthetic,True
MLCC_C001701,MLCC_B001,MLCC_X7R,leakage_ua,SIM_X7R_100N_50V,ordinary_noise,ordinary_noise,False,True,False,,,0.0350195680052,0.0389166102897,False,False,False,0.25,synthetic,True
MLCC_C001710,MLCC_B001,MLCC_X7R,leakage_ua,SIM_X7R_100N_50V,ordinary_noise,ordinary_noise,False,True,False,,,0.030447124334,0.0357994989901,False,False,False,0.25,synthetic,True
MLCC_C001749,MLCC_B001,MLCC_X7R,leakage_ua,SIM_X7R_100N_50V,intermittent_leakage,intermittent_leakage,True,False,False,48,,0.0484715741916,0.0495072875292,False,False,False,0.25,synthetic,True
MLCC_C001790,MLCC_B001,MLCC_X7R,leakage_ua,SIM_X7R_100N_50V,healthy_settling,healthy_settling,False,True,False,,,0.0341622886301,0.0376241356298,False,False,False,0.25,synthetic,True
MLCC_C001809,MLCC_B001,MLCC_X7R,leakage_ua,SIM_X7R_100N_50V,healthy_settling,healthy_settling,False,True,False,,,0.0300494682295,0.0285439387293,False,False,False,0.25,synthetic,True
MLCC_C002042,MLCC_B001,MLCC_X7R,leakage_ua,SIM_X7R_100N_50V,healthy_settling,healthy_settling,False,True,False,,,0.0375022041326,0.0371081647447,False,False,False,0.25,synthetic,True
MLCC_C002057,MLCC_B001,MLCC_X7R,leakage_ua,SIM_X7R_100N_50V,healthy_settling,healthy_settling,False,True,False,,,0.0523063592117,0.0518091446529,False,False,False,0.25,synthetic,True
MLCC_C002074,MLCC_B001,MLCC_X7R,leakage_ua,SIM_X7R_100N_50V,healthy_settling,healthy_settling,False,True,False,,,0.0625132724382,0.0602322600493,False,False,False,0.25,synthetic,True
MLCC_C002098,MLCC_B001,MLCC_X7R,leakage_ua,SIM_X7R_100N_50V,healthy_settling,healthy_settling,False,True,False,,,0.0375499678957,0.036653892555,False,False,False,0.25,synthetic,True
MLCC_C002106,MLCC_B001,MLCC_X7R,leakage_ua,SIM_X7R_100N_50V,healthy_settling,healthy_settling,False,True,False,,,0.0404899733512,0.0403464861796,False,False,False,0.25,synthetic,True
MLCC_C002174,MLCC_B001,MLCC_X7R,leakage_ua,SIM_X7R_100N_50V,healthy_settling,healthy_settling,False,True,False,,,0.0458834349485,0.0450598488629,False,False,False,0.25,synthetic,True
MLCC_C002236,MLCC_B001,MLCC_X7R,leakage_ua,SIM_X7R_100N_50V,healthy_settling,healthy_settling,False,True,False,,,0.0307407673885,0.0311110429488,False,False,False,0.25,synthetic,True
MLCC_C002300,MLCC_B001,MLCC_X7R,leakage_ua,SIM_X7R_100N_50V,healthy_settling,healthy_settling,False,True,False,,,0.0280610916139,0.0272403896881,False,False,False,0.25,synthetic,True
MLCC_C002382,MLCC_B001,MLCC_X7R,leakage_ua,SIM_X7R_100N_50V,moisture_associated_history,moisture_associated_history,True,False,False,24,,0.163661371724,0.159758430697,False,False,False,0.25,synthetic,True
MLCC_C002468,MLCC_B001,MLCC_X7R,leakage_ua,SIM_X7R_100N_50V,healthy_settling,healthy_settling,False,True,False,,,0.037696604661,0.0364787309829,False,False,False,0.25,synthetic,True
MLCC_C002489,MLCC_B001,MLCC_X7R,leakage_ua,SIM_X7R_100N_50V,ordinary_noise,ordinary_noise,False,True,False,,,0.0341766749189,0.0358888075234,False,False,False,0.25,synthetic,True
MLCC_C002528,MLCC_B001,MLCC_X7R,leakage_ua,SIM_X7R_100N_50V,healthy_settling,healthy_settling,False,True,False,,,0.0198960759226,0.0195813256815,False,False,False,0.25,synthetic,True
MLCC_C002597,MLCC_B001,MLCC_X7R,leakage_ua,SIM_X7R_100N_50V,healthy_settling,healthy_settling,False,True,False,,,0.020945919365,0.0206692119324,False,False,False,0.25,synthetic,True
MLCC_C002615,MLCC_B001,MLCC_X7R,leakage_ua,SIM_X7R_100N_50V,ordinary_noise,ordinary_noise,False,True,False,,,0.0414761848899,0.0415926382366,False,False,False,0.25,synthetic,True
MLCC_C002665,MLCC_B001,MLCC_X7R,leakage_ua,SIM_X7R_100N_50V,healthy_settling,healthy_settling,False,True,False,,,0.0300858866546,0.0303741646074,False,False,False,0.25,synthetic,True
MLCC_C002673,MLCC_B001,MLCC_X7R,leakage_ua,SIM_X7R_100N_50V,healthy_settling,healthy_settling,False,True,False,,,0.0241966530434,0.024196949676,False,False,False,0.25,synthetic,True
MLCC_C002713,MLCC_B001,MLCC_X7R,leakage_ua,SIM_X7R_100N_50V,healthy_settling,healthy_settling,False,True,False,,,0.0387052738999,0.0387882542193,False,False,False,0.25,synthetic,True
MLCC_C002734,MLCC_B001,MLCC_X7R,leakage_ua,SIM_X7R_100N_50V,healthy_settling,healthy_settling,False,True,False,,,0.0329472727283,0.0323739974477,False,False,False,0.25,synthetic,True
MLCC_C002849,MLCC_B001,MLCC_X7R,leakage_ua,SIM_X7R_100N_50V,healthy_settling,healthy_settling,False,True,False,,,0.0421941377891,0.0415902012559,False,False,False,0.25,synthetic,True
MLCC_C002852,MLCC_B001,MLCC_X7R,leakage_ua,SIM_X7R_100N_50V,healthy_settling,healthy_settling,False,True,False,,,0.0314730925724,0.0333493162261,False,False,False,0.25,synthetic,True
MLCC_C003005,MLCC_B001,MLCC_X7R,leakage_ua,SIM_X7R_100N_50V,ordinary_noise,ordinary_noise,False,True,False,,,0.0276376242219,0.0320181877311,False,False,False,0.25,synthetic,True
MLCC_C003017,MLCC_B001,MLCC_X7R,leakage_ua,SIM_X7R_100N_50V,late_abrupt_onset,late_abrupt_onset,True,False,False,96,,0.370891603083,0.374621106883,True,True,True,0.25,synthetic,True
MLCC_C003233,MLCC_B001,MLCC_X7R,leakage_ua,SIM_X7R_100N_50V,healthy_settling,healthy_settling,False,True,False,,,0.0179135064021,0.0184871144694,False,False,False,0.25,synthetic,True
MLCC_C003249,MLCC_B001,MLCC_X7R,leakage_ua,SIM_X7R_100N_50V,ordinary_noise,ordinary_noise,False,True,False,,,0.0223074134996,0.0228803579967,False,False,False,0.25,synthetic,True
MLCC_C003416,MLCC_B001,MLCC_X7R,leakage_ua,SIM_X7R_100N_50V,ordinary_noise,ordinary_noise,False,True,False,,,0.0267362593462,0.0350752734491,False,False,False,0.25,synthetic,True
MLCC_C003426,MLCC_B001,MLCC_X7R,leakage_ua,SIM_X7R_100N_50V,healthy_settling,healthy_settling,False,True,False,,,0.045198964253,0.043965404445,False,False,False,0.25,synthetic,True
MLCC_C003431,MLCC_B001,MLCC_X7R,leakage_ua,SIM_X7R_100N_50V,healthy_settling,healthy_settling,False,True,False,,,0.0412511356602,0.0454955561517,False,False,False,0.25,synthetic,True
MLCC_C003488,MLCC_B001,MLCC_X7R,leakage_ua,SIM_X7R_100N_50V,healthy_settling,healthy_settling,False,True,False,,,0.0260173978338,0.0266578756643,False,False,False,0.25,synthetic,True
MLCC_C003773,MLCC_B001,MLCC_X7R,leakage_ua,SIM_X7R_100N_50V,healthy_settling,healthy_settling,False,True,False,,,0.0469586120478,0.0467882356029,False,False,False,0.25,synthetic,True
MLCC_C003784,MLCC_B001,MLCC_X7R,leakage_ua,SIM_X7R_100N_50V,moisture_associated_history,moisture_associated_history,True,False,False,12,,0.118776235399,0.114096236149,False,False,False,0.25,synthetic,True
MLCC_C003831,MLCC_B001,MLCC_X7R,leakage_ua,SIM_X7R_100N_50V,healthy_settling,healthy_settling,False,True,False,,,0.0256379734992,0.025626020821,False,False,False,0.25,synthetic,True
MLCC_C003863,MLCC_B001,MLCC_X7R,leakage_ua,SIM_X7R_100N_50V,healthy_settling,healthy_settling,False,True,False,,,0.0308096263009,0.0310837294901,False,False,False,0.25,synthetic,True
MLCC_C003882,MLCC_B001,MLCC_X7R,leakage_ua,SIM_X7R_100N_50V,healthy_settling,healthy_settling,False,True,False,,,0.0327209901437,0.0320363018143,False,False,False,0.25,synthetic,True
MLCC_C003990,MLCC_B001,MLCC_X7R,leakage_ua,SIM_X7R_100N_50V,healthy_settling,healthy_settling,False,True,False,,,0.0440444275245,0.0441264431717,False,False,False,0.25,synthetic,True
MLCC_C004010,MLCC_B001,MLCC_X7R,leakage_ua,SIM_X7R_100N_50V,healthy_settling,healthy_settling,False,True,False,,,0.0228379616148,0.0233594284622,False,False,False,0.25,synthetic,True
MLCC_C004087,MLCC_B001,MLCC_X7R,leakage_ua,SIM_X7R_100N_50V,healthy_settling,healthy_settling,False,True,False,,,0.0440209167586,0.0440069100206,False,False,False,0.25,synthetic,True
MLCC_C004154,MLCC_B001,MLCC_X7R,leakage_ua,SIM_X7R_100N_50V,accelerating_drift,accelerating_drift,True,False,False,6,,0.212854259611,0.229106608199,False,False,False,0.25,synthetic,True
MLCC_C004169,MLCC_B001,MLCC_X7R,leakage_ua,SIM_X7R_100N_50V,healthy_settling,healthy_settling,False,True,False,,,0.0443861699672,0.0430010995472,False,False,False,0.25,synthetic,True
MLCC_C004201,MLCC_B001,MLCC_X7R,leakage_ua,SIM_X7R_100N_50V,accelerating_drift,accelerating_drift,True,False,False,24,,0.172849231006,0.175606762404,False,False,False,0.25,synthetic,True
MLCC_C004211,MLCC_B001,MLCC_X7R,leakage_ua,SIM_X7R_100N_50V,healthy_settling,healthy_settling,False,True,False,,,0.0298033220735,0.0298070740902,False,False,False,0.25,synthetic,True
MLCC_C004220,MLCC_B001,MLCC_X7R,leakage_ua,SIM_X7R_100N_50V,healthy_settling,healthy_settling,False,True,False,,,0.0309695184951,0.0305113575459,False,False,False,0.25,synthetic,True
MLCC_C004296,MLCC_B001,MLCC_X7R,leakage_ua,SIM_X7R_100N_50V,healthy_settling,healthy_settling,False,True,False,,,0.0433112826221,0.042726935819,False,False,False,0.25,synthetic,True
MLCC_C004331,MLCC_B001,MLCC_X7R,leakage_ua,SIM_X7R_100N_50V,healthy_settling,healthy_settling,False,True,False,,,0.0342976373247,0.0333101492168,False,False,False,0.25,synthetic,True
MLCC_C004524,MLCC_B001,MLCC_X7R,leakage_ua,SIM_X7R_100N_50V,healthy_settling,healthy_settling,False,True,False,,,0.0203497472015,0.0213766229089,False,False,False,0.25,synthetic,True
MLCC_C004527,MLCC_B001,MLCC_X7R,leakage_ua,SIM_X7R_100N_50V,ordinary_noise,ordinary_noise,False,True,False,,,0.0253167864196,0.0287768269283,False,False,False,0.25,synthetic,True
MLCC_C004553,MLCC_B001,MLCC_X7R,leakage_ua,SIM_X7R_100N_50V,healthy_settling,healthy_settling,False,True,False,,,0.0395344035571,0.039354844019,False,False,False,0.25,synthetic,True
MLCC_C004594,MLCC_B001,MLCC_X7R,leakage_ua,SIM_X7R_100N_50V,moisture_associated_history,moisture_associated_history,True,False,False,24,,0.117256594071,0.116739419045,False,False,False,0.25,synthetic,True
MLCC_C004613,MLCC_B001,MLCC_X7R,leakage_ua,SIM_X7R_100N_50V,ordinary_noise,ordinary_noise,False,True,False,,,0.0415072163272,0.043761517483,False,False,False,0.25,synthetic,True
MLCC_C004677,MLCC_B001,MLCC_X7R,leakage_ua,SIM_X7R_100N_50V,healthy_settling,healthy_settling,False,True,False,,,0.0211274536854,0.0216776208952,False,False,False,0.25,synthetic,True
MLCC_C004690,MLCC_B001,MLCC_X7R,leakage_ua,SIM_X7R_100N_50V,gradual_drift,gradual_drift,True,False,False,6,,0.146597906061,0.143871641398,False,False,False,0.25,synthetic,True
MLCC_C004771,MLCC_B001,MLCC_X7R,leakage_ua,SIM_X7R_100N_50V,healthy_settling,healthy_settling,False,True,False,,,0.0372674137524,0.0365178791271,False,False,False,0.25,synthetic,True
MLCC_C004845,MLCC_B001,MLCC_X7R,leakage_ua,SIM_X7R_100N_50V,healthy_settling,healthy_settling,False,True,False,,,0.0205489848147,0.0199725300471,False,False,False,0.25,synthetic,True
MLCC_C004860,MLCC_B001,MLCC_X7R,leakage_ua,SIM_X7R_100N_50V,healthy_settling,healthy_settling,False,True,False,,,0.0294837914091,0.0301912691271,False,False,False,0.25,synthetic,True
MLCC_C004881,MLCC_B001,MLCC_X7R,leakage_ua,SIM_X7R_100N_50V,ordinary_noise,ordinary_noise,False,True,False,,,0.0204778660128,0.0184625706183,False,False,False,0.25,synthetic,True
MLCC_C005022,MLCC_B001,MLCC_X7R,leakage_ua,SIM_X7R_100N_50V,healthy_settling,healthy_settling,False,True,False,,,0.039285675123,0.0399896225305,False,False,False,0.25,synthetic,True
MLCC_C005084,MLCC_B001,MLCC_X7R,leakage_ua,SIM_X7R_100N_50V,healthy_settling,healthy_settling,False,True,False,,,0.0257671113667,0.0275766348732,False,False,False,0.25,synthetic,True
MLCC_C005142,MLCC_B001,MLCC_X7R,leakage_ua,SIM_X7R_100N_50V,ordinary_noise,ordinary_noise,False,True,False,,,0.0346227402818,0.0365693840538,False,False,False,0.25,synthetic,True
MLCC_C005153,MLCC_B001,MLCC_X7R,leakage_ua,SIM_X7R_100N_50V,healthy_settling,healthy_settling,False,True,False,,,0.045131219817,0.0454149763493,False,False,False,0.25,synthetic,True
MLCC_C005168,MLCC_B001,MLCC_X7R,leakage_ua,SIM_X7R_100N_50V,moisture_associated_history,moisture_associated_history,True,False,False,12,,0.911094203277,0.916682398701,True,True,True,0.25,synthetic,True
MLCC_C005185,MLCC_B001,MLCC_X7R,leakage_ua,SIM_X7R_100N_50V,healthy_settling,healthy_settling,False,True,False,,,0.0300444138116,0.0299498497106,False,False,False,0.25,synthetic,True
MLCC_C005258,MLCC_B001,MLCC_X7R,leakage_ua,SIM_X7R_100N_50V,healthy_settling,healthy_settling,False,True,False,,,0.0253909493326,0.0244895814125,False,False,False,0.25,synthetic,True
MLCC_C005417,MLCC_B001,MLCC_X7R,leakage_ua,SIM_X7R_100N_50V,healthy_settling,healthy_settling,False,True,False,,,0.029554288232,0.0294357799433,False,False,False,0.25,synthetic,True
MLCC_C005482,MLCC_B001,MLCC_X7R,leakage_ua,SIM_X7R_100N_50V,moisture_associated_history,moisture_associated_history,True,False,False,24,,0.100152198161,0.101411470983,False,False,False,0.25,synthetic,True
MLCC_C005523,MLCC_B001,MLCC_X7R,leakage_ua,SIM_X7R_100N_50V,healthy_settling,healthy_settling,False,True,False,,,0.0238728620546,0.0258708625657,False,False,False,0.25,synthetic,True
MLCC_C005624,MLCC_B001,MLCC_X7R,leakage_ua,SIM_X7R_100N_50V,healthy_settling,healthy_settling,False,True,False,,,0.0373050840354,0.0359567396141,False,False,False,0.25,synthetic,True
MLCC_C005653,MLCC_B001,MLCC_X7R,leakage_ua,SIM_X7R_100N_50V,healthy_settling,healthy_settling,False,True,False,,,0.0365492485929,0.0368826930866,False,False,False,0.25,synthetic,True
MLCC_C005807,MLCC_B001,MLCC_X7R,leakage_ua,SIM_X7R_100N_50V,ordinary_noise,ordinary_noise,False,True,False,,,0.0261307867201,0.0245127284515,False,False,False,0.25,synthetic,True
MLCC_C005863,MLCC_B001,MLCC_X7R,leakage_ua,SIM_X7R_100N_50V,ordinary_noise,ordinary_noise,False,True,False,,,0.0689275333578,0.064229699912,False,False,False,0.25,synthetic,True
MLCC_C005937,MLCC_B001,MLCC_X7R,leakage_ua,SIM_X7R_100N_50V,healthy_settling,healthy_settling,False,True,False,,,0.0355849576687,0.0382591159859,False,False,False,0.25,synthetic,True
MLCC_C006018,MLCC_B001,MLCC_X7R,leakage_ua,SIM_X7R_100N_50V,healthy_settling,healthy_settling,False,True,False,,,0.0458714388959,0.0450480197053,False,False,False,0.25,synthetic,True
MLCC_C006082,MLCC_B001,MLCC_X7R,leakage_ua,SIM_X7R_100N_50V,gradual_drift,gradual_drift,True,False,False,6,,0.411300714306,0.409965067277,True,True,True,0.25,synthetic,True
MLCC_C006113,MLCC_B001,MLCC_X7R,leakage_ua,SIM_X7R_100N_50V,ordinary_noise,ordinary_noise,False,True,False,,,0.0479010407849,0.041425233374,False,False,False,0.25,synthetic,True
MLCC_C006122,MLCC_B001,MLCC_X7R,leakage_ua,SIM_X7R_100N_50V,moisture_associated_history,moisture_associated_history,True,False,False,12,,0.144793326037,0.145701828488,False,False,False,0.25,synthetic,True
MLCC_C006128,MLCC_B001,MLCC_X7R,leakage_ua,SIM_X7R_100N_50V,healthy_settling,healthy_settling,False,True,False,,,0.0543832872749,0.0526246637316,False,False,False,0.25,synthetic,True
MLCC_C006234,MLCC_B001,MLCC_X7R,leakage_ua,SIM_X7R_100N_50V,healthy_settling,healthy_settling,False,True,False,,,0.0271839274476,0.0277145545635,False,False,False,0.25,synthetic,True
MLCC_C006322,MLCC_B001,MLCC_X7R,leakage_ua,SIM_X7R_100N_50V,healthy_settling,healthy_settling,False,True,False,,,0.0250247705924,0.0240819551007,False,False,False,0.25,synthetic,True
MLCC_C006460,MLCC_B001,MLCC_X7R,leakage_ua,SIM_X7R_100N_50V,healthy_settling,healthy_settling,False,True,False,,,0.0298059048493,0.0304677045632,False,False,False,0.25,synthetic,True
MLCC_C006470,MLCC_B001,MLCC_X7R,leakage_ua,SIM_X7R_100N_50V,healthy_settling,healthy_settling,False,True,False,,,0.0351148038834,0.0347949097624,False,False,False,0.25,synthetic,True
MLCC_C006484,MLCC_B001,MLCC_X7R,leakage_ua,SIM_X7R_100N_50V,healthy_settling,healthy_settling,False,True,False,,,0.0197411272361,0.0199310448828,False,False,False,0.25,synthetic,True
MLCC_C006647,MLCC_B001,MLCC_X7R,leakage_ua,SIM_X7R_100N_50V,moisture_associated_history,moisture_associated_history,True,False,False,24,,0.492586305728,0.500359628593,True,True,True,0.25,synthetic,True
MLCC_C006722,MLCC_B001,MLCC_X7R,leakage_ua,SIM_X7R_100N_50V,late_abrupt_onset,late_abrupt_onset,True,False,False,96,,0.102243064547,0.104597249098,False,False,False,0.25,synthetic,True
MLCC_C006732,MLCC_B001,MLCC_X7R,leakage_ua,SIM_X7R_100N_50V,healthy_settling,healthy_settling,False,True,False,,,0.0369980919569,0.0371192530756,False,False,False,0.25,synthetic,True
MLCC_C006802,MLCC_B001,MLCC_X7R,leakage_ua,SIM_X7R_100N_50V,accelerating_drift,accelerating_drift,True,False,False,0,,0.116511321699,0.116142815253,False,False,False,0.25,synthetic,True
MLCC_C006851,MLCC_B001,MLCC_X7R,leakage_ua,SIM_X7R_100N_50V,healthy_settling,healthy_settling,False,True,False,,,0.0207785644291,0.01997406742,False,False,False,0.25,synthetic,True
MLCC_C006948,MLCC_B001,MLCC_X7R,leakage_ua,SIM_X7R_100N_50V,accelerating_drift,accelerating_drift,True,False,False,0,,0.170192706833,0.176937612598,False,False,False,0.25,synthetic,True
MLCC_C007039,MLCC_B001,MLCC_X7R,leakage_ua,SIM_X7R_100N_50V,healthy_settling,healthy_settling,False,True,False,,,0.0306116046112,0.0313421325085,False,False,False,0.25,synthetic,True
MLCC_C007080,MLCC_B001,MLCC_X7R,leakage_ua,SIM_X7R_100N_50V,ordinary_noise,ordinary_noise,False,True,False,,,0.0238434366959,0.0295696450088,False,False,False,0.25,synthetic,True
MLCC_C007249,MLCC_B001,MLCC_X7R,leakage_ua,SIM_X7R_100N_50V,healthy_settling,healthy_settling,False,True,False,,,0.0397784492911,0.0387218853723,False,False,False,0.25,synthetic,True
MLCC_C007254,MLCC_B001,MLCC_X7R,leakage_ua,SIM_X7R_100N_50V,intermittent_leakage,intermittent_leakage,True,False,False,24,,0.283500499415,0.28159495413,True,True,True,0.25,synthetic,True
MLCC_C007286,MLCC_B001,MLCC_X7R,leakage_ua,SIM_X7R_100N_50V,healthy_settling,healthy_settling,False,True,False,,,0.0470461535999,0.0466876492992,False,False,False,0.25,synthetic,True
MLCC_C007308,MLCC_B001,MLCC_X7R,leakage_ua,SIM_X7R_100N_50V,healthy_settling,healthy_settling,False,True,False,,,0.0358154841472,0.0350063068074,False,False,False,0.25,synthetic,True
MLCC_C007326,MLCC_B001,MLCC_X7R,leakage_ua,SIM_X7R_100N_50V,healthy_settling,healthy_settling,False,True,False,,,0.0328029870571,0.0322294025341,False,False,False,0.25,synthetic,True
MLCC_C007373,MLCC_B001,MLCC_X7R,leakage_ua,SIM_X7R_100N_50V,healthy_settling,healthy_settling,False,True,False,,,0.0276907784281,0.0257039043289,False,False,False,0.25,synthetic,True
MLCC_C007388,MLCC_B001,MLCC_X7R,leakage_ua,SIM_X7R_100N_50V,healthy_settling,healthy_settling,False,True,False,,,0.0418031461731,0.0452924838219,False,False,False,0.25,synthetic,True
MLCC_C007524,MLCC_B001,MLCC_X7R,leakage_ua,SIM_X7R_100N_50V,ordinary_noise,ordinary_noise,False,True,False,,,0.0356370440398,0.0376702054503,False,False,False,0.25,synthetic,True
MLCC_C007525,MLCC_B001,MLCC_X7R,leakage_ua,SIM_X7R_100N_50V,healthy_settling,healthy_settling,False,True,False,,,0.0299614817937,0.0295047897897,False,False,False,0.25,synthetic,True
MLCC_C007647,MLCC_B001,MLCC_X7R,leakage_ua,SIM_X7R_100N_50V,healthy_settling,healthy_settling,False,True,False,,,0.0387812633307,0.0397014272719,False,False,False,0.25,synthetic,True
MLCC_C007651,MLCC_B001,MLCC_X7R,leakage_ua,SIM_X7R_100N_50V,healthy_settling,healthy_settling,False,True,False,,,0.0217384442876,0.0218257933665,False,False,False,0.25,synthetic,True
MLCC_C007798,MLCC_B001,MLCC_X7R,leakage_ua,SIM_X7R_100N_50V,healthy_settling,healthy_settling,False,True,False,,,0.0184011659742,0.0182079781185,False,False,False,0.25,synthetic,True
MLCC_C007817,MLCC_B001,MLCC_X7R,leakage_ua,SIM_X7R_100N_50V,ordinary_noise,ordinary_noise,False,True,False,,,0.029446919737,0.0276440488341,False,False,False,0.25,synthetic,True
MLCC_C007868,MLCC_B001,MLCC_X7R,leakage_ua,SIM_X7R_100N_50V,ordinary_noise,ordinary_noise,False,True,False,,,0.02325238972,0.0259078292431,False,False,False,0.25,synthetic,True
MLCC_C007917,MLCC_B001,MLCC_X7R,leakage_ua,SIM_X7R_100N_50V,healthy_settling,healthy_settling,False,True,False,,,0.03263418677,0.0317831771746,False,False,False,0.25,synthetic,True
MLCC_C008011,MLCC_B001,MLCC_X7R,leakage_ua,SIM_X7R_100N_50V,healthy_settling,healthy_settling,False,True,False,,,0.0289316177904,0.0274120744415,False,False,False,0.25,synthetic,True
MLCC_C008056,MLCC_B001,MLCC_X7R,leakage_ua,SIM_X7R_100N_50V,moisture_associated_history,moisture_associated_history,True,False,False,6,,0.156538778441,0.15274515201,False,False,False,0.25,synthetic,True
MLCC_C008132,MLCC_B001,MLCC_X7R,leakage_ua,SIM_X7R_100N_50V,healthy_settling,healthy_settling,False,True,False,,,0.0536944131743,0.0565895766611,False,False,False,0.25,synthetic,True
MLCC_C008162,MLCC_B001,MLCC_X7R,leakage_ua,SIM_X7R_100N_50V,healthy_settling,healthy_settling,False,True,False,,,0.0238533434672,0.0222144073135,False,False,False,0.25,synthetic,True
MLCC_C008176,MLCC_B001,MLCC_X7R,leakage_ua,SIM_X7R_100N_50V,healthy_settling,healthy_settling,False,True,False,,,0.0291998161719,0.029105870471,False,False,False,0.25,synthetic,True
MLCC_C008217,MLCC_B001,MLCC_X7R,leakage_ua,SIM_X7R_100N_50V,healthy_settling,healthy_settling,False,True,False,,,0.0285985998334,0.027567118482,False,False,False,0.25,synthetic,True
MLCC_C008221,MLCC_B001,MLCC_X7R,leakage_ua,SIM_X7R_100N_50V,healthy_settling,healthy_settling,False,True,False,,,0.0365602318347,0.0360076595453,False,False,False,0.25,synthetic,True
MLCC_C008228,MLCC_B001,MLCC_X7R,leakage_ua,SIM_X7R_100N_50V,healthy_settling,healthy_settling,False,True,False,,,0.0465196731529,0.0453407237453,False,False,False,0.25,synthetic,True
MLCC_C008247,MLCC_B001,MLCC_X7R,leakage_ua,SIM_X7R_100N_50V,healthy_settling,healthy_settling,False,True,False,,,0.0255064038884,0.0259490044793,False,False,False,0.25,synthetic,True
MLCC_C008251,MLCC_B001,MLCC_X7R,leakage_ua,SIM_X7R_100N_50V,healthy_settling,healthy_settling,False,True,False,,,0.0466003714541,0.0480634783885,False,False,False,0.25,synthetic,True
MLCC_C008315,MLCC_B001,MLCC_X7R,leakage_ua,SIM_X7R_100N_50V,ordinary_noise,ordinary_noise,False,True,False,,,0.027330932009,0.0312482277476,False,False,False,0.25,synthetic,True
MLCC_C008339,MLCC_B001,MLCC_X7R,leakage_ua,SIM_X7R_100N_50V,healthy_settling,healthy_settling,False,True,False,,,0.0467742657589,0.0475994692813,False,False,False,0.25,synthetic,True
MLCC_C008387,MLCC_B001,MLCC_X7R,leakage_ua,SIM_X7R_100N_50V,healthy_settling,healthy_settling,False,True,False,,,0.0423054048074,0.0412515016577,False,False,False,0.25,synthetic,True
MLCC_C008431,MLCC_B001,MLCC_X7R,leakage_ua,SIM_X7R_100N_50V,healthy_settling,healthy_settling,False,True,False,,,0.0188121630769,0.0191726685051,False,False,False,0.25,synthetic,True
MLCC_C008474,MLCC_B001,MLCC_X7R,leakage_ua,SIM_X7R_100N_50V,gradual_drift,gradual_drift,True,False,False,6,,0.224451637649,0.228028415511,False,False,False,0.25,synthetic,True
MLCC_C008613,MLCC_B001,MLCC_X7R,leakage_ua,SIM_X7R_100N_50V,healthy_settling,healthy_settling,False,True,False,,,0.0322551322893,0.0327441533508,False,False,False,0.25,synthetic,True
MLCC_C008640,MLCC_B001,MLCC_X7R,leakage_ua,SIM_X7R_100N_50V,healthy_settling,healthy_settling,False,True,False,,,0.0379171122998,0.0404627906899,False,False,False,0.25,synthetic,True
MLCC_C008644,MLCC_B001,MLCC_X7R,leakage_ua,SIM_X7R_100N_50V,moisture_associated_history,moisture_associated_history,True,False,False,0,,0.116146859613,0.117321757467,False,False,False,0.25,synthetic,True
MLCC_C008656,MLCC_B001,MLCC_X7R,leakage_ua,SIM_X7R_100N_50V,accelerating_drift,accelerating_drift,True,False,False,6,,0.402250044257,0.405676895574,True,True,True,0.25,synthetic,True
MLCC_C008714,MLCC_B001,MLCC_X7R,leakage_ua,SIM_X7R_100N_50V,healthy_settling,healthy_settling,False,True,False,,,0.0285827883319,0.0280383078102,False,False,False,0.25,synthetic,True
MLCC_C008854,MLCC_B001,MLCC_X7R,leakage_ua,SIM_X7R_100N_50V,healthy_settling,healthy_settling,False,True,False,,,0.0312867658993,0.0309326848378,False,False,False,0.25,synthetic,True
MLCC_C008938,MLCC_B001,MLCC_X7R,leakage_ua,SIM_X7R_100N_50V,healthy_settling,healthy_settling,False,True,False,,,0.0249422107345,0.0249936097879,False,False,False,0.25,synthetic,True
MLCC_C009021,MLCC_B001,MLCC_X7R,leakage_ua,SIM_X7R_100N_50V,ordinary_noise,ordinary_noise,False,True,False,,,0.0399364922189,0.042074081262,False,False,False,0.25,synthetic,True
MLCC_C009295,MLCC_B001,MLCC_X7R,leakage_ua,SIM_X7R_100N_50V,ordinary_noise,ordinary_noise,False,True,False,,,0.0427091820955,0.0326792985873,False,False,False,0.25,synthetic,True
MLCC_C009323,MLCC_B001,MLCC_X7R,leakage_ua,SIM_X7R_100N_50V,accelerating_drift,accelerating_drift,True,False,False,24,,0.442938317179,0.435446768197,True,True,True,0.25,synthetic,True
MLCC_C009341,MLCC_B001,MLCC_X7R,leakage_ua,SIM_X7R_100N_50V,ordinary_noise,ordinary_noise,False,True,False,,,0.0222608719723,0.0224485645182,False,False,False,0.25,synthetic,True
MLCC_C009461,MLCC_B001,MLCC_X7R,leakage_ua,SIM_X7R_100N_50V,ordinary_noise,ordinary_noise,False,True,False,,,0.0298147903993,0.0300031477485,False,False,False,0.25,synthetic,True
MLCC_C009472,MLCC_B001,MLCC_X7R,leakage_ua,SIM_X7R_100N_50V,ordinary_noise,ordinary_noise,False,True,False,,,0.0222258699881,0.0243207663792,False,False,False,0.25,synthetic,True
MLCC_C009726,MLCC_B001,MLCC_X7R,leakage_ua,SIM_X7R_100N_50V,healthy_settling,healthy_settling,False,True,False,,,0.036609530782,0.0353251653051,False,False,False,0.25,synthetic,True
MLCC_C009763,MLCC_B001,MLCC_X7R,leakage_ua,SIM_X7R_100N_50V,healthy_settling,healthy_settling,False,True,False,,,0.0167571675073,0.015954125603,False,False,False,0.25,synthetic,True
MLCC_C009790,MLCC_B001,MLCC_X7R,leakage_ua,SIM_X7R_100N_50V,healthy_settling,healthy_settling,False,True,False,,,0.0292670282458,0.0305351371738,False,False,False,0.25,synthetic,True
MLCC_C009793,MLCC_B001,MLCC_X7R,leakage_ua,SIM_X7R_100N_50V,accelerating_drift,accelerating_drift,True,False,False,0,,0.340752759083,0.346795048029,True,True,True,0.25,synthetic,True
MLCC_C009814,MLCC_B001,MLCC_X7R,leakage_ua,SIM_X7R_100N_50V,healthy_settling,healthy_settling,False,True,False,,,0.0362951875281,0.0372557396609,False,False,False,0.25,synthetic,True
MLCC_C009879,MLCC_B001,MLCC_X7R,leakage_ua,SIM_X7R_100N_50V,ordinary_noise,ordinary_noise,False,True,False,,,0.0263916603009,0.0320210726832,False,False,False,0.25,synthetic,True
MLCC_C009938,MLCC_B001,MLCC_X7R,leakage_ua,SIM_X7R_100N_50V,ordinary_noise,ordinary_noise,False,True,False,,,0.015725261085,0.019280739753,False,False,False,0.25,synthetic,True
MLCC_C010035,MLCC_B001,MLCC_X7R,leakage_ua,SIM_X7R_100N_50V,healthy_settling,healthy_settling,False,True,False,,,0.0180497726894,0.0177691438373,False,False,False,0.25,synthetic,True
MLCC_C010152,MLCC_B001,MLCC_X7R,leakage_ua,SIM_X7R_100N_50V,healthy_settling,healthy_settling,False,True,False,,,0.0368276873667,0.0371633122978,False,False,False,0.25,synthetic,True
MLCC_C010180,MLCC_B001,MLCC_X7R,leakage_ua,SIM_X7R_100N_50V,healthy_settling,healthy_settling,False,True,False,,,0.0264568325643,0.0262439352398,False,False,False,0.25,synthetic,True
MLCC_C010231,MLCC_B001,MLCC_X7R,leakage_ua,SIM_X7R_100N_50V,ordinary_noise,ordinary_noise,False,True,False,,,0.0291962601402,0.0269239298315,False,False,False,0.25,synthetic,True
MLCC_C010362,MLCC_B001,MLCC_X7R,leakage_ua,SIM_X7R_100N_50V,healthy_settling,healthy_settling,False,True,False,,,0.0433428875008,0.0430562270074,False,False,False,0.25,synthetic,True
MLCC_C010405,MLCC_B001,MLCC_X7R,leakage_ua,SIM_X7R_100N_50V,accelerating_drift,accelerating_drift,True,False,False,0,,0.382999647715,0.378804639138,True,True,True,0.25,synthetic,True
MLCC_C010539,MLCC_B001,MLCC_X7R,leakage_ua,SIM_X7R_100N_50V,gradual_drift,gradual_drift,True,False,False,6,,0.071416616967,0.0715689019926,False,False,False,0.25,synthetic,True
MLCC_C010620,MLCC_B001,MLCC_X7R,leakage_ua,SIM_X7R_100N_50V,ordinary_noise,ordinary_noise,False,True,False,,,0.0403188535724,0.0436314967158,False,False,False,0.25,synthetic,True
MLCC_C010743,MLCC_B001,MLCC_X7R,leakage_ua,SIM_X7R_100N_50V,accelerating_drift,accelerating_drift,True,False,False,12,,0.343197721258,0.333415730187,True,True,True,0.25,synthetic,True
MLCC_C010812,MLCC_B001,MLCC_X7R,leakage_ua,SIM_X7R_100N_50V,accelerating_drift,accelerating_drift,True,False,False,0,,0.237691839733,0.238138645001,False,False,False,0.25,synthetic,True
MLCC_C010877,MLCC_B001,MLCC_X7R,leakage_ua,SIM_X7R_100N_50V,intermittent_leakage,intermittent_leakage,True,False,False,6,,0.177443302508,0.177276546234,False,False,False,0.25,synthetic,True
MLCC_C010899,MLCC_B001,MLCC_X7R,leakage_ua,SIM_X7R_100N_50V,healthy_settling,healthy_settling,False,True,False,,,0.0399462370168,0.0376558298537,False,False,False,0.25,synthetic,True
MLCC_C010925,MLCC_B001,MLCC_X7R,leakage_ua,SIM_X7R_100N_50V,healthy_settling,healthy_settling,False,True,False,,,0.0206498383995,0.0202457108716,False,False,False,0.25,synthetic,True
MLCC_C010933,MLCC_B001,MLCC_X7R,leakage_ua,SIM_X7R_100N_50V,healthy_settling,healthy_settling,False,True,False,,,0.046214714787,0.0487767707812,False,False,False,0.25,synthetic,True
MLCC_C010937,MLCC_B001,MLCC_X7R,leakage_ua,SIM_X7R_100N_50V,healthy_settling,healthy_settling,False,True,False,,,0.0326400578899,0.033587054686,False,False,False,0.25,synthetic,True
MLCC_C010979,MLCC_B001,MLCC_X7R,leakage_ua,SIM_X7R_100N_50V,healthy_settling,healthy_settling,False,True,False,,,0.0330756404179,0.0327667240823,False,False,False,0.25,synthetic,True
MLCC_C011070,MLCC_B001,MLCC_X7R,leakage_ua,SIM_X7R_100N_50V,gradual_drift,gradual_drift,True,False,False,0,,0.0604911483988,0.0570116325337,False,False,False,0.25,synthetic,True
MLCC_C011089,MLCC_B001,MLCC_X7R,leakage_ua,SIM_X7R_100N_50V,healthy_settling,healthy_settling,False,True,False,,,0.0336035803982,0.0337358053739,False,False,False,0.25,synthetic,True
MLCC_C011158,MLCC_B001,MLCC_X7R,leakage_ua,SIM_X7R_100N_50V,healthy_settling,healthy_settling,False,True,False,,,0.0405764708552,0.041492465986,False,False,False,0.25,synthetic,True
MLCC_C011266,MLCC_B001,MLCC_X7R,leakage_ua,SIM_X7R_100N_50V,healthy_settling,healthy_settling,False,True,False,,,0.0370336893358,0.0359766819525,False,False,False,0.25,synthetic,True
MLCC_C011285,MLCC_B001,MLCC_X7R,leakage_ua,SIM_X7R_100N_50V,ordinary_noise,ordinary_noise,False,True,False,,,0.0441225887645,0.0372761689446,False,False,False,0.25,synthetic,True
MLCC_C011308,MLCC_B001,MLCC_X7R,leakage_ua,SIM_X7R_100N_50V,healthy_settling,healthy_settling,False,True,False,,,0.0299088496192,0.0303013269139,False,False,False,0.25,synthetic,True
MLCC_C011327,MLCC_B001,MLCC_X7R,leakage_ua,SIM_X7R_100N_50V,healthy_settling,healthy_settling,False,True,False,,,0.0269841439895,0.026892226189,False,False,False,0.25,synthetic,True
MLCC_C011346,MLCC_B001,MLCC_X7R,leakage_ua,SIM_X7R_100N_50V,healthy_settling,healthy_settling,False,True,False,,,0.0294498686553,0.0296559324944,False,False,False,0.25,synthetic,True
MLCC_C011382,MLCC_B001,MLCC_X7R,leakage_ua,SIM_X7R_100N_50V,healthy_settling,healthy_settling,False,True,False,,,0.0460613121646,0.0475183541035,False,False,False,0.25,synthetic,True
MLCC_C011443,MLCC_B001,MLCC_X7R,leakage_ua,SIM_X7R_100N_50V,healthy_settling,healthy_settling,False,True,False,,,0.0254617734995,0.0249504360962,False,False,False,0.25,synthetic,True
MLCC_C011528,MLCC_B001,MLCC_X7R,leakage_ua,SIM_X7R_100N_50V,healthy_settling,healthy_settling,False,True,False,,,0.0297380490832,0.0299908302138,False,False,False,0.25,synthetic,True
MLCC_C011632,MLCC_B001,MLCC_X7R,leakage_ua,SIM_X7R_100N_50V,ordinary_noise,ordinary_noise,False,True,False,,,0.0371742799117,0.0326810836818,False,False,False,0.25,synthetic,True
MLCC_C011834,MLCC_B001,MLCC_X7R,leakage_ua,SIM_X7R_100N_50V,healthy_settling,healthy_settling,False,True,False,,,0.0164218419677,0.0159963178207,False,False,False,0.25,synthetic,True
MLCC_C011847,MLCC_B001,MLCC_X7R,leakage_ua,SIM_X7R_100N_50V,healthy_settling,healthy_settling,False,True,False,,,0.0433415782539,0.043825206234,False,False,False,0.25,synthetic,True
MLCC_C011859,MLCC_B001,MLCC_X7R,leakage_ua,SIM_X7R_100N_50V,healthy_settling,healthy_settling,False,True,False,,,0.0308244445703,0.0295165228684,False,False,False,0.25,synthetic,True
MLCC_C011926,MLCC_B001,MLCC_X7R,leakage_ua,SIM_X7R_100N_50V,ordinary_noise,ordinary_noise,False,True,False,,,0.0406488385019,0.0421394257522,False,False,False,0.25,synthetic,True
MLCC_C011956,MLCC_B001,MLCC_X7R,leakage_ua,SIM_X7R_100N_50V,healthy_settling,healthy_settling,False,True,False,,,0.0207419419716,0.0205505948791,False,False,False,0.25,synthetic,True
MLCC_C011957,MLCC_B001,MLCC_X7R,leakage_ua,SIM_X7R_100N_50V,healthy_settling,healthy_settling,False,True,False,,,0.0337215474321,0.0353648199314,False,False,False,0.25,synthetic,True
MLCC_C011959,MLCC_B001,MLCC_X7R,leakage_ua,SIM_X7R_100N_50V,healthy_settling,healthy_settling,False,True,False,,,0.0248797651077,0.0242210696949,False,False,False,0.25,synthetic,True
MLCC_C000052,MLCC_B004,MLCC_X7R,leakage_ua,SIM_X7R_10N_50V,ordinary_noise,ordinary_noise,False,True,False,,,0.0214649743195,0.0191375376221,False,False,False,0.12,synthetic,True
MLCC_C000177,MLCC_B004,MLCC_X7R,leakage_ua,SIM_X7R_10N_50V,intermittent_leakage,intermittent_leakage,True,False,False,12,,0.0104657018592,0.0109476498374,False,False,False,0.12,synthetic,True
MLCC_C000181,MLCC_B004,MLCC_X7R,leakage_ua,SIM_X7R_10N_50V,ordinary_noise,ordinary_noise,False,True,False,,,0.0102433435042,0.00973827353443,False,False,False,0.12,synthetic,True
MLCC_C000189,MLCC_B004,MLCC_X7R,leakage_ua,SIM_X7R_10N_50V,healthy_settling,healthy_settling,False,True,False,,,0.0218416641304,0.0221380876191,False,False,False,0.12,synthetic,True
MLCC_C000283,MLCC_B004,MLCC_X7R,leakage_ua,SIM_X7R_10N_50V,ordinary_noise,ordinary_noise,False,True,False,,,0.0136004523723,0.01182707589,False,False,False,0.12,synthetic,True
MLCC_C000319,MLCC_B004,MLCC_X7R,leakage_ua,SIM_X7R_10N_50V,ordinary_noise,ordinary_noise,False,True,False,,,0.0187398957457,0.0205796158845,False,False,False,0.12,synthetic,True
MLCC_C000376,MLCC_B004,MLCC_X7R,leakage_ua,SIM_X7R_10N_50V,healthy_settling,healthy_settling,False,True,False,,,0.0154053852388,0.0157072874073,False,False,False,0.12,synthetic,True
MLCC_C000393,MLCC_B004,MLCC_X7R,leakage_ua,SIM_X7R_10N_50V,healthy_settling,healthy_settling,False,True,False,,,0.00792529598477,0.00827186738638,False,False,False,0.12,synthetic,True
MLCC_C000441,MLCC_B004,MLCC_X7R,leakage_ua,SIM_X7R_10N_50V,late_abrupt_onset,late_abrupt_onset,True,False,False,48,,0.341767696731,0.356012312273,True,True,True,0.12,synthetic,True
MLCC_C000531,MLCC_B004,MLCC_X7R,leakage_ua,SIM_X7R_10N_50V,ordinary_noise,ordinary_noise,False,True,False,,,0.0166395607528,0.0155355936452,False,False,False,0.12,synthetic,True
MLCC_C000613,MLCC_B004,MLCC_X7R,leakage_ua,SIM_X7R_10N_50V,accelerating_drift,accelerating_drift,True,False,False,24,,0.0946267211265,0.0935025847724,False,False,False,0.12,synthetic,True
MLCC_C000658,MLCC_B004,MLCC_X7R,leakage_ua,SIM_X7R_10N_50V,ordinary_noise,ordinary_noise,False,True,False,,,0.011145520663,0.0107912050555,False,False,False,0.12,synthetic,True
MLCC_C000665,MLCC_B004,MLCC_X7R,leakage_ua,SIM_X7R_10N_50V,healthy_settling,healthy_settling,False,True,False,,,0.012607777705,0.0126281113871,False,False,False,0.12,synthetic,True
MLCC_C000675,MLCC_B004,MLCC_X7R,leakage_ua,SIM_X7R_10N_50V,gradual_drift,gradual_drift,True,False,False,0,,0.0906627769362,0.0889603391506,False,False,False,0.12,synthetic,True
MLCC_C000709,MLCC_B004,MLCC_X7R,leakage_ua,SIM_X7R_10N_50V,healthy_settling,healthy_settling,False,True,False,,,0.00840214262471,0.00854368817737,False,False,False,0.12,synthetic,True
MLCC_C000722,MLCC_B004,MLCC_X7R,leakage_ua,SIM_X7R_10N_50V,accelerating_drift,accelerating_drift,True,False,False,0,,0.0681746322595,0.0685403942362,False,False,False,0.12,synthetic,True
MLCC_C000786,MLCC_B004,MLCC_X7R,leakage_ua,SIM_X7R_10N_50V,healthy_settling,healthy_settling,False,True,False,,,0.0189992662145,0.0187329714821,False,False,False,0.12,synthetic,True
MLCC_C000801,MLCC_B004,MLCC_X7R,leakage_ua,SIM_X7R_10N_50V,accelerating_drift,accelerating_drift,True,False,False,12,,0.107294138372,0.110221484522,False,False,False,0.12,synthetic,True
MLCC_C000859,MLCC_B004,MLCC_X7R,leakage_ua,SIM_X7R_10N_50V,healthy_settling,healthy_settling,False,True,False,,,0.00985654864676,0.0101275605203,False,False,False,0.12,synthetic,True
MLCC_C001083,MLCC_B004,MLCC_X7R,leakage_ua,SIM_X7R_10N_50V,healthy_settling,healthy_settling,False,True,False,,,0.0222965653642,0.0219651924466,False,False,False,0.12,synthetic,True
MLCC_C001141,MLCC_B004,MLCC_X7R,leakage_ua,SIM_X7R_10N_50V,ordinary_noise,ordinary_noise,False,True,False,,,0.0183030233367,0.0185133499742,False,False,False,0.12,synthetic,True
MLCC_C001232,MLCC_B004,MLCC_X7R,leakage_ua,SIM_X7R_10N_50V,ordinary_noise,ordinary_noise,False,True,False,,,0.0146496634186,0.0154302502283,False,False,False,0.12,synthetic,True
MLCC_C001253,MLCC_B004,MLCC_X7R,leakage_ua,SIM_X7R_10N_50V,accelerating_drift,accelerating_drift,True,False,False,0,,0.0278489016267,0.027972756047,False,False,False,0.12,synthetic,True
MLCC_C001273,MLCC_B004,MLCC_X7R,leakage_ua,SIM_X7R_10N_50V,ordinary_noise,ordinary_noise,False,True,False,,,0.00918139792198,0.0112111166586,False,False,False,0.12,synthetic,True
MLCC_C001305,MLCC_B004,MLCC_X7R,leakage_ua,SIM_X7R_10N_50V,healthy_settling,healthy_settling,False,True,False,,,0.0125354270093,0.0122187087266,False,False,False,0.12,synthetic,True
MLCC_C001314,MLCC_B004,MLCC_X7R,leakage_ua,SIM_X7R_10N_50V,healthy_settling,healthy_settling,False,True,False,,,0.0152202907893,0.0145996965037,False,False,False,0.12,synthetic,True
MLCC_C001421,MLCC_B004,MLCC_X7R,leakage_ua,SIM_X7R_10N_50V,healthy_settling,healthy_settling,False,True,False,,,0.00959263793564,0.0093604413937,False,False,False,0.12,synthetic,True
MLCC_C001430,MLCC_B004,MLCC_X7R,leakage_ua,SIM_X7R_10N_50V,healthy_settling,healthy_settling,False,True,False,,,0.0163891489945,0.0165082060461,False,False,False,0.12,synthetic,True
MLCC_C001440,MLCC_B004,MLCC_X7R,leakage_ua,SIM_X7R_10N_50V,accelerating_drift,accelerating_drift,True,False,False,12,,0.0780434917248,0.0781769023758,False,False,False,0.12,synthetic,True
MLCC_C001483,MLCC_B004,MLCC_X7R,leakage_ua,SIM_X7R_10N_50V,ordinary_noise,ordinary_noise,False,True,False,,,0.0178138416694,0.019130852146,False,False,False,0.12,synthetic,True
MLCC_C001504,MLCC_B004,MLCC_X7R,leakage_ua,SIM_X7R_10N_50V,healthy_settling,healthy_settling,False,True,False,,,0.0115037752282,0.0108600868879,False,False,False,0.12,synthetic,True
MLCC_C001518,MLCC_B004,MLCC_X7R,leakage_ua,SIM_X7R_10N_50V,healthy_settling,healthy_settling,False,True,False,,,0.0147772054734,0.0150195430853,False,False,False,0.12,synthetic,True
MLCC_C001526,MLCC_B004,MLCC_X7R,leakage_ua,SIM_X7R_10N_50V,healthy_settling,healthy_settling,False,True,False,,,0.0132609764282,0.0130213638795,False,False,False,0.12,synthetic,True
MLCC_C001566,MLCC_B004,MLCC_X7R,leakage_ua,SIM_X7R_10N_50V,healthy_settling,healthy_settling,False,True,False,,,0.0129416862834,0.0129889452577,False,False,False,0.12,synthetic,True
MLCC_C001644,MLCC_B004,MLCC_X7R,leakage_ua,SIM_X7R_10N_50V,gradual_drift,gradual_drift,True,False,False,12,,0.0816194432256,0.0805362495848,False,False,False,0.12,synthetic,True
MLCC_C001659,MLCC_B004,MLCC_X7R,leakage_ua,SIM_X7R_10N_50V,healthy_settling,healthy_settling,False,True,False,,,0.0153519724308,0.0154613568906,False,False,False,0.12,synthetic,True
MLCC_C001747,MLCC_B004,MLCC_X7R,leakage_ua,SIM_X7R_10N_50V,healthy_settling,healthy_settling,False,True,False,,,0.0229891244799,0.0217570489227,False,False,False,0.12,synthetic,True
MLCC_C001783,MLCC_B004,MLCC_X7R,leakage_ua,SIM_X7R_10N_50V,healthy_settling,healthy_settling,False,True,False,,,0.0177806989464,0.0174383666743,False,False,False,0.12,synthetic,True
MLCC_C001880,MLCC_B004,MLCC_X7R,leakage_ua,SIM_X7R_10N_50V,accelerating_drift,accelerating_drift,True,False,False,24,,0.134273585201,0.133517440147,True,True,True,0.12,synthetic,True
MLCC_C001888,MLCC_B004,MLCC_X7R,leakage_ua,SIM_X7R_10N_50V,healthy_settling,healthy_settling,False,True,False,,,0.01559762842,0.0153243297709,False,False,False,0.12,synthetic,True
MLCC_C001956,MLCC_B004,MLCC_X7R,leakage_ua,SIM_X7R_10N_50V,healthy_settling,healthy_settling,False,True,False,,,0.0152608449974,0.0151449965795,False,False,False,0.12,synthetic,True
MLCC_C001972,MLCC_B004,MLCC_X7R,leakage_ua,SIM_X7R_10N_50V,moisture_associated_history,moisture_associated_history,True,False,False,0,,0.0650073792731,0.0681221091627,False,False,False,0.12,synthetic,True
MLCC_C002011,MLCC_B004,MLCC_X7R,leakage_ua,SIM_X7R_10N_50V,intermittent_leakage,intermittent_leakage,True,False,False,48,,0.0910232523834,0.0915160989378,False,False,True,0.12,synthetic,True
MLCC_C002053,MLCC_B004,MLCC_X7R,leakage_ua,SIM_X7R_10N_50V,healthy_settling,healthy_settling,False,True,False,,,0.0160992346048,0.0158933339404,False,False,False,0.12,synthetic,True
MLCC_C002065,MLCC_B004,MLCC_X7R,leakage_ua,SIM_X7R_10N_50V,late_abrupt_onset,late_abrupt_onset,True,False,False,120,,0.155626872221,0.166811275838,True,True,True,0.12,synthetic,True
MLCC_C002083,MLCC_B004,MLCC_X7R,leakage_ua,SIM_X7R_10N_50V,ordinary_noise,ordinary_noise,False,True,False,,,0.00933923076706,0.0119594419575,False,False,False,0.12,synthetic,True
MLCC_C002107,MLCC_B004,MLCC_X7R,leakage_ua,SIM_X7R_10N_50V,ordinary_noise,ordinary_noise,False,True,False,,,0.0181675021154,0.0182952832534,False,False,False,0.12,synthetic,True
MLCC_C002154,MLCC_B004,MLCC_X7R,leakage_ua,SIM_X7R_10N_50V,healthy_settling,healthy_settling,False,True,False,,,0.0151865715097,0.0158475136252,False,False,False,0.12,synthetic,True
MLCC_C002163,MLCC_B004,MLCC_X7R,leakage_ua,SIM_X7R_10N_50V,healthy_settling,healthy_settling,False,True,False,,,0.0177621238376,0.0180359803288,False,False,False,0.12,synthetic,True
MLCC_C002178,MLCC_B004,MLCC_X7R,leakage_ua,SIM_X7R_10N_50V,healthy_settling,healthy_settling,False,True,False,,,0.0109647490002,0.0113258022699,False,False,False,0.12,synthetic,True
MLCC_C002179,MLCC_B004,MLCC_X7R,leakage_ua,SIM_X7R_10N_50V,gradual_drift,gradual_drift,True,False,False,6,,0.0452322803598,0.0459542209319,False,False,False,0.12,synthetic,True
MLCC_C002210,MLCC_B004,MLCC_X7R,leakage_ua,SIM_X7R_10N_50V,gradual_drift,gradual_drift,True,False,False,12,,0.135539130443,0.134955206773,True,True,True,0.12,synthetic,True
MLCC_C002225,MLCC_B004,MLCC_X7R,leakage_ua,SIM_X7R_10N_50V,ordinary_noise,ordinary_noise,False,True,False,,,0.0257919001404,0.0235782105076,False,False,False,0.12,synthetic,True
MLCC_C002275,MLCC_B004,MLCC_X7R,leakage_ua,SIM_X7R_10N_50V,healthy_settling,healthy_settling,False,True,False,,,0.0160612345045,0.0167260659541,False,False,False,0.12,synthetic,True
MLCC_C002339,MLCC_B004,MLCC_X7R,leakage_ua,SIM_X7R_10N_50V,healthy_settling,healthy_settling,False,True,False,,,0.0094008438709,0.00914255925747,False,False,False,0.12,synthetic,True
MLCC_C002424,MLCC_B004,MLCC_X7R,leakage_ua,SIM_X7R_10N_50V,gradual_drift,gradual_drift,True,False,False,12,,0.108738502182,0.110394643315,False,False,False,0.12,synthetic,True
MLCC_C002487,MLCC_B004,MLCC_X7R,leakage_ua,SIM_X7R_10N_50V,healthy_settling,healthy_settling,False,True,False,,,0.0104975408265,0.0103680314509,False,False,False,0.12,synthetic,True
MLCC_C002508,MLCC_B004,MLCC_X7R,leakage_ua,SIM_X7R_10N_50V,healthy_settling,healthy_settling,False,True,False,,,0.0167240772217,0.0162305272487,False,False,False,0.12,synthetic,True
MLCC_C002721,MLCC_B004,MLCC_X7R,leakage_ua,SIM_X7R_10N_50V,healthy_settling,healthy_settling,False,True,False,,,0.0146992582375,0.014877046062,False,False,False,0.12,synthetic,True
MLCC_C002726,MLCC_B004,MLCC_X7R,leakage_ua,SIM_X7R_10N_50V,ordinary_noise,ordinary_noise,False,True,False,,,0.0125614304529,0.0121843527642,False,False,False,0.12,synthetic,True
MLCC_C002745,MLCC_B004,MLCC_X7R,leakage_ua,SIM_X7R_10N_50V,healthy_settling,healthy_settling,False,True,False,,,0.0164995651837,0.0166163688541,False,False,False,0.12,synthetic,True
MLCC_C002751,MLCC_B004,MLCC_X7R,leakage_ua,SIM_X7R_10N_50V,healthy_settling,healthy_settling,False,True,False,,,0.00836931252742,0.00808175186117,False,False,False,0.12,synthetic,True
MLCC_C002861,MLCC_B004,MLCC_X7R,leakage_ua,SIM_X7R_10N_50V,ordinary_noise,ordinary_noise,False,True,False,,,0.0139128639633,0.0162182107807,False,False,False,0.12,synthetic,True
MLCC_C002884,MLCC_B004,MLCC_X7R,leakage_ua,SIM_X7R_10N_50V,healthy_settling,healthy_settling,False,True,False,,,0.0198762465991,0.0197277556782,False,False,False,0.12,synthetic,True
MLCC_C002897,MLCC_B004,MLCC_X7R,leakage_ua,SIM_X7R_10N_50V,healthy_settling,healthy_settling,False,True,False,,,0.0121902042544,0.0114440434909,False,False,False,0.12,synthetic,True
MLCC_C002949,MLCC_B004,MLCC_X7R,leakage_ua,SIM_X7R_10N_50V,ordinary_noise,ordinary_noise,False,True,False,,,0.0163483759662,0.0163922298554,False,False,False,0.12,synthetic,True
MLCC_C003004,MLCC_B004,MLCC_X7R,leakage_ua,SIM_X7R_10N_50V,healthy_settling,healthy_settling,False,True,False,,,0.00970648851021,0.00950543776555,False,False,False,0.12,synthetic,True
MLCC_C003044,MLCC_B004,MLCC_X7R,leakage_ua,SIM_X7R_10N_50V,healthy_settling,healthy_settling,False,True,False,,,0.0132778128857,0.0134858669857,False,False,False,0.12,synthetic,True
MLCC_C003103,MLCC_B004,MLCC_X7R,leakage_ua,SIM_X7R_10N_50V,healthy_settling,healthy_settling,False,True,False,,,0.017983719081,0.0174629487358,False,False,False,0.12,synthetic,True
MLCC_C003199,MLCC_B004,MLCC_X7R,leakage_ua,SIM_X7R_10N_50V,ordinary_noise,ordinary_noise,False,True,False,,,0.0115660978794,0.0108086905841,False,False,False,0.12,synthetic,True
MLCC_C003291,MLCC_B004,MLCC_X7R,leakage_ua,SIM_X7R_10N_50V,healthy_settling,healthy_settling,False,True,False,,,0.00736624768112,0.00751350337045,False,False,False,0.12,synthetic,True
MLCC_C003314,MLCC_B004,MLCC_X7R,leakage_ua,SIM_X7R_10N_50V,intermittent_leakage,intermittent_leakage,True,False,False,48,,0.0126721367638,0.0130595969962,False,False,False,0.12,synthetic,True
MLCC_C003357,MLCC_B004,MLCC_X7R,leakage_ua,SIM_X7R_10N_50V,healthy_settling,healthy_settling,False,True,False,,,0.0189495985274,0.0196113780955,False,False,False,0.12,synthetic,True
MLCC_C003519,MLCC_B004,MLCC_X7R,leakage_ua,SIM_X7R_10N_50V,healthy_settling,healthy_settling,False,True,False,,,0.018541060519,0.0190001162229,False,False,False,0.12,synthetic,True
MLCC_C003607,MLCC_B004,MLCC_X7R,leakage_ua,SIM_X7R_10N_50V,healthy_settling,healthy_settling,False,True,False,,,0.0194458510904,0.018851587584,False,False,False,0.12,synthetic,True
MLCC_C003612,MLCC_B004,MLCC_X7R,leakage_ua,SIM_X7R_10N_50V,healthy_settling,healthy_settling,False,True,False,,,0.023732801483,0.0228775520983,False,False,False,0.12,synthetic,True
MLCC_C003662,MLCC_B004,MLCC_X7R,leakage_ua,SIM_X7R_10N_50V,ordinary_noise,ordinary_noise,False,True,False,,,0.00798440638562,0.00809834949922,False,False,False,0.12,synthetic,True
MLCC_C003691,MLCC_B004,MLCC_X7R,leakage_ua,SIM_X7R_10N_50V,ordinary_noise,ordinary_noise,False,True,False,,,0.0120179521579,0.0102156702507,False,False,False,0.12,synthetic,True
MLCC_C003703,MLCC_B004,MLCC_X7R,leakage_ua,SIM_X7R_10N_50V,healthy_settling,healthy_settling,False,True,False,,,0.0128295068037,0.012075581001,False,False,False,0.12,synthetic,True
MLCC_C003728,MLCC_B004,MLCC_X7R,leakage_ua,SIM_X7R_10N_50V,late_abrupt_onset,late_abrupt_onset,True,False,False,144,,0.279638327246,0.284983916185,True,True,True,0.12,synthetic,True
MLCC_C003864,MLCC_B004,MLCC_X7R,leakage_ua,SIM_X7R_10N_50V,healthy_settling,healthy_settling,False,True,False,,,0.0134798886545,0.0133934100313,False,False,False,0.12,synthetic,True
MLCC_C003998,MLCC_B004,MLCC_X7R,leakage_ua,SIM_X7R_10N_50V,ordinary_noise,ordinary_noise,False,True,False,,,0.016697007584,0.0152383228279,False,False,False,0.12,synthetic,True
MLCC_C004008,MLCC_B004,MLCC_X7R,leakage_ua,SIM_X7R_10N_50V,accelerating_drift,accelerating_drift,True,False,False,0,,0.0847065365416,0.084528122504,False,False,False,0.12,synthetic,True
MLCC_C004011,MLCC_B004,MLCC_X7R,leakage_ua,SIM_X7R_10N_50V,ordinary_noise,ordinary_noise,False,True,False,,,0.00955968869209,0.00949643499389,False,False,False,0.12,synthetic,True
MLCC_C004092,MLCC_B004,MLCC_X7R,leakage_ua,SIM_X7R_10N_50V,healthy_settling,healthy_settling,False,True,False,,,0.0149313174738,0.0149282525562,False,False,False,0.12,synthetic,True
MLCC_C004107,MLCC_B004,MLCC_X7R,leakage_ua,SIM_X7R_10N_50V,intermittent_leakage,intermittent_leakage,True,False,False,12,,0.14378001129,0.136118389869,True,True,True,0.12,synthetic,True
MLCC_C004142,MLCC_B004,MLCC_X7R,leakage_ua,SIM_X7R_10N_50V,healthy_settling,healthy_settling,False,True,False,,,0.0137689297397,0.0141314205207,False,False,False,0.12,synthetic,True
MLCC_C004304,MLCC_B004,MLCC_X7R,leakage_ua,SIM_X7R_10N_50V,ordinary_noise,ordinary_noise,False,True,False,,,0.00812045494723,0.00943512391175,False,False,False,0.12,synthetic,True
MLCC_C004328,MLCC_B004,MLCC_X7R,leakage_ua,SIM_X7R_10N_50V,accelerating_drift,accelerating_drift,True,False,False,24,,0.0572888299498,0.0568482789431,False,False,False,0.12,synthetic,True
MLCC_C004413,MLCC_B004,MLCC_X7R,leakage_ua,SIM_X7R_10N_50V,ordinary_noise,ordinary_noise,False,True,False,,,0.00932571195134,0.010755617523,False,False,False,0.12,synthetic,True
MLCC_C004507,MLCC_B004,MLCC_X7R,leakage_ua,SIM_X7R_10N_50V,healthy_settling,healthy_settling,False,True,False,,,0.0174032172033,0.0183613996588,False,False,False,0.12,synthetic,True
MLCC_C004561,MLCC_B004,MLCC_X7R,leakage_ua,SIM_X7R_10N_50V,healthy_settling,healthy_settling,False,True,False,,,0.0172627995548,0.0179992859455,False,False,False,0.12,synthetic,True
MLCC_C004673,MLCC_B004,MLCC_X7R,leakage_ua,SIM_X7R_10N_50V,healthy_settling,healthy_settling,False,True,False,,,0.0119113037719,0.0118425466185,False,False,False,0.12,synthetic,True
MLCC_C004691,MLCC_B004,MLCC_X7R,leakage_ua,SIM_X7R_10N_50V,ordinary_noise,ordinary_noise,False,True,False,,,0.0340891121707,0.0346876693786,False,False,False,0.12,synthetic,True
MLCC_C004770,MLCC_B004,MLCC_X7R,leakage_ua,SIM_X7R_10N_50V,healthy_settling,healthy_settling,False,True,False,,,0.00932625540475,0.00921792414893,False,False,False,0.12,synthetic,True
MLCC_C004795,MLCC_B004,MLCC_X7R,leakage_ua,SIM_X7R_10N_50V,healthy_settling,healthy_settling,False,True,False,,,0.00948344884658,0.00977398844745,False,False,False,0.12,synthetic,True
MLCC_C004894,MLCC_B004,MLCC_X7R,leakage_ua,SIM_X7R_10N_50V,healthy_settling,healthy_settling,False,True,False,,,0.00838270075726,0.00812929746689,False,False,False,0.12,synthetic,True
MLCC_C004898,MLCC_B004,MLCC_X7R,leakage_ua,SIM_X7R_10N_50V,late_abrupt_onset,late_abrupt_onset,True,False,False,96,,0.0762261103766,0.07710901761,False,False,False,0.12,synthetic,True
MLCC_C004952,MLCC_B004,MLCC_X7R,leakage_ua,SIM_X7R_10N_50V,accelerating_drift,accelerating_drift,True,False,False,24,,0.0607947281264,0.060139819479,False,False,False,0.12,synthetic,True
MLCC_C005071,MLCC_B004,MLCC_X7R,leakage_ua,SIM_X7R_10N_50V,healthy_settling,healthy_settling,False,True,False,,,0.013346159501,0.013191334497,False,False,False,0.12,synthetic,True
MLCC_C005147,MLCC_B004,MLCC_X7R,leakage_ua,SIM_X7R_10N_50V,healthy_settling,healthy_settling,False,True,False,,,0.0138352924811,0.0143344227335,False,False,False,0.12,synthetic,True
MLCC_C005372,MLCC_B004,MLCC_X7R,leakage_ua,SIM_X7R_10N_50V,accelerating_drift,accelerating_drift,True,False,False,12,,0.0543003561287,0.0532406585498,False,False,False,0.12,synthetic,True
MLCC_C005435,MLCC_B004,MLCC_X7R,leakage_ua,SIM_X7R_10N_50V,healthy_settling,healthy_settling,False,True,False,,,0.0128984996809,0.0127859797341,False,False,False,0.12,synthetic,True
MLCC_C005450,MLCC_B004,MLCC_X7R,leakage_ua,SIM_X7R_10N_50V,healthy_settling,healthy_settling,False,True,False,,,0.0145777529685,0.0149461682363,False,False,False,0.12,synthetic,True
MLCC_C005490,MLCC_B004,MLCC_X7R,leakage_ua,SIM_X7R_10N_50V,healthy_settling,healthy_settling,False,True,False,,,0.0118289855537,0.0127980138688,False,False,False,0.12,synthetic,True
MLCC_C005520,MLCC_B004,MLCC_X7R,leakage_ua,SIM_X7R_10N_50V,accelerating_drift,accelerating_drift,True,False,False,24,,0.0322719973277,0.0306407037605,False,False,False,0.12,synthetic,True
MLCC_C005637,MLCC_B004,MLCC_X7R,leakage_ua,SIM_X7R_10N_50V,healthy_settling,healthy_settling,False,True,False,,,0.0137114280834,0.0129330322368,False,False,False,0.12,synthetic,True
MLCC_C005691,MLCC_B004,MLCC_X7R,leakage_ua,SIM_X7R_10N_50V,healthy_settling,healthy_settling,False,True,False,,,0.0132641297828,0.0129508768363,False,False,False,0.12,synthetic,True
MLCC_C005730,MLCC_B004,MLCC_X7R,leakage_ua,SIM_X7R_10N_50V,ordinary_noise,ordinary_noise,False,True,False,,,0.013357215189,0.0131511966698,False,False,False,0.12,synthetic,True
MLCC_C005792,MLCC_B004,MLCC_X7R,leakage_ua,SIM_X7R_10N_50V,healthy_settling,healthy_settling,False,True,False,,,0.0108381058073,0.010541074716,False,False,False,0.12,synthetic,True
MLCC_C005849,MLCC_B004,MLCC_X7R,leakage_ua,SIM_X7R_10N_50V,ordinary_noise,ordinary_noise,False,True,False,,,0.0139963636926,0.0136385121331,False,False,False,0.12,synthetic,True
MLCC_C005861,MLCC_B004,MLCC_X7R,leakage_ua,SIM_X7R_10N_50V,ordinary_noise,ordinary_noise,False,True,False,,,0.0182198428727,0.0192093594553,False,False,False,0.12,synthetic,True
MLCC_C005947,MLCC_B004,MLCC_X7R,leakage_ua,SIM_X7R_10N_50V,healthy_settling,healthy_settling,False,True,False,,,0.0139436055197,0.0146681164498,False,False,False,0.12,synthetic,True
MLCC_C006064,MLCC_B004,MLCC_X7R,leakage_ua,SIM_X7R_10N_50V,healthy_settling,healthy_settling,False,True,False,,,0.0101048123742,0.00985885512788,False,False,False,0.12,synthetic,True
MLCC_C006088,MLCC_B004,MLCC_X7R,leakage_ua,SIM_X7R_10N_50V,healthy_settling,healthy_settling,False,True,False,,,0.0186689030332,0.0186410438807,False,False,False,0.12,synthetic,True
MLCC_C006184,MLCC_B004,MLCC_X7R,leakage_ua,SIM_X7R_10N_50V,gradual_drift,gradual_drift,True,False,False,0,,0.126605771043,0.133367183302,True,True,True,0.12,synthetic,True
MLCC_C006197,MLCC_B004,MLCC_X7R,leakage_ua,SIM_X7R_10N_50V,healthy_settling,healthy_settling,False,True,False,,,0.0123636480016,0.0125976805422,False,False,False,0.12,synthetic,True
MLCC_C006362,MLCC_B004,MLCC_X7R,leakage_ua,SIM_X7R_10N_50V,healthy_settling,healthy_settling,False,True,False,,,0.00938334223452,0.00866892366265,False,False,False,0.12,synthetic,True
MLCC_C006462,MLCC_B004,MLCC_X7R,leakage_ua,SIM_X7R_10N_50V,healthy_settling,healthy_settling,False,True,False,,,0.0114793198704,0.0110672544943,False,False,False,0.12,synthetic,True
MLCC_C006515,MLCC_B004,MLCC_X7R,leakage_ua,SIM_X7R_10N_50V,ordinary_noise,ordinary_noise,False,True,False,,,0.0168002389659,0.0155101842725,False,False,False,0.12,synthetic,True
MLCC_C006666,MLCC_B004,MLCC_X7R,leakage_ua,SIM_X7R_10N_50V,healthy_settling,healthy_settling,False,True,False,,,0.0115889370416,0.0115413465202,False,False,False,0.12,synthetic,True
MLCC_C006698,MLCC_B004,MLCC_X7R,leakage_ua,SIM_X7R_10N_50V,gradual_drift,gradual_drift,True,False,False,12,,0.139220955988,0.135060165007,True,True,True,0.12,synthetic,True
MLCC_C006762,MLCC_B004,MLCC_X7R,leakage_ua,SIM_X7R_10N_50V,healthy_settling,healthy_settling,False,True,False,,,0.00878421439568,0.00901731684585,False,False,False,0.12,synthetic,True
MLCC_C006843,MLCC_B004,MLCC_X7R,leakage_ua,SIM_X7R_10N_50V,healthy_settling,healthy_settling,False,True,False,,,0.0164828345067,0.0167501813046,False,False,False,0.12,synthetic,True
MLCC_C006848,MLCC_B004,MLCC_X7R,leakage_ua,SIM_X7R_10N_50V,healthy_settling,healthy_settling,False,True,False,,,0.00949268533659,0.00952969610599,False,False,False,0.12,synthetic,True
MLCC_C006870,MLCC_B004,MLCC_X7R,leakage_ua,SIM_X7R_10N_50V,ordinary_noise,ordinary_noise,False,True,False,,,0.0208601439924,0.0214439543117,False,False,False,0.12,synthetic,True
MLCC_C006913,MLCC_B004,MLCC_X7R,leakage_ua,SIM_X7R_10N_50V,healthy_settling,healthy_settling,False,True,False,,,0.0125400106066,0.0126272492468,False,False,False,0.12,synthetic,True
MLCC_C006924,MLCC_B004,MLCC_X7R,leakage_ua,SIM_X7R_10N_50V,accelerating_drift,accelerating_drift,True,False,False,0,,0.0966765905848,0.0973380823542,False,False,False,0.12,synthetic,True
MLCC_C006951,MLCC_B004,MLCC_X7R,leakage_ua,SIM_X7R_10N_50V,healthy_settling,healthy_settling,False,True,False,,,0.0109728150356,0.0110152708625,False,False,False,0.12,synthetic,True
MLCC_C006998,MLCC_B004,MLCC_X7R,leakage_ua,SIM_X7R_10N_50V,healthy_settling,healthy_settling,False,True,False,,,0.0139152449007,0.0147925559492,False,False,False,0.12,synthetic,True
MLCC_C007115,MLCC_B004,MLCC_X7R,leakage_ua,SIM_X7R_10N_50V,healthy_settling,healthy_settling,False,True,False,,,0.0143723300121,0.0144045291743,False,False,False,0.12,synthetic,True
MLCC_C007161,MLCC_B004,MLCC_X7R,leakage_ua,SIM_X7R_10N_50V,healthy_settling,healthy_settling,False,True,False,,,0.00838217970209,0.00835177577219,False,False,False,0.12,synthetic,True
MLCC_C007179,MLCC_B004,MLCC_X7R,leakage_ua,SIM_X7R_10N_50V,ordinary_noise,ordinary_noise,False,True,False,,,0.0114752084237,0.0100940096924,False,False,False,0.12,synthetic,True
MLCC_C007235,MLCC_B004,MLCC_X7R,leakage_ua,SIM_X7R_10N_50V,ordinary_noise,ordinary_noise,False,True,False,,,0.0188552885763,0.0223511743376,False,False,False,0.12,synthetic,True
MLCC_C007251,MLCC_B004,MLCC_X7R,leakage_ua,SIM_X7R_10N_50V,accelerating_drift,accelerating_drift,True,False,False,24,,0.157670256759,0.156859430443,True,True,True,0.12,synthetic,True
MLCC_C007364,MLCC_B004,MLCC_X7R,leakage_ua,SIM_X7R_10N_50V,ordinary_noise,ordinary_noise,False,True,False,,,0.0155550780655,0.0150383593676,False,False,False,0.12,synthetic,True
MLCC_C007370,MLCC_B004,MLCC_X7R,leakage_ua,SIM_X7R_10N_50V,gradual_drift,gradual_drift,True,False,False,0,,0.170988059125,0.168638231776,True,True,True,0.12,synthetic,True
MLCC_C007449,MLCC_B004,MLCC_X7R,leakage_ua,SIM_X7R_10N_50V,healthy_settling,healthy_settling,False,True,False,,,0.0108096318161,0.0107554166405,False,False,False,0.12,synthetic,True
MLCC_C007469,MLCC_B004,MLCC_X7R,leakage_ua,SIM_X7R_10N_50V,ordinary_noise,ordinary_noise,False,True,False,,,0.00929373151113,0.010174066384,False,False,False,0.12,synthetic,True
MLCC_C007536,MLCC_B004,MLCC_X7R,leakage_ua,SIM_X7R_10N_50V,healthy_settling,healthy_settling,False,True,False,,,0.0161823574348,0.0160288746889,False,False,False,0.12,synthetic,True
MLCC_C007566,MLCC_B004,MLCC_X7R,leakage_ua,SIM_X7R_10N_50V,healthy_settling,healthy_settling,False,True,False,,,0.0123316378283,0.0125743413949,False,False,False,0.12,synthetic,True
MLCC_C007598,MLCC_B004,MLCC_X7R,leakage_ua,SIM_X7R_10N_50V,healthy_settling,healthy_settling,False,True,False,,,0.0199463158514,0.0206768618364,False,False,False,0.12,synthetic,True
MLCC_C007685,MLCC_B004,MLCC_X7R,leakage_ua,SIM_X7R_10N_50V,gradual_drift,gradual_drift,True,False,False,12,,0.130617696796,0.123403274604,True,True,True,0.12,synthetic,True
MLCC_C007716,MLCC_B004,MLCC_X7R,leakage_ua,SIM_X7R_10N_50V,ordinary_noise,ordinary_noise,False,True,False,,,0.0067057475282,0.0061376208731,False,False,False,0.12,synthetic,True
MLCC_C007846,MLCC_B004,MLCC_X7R,leakage_ua,SIM_X7R_10N_50V,healthy_settling,healthy_settling,False,True,False,,,0.0123922392824,0.0130475993475,False,False,False,0.12,synthetic,True
MLCC_C007859,MLCC_B004,MLCC_X7R,leakage_ua,SIM_X7R_10N_50V,healthy_settling,healthy_settling,False,True,False,,,0.0202948378864,0.0209901824766,False,False,False,0.12,synthetic,True
MLCC_C007869,MLCC_B004,MLCC_X7R,leakage_ua,SIM_X7R_10N_50V,ordinary_noise,ordinary_noise,False,True,False,,,0.00984002494702,0.0114349369915,False,False,False,0.12,synthetic,True
MLCC_C008014,MLCC_B004,MLCC_X7R,leakage_ua,SIM_X7R_10N_50V,healthy_settling,healthy_settling,False,True,False,,,0.0111582702554,0.0114025691949,False,False,False,0.12,synthetic,True
MLCC_C008017,MLCC_B004,MLCC_X7R,leakage_ua,SIM_X7R_10N_50V,intermittent_leakage,intermittent_leakage,True,False,False,12,,0.0405547558896,0.0382606213542,False,False,False,0.12,synthetic,True
MLCC_C008026,MLCC_B004,MLCC_X7R,leakage_ua,SIM_X7R_10N_50V,moisture_associated_history,moisture_associated_history,True,False,False,24,,0.0496998949162,0.0490160783198,False,False,False,0.12,synthetic,True
MLCC_C008216,MLCC_B004,MLCC_X7R,leakage_ua,SIM_X7R_10N_50V,healthy_settling,healthy_settling,False,True,False,,,0.0184762674022,0.0183055646351,False,False,False,0.12,synthetic,True
MLCC_C008441,MLCC_B004,MLCC_X7R,leakage_ua,SIM_X7R_10N_50V,healthy_settling,healthy_settling,False,True,False,,,0.0157361683727,0.0157193779886,False,False,False,0.12,synthetic,True
MLCC_C008508,MLCC_B004,MLCC_X7R,leakage_ua,SIM_X7R_10N_50V,ordinary_noise,ordinary_noise,False,True,False,,,0.00962146978325,0.0126886411736,False,False,False,0.12,synthetic,True
MLCC_C008631,MLCC_B004,MLCC_X7R,leakage_ua,SIM_X7R_10N_50V,healthy_settling,healthy_settling,False,True,False,,,0.0144337632042,0.0146875929353,False,False,False,0.12,synthetic,True
MLCC_C008660,MLCC_B004,MLCC_X7R,leakage_ua,SIM_X7R_10N_50V,healthy_settling,healthy_settling,False,True,False,,,0.0228699291993,0.0236940040214,False,False,False,0.12,synthetic,True
MLCC_C008670,MLCC_B004,MLCC_X7R,leakage_ua,SIM_X7R_10N_50V,healthy_settling,healthy_settling,False,True,False,,,0.0134971268556,0.0140300176272,False,False,False,0.12,synthetic,True
MLCC_C008735,MLCC_B004,MLCC_X7R,leakage_ua,SIM_X7R_10N_50V,healthy_settling,healthy_settling,False,True,False,,,0.0139926198539,0.0146955045229,False,False,False,0.12,synthetic,True
MLCC_C008809,MLCC_B004,MLCC_X7R,leakage_ua,SIM_X7R_10N_50V,healthy_settling,healthy_settling,False,True,False,,,0.0176676650309,0.0177107045425,False,False,False,0.12,synthetic,True
MLCC_C008814,MLCC_B004,MLCC_X7R,leakage_ua,SIM_X7R_10N_50V,accelerating_drift,accelerating_drift,True,False,False,24,,0.0589067369217,0.0582352656223,False,False,False,0.12,synthetic,True
MLCC_C008995,MLCC_B004,MLCC_X7R,leakage_ua,SIM_X7R_10N_50V,ordinary_noise,ordinary_noise,False,True,False,,,0.0132747497899,0.0124203973226,False,False,False,0.12,synthetic,True
MLCC_C009190,MLCC_B004,MLCC_X7R,leakage_ua,SIM_X7R_10N_50V,healthy_settling,healthy_settling,False,True,False,,,0.0216642549074,0.0211790721393,False,False,False,0.12,synthetic,True
MLCC_C009242,MLCC_B004,MLCC_X7R,leakage_ua,SIM_X7R_10N_50V,healthy_settling,healthy_settling,False,True,False,,,0.0076645794059,0.00839282016068,False,False,False,0.12,synthetic,True
MLCC_C009330,MLCC_B004,MLCC_X7R,leakage_ua,SIM_X7R_10N_50V,intermittent_leakage,intermittent_leakage,True,False,False,12,,0.00878410145169,0.0085824990567,False,False,False,0.12,synthetic,True
MLCC_C009349,MLCC_B004,MLCC_X7R,leakage_ua,SIM_X7R_10N_50V,healthy_settling,healthy_settling,False,True,False,,,0.0108365879382,0.0110421863789,False,False,False,0.12,synthetic,True
MLCC_C009459,MLCC_B004,MLCC_X7R,leakage_ua,SIM_X7R_10N_50V,healthy_settling,healthy_settling,False,True,False,,,0.0165410678863,0.0163012990488,False,False,False,0.12,synthetic,True
MLCC_C009488,MLCC_B004,MLCC_X7R,leakage_ua,SIM_X7R_10N_50V,ordinary_noise,ordinary_noise,False,True,False,,,0.0244693335738,0.0255703663079,False,False,False,0.12,synthetic,True
MLCC_C009554,MLCC_B004,MLCC_X7R,leakage_ua,SIM_X7R_10N_50V,healthy_settling,healthy_settling,False,True,False,,,0.0103145877597,0.010649365714,False,False,False,0.12,synthetic,True
MLCC_C009586,MLCC_B004,MLCC_X7R,leakage_ua,SIM_X7R_10N_50V,healthy_settling,healthy_settling,False,True,False,,,0.0129943871733,0.0132797789154,False,False,False,0.12,synthetic,True
MLCC_C009602,MLCC_B004,MLCC_X7R,leakage_ua,SIM_X7R_10N_50V,healthy_settling,healthy_settling,False,True,False,,,0.00910311841182,0.00903883876265,False,False,False,0.12,synthetic,True
MLCC_C009709,MLCC_B004,MLCC_X7R,leakage_ua,SIM_X7R_10N_50V,healthy_settling,healthy_settling,False,True,False,,,0.0130294372333,0.0126268240576,False,False,False,0.12,synthetic,True
MLCC_C009728,MLCC_B004,MLCC_X7R,leakage_ua,SIM_X7R_10N_50V,healthy_settling,healthy_settling,False,True,False,,,0.0138334823747,0.0146346676095,False,False,False,0.12,synthetic,True
MLCC_C009782,MLCC_B004,MLCC_X7R,leakage_ua,SIM_X7R_10N_50V,healthy_settling,healthy_settling,False,True,False,,,0.0157885824743,0.0156594026307,False,False,False,0.12,synthetic,True
MLCC_C009802,MLCC_B004,MLCC_X7R,leakage_ua,SIM_X7R_10N_50V,healthy_settling,healthy_settling,False,True,False,,,0.019818805152,0.0194916153509,False,False,False,0.12,synthetic,True
MLCC_C009843,MLCC_B004,MLCC_X7R,leakage_ua,SIM_X7R_10N_50V,ordinary_noise,ordinary_noise,False,True,False,,,0.0115439010888,0.0125415527466,False,False,False,0.12,synthetic,True
MLCC_C009851,MLCC_B004,MLCC_X7R,leakage_ua,SIM_X7R_10N_50V,healthy_settling,healthy_settling,False,True,False,,,0.0154179494322,0.0156081289295,False,False,False,0.12,synthetic,True
MLCC_C009922,MLCC_B004,MLCC_X7R,leakage_ua,SIM_X7R_10N_50V,healthy_settling,healthy_settling,False,True,False,,,0.0185307924683,0.0181045571486,False,False,False,0.12,synthetic,True
MLCC_C009942,MLCC_B004,MLCC_X7R,leakage_ua,SIM_X7R_10N_50V,ordinary_noise,ordinary_noise,False,True,False,,,0.00789544189806,0.0101092489205,False,False,False,0.12,synthetic,True
MLCC_C009969,MLCC_B004,MLCC_X7R,leakage_ua,SIM_X7R_10N_50V,healthy_settling,healthy_settling,False,True,False,,,0.0131437061228,0.0133832691492,False,False,False,0.12,synthetic,True
MLCC_C010025,MLCC_B004,MLCC_X7R,leakage_ua,SIM_X7R_10N_50V,healthy_settling,healthy_settling,False,True,False,,,0.0133964996011,0.0137872352928,False,False,False,0.12,synthetic,True
MLCC_C010053,MLCC_B004,MLCC_X7R,leakage_ua,SIM_X7R_10N_50V,healthy_settling,healthy_settling,False,True,False,,,0.0187898465529,0.0181130994201,False,False,False,0.12,synthetic,True
MLCC_C010066,MLCC_B004,MLCC_X7R,leakage_ua,SIM_X7R_10N_50V,ordinary_noise,ordinary_noise,False,True,False,,,0.0149805249463,0.0126877612662,False,False,False,0.12,synthetic,True
MLCC_C010285,MLCC_B004,MLCC_X7R,leakage_ua,SIM_X7R_10N_50V,healthy_settling,healthy_settling,False,True,False,,,0.0164743416606,0.0161563183844,False,False,False,0.12,synthetic,True
MLCC_C010355,MLCC_B004,MLCC_X7R,leakage_ua,SIM_X7R_10N_50V,healthy_settling,healthy_settling,False,True,False,,,0.0175210989224,0.0175737711399,False,False,False,0.12,synthetic,True
MLCC_C010560,MLCC_B004,MLCC_X7R,leakage_ua,SIM_X7R_10N_50V,ordinary_noise,ordinary_noise,False,True,False,,,0.00823801498415,0.00850506873046,False,False,False,0.12,synthetic,True
MLCC_C010604,MLCC_B004,MLCC_X7R,leakage_ua,SIM_X7R_10N_50V,healthy_settling,healthy_settling,False,True,False,,,0.0155555036837,0.0153474529595,False,False,False,0.12,synthetic,True
MLCC_C010746,MLCC_B004,MLCC_X7R,leakage_ua,SIM_X7R_10N_50V,healthy_settling,healthy_settling,False,True,False,,,0.0116328478623,0.0117763677041,False,False,False,0.12,synthetic,True
MLCC_C010880,MLCC_B004,MLCC_X7R,leakage_ua,SIM_X7R_10N_50V,healthy_settling,healthy_settling,False,True,False,,,0.0153490492777,0.0152534889667,False,False,False,0.12,synthetic,True
MLCC_C010956,MLCC_B004,MLCC_X7R,leakage_ua,SIM_X7R_10N_50V,ordinary_noise,ordinary_noise,False,True,False,,,0.00754714148087,0.00861166243247,False,False,False,0.12,synthetic,True
MLCC_C011153,MLCC_B004,MLCC_X7R,leakage_ua,SIM_X7R_10N_50V,moisture_associated_history,moisture_associated_history,True,False,False,12,,0.0351606782572,0.0343666132566,False,False,False,0.12,synthetic,True
MLCC_C011218,MLCC_B004,MLCC_X7R,leakage_ua,SIM_X7R_10N_50V,healthy_settling,healthy_settling,False,True,False,,,0.0121119515073,0.0115658975901,False,False,False,0.12,synthetic,True
MLCC_C011242,MLCC_B004,MLCC_X7R,leakage_ua,SIM_X7R_10N_50V,healthy_settling,healthy_settling,False,True,False,,,0.0110859548385,0.0123119646461,False,False,False,0.12,synthetic,True
MLCC_C011303,MLCC_B004,MLCC_X7R,leakage_ua,SIM_X7R_10N_50V,healthy_settling,healthy_settling,False,True,False,,,0.00741659637007,0.00751705998164,False,False,False,0.12,synthetic,True
MLCC_C011329,MLCC_B004,MLCC_X7R,leakage_ua,SIM_X7R_10N_50V,healthy_settling,healthy_settling,False,True,False,,,0.00868351268353,0.00815291055075,False,False,False,0.12,synthetic,True
MLCC_C011479,MLCC_B004,MLCC_X7R,leakage_ua,SIM_X7R_10N_50V,healthy_settling,healthy_settling,False,True,False,,,0.0106083395325,0.0109866444509,False,False,False,0.12,synthetic,True
MLCC_C011580,MLCC_B004,MLCC_X7R,leakage_ua,SIM_X7R_10N_50V,healthy_settling,healthy_settling,False,True,False,,,0.0119452091519,0.0120260328159,False,False,False,0.12,synthetic,True
MLCC_C011589,MLCC_B004,MLCC_X7R,leakage_ua,SIM_X7R_10N_50V,ordinary_noise,ordinary_noise,False,True,False,,,0.0106529707563,0.0110764518534,False,False,False,0.12,synthetic,True
MLCC_C011656,MLCC_B004,MLCC_X7R,leakage_ua,SIM_X7R_10N_50V,healthy_settling,healthy_settling,False,True,False,,,0.0091415490807,0.0092651874003,False,False,False,0.12,synthetic,True
MLCC_C011725,MLCC_B004,MLCC_X7R,leakage_ua,SIM_X7R_10N_50V,healthy_settling,healthy_settling,False,True,False,,,0.00925590240536,0.00925978200544,False,False,False,0.12,synthetic,True
MLCC_C011877,MLCC_B004,MLCC_X7R,leakage_ua,SIM_X7R_10N_50V,healthy_settling,healthy_settling,False,True,False,,,0.0157951883918,0.0154176450301,False,False,False,0.12,synthetic,True
MLCC_C011952,MLCC_B004,MLCC_X7R,leakage_ua,SIM_X7R_10N_50V,moisture_associated_history,moisture_associated_history,True,False,False,24,,0.150295995614,0.146440049592,True,True,True,0.12,synthetic,True
MLCC_C000054,MLCC_B006,MLCC_X7R,leakage_ua,SIM_X7R_4U7_16V,healthy_settling,healthy_settling,False,True,False,,,0.247145788588,0.250155824738,False,False,False,1.3,synthetic,True
MLCC_C000102,MLCC_B006,MLCC_X7R,leakage_ua,SIM_X7R_4U7_16V,healthy_settling,healthy_settling,False,True,False,,,0.131011639391,0.132296486062,False,False,False,1.3,synthetic,True
MLCC_C000106,MLCC_B006,MLCC_X7R,leakage_ua,SIM_X7R_4U7_16V,healthy_settling,healthy_settling,False,True,False,,,0.145195239369,0.147076869305,False,False,False,1.3,synthetic,True
MLCC_C000142,MLCC_B006,MLCC_X7R,leakage_ua,SIM_X7R_4U7_16V,ordinary_noise,ordinary_noise,False,True,False,,,0.206147806906,0.214928813907,False,False,False,1.3,synthetic,True
MLCC_C000205,MLCC_B006,MLCC_X7R,leakage_ua,SIM_X7R_4U7_16V,late_abrupt_onset,late_abrupt_onset,True,False,False,144,,1.46720457316,1.52019913176,True,True,True,1.3,synthetic,True
MLCC_C000232,MLCC_B006,MLCC_X7R,leakage_ua,SIM_X7R_4U7_16V,gradual_drift,gradual_drift,True,False,False,0,,0.593154865859,0.631702222026,False,False,False,1.3,synthetic,True
MLCC_C000328,MLCC_B006,MLCC_X7R,leakage_ua,SIM_X7R_4U7_16V,moisture_associated_history,moisture_associated_history,True,False,False,24,,1.59855332287,1.4949710246,True,True,True,1.3,synthetic,True
MLCC_C000369,MLCC_B006,MLCC_X7R,leakage_ua,SIM_X7R_4U7_16V,healthy_settling,healthy_settling,False,True,False,,,0.185411477707,0.187722388916,False,False,False,1.3,synthetic,True
MLCC_C000383,MLCC_B006,MLCC_X7R,leakage_ua,SIM_X7R_4U7_16V,ordinary_noise,ordinary_noise,False,True,False,,,0.159736132671,0.165173808043,False,False,False,1.3,synthetic,True
MLCC_C000450,MLCC_B006,MLCC_X7R,leakage_ua,SIM_X7R_4U7_16V,healthy_settling,healthy_settling,False,True,False,,,0.281405372722,0.276992538365,False,False,False,1.3,synthetic,True
MLCC_C000512,MLCC_B006,MLCC_X7R,leakage_ua,SIM_X7R_4U7_16V,ordinary_noise,ordinary_noise,False,True,False,,,0.129032374625,0.141740010673,False,False,False,1.3,synthetic,True
MLCC_C000533,MLCC_B006,MLCC_X7R,leakage_ua,SIM_X7R_4U7_16V,healthy_settling,healthy_settling,False,True,False,,,0.151085821379,0.153465584365,False,False,False,1.3,synthetic,True
MLCC_C000551,MLCC_B006,MLCC_X7R,leakage_ua,SIM_X7R_4U7_16V,healthy_settling,healthy_settling,False,True,False,,,0.225755237272,0.226137071586,False,False,False,1.3,synthetic,True
MLCC_C000644,MLCC_B006,MLCC_X7R,leakage_ua,SIM_X7R_4U7_16V,healthy_settling,healthy_settling,False,True,False,,,0.167061269322,0.168739813872,False,False,False,1.3,synthetic,True
MLCC_C000652,MLCC_B006,MLCC_X7R,leakage_ua,SIM_X7R_4U7_16V,healthy_settling,healthy_settling,False,True,False,,,0.122611262158,0.115741092425,False,False,False,1.3,synthetic,True
MLCC_C000653,MLCC_B006,MLCC_X7R,leakage_ua,SIM_X7R_4U7_16V,healthy_settling,healthy_settling,False,True,False,,,0.201682395683,0.189210332889,False,False,False,1.3,synthetic,True
MLCC_C000716,MLCC_B006,MLCC_X7R,leakage_ua,SIM_X7R_4U7_16V,late_abrupt_onset,late_abrupt_onset,True,False,False,72,,1.80063512191,1.86079969961,True,True,True,1.3,synthetic,True
MLCC_C000794,MLCC_B006,MLCC_X7R,leakage_ua,SIM_X7R_4U7_16V,moisture_associated_history,moisture_associated_history,True,False,False,6,,0.902223756554,0.89962813196,False,False,False,1.3,synthetic,True
MLCC_C000800,MLCC_B006,MLCC_X7R,leakage_ua,SIM_X7R_4U7_16V,ordinary_noise,ordinary_noise,False,True,False,,,0.12169874852,0.12415905667,False,False,False,1.3,synthetic,True
MLCC_C000865,MLCC_B006,MLCC_X7R,leakage_ua,SIM_X7R_4U7_16V,healthy_settling,healthy_settling,False,True,False,,,0.115167593891,0.112070655002,False,False,False,1.3,synthetic,True
MLCC_C001102,MLCC_B006,MLCC_X7R,leakage_ua,SIM_X7R_4U7_16V,healthy_settling,healthy_settling,False,True,False,,,0.113874841348,0.109764131854,False,False,False,1.3,synthetic,True
MLCC_C001179,MLCC_B006,MLCC_X7R,leakage_ua,SIM_X7R_4U7_16V,healthy_settling,healthy_settling,False,True,False,,,0.177617040351,0.180802132832,False,False,False,1.3,synthetic,True
MLCC_C001218,MLCC_B006,MLCC_X7R,leakage_ua,SIM_X7R_4U7_16V,healthy_settling,healthy_settling,False,True,False,,,0.165386193436,0.16519162302,False,False,False,1.3,synthetic,True
MLCC_C001308,MLCC_B006,MLCC_X7R,leakage_ua,SIM_X7R_4U7_16V,healthy_settling,healthy_settling,False,True,False,,,0.125288594518,0.129251065412,False,False,False,1.3,synthetic,True
MLCC_C001326,MLCC_B006,MLCC_X7R,leakage_ua,SIM_X7R_4U7_16V,healthy_settling,healthy_settling,False,True,False,,,0.148935286668,0.146874845671,False,False,False,1.3,synthetic,True
MLCC_C001361,MLCC_B006,MLCC_X7R,leakage_ua,SIM_X7R_4U7_16V,healthy_settling,healthy_settling,False,True,False,,,0.142212525421,0.141323438413,False,False,False,1.3,synthetic,True
MLCC_C001382,MLCC_B006,MLCC_X7R,leakage_ua,SIM_X7R_4U7_16V,gradual_drift,gradual_drift,True,False,False,0,,2.50563322881,2.57449735586,True,True,True,1.3,synthetic,True
MLCC_C001386,MLCC_B006,MLCC_X7R,leakage_ua,SIM_X7R_4U7_16V,healthy_settling,healthy_settling,False,True,False,,,0.188845122225,0.179174413996,False,False,False,1.3,synthetic,True
MLCC_C001433,MLCC_B006,MLCC_X7R,leakage_ua,SIM_X7R_4U7_16V,ordinary_noise,ordinary_noise,False,True,False,,,0.120807383711,0.132414623172,False,False,False,1.3,synthetic,True
MLCC_C001530,MLCC_B006,MLCC_X7R,leakage_ua,SIM_X7R_4U7_16V,ordinary_noise,ordinary_noise,False,True,False,,,0.169352724295,0.162594647881,False,False,False,1.3,synthetic,True
MLCC_C001547,MLCC_B006,MLCC_X7R,leakage_ua,SIM_X7R_4U7_16V,healthy_settling,healthy_settling,False,True,False,,,0.121589189389,0.122142072384,False,False,False,1.3,synthetic,True
MLCC_C001555,MLCC_B006,MLCC_X7R,leakage_ua,SIM_X7R_4U7_16V,healthy_settling,healthy_settling,False,True,False,,,0.158808205716,0.159009162058,False,False,False,1.3,synthetic,True
MLCC_C001706,MLCC_B006,MLCC_X7R,leakage_ua,SIM_X7R_4U7_16V,late_abrupt_onset,late_abrupt_onset,True,False,False,48,,3.29500047347,3.2756656751,True,True,True,1.3,synthetic,True
MLCC_C001722,MLCC_B006,MLCC_X7R,leakage_ua,SIM_X7R_4U7_16V,healthy_settling,healthy_settling,False,True,False,,,0.161236092785,0.149009756579,False,False,False,1.3,synthetic,True
MLCC_C001771,MLCC_B006,MLCC_X7R,leakage_ua,SIM_X7R_4U7_16V,healthy_settling,healthy_settling,False,True,False,,,0.141367906889,0.148809579942,False,False,False,1.3,synthetic,True
MLCC_C001777,MLCC_B006,MLCC_X7R,leakage_ua,SIM_X7R_4U7_16V,healthy_settling,healthy_settling,False,True,False,,,0.126522505351,0.124417998438,False,False,False,1.3,synthetic,True
MLCC_C001906,MLCC_B006,MLCC_X7R,leakage_ua,SIM_X7R_4U7_16V,healthy_settling,healthy_settling,False,True,False,,,0.0562775958006,0.0592776232815,False,False,False,1.3,synthetic,True
MLCC_C002015,MLCC_B006,MLCC_X7R,leakage_ua,SIM_X7R_4U7_16V,intermittent_leakage,intermittent_leakage,True,False,False,6,,0.131407813454,0.130932217013,False,False,True,1.3,synthetic,True
MLCC_C002024,MLCC_B006,MLCC_X7R,leakage_ua,SIM_X7R_4U7_16V,moisture_associated_history,moisture_associated_history,True,False,False,12,,1.0871099563,1.11458822349,False,False,False,1.3,synthetic,True
MLCC_C002077,MLCC_B006,MLCC_X7R,leakage_ua,SIM_X7R_4U7_16V,healthy_settling,healthy_settling,False,True,False,,,0.148073687497,0.146283024857,False,False,False,1.3,synthetic,True
MLCC_C002089,MLCC_B006,MLCC_X7R,leakage_ua,SIM_X7R_4U7_16V,healthy_settling,healthy_settling,False,True,False,,,0.0760317707453,0.073712396564,False,False,False,1.3,synthetic,True
MLCC_C002173,MLCC_B006,MLCC_X7R,leakage_ua,SIM_X7R_4U7_16V,healthy_settling,healthy_settling,False,True,False,,,0.124945118506,0.131710302189,False,False,False,1.3,synthetic,True
MLCC_C002214,MLCC_B006,MLCC_X7R,leakage_ua,SIM_X7R_4U7_16V,healthy_settling,healthy_settling,False,True,False,,,0.102350096045,0.101874361559,False,False,False,1.3,synthetic,True
MLCC_C002216,MLCC_B006,MLCC_X7R,leakage_ua,SIM_X7R_4U7_16V,ordinary_noise,ordinary_noise,False,True,False,,,0.130989935209,0.128704027304,False,False,False,1.3,synthetic,True
MLCC_C002235,MLCC_B006,MLCC_X7R,leakage_ua,SIM_X7R_4U7_16V,healthy_settling,healthy_settling,False,True,False,,,0.154628002956,0.159295303698,False,False,False,1.3,synthetic,True
MLCC_C002363,MLCC_B006,MLCC_X7R,leakage_ua,SIM_X7R_4U7_16V,healthy_settling,healthy_settling,False,True,False,,,0.16903682985,0.168978497741,False,False,False,1.3,synthetic,True
MLCC_C002402,MLCC_B006,MLCC_X7R,leakage_ua,SIM_X7R_4U7_16V,accelerating_drift,accelerating_drift,True,False,False,12,,0.752649246129,0.712470248609,False,False,False,1.3,synthetic,True
MLCC_C002446,MLCC_B006,MLCC_X7R,leakage_ua,SIM_X7R_4U7_16V,healthy_settling,healthy_settling,False,True,False,,,0.123227398696,0.119151509221,False,False,False,1.3,synthetic,True
MLCC_C002485,MLCC_B006,MLCC_X7R,leakage_ua,SIM_X7R_4U7_16V,ordinary_noise,ordinary_noise,False,True,False,,,0.115396313653,0.104650402582,False,False,False,1.3,synthetic,True
MLCC_C002530,MLCC_B006,MLCC_X7R,leakage_ua,SIM_X7R_4U7_16V,healthy_settling,healthy_settling,False,True,False,,,0.118082561001,0.117634338556,False,False,False,1.3,synthetic,True
MLCC_C002540,MLCC_B006,MLCC_X7R,leakage_ua,SIM_X7R_4U7_16V,healthy_settling,healthy_settling,False,True,False,,,0.241426965998,0.229390275433,False,False,False,1.3,synthetic,True
MLCC_C002561,MLCC_B006,MLCC_X7R,leakage_ua,SIM_X7R_4U7_16V,ordinary_noise,ordinary_noise,False,True,False,,,0.171212316298,0.161550196492,False,False,False,1.3,synthetic,True
MLCC_C002692,MLCC_B006,MLCC_X7R,leakage_ua,SIM_X7R_4U7_16V,healthy_settling,healthy_settling,False,True,False,,,0.162197617247,0.162405667182,False,False,False,1.3,synthetic,True
MLCC_C002770,MLCC_B006,MLCC_X7R,leakage_ua,SIM_X7R_4U7_16V,healthy_settling,healthy_settling,False,True,False,,,0.14678481946,0.155357218251,False,False,False,1.3,synthetic,True
MLCC_C002834,MLCC_B006,MLCC_X7R,leakage_ua,SIM_X7R_4U7_16V,healthy_settling,healthy_settling,False,True,False,,,0.11664968661,0.117895365597,False,False,False,1.3,synthetic,True
MLCC_C002992,MLCC_B006,MLCC_X7R,leakage_ua,SIM_X7R_4U7_16V,healthy_settling,healthy_settling,False,True,False,,,0.272472255181,0.300182240792,False,False,False,1.3,synthetic,True
MLCC_C003030,MLCC_B006,MLCC_X7R,leakage_ua,SIM_X7R_4U7_16V,intermittent_leakage,intermittent_leakage,True,False,False,48,,0.151891151967,0.151661347722,False,False,False,1.3,synthetic,True
MLCC_C003061,MLCC_B006,MLCC_X7R,leakage_ua,SIM_X7R_4U7_16V,late_abrupt_onset,late_abrupt_onset,True,False,False,96,,3.65685217086,3.62216879387,True,True,True,1.3,synthetic,True
MLCC_C003064,MLCC_B006,MLCC_X7R,leakage_ua,SIM_X7R_4U7_16V,gradual_drift,gradual_drift,True,False,False,0,,0.694460051918,0.72973564498,False,False,False,1.3,synthetic,True
MLCC_C003065,MLCC_B006,MLCC_X7R,leakage_ua,SIM_X7R_4U7_16V,healthy_settling,healthy_settling,False,True,False,,,0.138383228748,0.144270254188,False,False,False,1.3,synthetic,True
MLCC_C003075,MLCC_B006,MLCC_X7R,leakage_ua,SIM_X7R_4U7_16V,healthy_settling,healthy_settling,False,True,False,,,0.205632318752,0.207958985909,False,False,False,1.3,synthetic,True
MLCC_C003238,MLCC_B006,MLCC_X7R,leakage_ua,SIM_X7R_4U7_16V,healthy_settling,healthy_settling,False,True,False,,,0.181764441982,0.182185579287,False,False,False,1.3,synthetic,True
MLCC_C003504,MLCC_B006,MLCC_X7R,leakage_ua,SIM_X7R_4U7_16V,healthy_settling,healthy_settling,False,True,False,,,0.21254834661,0.20727841426,False,False,False,1.3,synthetic,True
MLCC_C003585,MLCC_B006,MLCC_X7R,leakage_ua,SIM_X7R_4U7_16V,ordinary_noise,ordinary_noise,False,True,False,,,0.136445153111,0.141639784981,False,False,False,1.3,synthetic,True
MLCC_C003652,MLCC_B006,MLCC_X7R,leakage_ua,SIM_X7R_4U7_16V,healthy_settling,healthy_settling,False,True,False,,,0.141370891523,0.137688203946,False,False,False,1.3,synthetic,True
MLCC_C003819,MLCC_B006,MLCC_X7R,leakage_ua,SIM_X7R_4U7_16V,healthy_settling,healthy_settling,False,True,False,,,0.151532642513,0.147033063166,False,False,False,1.3,synthetic,True
MLCC_C004038,MLCC_B006,MLCC_X7R,leakage_ua,SIM_X7R_4U7_16V,healthy_settling,healthy_settling,False,True,False,,,0.108710444592,0.10547762603,False,False,False,1.3,synthetic,True
MLCC_C004061,MLCC_B006,MLCC_X7R,leakage_ua,SIM_X7R_4U7_16V,healthy_settling,healthy_settling,False,True,False,,,0.135227733576,0.133954151017,False,False,False,1.3,synthetic,True
MLCC_C004094,MLCC_B006,MLCC_X7R,leakage_ua,SIM_X7R_4U7_16V,moisture_associated_history,moisture_associated_history,True,False,False,24,,1.31429033679,1.35123517604,True,True,True,1.3,synthetic,True
MLCC_C004165,MLCC_B006,MLCC_X7R,leakage_ua,SIM_X7R_4U7_16V,late_abrupt_onset,late_abrupt_onset,True,False,False,144,,0.546068149961,0.535983466896,False,False,False,1.3,synthetic,True
MLCC_C004288,MLCC_B006,MLCC_X7R,leakage_ua,SIM_X7R_4U7_16V,late_abrupt_onset,late_abrupt_onset,True,False,False,48,,0.33419020597,0.335984452039,False,False,False,1.3,synthetic,True
MLCC_C004293,MLCC_B006,MLCC_X7R,leakage_ua,SIM_X7R_4U7_16V,ordinary_noise,ordinary_noise,False,True,False,,,0.146971126551,0.156494352431,False,False,False,1.3,synthetic,True
MLCC_C004374,MLCC_B006,MLCC_X7R,leakage_ua,SIM_X7R_4U7_16V,moisture_associated_history,moisture_associated_history,True,False,False,6,,0.777151566673,0.787232307574,False,False,False,1.3,synthetic,True
MLCC_C004426,MLCC_B006,MLCC_X7R,leakage_ua,SIM_X7R_4U7_16V,intermittent_leakage,intermittent_leakage,True,False,False,6,,0.31160753803,0.327186630278,False,False,False,1.3,synthetic,True
MLCC_C004467,MLCC_B006,MLCC_X7R,leakage_ua,SIM_X7R_4U7_16V,healthy_settling,healthy_settling,False,True,False,,,0.119355155602,0.122569597008,False,False,False,1.3,synthetic,True
MLCC_C004483,MLCC_B006,MLCC_X7R,leakage_ua,SIM_X7R_4U7_16V,ordinary_noise,ordinary_noise,False,True,False,,,0.148360731456,0.127935286381,False,False,False,1.3,synthetic,True
MLCC_C004488,MLCC_B006,MLCC_X7R,leakage_ua,SIM_X7R_4U7_16V,healthy_settling,healthy_settling,False,True,False,,,0.0925645559331,0.0956765470885,False,False,False,1.3,synthetic,True
MLCC_C004549,MLCC_B006,MLCC_X7R,leakage_ua,SIM_X7R_4U7_16V,ordinary_noise,ordinary_noise,False,True,False,,,0.118781172565,0.110787089648,False,False,False,1.3,synthetic,True
MLCC_C004676,MLCC_B006,MLCC_X7R,leakage_ua,SIM_X7R_4U7_16V,healthy_settling,healthy_settling,False,True,False,,,0.193352928779,0.202775066129,False,False,False,1.3,synthetic,True
MLCC_C004758,MLCC_B006,MLCC_X7R,leakage_ua,SIM_X7R_4U7_16V,gradual_drift,gradual_drift,True,False,False,0,,0.556149524482,0.614552565966,False,False,False,1.3,synthetic,True
MLCC_C004816,MLCC_B006,MLCC_X7R,leakage_ua,SIM_X7R_4U7_16V,healthy_settling,healthy_settling,False,True,False,,,0.2262870743,0.221071123625,False,False,False,1.3,synthetic,True
MLCC_C004818,MLCC_B006,MLCC_X7R,leakage_ua,SIM_X7R_4U7_16V,healthy_settling,healthy_settling,False,True,False,,,0.181033019745,0.180666123903,False,False,False,1.3,synthetic,True
MLCC_C004825,MLCC_B006,MLCC_X7R,leakage_ua,SIM_X7R_4U7_16V,healthy_settling,healthy_settling,False,True,False,,,0.164892052255,0.163699652095,False,False,False,1.3,synthetic,True
MLCC_C004837,MLCC_B006,MLCC_X7R,leakage_ua,SIM_X7R_4U7_16V,healthy_settling,healthy_settling,False,True,False,,,0.169947374611,0.166928711756,False,False,False,1.3,synthetic,True
MLCC_C004925,MLCC_B006,MLCC_X7R,leakage_ua,SIM_X7R_4U7_16V,ordinary_noise,ordinary_noise,False,True,False,,,0.132680283923,0.145971379469,False,False,False,1.3,synthetic,True
MLCC_C004989,MLCC_B006,MLCC_X7R,leakage_ua,SIM_X7R_4U7_16V,late_abrupt_onset,late_abrupt_onset,True,False,False,48,,1.11832363776,1.09954659988,False,False,False,1.3,synthetic,True
MLCC_C005077,MLCC_B006,MLCC_X7R,leakage_ua,SIM_X7R_4U7_16V,healthy_settling,healthy_settling,False,True,False,,,0.103820911054,0.10649034026,False,False,False,1.3,synthetic,True
MLCC_C005292,MLCC_B006,MLCC_X7R,leakage_ua,SIM_X7R_4U7_16V,healthy_settling,healthy_settling,False,True,False,,,0.0904108490719,0.0904442261038,False,False,False,1.3,synthetic,True
MLCC_C005298,MLCC_B006,MLCC_X7R,leakage_ua,SIM_X7R_4U7_16V,healthy_settling,healthy_settling,False,True,False,,,0.158563976799,0.160819239662,False,False,False,1.3,synthetic,True
MLCC_C005317,MLCC_B006,MLCC_X7R,leakage_ua,SIM_X7R_4U7_16V,ordinary_noise,ordinary_noise,False,True,False,,,0.306512988533,0.300833472237,False,False,False,1.3,synthetic,True
MLCC_C005390,MLCC_B006,MLCC_X7R,leakage_ua,SIM_X7R_4U7_16V,healthy_settling,healthy_settling,False,True,False,,,0.181501321725,0.17758392969,False,False,False,1.3,synthetic,True
MLCC_C005485,MLCC_B006,MLCC_X7R,leakage_ua,SIM_X7R_4U7_16V,healthy_settling,healthy_settling,False,True,False,,,0.0934433252402,0.0936619614628,False,False,False,1.3,synthetic,True
MLCC_C005558,MLCC_B006,MLCC_X7R,leakage_ua,SIM_X7R_4U7_16V,healthy_settling,healthy_settling,False,True,False,,,0.112166795687,0.115079187629,False,False,False,1.3,synthetic,True
MLCC_C005634,MLCC_B006,MLCC_X7R,leakage_ua,SIM_X7R_4U7_16V,healthy_settling,healthy_settling,False,True,False,,,0.162388567654,0.164498202661,False,False,False,1.3,synthetic,True
MLCC_C005735,MLCC_B006,MLCC_X7R,leakage_ua,SIM_X7R_4U7_16V,healthy_settling,healthy_settling,False,True,False,,,0.154372317454,0.159744773356,False,False,False,1.3,synthetic,True
MLCC_C005771,MLCC_B006,MLCC_X7R,leakage_ua,SIM_X7R_4U7_16V,ordinary_noise,ordinary_noise,False,True,False,,,0.131352424311,0.147389727591,False,False,False,1.3,synthetic,True
MLCC_C005938,MLCC_B006,MLCC_X7R,leakage_ua,SIM_X7R_4U7_16V,healthy_settling,healthy_settling,False,True,False,,,0.164270541249,0.1649779974,False,False,False,1.3,synthetic,True
MLCC_C005961,MLCC_B006,MLCC_X7R,leakage_ua,SIM_X7R_4U7_16V,ordinary_noise,ordinary_noise,False,True,False,,,0.18602816168,0.154700817658,False,False,False,1.3,synthetic,True
MLCC_C005970,MLCC_B006,MLCC_X7R,leakage_ua,SIM_X7R_4U7_16V,healthy_settling,healthy_settling,False,True,False,,,0.147776865787,0.150691317119,False,False,False,1.3,synthetic,True
MLCC_C005989,MLCC_B006,MLCC_X7R,leakage_ua,SIM_X7R_4U7_16V,healthy_settling,healthy_settling,False,True,False,,,0.150810206215,0.149730893335,False,False,False,1.3,synthetic,True
MLCC_C006001,MLCC_B006,MLCC_X7R,leakage_ua,SIM_X7R_4U7_16V,healthy_settling,healthy_settling,False,True,False,,,0.219540213109,0.224478717037,False,False,False,1.3,synthetic,True
MLCC_C006038,MLCC_B006,MLCC_X7R,leakage_ua,SIM_X7R_4U7_16V,healthy_settling,healthy_settling,False,True,False,,,0.114569862095,0.114143712219,False,False,False,1.3,synthetic,True
MLCC_C006045,MLCC_B006,MLCC_X7R,leakage_ua,SIM_X7R_4U7_16V,healthy_settling,healthy_settling,False,True,False,,,0.181740725687,0.196126676934,False,False,False,1.3,synthetic,True
MLCC_C006061,MLCC_B006,MLCC_X7R,leakage_ua,SIM_X7R_4U7_16V,healthy_settling,healthy_settling,False,True,False,,,0.179691979129,0.170080419036,False,False,False,1.3,synthetic,True
MLCC_C006260,MLCC_B006,MLCC_X7R,leakage_ua,SIM_X7R_4U7_16V,moisture_associated_history,moisture_associated_history,True,False,False,24,,0.860519188452,0.866691052902,False,False,False,1.3,synthetic,True
MLCC_C006267,MLCC_B006,MLCC_X7R,leakage_ua,SIM_X7R_4U7_16V,moisture_associated_history,moisture_associated_history,True,False,False,24,,0.811063493077,0.834474138832,False,False,False,1.3,synthetic,True
MLCC_C006277,MLCC_B006,MLCC_X7R,leakage_ua,SIM_X7R_4U7_16V,healthy_settling,healthy_settling,False,True,False,,,0.138128576253,0.141453566092,False,False,False,1.3,synthetic,True
MLCC_C006282,MLCC_B006,MLCC_X7R,leakage_ua,SIM_X7R_4U7_16V,healthy_settling,healthy_settling,False,True,False,,,0.175216802992,0.177761937084,False,False,False,1.3,synthetic,True
MLCC_C006300,MLCC_B006,MLCC_X7R,leakage_ua,SIM_X7R_4U7_16V,healthy_settling,healthy_settling,False,True,False,,,0.17496353037,0.173758607158,False,False,False,1.3,synthetic,True
MLCC_C006379,MLCC_B006,MLCC_X7R,leakage_ua,SIM_X7R_4U7_16V,healthy_settling,healthy_settling,False,True,False,,,0.105387512196,0.103412910353,False,False,False,1.3,synthetic,True
MLCC_C006449,MLCC_B006,MLCC_X7R,leakage_ua,SIM_X7R_4U7_16V,intermittent_leakage,intermittent_leakage,True,False,False,6,,0.147595012023,0.148211847361,False,False,True,1.3,synthetic,True
MLCC_C006487,MLCC_B006,MLCC_X7R,leakage_ua,SIM_X7R_4U7_16V,healthy_settling,healthy_settling,False,True,False,,,0.136376768151,0.137627044305,False,False,False,1.3,synthetic,True
MLCC_C006700,MLCC_B006,MLCC_X7R,leakage_ua,SIM_X7R_4U7_16V,ordinary_noise,ordinary_noise,False,True,False,,,0.138497423939,0.133421093349,False,False,False,1.3,synthetic,True
MLCC_C006702,MLCC_B006,MLCC_X7R,leakage_ua,SIM_X7R_4U7_16V,healthy_settling,healthy_settling,False,True,False,,,0.243226657588,0.241840149801,False,False,False,1.3,synthetic,True
MLCC_C006706,MLCC_B006,MLCC_X7R,leakage_ua,SIM_X7R_4U7_16V,ordinary_noise,ordinary_noise,False,True,False,,,0.086384687079,0.100227805643,False,False,False,1.3,synthetic,True
MLCC_C006759,MLCC_B006,MLCC_X7R,leakage_ua,SIM_X7R_4U7_16V,healthy_settling,healthy_settling,False,True,False,,,0.193903292132,0.198185704167,False,False,False,1.3,synthetic,True
MLCC_C006789,MLCC_B006,MLCC_X7R,leakage_ua,SIM_X7R_4U7_16V,healthy_settling,healthy_settling,False,True,False,,,0.102069499782,0.106553840935,False,False,False,1.3,synthetic,True
MLCC_C006807,MLCC_B006,MLCC_X7R,leakage_ua,SIM_X7R_4U7_16V,accelerating_drift,accelerating_drift,True,False,False,0,,0.520018911264,0.502523808081,False,False,False,1.3,synthetic,True
MLCC_C006911,MLCC_B006,MLCC_X7R,leakage_ua,SIM_X7R_4U7_16V,accelerating_drift,accelerating_drift,True,False,False,6,,5.16837261539,4.8588118736,True,True,True,1.3,synthetic,True
MLCC_C006914,MLCC_B006,MLCC_X7R,leakage_ua,SIM_X7R_4U7_16V,healthy_settling,healthy_settling,False,True,False,,,0.151641332498,0.150225359003,False,False,False,1.3,synthetic,True
MLCC_C006973,MLCC_B006,MLCC_X7R,leakage_ua,SIM_X7R_4U7_16V,moisture_associated_history,moisture_associated_history,True,False,False,48,,0.852095048778,0.826125751191,False,False,False,1.3,synthetic,True
MLCC_C006979,MLCC_B006,MLCC_X7R,leakage_ua,SIM_X7R_4U7_16V,healthy_settling,healthy_settling,False,True,False,,,0.189015577126,0.185993633785,False,False,False,1.3,synthetic,True
MLCC_C007051,MLCC_B006,MLCC_X7R,leakage_ua,SIM_X7R_4U7_16V,healthy_settling,healthy_settling,False,True,False,,,0.179766121886,0.1761474388,False,False,False,1.3,synthetic,True
MLCC_C007060,MLCC_B006,MLCC_X7R,leakage_ua,SIM_X7R_4U7_16V,healthy_settling,healthy_settling,False,True,False,,,0.0880993854508,0.0873558800655,False,False,False,1.3,synthetic,True
MLCC_C007148,MLCC_B006,MLCC_X7R,leakage_ua,SIM_X7R_4U7_16V,healthy_settling,healthy_settling,False,True,False,,,0.12393753515,0.126721623303,False,False,False,1.3,synthetic,True
MLCC_C007168,MLCC_B006,MLCC_X7R,leakage_ua,SIM_X7R_4U7_16V,ordinary_noise,ordinary_noise,False,True,False,,,0.211313699963,0.20544259844,False,False,False,1.3,synthetic,True
MLCC_C007228,MLCC_B006,MLCC_X7R,leakage_ua,SIM_X7R_4U7_16V,healthy_settling,healthy_settling,False,True,False,,,0.114705904739,0.112944657896,False,False,False,1.3,synthetic,True
MLCC_C007335,MLCC_B006,MLCC_X7R,leakage_ua,SIM_X7R_4U7_16V,healthy_settling,healthy_settling,False,True,False,,,0.195294274384,0.19973030549,False,False,False,1.3,synthetic,True
MLCC_C007438,MLCC_B006,MLCC_X7R,leakage_ua,SIM_X7R_4U7_16V,healthy_settling,healthy_settling,False,True,False,,,0.250903309347,0.249387843603,False,False,False,1.3,synthetic,True
MLCC_C007451,MLCC_B006,MLCC_X7R,leakage_ua,SIM_X7R_4U7_16V,healthy_settling,healthy_settling,False,True,False,,,0.130486710969,0.129905768001,False,False,False,1.3,synthetic,True
MLCC_C007454,MLCC_B006,MLCC_X7R,leakage_ua,SIM_X7R_4U7_16V,healthy_settling,healthy_settling,False,True,False,,,0.158344274882,0.153862711019,False,False,False,1.3,synthetic,True
MLCC_C007501,MLCC_B006,MLCC_X7R,leakage_ua,SIM_X7R_4U7_16V,healthy_settling,healthy_settling,False,True,False,,,0.141042127058,0.149678986506,False,False,False,1.3,synthetic,True
MLCC_C007529,MLCC_B006,MLCC_X7R,leakage_ua,SIM_X7R_4U7_16V,gradual_drift,gradual_drift,True,False,False,0,,0.586857957631,0.592710205521,False,False,False,1.3,synthetic,True
MLCC_C007633,MLCC_B006,MLCC_X7R,leakage_ua,SIM_X7R_4U7_16V,healthy_settling,healthy_settling,False,True,False,,,0.202654048817,0.197311907049,False,False,False,1.3,synthetic,True
MLCC_C007668,MLCC_B006,MLCC_X7R,leakage_ua,SIM_X7R_4U7_16V,intermittent_leakage,intermittent_leakage,True,False,False,6,,0.141590346155,0.14419583074,False,False,False,1.3,synthetic,True
MLCC_C007690,MLCC_B006,MLCC_X7R,leakage_ua,SIM_X7R_4U7_16V,healthy_settling,healthy_settling,False,True,False,,,0.154833160954,0.150587797028,False,False,False,1.3,synthetic,True
MLCC_C007754,MLCC_B006,MLCC_X7R,leakage_ua,SIM_X7R_4U7_16V,healthy_settling,healthy_settling,False,True,False,,,0.193669649376,0.195131083193,False,False,False,1.3,synthetic,True
MLCC_C007892,MLCC_B006,MLCC_X7R,leakage_ua,SIM_X7R_4U7_16V,healthy_settling,healthy_settling,False,True,False,,,0.072335535562,0.0733538197,False,False,False,1.3,synthetic,True
MLCC_C007923,MLCC_B006,MLCC_X7R,leakage_ua,SIM_X7R_4U7_16V,healthy_settling,healthy_settling,False,True,False,,,0.13467442287,0.136407673808,False,False,False,1.3,synthetic,True
MLCC_C007944,MLCC_B006,MLCC_X7R,leakage_ua,SIM_X7R_4U7_16V,late_abrupt_onset,late_abrupt_onset,True,False,False,120,,2.23763331869,2.21668950216,True,True,True,1.3,synthetic,True
MLCC_C007965,MLCC_B006,MLCC_X7R,leakage_ua,SIM_X7R_4U7_16V,healthy_settling,healthy_settling,False,True,False,,,0.222662878013,0.227125404223,False,False,False,1.3,synthetic,True
MLCC_C008088,MLCC_B006,MLCC_X7R,leakage_ua,SIM_X7R_4U7_16V,healthy_settling,healthy_settling,False,True,False,,,0.161940593575,0.152312232696,False,False,False,1.3,synthetic,True
MLCC_C008195,MLCC_B006,MLCC_X7R,leakage_ua,SIM_X7R_4U7_16V,healthy_settling,healthy_settling,False,True,False,,,0.189109670842,0.1862931685,False,False,False,1.3,synthetic,True
MLCC_C008253,MLCC_B006,MLCC_X7R,leakage_ua,SIM_X7R_4U7_16V,healthy_settling,healthy_settling,False,True,False,,,0.104108713176,0.10409123144,False,False,False,1.3,synthetic,True
MLCC_C008271,MLCC_B006,MLCC_X7R,leakage_ua,SIM_X7R_4U7_16V,ordinary_noise,ordinary_noise,False,True,False,,,0.109533709448,0.136062467682,False,False,False,1.3,synthetic,True
MLCC_C008287,MLCC_B006,MLCC_X7R,leakage_ua,SIM_X7R_4U7_16V,healthy_settling,healthy_settling,False,True,False,,,0.157306595481,0.161722770387,False,False,False,1.3,synthetic,True
MLCC_C008308,MLCC_B006,MLCC_X7R,leakage_ua,SIM_X7R_4U7_16V,healthy_settling,healthy_settling,False,True,False,,,0.128399524217,0.127922131184,False,False,False,1.3,synthetic,True
MLCC_C008358,MLCC_B006,MLCC_X7R,leakage_ua,SIM_X7R_4U7_16V,healthy_settling,healthy_settling,False,True,False,,,0.244886891542,0.242842576844,False,False,False,1.3,synthetic,True
MLCC_C008610,MLCC_B006,MLCC_X7R,leakage_ua,SIM_X7R_4U7_16V,healthy_settling,healthy_settling,False,True,False,,,0.128890518547,0.1217584629,False,False,False,1.3,synthetic,True
MLCC_C008635,MLCC_B006,MLCC_X7R,leakage_ua,SIM_X7R_4U7_16V,healthy_settling,healthy_settling,False,True,False,,,0.189740906936,0.183307676415,False,False,False,1.3,synthetic,True
MLCC_C008711,MLCC_B006,MLCC_X7R,leakage_ua,SIM_X7R_4U7_16V,healthy_settling,healthy_settling,False,True,False,,,0.199315707313,0.193890383685,False,False,False,1.3,synthetic,True
MLCC_C008861,MLCC_B006,MLCC_X7R,leakage_ua,SIM_X7R_4U7_16V,healthy_settling,healthy_settling,False,True,False,,,0.144815373139,0.14635835286,False,False,False,1.3,synthetic,True
MLCC_C008869,MLCC_B006,MLCC_X7R,leakage_ua,SIM_X7R_4U7_16V,healthy_settling,healthy_settling,False,True,False,,,0.16406193766,0.171022569791,False,False,False,1.3,synthetic,True
MLCC_C009134,MLCC_B006,MLCC_X7R,leakage_ua,SIM_X7R_4U7_16V,ordinary_noise,ordinary_noise,False,True,False,,,0.214814438393,0.237185851116,False,False,False,1.3,synthetic,True
MLCC_C009151,MLCC_B006,MLCC_X7R,leakage_ua,SIM_X7R_4U7_16V,healthy_settling,healthy_settling,False,True,False,,,0.0986429478008,0.0991100391524,False,False,False,1.3,synthetic,True
MLCC_C009208,MLCC_B006,MLCC_X7R,leakage_ua,SIM_X7R_4U7_16V,healthy_settling,healthy_settling,False,True,False,,,0.13377575931,0.129423063361,False,False,False,1.3,synthetic,True
MLCC_C009269,MLCC_B006,MLCC_X7R,leakage_ua,SIM_X7R_4U7_16V,healthy_settling,healthy_settling,False,True,False,,,0.184969607353,0.18890531618,False,False,False,1.3,synthetic,True
MLCC_C009322,MLCC_B006,MLCC_X7R,leakage_ua,SIM_X7R_4U7_16V,accelerating_drift,accelerating_drift,True,False,False,6,,0.57512713863,0.606149923152,False,False,False,1.3,synthetic,True
MLCC_C009425,MLCC_B006,MLCC_X7R,leakage_ua,SIM_X7R_4U7_16V,healthy_settling,healthy_settling,False,True,False,,,0.146124467778,0.144548757205,False,False,False,1.3,synthetic,True
MLCC_C009432,MLCC_B006,MLCC_X7R,leakage_ua,SIM_X7R_4U7_16V,healthy_settling,healthy_settling,False,True,False,,,0.125707143121,0.129572790996,False,False,False,1.3,synthetic,True
MLCC_C009475,MLCC_B006,MLCC_X7R,leakage_ua,SIM_X7R_4U7_16V,healthy_settling,healthy_settling,False,True,False,,,0.112187280525,0.113812617531,False,False,False,1.3,synthetic,True
MLCC_C009673,MLCC_B006,MLCC_X7R,leakage_ua,SIM_X7R_4U7_16V,ordinary_noise,ordinary_noise,False,True,False,,,0.0861419564412,0.0860960979523,False,False,False,1.3,synthetic,True
MLCC_C009691,MLCC_B006,MLCC_X7R,leakage_ua,SIM_X7R_4U7_16V,healthy_settling,healthy_settling,False,True,False,,,0.118900091922,0.124816805241,False,False,False,1.3,synthetic,True
MLCC_C009850,MLCC_B006,MLCC_X7R,leakage_ua,SIM_X7R_4U7_16V,accelerating_drift,accelerating_drift,True,False,False,0,,1.55797429578,1.50634485363,True,True,True,1.3,synthetic,True
MLCC_C009886,MLCC_B006,MLCC_X7R,leakage_ua,SIM_X7R_4U7_16V,healthy_settling,healthy_settling,False,True,False,,,0.166909759693,0.175501010557,False,False,False,1.3,synthetic,True
MLCC_C009901,MLCC_B006,MLCC_X7R,leakage_ua,SIM_X7R_4U7_16V,ordinary_noise,ordinary_noise,False,True,False,,,0.186774540601,0.178452971008,False,False,False,1.3,synthetic,True
MLCC_C009921,MLCC_B006,MLCC_X7R,leakage_ua,SIM_X7R_4U7_16V,healthy_settling,healthy_settling,False,True,False,,,0.131009020752,0.128215598724,False,False,False,1.3,synthetic,True
MLCC_C009971,MLCC_B006,MLCC_X7R,leakage_ua,SIM_X7R_4U7_16V,healthy_settling,healthy_settling,False,True,False,,,0.136640719752,0.132709825689,False,False,False,1.3,synthetic,True
MLCC_C009986,MLCC_B006,MLCC_X7R,leakage_ua,SIM_X7R_4U7_16V,ordinary_noise,ordinary_noise,False,True,False,,,0.110157772304,0.144013932388,False,False,False,1.3,synthetic,True
MLCC_C010008,MLCC_B006,MLCC_X7R,leakage_ua,SIM_X7R_4U7_16V,healthy_settling,healthy_settling,False,True,False,,,0.0989254422589,0.0992320416032,False,False,False,1.3,synthetic,True
MLCC_C010129,MLCC_B006,MLCC_X7R,leakage_ua,SIM_X7R_4U7_16V,ordinary_noise,ordinary_noise,False,True,False,,,0.289460945548,0.274739955083,False,False,False,1.3,synthetic,True
MLCC_C010169,MLCC_B006,MLCC_X7R,leakage_ua,SIM_X7R_4U7_16V,healthy_settling,healthy_settling,False,True,False,,,0.131637641449,0.132541698266,False,False,False,1.3,synthetic,True
MLCC_C010187,MLCC_B006,MLCC_X7R,leakage_ua,SIM_X7R_4U7_16V,ordinary_noise,ordinary_noise,False,True,False,,,0.132274710944,0.127035089078,False,False,False,1.3,synthetic,True
MLCC_C010193,MLCC_B006,MLCC_X7R,leakage_ua,SIM_X7R_4U7_16V,ordinary_noise,ordinary_noise,False,True,False,,,0.167943285008,0.160104329939,False,False,False,1.3,synthetic,True
MLCC_C010206,MLCC_B006,MLCC_X7R,leakage_ua,SIM_X7R_4U7_16V,healthy_settling,healthy_settling,False,True,False,,,0.120629857528,0.124627638944,False,False,False,1.3,synthetic,True
MLCC_C010353,MLCC_B006,MLCC_X7R,leakage_ua,SIM_X7R_4U7_16V,healthy_settling,healthy_settling,False,True,False,,,0.156995802295,0.158076952024,False,False,False,1.3,synthetic,True
MLCC_C010410,MLCC_B006,MLCC_X7R,leakage_ua,SIM_X7R_4U7_16V,healthy_settling,healthy_settling,False,True,False,,,0.127030620052,0.127048176084,False,False,False,1.3,synthetic,True
MLCC_C010414,MLCC_B006,MLCC_X7R,leakage_ua,SIM_X7R_4U7_16V,ordinary_noise,ordinary_noise,False,True,False,,,0.0964396894673,0.0907708795423,False,False,False,1.3,synthetic,True
MLCC_C010694,MLCC_B006,MLCC_X7R,leakage_ua,SIM_X7R_4U7_16V,healthy_settling,healthy_settling,False,True,False,,,0.165630035389,0.155302653548,False,False,False,1.3,synthetic,True
MLCC_C010698,MLCC_B006,MLCC_X7R,leakage_ua,SIM_X7R_4U7_16V,late_abrupt_onset,late_abrupt_onset,True,False,False,72,,0.926186163412,0.943698818788,False,False,False,1.3,synthetic,True
MLCC_C010715,MLCC_B006,MLCC_X7R,leakage_ua,SIM_X7R_4U7_16V,healthy_settling,healthy_settling,False,True,False,,,0.166622244868,0.17005177751,False,False,False,1.3,synthetic,True
MLCC_C010725,MLCC_B006,MLCC_X7R,leakage_ua,SIM_X7R_4U7_16V,intermittent_leakage,intermittent_leakage,True,False,False,12,,0.148659891449,0.150481396324,False,False,False,1.3,synthetic,True
MLCC_C010906,MLCC_B006,MLCC_X7R,leakage_ua,SIM_X7R_4U7_16V,ordinary_noise,ordinary_noise,False,True,False,,,0.215688663052,0.187708262312,False,False,False,1.3,synthetic,True
MLCC_C010972,MLCC_B006,MLCC_X7R,leakage_ua,SIM_X7R_4U7_16V,accelerating_drift,accelerating_drift,True,False,False,24,,0.409571644782,0.436579919492,False,False,False,1.3,synthetic,True
MLCC_C011068,MLCC_B006,MLCC_X7R,leakage_ua,SIM_X7R_4U7_16V,healthy_settling,healthy_settling,False,True,False,,,0.169729124243,0.168301860513,False,False,False,1.3,synthetic,True
MLCC_C011169,MLCC_B006,MLCC_X7R,leakage_ua,SIM_X7R_4U7_16V,gradual_drift,gradual_drift,True,False,False,12,,1.49409700202,1.50204133051,True,True,True,1.3,synthetic,True
MLCC_C011186,MLCC_B006,MLCC_X7R,leakage_ua,SIM_X7R_4U7_16V,healthy_settling,healthy_settling,False,True,False,,,0.102738220406,0.110100790598,False,False,False,1.3,synthetic,True
MLCC_C011193,MLCC_B006,MLCC_X7R,leakage_ua,SIM_X7R_4U7_16V,ordinary_noise,ordinary_noise,False,True,False,,,0.254210837345,0.218059529958,False,False,False,1.3,synthetic,True
MLCC_C011401,MLCC_B006,MLCC_X7R,leakage_ua,SIM_X7R_4U7_16V,healthy_settling,healthy_settling,False,True,False,,,0.209063216054,0.213350223552,False,False,False,1.3,synthetic,True
MLCC_C011417,MLCC_B006,MLCC_X7R,leakage_ua,SIM_X7R_4U7_16V,healthy_settling,healthy_settling,False,True,False,,,0.126187177108,0.129795957412,False,False,False,1.3,synthetic,True
MLCC_C011501,MLCC_B006,MLCC_X7R,leakage_ua,SIM_X7R_4U7_16V,healthy_settling,healthy_settling,False,True,False,,,0.148943005467,0.146056587924,False,False,False,1.3,synthetic,True
MLCC_C011518,MLCC_B006,MLCC_X7R,leakage_ua,SIM_X7R_4U7_16V,ordinary_noise,ordinary_noise,False,True,False,,,0.132551022559,0.133759757477,False,False,False,1.3,synthetic,True
MLCC_C011739,MLCC_B006,MLCC_X7R,leakage_ua,SIM_X7R_4U7_16V,healthy_settling,healthy_settling,False,True,False,,,0.140830948431,0.141377138625,False,False,False,1.3,synthetic,True
MLCC_C011756,MLCC_B006,MLCC_X7R,leakage_ua,SIM_X7R_4U7_16V,moisture_associated_history,moisture_associated_history,True,False,False,48,,2.25880423926,2.24489887091,True,True,True,1.3,synthetic,True
MLCC_C011757,MLCC_B006,MLCC_X7R,leakage_ua,SIM_X7R_4U7_16V,healthy_settling,healthy_settling,False,True,False,,,0.0860916887294,0.0903758900777,False,False,False,1.3,synthetic,True
MLCC_C011782,MLCC_B006,MLCC_X7R,leakage_ua,SIM_X7R_4U7_16V,healthy_settling,healthy_settling,False,True,False,,,0.145613369257,0.143386407843,False,False,False,1.3,synthetic,True
MLCC_C011794,MLCC_B006,MLCC_X7R,leakage_ua,SIM_X7R_4U7_16V,moisture_associated_history,moisture_associated_history,True,False,False,6,,0.968141449696,0.956205978515,False,False,False,1.3,synthetic,True
MLCC_C011837,MLCC_B006,MLCC_X7R,leakage_ua,SIM_X7R_4U7_16V,healthy_settling,healthy_settling,False,True,False,,,0.127278536325,0.12597232992,False,False,False,1.3,synthetic,True
MLCC_C011861,MLCC_B006,MLCC_X7R,leakage_ua,SIM_X7R_4U7_16V,healthy_settling,healthy_settling,False,True,False,,,0.0958863622434,0.100586233452,False,False,False,1.3,synthetic,True
MLCC_C011978,MLCC_B006,MLCC_X7R,leakage_ua,SIM_X7R_4U7_16V,accelerating_drift,accelerating_drift,True,False,False,24,,2.09701115889,2.04430870139,True,True,True,1.3,synthetic,True
MLCC_C000103,MLCC_B019,MLCC_X7R,leakage_ua,SIM_X7R_100N_50V,gradual_drift,gradual_drift,True,False,False,0,,0.108004209541,0.109232412097,False,False,False,0.25,synthetic,True
MLCC_C000172,MLCC_B019,MLCC_X7R,leakage_ua,SIM_X7R_100N_50V,healthy_settling,healthy_settling,False,True,False,,,0.0218069607383,0.0224975802591,False,False,False,0.25,synthetic,True
MLCC_C000192,MLCC_B019,MLCC_X7R,leakage_ua,SIM_X7R_100N_50V,healthy_settling,healthy_settling,False,True,False,,,0.0234793908359,0.0238515040383,False,False,False,0.25,synthetic,True
MLCC_C000214,MLCC_B019,MLCC_X7R,leakage_ua,SIM_X7R_100N_50V,ordinary_noise,ordinary_noise,False,True,False,,,0.0222609472813,0.022748524131,False,False,False,0.25,synthetic,True
MLCC_C000216,MLCC_B019,MLCC_X7R,leakage_ua,SIM_X7R_100N_50V,healthy_settling,healthy_settling,False,True,False,,,0.0254166600312,0.0259439023,False,False,False,0.25,synthetic,True
MLCC_C000229,MLCC_B019,MLCC_X7R,leakage_ua,SIM_X7R_100N_50V,ordinary_noise,ordinary_noise,False,True,False,,,0.0425349806978,0.0401096411927,False,False,False,0.25,synthetic,True
MLCC_C000233,MLCC_B019,MLCC_X7R,leakage_ua,SIM_X7R_100N_50V,healthy_settling,healthy_settling,False,True,False,,,0.020092756898,0.0200275693005,False,False,False,0.25,synthetic,True
MLCC_C000235,MLCC_B019,MLCC_X7R,leakage_ua,SIM_X7R_100N_50V,intermittent_leakage,intermittent_leakage,True,False,False,6,,0.0298020420395,0.028768032338,False,False,False,0.25,synthetic,True
MLCC_C000286,MLCC_B019,MLCC_X7R,leakage_ua,SIM_X7R_100N_50V,healthy_settling,healthy_settling,False,True,False,,,0.0253314013743,0.024554733986,False,False,False,0.25,synthetic,True
MLCC_C000297,MLCC_B019,MLCC_X7R,leakage_ua,SIM_X7R_100N_50V,healthy_settling,healthy_settling,False,True,False,,,0.0233568824079,0.0230713454118,False,False,False,0.25,synthetic,True
MLCC_C000324,MLCC_B019,MLCC_X7R,leakage_ua,SIM_X7R_100N_50V,late_abrupt_onset,late_abrupt_onset,True,False,False,120,,0.129241924978,0.128244833425,False,False,False,0.25,synthetic,True
MLCC_C000416,MLCC_B019,MLCC_X7R,leakage_ua,SIM_X7R_100N_50V,healthy_settling,healthy_settling,False,True,False,,,0.0369911628358,0.038455203372,False,False,False,0.25,synthetic,True
MLCC_C000594,MLCC_B019,MLCC_X7R,leakage_ua,SIM_X7R_100N_50V,ordinary_noise,ordinary_noise,False,True,False,,,0.0185813291287,0.015186425727,False,False,False,0.25,synthetic,True
MLCC_C000599,MLCC_B019,MLCC_X7R,leakage_ua,SIM_X7R_100N_50V,healthy_settling,healthy_settling,False,True,False,,,0.013448938436,0.0139225181213,False,False,False,0.25,synthetic,True
MLCC_C000707,MLCC_B019,MLCC_X7R,leakage_ua,SIM_X7R_100N_50V,healthy_settling,healthy_settling,False,True,False,,,0.0230950962986,0.0235401538277,False,False,False,0.25,synthetic,True
MLCC_C000750,MLCC_B019,MLCC_X7R,leakage_ua,SIM_X7R_100N_50V,healthy_settling,healthy_settling,False,True,False,,,0.0281882367624,0.0269541246953,False,False,False,0.25,synthetic,True
MLCC_C000778,MLCC_B019,MLCC_X7R,leakage_ua,SIM_X7R_100N_50V,healthy_settling,healthy_settling,False,True,False,,,0.020180015327,0.0203939378387,False,False,False,0.25,synthetic,True
MLCC_C000791,MLCC_B019,MLCC_X7R,leakage_ua,SIM_X7R_100N_50V,healthy_settling,healthy_settling,False,True,False,,,0.0334782211952,0.0333166524858,False,False,False,0.25,synthetic,True
MLCC_C000891,MLCC_B019,MLCC_X7R,leakage_ua,SIM_X7R_100N_50V,healthy_settling,healthy_settling,False,True,False,,,0.0221693678429,0.0223425704483,False,False,False,0.25,synthetic,True
MLCC_C000935,MLCC_B019,MLCC_X7R,leakage_ua,SIM_X7R_100N_50V,late_abrupt_onset,late_abrupt_onset,True,False,False,96,,0.232140864145,0.237169207003,False,False,False,0.25,synthetic,True
MLCC_C000941,MLCC_B019,MLCC_X7R,leakage_ua,SIM_X7R_100N_50V,healthy_settling,healthy_settling,False,True,False,,,0.0259197829135,0.0263265547437,False,False,False,0.25,synthetic,True
MLCC_C000994,MLCC_B019,MLCC_X7R,leakage_ua,SIM_X7R_100N_50V,healthy_settling,healthy_settling,False,True,False,,,0.0222169274755,0.0220279756222,False,False,False,0.25,synthetic,True
MLCC_C000995,MLCC_B019,MLCC_X7R,leakage_ua,SIM_X7R_100N_50V,healthy_settling,healthy_settling,False,True,False,,,0.0243375777626,0.0251278897156,False,False,False,0.25,synthetic,True
MLCC_C001027,MLCC_B019,MLCC_X7R,leakage_ua,SIM_X7R_100N_50V,healthy_settling,healthy_settling,False,True,False,,,0.0184506821839,0.0183591279336,False,False,False,0.25,synthetic,True
MLCC_C001054,MLCC_B019,MLCC_X7R,leakage_ua,SIM_X7R_100N_50V,healthy_settling,healthy_settling,False,True,False,,,0.0312116676081,0.0305013558314,False,False,False,0.25,synthetic,True
MLCC_C001136,MLCC_B019,MLCC_X7R,leakage_ua,SIM_X7R_100N_50V,healthy_settling,healthy_settling,False,True,False,,,0.036492582504,0.0369460589323,False,False,False,0.25,synthetic,True
MLCC_C001182,MLCC_B019,MLCC_X7R,leakage_ua,SIM_X7R_100N_50V,healthy_settling,healthy_settling,False,True,False,,,0.0164588475655,0.015682544046,False,False,False,0.25,synthetic,True
MLCC_C001272,MLCC_B019,MLCC_X7R,leakage_ua,SIM_X7R_100N_50V,healthy_settling,healthy_settling,False,True,False,,,0.0149967812721,0.0148640258185,False,False,False,0.25,synthetic,True
MLCC_C001286,MLCC_B019,MLCC_X7R,leakage_ua,SIM_X7R_100N_50V,healthy_settling,healthy_settling,False,True,False,,,0.0178391453653,0.0179087824125,False,False,False,0.25,synthetic,True
MLCC_C001291,MLCC_B019,MLCC_X7R,leakage_ua,SIM_X7R_100N_50V,healthy_settling,healthy_settling,False,True,False,,,0.0155487856464,0.0160659431927,False,False,False,0.25,synthetic,True
MLCC_C001381,MLCC_B019,MLCC_X7R,leakage_ua,SIM_X7R_100N_50V,healthy_settling,healthy_settling,False,True,False,,,0.054203710002,0.0550188344979,False,False,False,0.25,synthetic,True
MLCC_C001418,MLCC_B019,MLCC_X7R,leakage_ua,SIM_X7R_100N_50V,healthy_settling,healthy_settling,False,True,False,,,0.0434008946142,0.0432096584025,False,False,False,0.25,synthetic,True
MLCC_C001737,MLCC_B019,MLCC_X7R,leakage_ua,SIM_X7R_100N_50V,healthy_settling,healthy_settling,False,True,False,,,0.0334672729118,0.0332019229717,False,False,False,0.25,synthetic,True
MLCC_C001742,MLCC_B019,MLCC_X7R,leakage_ua,SIM_X7R_100N_50V,healthy_settling,healthy_settling,False,True,False,,,0.0151405394506,0.0152389062093,False,False,False,0.25,synthetic,True
MLCC_C001828,MLCC_B019,MLCC_X7R,leakage_ua,SIM_X7R_100N_50V,healthy_settling,healthy_settling,False,True,False,,,0.0224192739201,0.0216052987631,False,False,False,0.25,synthetic,True
MLCC_C002049,MLCC_B019,MLCC_X7R,leakage_ua,SIM_X7R_100N_50V,healthy_settling,healthy_settling,False,True,False,,,0.0159764568592,0.0163007338416,False,False,False,0.25,synthetic,True
MLCC_C002054,MLCC_B019,MLCC_X7R,leakage_ua,SIM_X7R_100N_50V,healthy_settling,healthy_settling,False,True,False,,,0.0186602863752,0.0186380300802,False,False,False,0.25,synthetic,True
MLCC_C002120,MLCC_B019,MLCC_X7R,leakage_ua,SIM_X7R_100N_50V,healthy_settling,healthy_settling,False,True,False,,,0.027937345603,0.0278329419033,False,False,False,0.25,synthetic,True
MLCC_C002206,MLCC_B019,MLCC_X7R,leakage_ua,SIM_X7R_100N_50V,ordinary_noise,ordinary_noise,False,True,False,,,0.0141944518368,0.0136903725153,False,False,False,0.25,synthetic,True
MLCC_C002356,MLCC_B019,MLCC_X7R,leakage_ua,SIM_X7R_100N_50V,healthy_settling,healthy_settling,False,True,False,,,0.0317225485492,0.0326971898746,False,False,False,0.25,synthetic,True
MLCC_C002390,MLCC_B019,MLCC_X7R,leakage_ua,SIM_X7R_100N_50V,healthy_settling,healthy_settling,False,True,False,,,0.0383953378189,0.0372278098316,False,False,False,0.25,synthetic,True
MLCC_C002404,MLCC_B019,MLCC_X7R,leakage_ua,SIM_X7R_100N_50V,healthy_settling,healthy_settling,False,True,False,,,0.0367660916952,0.0369137741678,False,False,False,0.25,synthetic,True
MLCC_C002417,MLCC_B019,MLCC_X7R,leakage_ua,SIM_X7R_100N_50V,healthy_settling,healthy_settling,False,True,False,,,0.0228036111189,0.0225307736156,False,False,False,0.25,synthetic,True
MLCC_C002490,MLCC_B019,MLCC_X7R,leakage_ua,SIM_X7R_100N_50V,healthy_settling,healthy_settling,False,True,False,,,0.0145134189162,0.014477579891,False,False,False,0.25,synthetic,True
MLCC_C002594,MLCC_B019,MLCC_X7R,leakage_ua,SIM_X7R_100N_50V,intermittent_leakage,intermittent_leakage,True,False,False,6,,0.208609639895,0.218299291757,False,False,False,0.25,synthetic,True
MLCC_C002670,MLCC_B019,MLCC_X7R,leakage_ua,SIM_X7R_100N_50V,ordinary_noise,ordinary_noise,False,True,False,,,0.0166724814834,0.0191977445234,False,False,False,0.25,synthetic,True
MLCC_C002777,MLCC_B019,MLCC_X7R,leakage_ua,SIM_X7R_100N_50V,accelerating_drift,accelerating_drift,True,False,False,6,,0.400798843613,0.393456532514,True,True,True,0.25,synthetic,True
MLCC_C002831,MLCC_B019,MLCC_X7R,leakage_ua,SIM_X7R_100N_50V,ordinary_noise,ordinary_noise,False,True,False,,,0.0333721185121,0.0270332666733,False,False,False,0.25,synthetic,True
MLCC_C002877,MLCC_B019,MLCC_X7R,leakage_ua,SIM_X7R_100N_50V,healthy_settling,healthy_settling,False,True,False,,,0.0164727341081,0.0161777224426,False,False,False,0.25,synthetic,True
MLCC_C003002,MLCC_B019,MLCC_X7R,leakage_ua,SIM_X7R_100N_50V,healthy_settling,healthy_settling,False,True,False,,,0.0166058783479,0.01735111441,False,False,False,0.25,synthetic,True
MLCC_C003078,MLCC_B019,MLCC_X7R,leakage_ua,SIM_X7R_100N_50V,healthy_settling,healthy_settling,False,True,False,,,0.0263932410471,0.0269941406584,False,False,False,0.25,synthetic,True
MLCC_C003148,MLCC_B019,MLCC_X7R,leakage_ua,SIM_X7R_100N_50V,moisture_associated_history,moisture_associated_history,True,False,False,48,,0.129883571484,0.132461721845,False,False,False,0.25,synthetic,True
MLCC_C003158,MLCC_B019,MLCC_X7R,leakage_ua,SIM_X7R_100N_50V,healthy_settling,healthy_settling,False,True,False,,,0.0313950648982,0.0310340974003,False,False,False,0.25,synthetic,True
MLCC_C003231,MLCC_B019,MLCC_X7R,leakage_ua,SIM_X7R_100N_50V,healthy_settling,healthy_settling,False,True,False,,,0.0303328726136,0.0294440739915,False,False,False,0.25,synthetic,True
MLCC_C003410,MLCC_B019,MLCC_X7R,leakage_ua,SIM_X7R_100N_50V,healthy_settling,healthy_settling,False,True,False,,,0.0261801247697,0.0272780428161,False,False,False,0.25,synthetic,True
MLCC_C003427,MLCC_B019,MLCC_X7R,leakage_ua,SIM_X7R_100N_50V,healthy_settling,healthy_settling,False,True,False,,,0.0222956426812,0.0219628298407,False,False,False,0.25,synthetic,True
MLCC_C003493,MLCC_B019,MLCC_X7R,leakage_ua,SIM_X7R_100N_50V,moisture_associated_history,moisture_associated_history,True,False,False,24,,0.587720416915,0.566336560011,True,True,True,0.25,synthetic,True
MLCC_C003559,MLCC_B019,MLCC_X7R,leakage_ua,SIM_X7R_100N_50V,accelerating_drift,accelerating_drift,True,False,False,24,,0.100823654111,0.101243896192,False,False,False,0.25,synthetic,True
MLCC_C003603,MLCC_B019,MLCC_X7R,leakage_ua,SIM_X7R_100N_50V,healthy_settling,healthy_settling,False,True,False,,,0.0258090272865,0.0260162177728,False,False,False,0.25,synthetic,True
MLCC_C003615,MLCC_B019,MLCC_X7R,leakage_ua,SIM_X7R_100N_50V,gradual_drift,gradual_drift,True,False,False,12,,0.217550913744,0.203149088842,False,False,False,0.25,synthetic,True
MLCC_C003645,MLCC_B019,MLCC_X7R,leakage_ua,SIM_X7R_100N_50V,late_abrupt_onset,late_abrupt_onset,True,False,False,48,,0.128385938357,0.120489371806,False,False,False,0.25,synthetic,True
MLCC_C003899,MLCC_B019,MLCC_X7R,leakage_ua,SIM_X7R_100N_50V,healthy_settling,healthy_settling,False,True,False,,,0.01754200848,0.0171662783575,False,False,False,0.25,synthetic,True
MLCC_C003973,MLCC_B019,MLCC_X7R,leakage_ua,SIM_X7R_100N_50V,healthy_settling,healthy_settling,False,True,False,,,0.0184256623805,0.0183631961885,False,False,False,0.25,synthetic,True
MLCC_C004016,MLCC_B019,MLCC_X7R,leakage_ua,SIM_X7R_100N_50V,healthy_settling,healthy_settling,False,True,False,,,0.0211634865035,0.0206816767463,False,False,False,0.25,synthetic,True
MLCC_C004078,MLCC_B019,MLCC_X7R,leakage_ua,SIM_X7R_100N_50V,healthy_settling,healthy_settling,False,True,False,,,0.0191469436711,0.0198305577727,False,False,False,0.25,synthetic,True
MLCC_C004086,MLCC_B019,MLCC_X7R,leakage_ua,SIM_X7R_100N_50V,healthy_settling,healthy_settling,False,True,False,,,0.0116244928059,0.0114361496156,False,False,False,0.25,synthetic,True
MLCC_C004162,MLCC_B019,MLCC_X7R,leakage_ua,SIM_X7R_100N_50V,healthy_settling,healthy_settling,False,True,False,,,0.0225596538627,0.0211550873071,False,False,False,0.25,synthetic,True
MLCC_C004285,MLCC_B019,MLCC_X7R,leakage_ua,SIM_X7R_100N_50V,healthy_settling,healthy_settling,False,True,False,,,0.0292574241036,0.0291952126545,False,False,False,0.25,synthetic,True
MLCC_C004341,MLCC_B019,MLCC_X7R,leakage_ua,SIM_X7R_100N_50V,late_abrupt_onset,late_abrupt_onset,True,False,False,120,,0.329527465401,0.352334248424,True,True,True,0.25,synthetic,True
MLCC_C004410,MLCC_B019,MLCC_X7R,leakage_ua,SIM_X7R_100N_50V,healthy_settling,healthy_settling,False,True,False,,,0.0244916748721,0.023926918252,False,False,False,0.25,synthetic,True
MLCC_C004486,MLCC_B019,MLCC_X7R,leakage_ua,SIM_X7R_100N_50V,healthy_settling,healthy_settling,False,True,False,,,0.0209008987595,0.0211633685934,False,False,False,0.25,synthetic,True
MLCC_C004539,MLCC_B019,MLCC_X7R,leakage_ua,SIM_X7R_100N_50V,healthy_settling,healthy_settling,False,True,False,,,0.0217194360063,0.0226655341091,False,False,False,0.25,synthetic,True
MLCC_C004653,MLCC_B019,MLCC_X7R,leakage_ua,SIM_X7R_100N_50V,moisture_associated_history,moisture_associated_history,True,False,False,0,,0.232213028796,0.234454776828,False,False,False,0.25,synthetic,True
MLCC_C004682,MLCC_B019,MLCC_X7R,leakage_ua,SIM_X7R_100N_50V,healthy_settling,healthy_settling,False,True,False,,,0.0226617446722,0.0227800576184,False,False,False,0.25,synthetic,True
MLCC_C004698,MLCC_B019,MLCC_X7R,leakage_ua,SIM_X7R_100N_50V,ordinary_noise,ordinary_noise,False,True,False,,,0.0201978842589,0.0223187519185,False,False,False,0.25,synthetic,True
MLCC_C004747,MLCC_B019,MLCC_X7R,leakage_ua,SIM_X7R_100N_50V,ordinary_noise,ordinary_noise,False,True,False,,,0.0125674967788,0.0141268555636,False,False,False,0.25,synthetic,True
MLCC_C004800,MLCC_B019,MLCC_X7R,leakage_ua,SIM_X7R_100N_50V,healthy_settling,healthy_settling,False,True,False,,,0.0345596758549,0.0350687587031,False,False,False,0.25,synthetic,True
MLCC_C004905,MLCC_B019,MLCC_X7R,leakage_ua,SIM_X7R_100N_50V,healthy_settling,healthy_settling,False,True,False,,,0.0262667330216,0.0257317973519,False,False,False,0.25,synthetic,True
MLCC_C004911,MLCC_B019,MLCC_X7R,leakage_ua,SIM_X7R_100N_50V,healthy_settling,healthy_settling,False,True,False,,,0.0321507762458,0.0320227392827,False,False,False,0.25,synthetic,True
MLCC_C004918,MLCC_B019,MLCC_X7R,leakage_ua,SIM_X7R_100N_50V,healthy_settling,healthy_settling,False,True,False,,,0.023402699825,0.0235607842577,False,False,False,0.25,synthetic,True
MLCC_C004991,MLCC_B019,MLCC_X7R,leakage_ua,SIM_X7R_100N_50V,healthy_settling,healthy_settling,False,True,False,,,0.0253530600005,0.0257555368172,False,False,False,0.25,synthetic,True
MLCC_C005103,MLCC_B019,MLCC_X7R,leakage_ua,SIM_X7R_100N_50V,healthy_settling,healthy_settling,False,True,False,,,0.0277197831947,0.0271518149615,False,False,False,0.25,synthetic,True
MLCC_C005212,MLCC_B019,MLCC_X7R,leakage_ua,SIM_X7R_100N_50V,healthy_settling,healthy_settling,False,True,False,,,0.0203840795228,0.0201030895576,False,False,False,0.25,synthetic,True
MLCC_C005288,MLCC_B019,MLCC_X7R,leakage_ua,SIM_X7R_100N_50V,healthy_settling,healthy_settling,False,True,False,,,0.0345444837339,0.0340387327747,False,False,False,0.25,synthetic,True
MLCC_C005302,MLCC_B019,MLCC_X7R,leakage_ua,SIM_X7R_100N_50V,intermittent_leakage,intermittent_leakage,True,False,False,24,,0.0848693391503,0.0864115026199,False,False,False,0.25,synthetic,True
MLCC_C005306,MLCC_B019,MLCC_X7R,leakage_ua,SIM_X7R_100N_50V,healthy_settling,healthy_settling,False,True,False,,,0.0426897059459,0.0415333758518,False,False,False,0.25,synthetic,True
MLCC_C005330,MLCC_B019,MLCC_X7R,leakage_ua,SIM_X7R_100N_50V,healthy_settling,healthy_settling,False,True,False,,,0.0247275062495,0.0239603547978,False,False,False,0.25,synthetic,True
MLCC_C005415,MLCC_B019,MLCC_X7R,leakage_ua,SIM_X7R_100N_50V,healthy_settling,healthy_settling,False,True,False,,,0.0252711831177,0.024937201556,False,False,False,0.25,synthetic,True
MLCC_C005471,MLCC_B019,MLCC_X7R,leakage_ua,SIM_X7R_100N_50V,healthy_settling,healthy_settling,False,True,False,,,0.0377785214541,0.0364547599291,False,False,False,0.25,synthetic,True
MLCC_C005486,MLCC_B019,MLCC_X7R,leakage_ua,SIM_X7R_100N_50V,ordinary_noise,ordinary_noise,False,True,False,,,0.0295282750031,0.026958031734,False,False,False,0.25,synthetic,True
MLCC_C005540,MLCC_B019,MLCC_X7R,leakage_ua,SIM_X7R_100N_50V,intermittent_leakage,intermittent_leakage,True,False,False,24,,0.159433108478,0.159432537087,False,False,True,0.25,synthetic,True
MLCC_C005590,MLCC_B019,MLCC_X7R,leakage_ua,SIM_X7R_100N_50V,gradual_drift,gradual_drift,True,False,False,6,,0.131206608082,0.132757193023,False,False,False,0.25,synthetic,True
MLCC_C005621,MLCC_B019,MLCC_X7R,leakage_ua,SIM_X7R_100N_50V,healthy_settling,healthy_settling,False,True,False,,,0.0211800257017,0.0213431239736,False,False,False,0.25,synthetic,True
MLCC_C005685,MLCC_B019,MLCC_X7R,leakage_ua,SIM_X7R_100N_50V,gradual_drift,gradual_drift,True,False,False,12,,0.419410655697,0.413739997494,True,True,True,0.25,synthetic,True
MLCC_C005784,MLCC_B019,MLCC_X7R,leakage_ua,SIM_X7R_100N_50V,moisture_associated_history,moisture_associated_history,True,False,False,24,,0.364029919424,0.357630731343,True,True,True,0.25,synthetic,True
MLCC_C005790,MLCC_B019,MLCC_X7R,leakage_ua,SIM_X7R_100N_50V,healthy_settling,healthy_settling,False,True,False,,,0.0301608258274,0.0299727173335,False,False,False,0.25,synthetic,True
MLCC_C005802,MLCC_B019,MLCC_X7R,leakage_ua,SIM_X7R_100N_50V,healthy_settling,healthy_settling,False,True,False,,,0.0447598031246,0.0461637819489,False,False,False,0.25,synthetic,True
MLCC_C005843,MLCC_B019,MLCC_X7R,leakage_ua,SIM_X7R_100N_50V,healthy_settling,healthy_settling,False,True,False,,,0.0278898716703,0.028125550238,False,False,False,0.25,synthetic,True
MLCC_C005900,MLCC_B019,MLCC_X7R,leakage_ua,SIM_X7R_100N_50V,healthy_settling,healthy_settling,False,True,False,,,0.0581529909062,0.0532197251126,False,False,False,0.25,synthetic,True
MLCC_C005986,MLCC_B019,MLCC_X7R,leakage_ua,SIM_X7R_100N_50V,healthy_settling,healthy_settling,False,True,False,,,0.0308321288768,0.0309714119038,False,False,False,0.25,synthetic,True
MLCC_C006141,MLCC_B019,MLCC_X7R,leakage_ua,SIM_X7R_100N_50V,healthy_settling,healthy_settling,False,True,False,,,0.0316432592997,0.0318046945087,False,False,False,0.25,synthetic,True
MLCC_C006148,MLCC_B019,MLCC_X7R,leakage_ua,SIM_X7R_100N_50V,healthy_settling,healthy_settling,False,True,False,,,0.0293765737871,0.0290476289655,False,False,False,0.25,synthetic,True
MLCC_C006215,MLCC_B019,MLCC_X7R,leakage_ua,SIM_X7R_100N_50V,late_abrupt_onset,late_abrupt_onset,True,False,False,72,,0.106268529955,0.107728724261,False,False,False,0.25,synthetic,True
MLCC_C006446,MLCC_B019,MLCC_X7R,leakage_ua,SIM_X7R_100N_50V,moisture_associated_history,moisture_associated_history,True,False,False,0,,0.148451300385,0.145128031027,False,False,False,0.25,synthetic,True
MLCC_C006495,MLCC_B019,MLCC_X7R,leakage_ua,SIM_X7R_100N_50V,ordinary_noise,ordinary_noise,False,True,False,,,0.0129064930624,0.0122606518671,False,False,False,0.25,synthetic,True
MLCC_C006651,MLCC_B019,MLCC_X7R,leakage_ua,SIM_X7R_100N_50V,gradual_drift,gradual_drift,True,False,False,6,,0.256849815708,0.257804285758,True,True,True,0.25,synthetic,True
MLCC_C006715,MLCC_B019,MLCC_X7R,leakage_ua,SIM_X7R_100N_50V,healthy_settling,healthy_settling,False,True,False,,,0.0210698238963,0.0204792454924,False,False,False,0.25,synthetic,True
MLCC_C006790,MLCC_B019,MLCC_X7R,leakage_ua,SIM_X7R_100N_50V,healthy_settling,healthy_settling,False,True,False,,,0.0271294643659,0.0274793185394,False,False,False,0.25,synthetic,True
MLCC_C006891,MLCC_B019,MLCC_X7R,leakage_ua,SIM_X7R_100N_50V,ordinary_noise,ordinary_noise,False,True,False,,,0.0242403080318,0.0232996982276,False,False,False,0.25,synthetic,True
MLCC_C006912,MLCC_B019,MLCC_X7R,leakage_ua,SIM_X7R_100N_50V,late_abrupt_onset,late_abrupt_onset,True,False,False,96,,0.213250788355,0.226345324171,False,False,False,0.25,synthetic,True
MLCC_C006990,MLCC_B019,MLCC_X7R,leakage_ua,SIM_X7R_100N_50V,healthy_settling,healthy_settling,False,True,False,,,0.0257447082199,0.0261204802654,False,False,False,0.25,synthetic,True
MLCC_C007002,MLCC_B019,MLCC_X7R,leakage_ua,SIM_X7R_100N_50V,healthy_settling,healthy_settling,False,True,False,,,0.0298799798126,0.0316818814411,False,False,False,0.25,synthetic,True
MLCC_C007020,MLCC_B019,MLCC_X7R,leakage_ua,SIM_X7R_100N_50V,healthy_settling,healthy_settling,False,True,False,,,0.0232966887271,0.0240713070838,False,False,False,0.25,synthetic,True
MLCC_C007025,MLCC_B019,MLCC_X7R,leakage_ua,SIM_X7R_100N_50V,ordinary_noise,ordinary_noise,False,True,False,,,0.0436884925057,0.0376552165049,False,False,False,0.25,synthetic,True
MLCC_C007081,MLCC_B019,MLCC_X7R,leakage_ua,SIM_X7R_100N_50V,healthy_settling,healthy_settling,False,True,False,,,0.0525866298577,0.052307052083,False,False,False,0.25,synthetic,True
MLCC_C007084,MLCC_B019,MLCC_X7R,leakage_ua,SIM_X7R_100N_50V,intermittent_leakage,intermittent_leakage,True,False,False,24,,0.0219605338015,0.0224629489798,False,False,False,0.25,synthetic,True
MLCC_C007126,MLCC_B019,MLCC_X7R,leakage_ua,SIM_X7R_100N_50V,ordinary_noise,ordinary_noise,False,True,False,,,0.0301039042401,0.0319475396769,False,False,False,0.25,synthetic,True
MLCC_C007129,MLCC_B019,MLCC_X7R,leakage_ua,SIM_X7R_100N_50V,healthy_settling,healthy_settling,False,True,False,,,0.0178294816543,0.01766081024,False,False,False,0.25,synthetic,True
MLCC_C007135,MLCC_B019,MLCC_X7R,leakage_ua,SIM_X7R_100N_50V,healthy_settling,healthy_settling,False,True,False,,,0.0167974660223,0.0158494448382,False,False,False,0.25,synthetic,True
MLCC_C007176,MLCC_B019,MLCC_X7R,leakage_ua,SIM_X7R_100N_50V,accelerating_drift,accelerating_drift,True,False,False,6,,0.150639465366,0.151930922165,False,False,False,0.25,synthetic,True
MLCC_C007257,MLCC_B019,MLCC_X7R,leakage_ua,SIM_X7R_100N_50V,ordinary_noise,ordinary_noise,False,True,False,,,0.0236344462454,0.0189868302306,False,False,False,0.25,synthetic,True
MLCC_C007284,MLCC_B019,MLCC_X7R,leakage_ua,SIM_X7R_100N_50V,healthy_settling,healthy_settling,False,True,False,,,0.0192470626132,0.0192010972826,False,False,False,0.25,synthetic,True
MLCC_C007324,MLCC_B019,MLCC_X7R,leakage_ua,SIM_X7R_100N_50V,healthy_settling,healthy_settling,False,True,False,,,0.0402965041873,0.0385231215749,False,False,False,0.25,synthetic,True
MLCC_C007371,MLCC_B019,MLCC_X7R,leakage_ua,SIM_X7R_100N_50V,healthy_settling,healthy_settling,False,True,False,,,0.0253462000263,0.0252414955423,False,False,False,0.25,synthetic,True
MLCC_C007406,MLCC_B019,MLCC_X7R,leakage_ua,SIM_X7R_100N_50V,healthy_settling,healthy_settling,False,True,False,,,0.0522171760299,0.052108474341,False,False,False,0.25,synthetic,True
MLCC_C007435,MLCC_B019,MLCC_X7R,leakage_ua,SIM_X7R_100N_50V,healthy_settling,healthy_settling,False,True,False,,,0.0445965992473,0.0470535904697,False,False,False,0.25,synthetic,True
MLCC_C007511,MLCC_B019,MLCC_X7R,leakage_ua,SIM_X7R_100N_50V,intermittent_leakage,intermittent_leakage,True,False,False,6,,0.0305367301728,0.0292900321628,False,False,True,0.25,synthetic,True
MLCC_C007515,MLCC_B019,MLCC_X7R,leakage_ua,SIM_X7R_100N_50V,intermittent_leakage,intermittent_leakage,True,False,False,6,,0.319073824496,0.30853117565,True,True,True,0.25,synthetic,True
MLCC_C007541,MLCC_B019,MLCC_X7R,leakage_ua,SIM_X7R_100N_50V,healthy_settling,healthy_settling,False,True,False,,,0.0205341983911,0.0205358977368,False,False,False,0.25,synthetic,True
MLCC_C007635,MLCC_B019,MLCC_X7R,leakage_ua,SIM_X7R_100N_50V,healthy_settling,healthy_settling,False,True,False,,,0.0434357328934,0.0390828986968,False,False,False,0.25,synthetic,True
MLCC_C007749,MLCC_B019,MLCC_X7R,leakage_ua,SIM_X7R_100N_50V,moisture_associated_history,moisture_associated_history,True,False,False,6,,0.202884723469,0.195274365678,False,False,False,0.25,synthetic,True
MLCC_C007831,MLCC_B019,MLCC_X7R,leakage_ua,SIM_X7R_100N_50V,healthy_settling,healthy_settling,False,True,False,,,0.0239149490456,0.0233458720034,False,False,False,0.25,synthetic,True
MLCC_C007838,MLCC_B019,MLCC_X7R,leakage_ua,SIM_X7R_100N_50V,accelerating_drift,accelerating_drift,True,False,False,12,,0.262703851595,0.26309656948,True,True,True,0.25,synthetic,True
MLCC_C007996,MLCC_B019,MLCC_X7R,leakage_ua,SIM_X7R_100N_50V,healthy_settling,healthy_settling,False,True,False,,,0.048205892034,0.0486115388937,False,False,False,0.25,synthetic,True
MLCC_C008233,MLCC_B019,MLCC_X7R,leakage_ua,SIM_X7R_100N_50V,accelerating_drift,accelerating_drift,True,False,False,12,,0.091894861909,0.0945200448567,False,False,False,0.25,synthetic,True
MLCC_C008263,MLCC_B019,MLCC_X7R,leakage_ua,SIM_X7R_100N_50V,healthy_settling,healthy_settling,False,True,False,,,0.0213990837981,0.0220003166907,False,False,False,0.25,synthetic,True
MLCC_C008301,MLCC_B019,MLCC_X7R,leakage_ua,SIM_X7R_100N_50V,healthy_settling,healthy_settling,False,True,False,,,0.0206129780112,0.0204414224795,False,False,False,0.25,synthetic,True
MLCC_C008311,MLCC_B019,MLCC_X7R,leakage_ua,SIM_X7R_100N_50V,ordinary_noise,ordinary_noise,False,True,False,,,0.0271655765641,0.0294900725423,False,False,False,0.25,synthetic,True
MLCC_C008398,MLCC_B019,MLCC_X7R,leakage_ua,SIM_X7R_100N_50V,gradual_drift,gradual_drift,True,False,False,12,,0.0968778016718,0.0989450286221,False,False,False,0.25,synthetic,True
MLCC_C008467,MLCC_B019,MLCC_X7R,leakage_ua,SIM_X7R_100N_50V,healthy_settling,healthy_settling,False,True,False,,,0.0278642114677,0.0266514530733,False,False,False,0.25,synthetic,True
MLCC_C008473,MLCC_B019,MLCC_X7R,leakage_ua,SIM_X7R_100N_50V,healthy_settling,healthy_settling,False,True,False,,,0.0351205585253,0.0337237166999,False,False,False,0.25,synthetic,True
MLCC_C008683,MLCC_B019,MLCC_X7R,leakage_ua,SIM_X7R_100N_50V,moisture_associated_history,moisture_associated_history,True,False,False,12,,0.194259157872,0.191447681337,False,False,False,0.25,synthetic,True
MLCC_C008751,MLCC_B019,MLCC_X7R,leakage_ua,SIM_X7R_100N_50V,healthy_settling,healthy_settling,False,True,False,,,0.0215942413424,0.0222303639663,False,False,False,0.25,synthetic,True
MLCC_C008754,MLCC_B019,MLCC_X7R,leakage_ua,SIM_X7R_100N_50V,healthy_settling,healthy_settling,False,True,False,,,0.0250079229789,0.0254166988157,False,False,False,0.25,synthetic,True
MLCC_C008829,MLCC_B019,MLCC_X7R,leakage_ua,SIM_X7R_100N_50V,healthy_settling,healthy_settling,False,True,False,,,0.0256913511721,0.0259199026967,False,False,False,0.25,synthetic,True
MLCC_C008919,MLCC_B019,MLCC_X7R,leakage_ua,SIM_X7R_100N_50V,healthy_settling,healthy_settling,False,True,False,,,0.0315787330678,0.0306100051978,False,False,False,0.25,synthetic,True
MLCC_C008928,MLCC_B019,MLCC_X7R,leakage_ua,SIM_X7R_100N_50V,moisture_associated_history,moisture_associated_history,True,False,False,6,,0.19181324539,0.195490754802,False,False,False,0.25,synthetic,True
MLCC_C008953,MLCC_B019,MLCC_X7R,leakage_ua,SIM_X7R_100N_50V,healthy_settling,healthy_settling,False,True,False,,,0.0221520170583,0.0235351350849,False,False,False,0.25,synthetic,True
MLCC_C009047,MLCC_B019,MLCC_X7R,leakage_ua,SIM_X7R_100N_50V,accelerating_drift,accelerating_drift,True,False,False,24,,0.214082353506,0.217130577172,False,False,False,0.25,synthetic,True
MLCC_C009070,MLCC_B019,MLCC_X7R,leakage_ua,SIM_X7R_100N_50V,accelerating_drift,accelerating_drift,True,False,False,0,,0.17577181785,0.166492449108,False,False,False,0.25,synthetic,True
MLCC_C009169,MLCC_B019,MLCC_X7R,leakage_ua,SIM_X7R_100N_50V,healthy_settling,healthy_settling,False,True,False,,,0.0222905127893,0.0222796039437,False,False,False,0.25,synthetic,True
MLCC_C009171,MLCC_B019,MLCC_X7R,leakage_ua,SIM_X7R_100N_50V,ordinary_noise,ordinary_noise,False,True,False,,,0.0181265196636,0.0171283400659,False,False,False,0.25,synthetic,True
MLCC_C009191,MLCC_B019,MLCC_X7R,leakage_ua,SIM_X7R_100N_50V,healthy_settling,healthy_settling,False,True,False,,,0.0449687815212,0.0458133694295,False,False,False,0.25,synthetic,True
MLCC_C009223,MLCC_B019,MLCC_X7R,leakage_ua,SIM_X7R_100N_50V,healthy_settling,healthy_settling,False,True,False,,,0.0228066998687,0.0218481323881,False,False,False,0.25,synthetic,True
MLCC_C009227,MLCC_B019,MLCC_X7R,leakage_ua,SIM_X7R_100N_50V,healthy_settling,healthy_settling,False,True,False,,,0.0243312848958,0.0236696578317,False,False,False,0.25,synthetic,True
MLCC_C009237,MLCC_B019,MLCC_X7R,leakage_ua,SIM_X7R_100N_50V,healthy_settling,healthy_settling,False,True,False,,,0.0237501181999,0.0239717288763,False,False,False,0.25,synthetic,True
MLCC_C009378,MLCC_B019,MLCC_X7R,leakage_ua,SIM_X7R_100N_50V,healthy_settling,healthy_settling,False,True,False,,,0.0161300078069,0.0161990463741,False,False,False,0.25,synthetic,True
MLCC_C009394,MLCC_B019,MLCC_X7R,leakage_ua,SIM_X7R_100N_50V,healthy_settling,healthy_settling,False,True,False,,,0.0307913555497,0.0303560238712,False,False,False,0.25,synthetic,True
MLCC_C009406,MLCC_B019,MLCC_X7R,leakage_ua,SIM_X7R_100N_50V,healthy_settling,healthy_settling,False,True,False,,,0.0222181168604,0.0227868074363,False,False,False,0.25,synthetic,True
MLCC_C009442,MLCC_B019,MLCC_X7R,leakage_ua,SIM_X7R_100N_50V,healthy_settling,healthy_settling,False,True,False,,,0.0290706944912,0.0291611178772,False,False,False,0.25,synthetic,True
MLCC_C009528,MLCC_B019,MLCC_X7R,leakage_ua,SIM_X7R_100N_50V,healthy_settling,healthy_settling,False,True,False,,,0.0205294914153,0.0201077569102,False,False,False,0.25,synthetic,True
MLCC_C009592,MLCC_B019,MLCC_X7R,leakage_ua,SIM_X7R_100N_50V,healthy_settling,healthy_settling,False,True,False,,,0.0234933202061,0.0235487582932,False,False,False,0.25,synthetic,True
MLCC_C009624,MLCC_B019,MLCC_X7R,leakage_ua,SIM_X7R_100N_50V,healthy_settling,healthy_settling,False,True,False,,,0.0218924508368,0.0216671196069,False,False,False,0.25,synthetic,True
MLCC_C009710,MLCC_B019,MLCC_X7R,leakage_ua,SIM_X7R_100N_50V,moisture_associated_history,moisture_associated_history,True,False,False,48,,0.211407207362,0.211002424667,False,False,False,0.25,synthetic,True
MLCC_C009772,MLCC_B019,MLCC_X7R,leakage_ua,SIM_X7R_100N_50V,healthy_settling,healthy_settling,False,True,False,,,0.023773726321,0.0235367633872,False,False,False,0.25,synthetic,True
MLCC_C009818,MLCC_B019,MLCC_X7R,leakage_ua,SIM_X7R_100N_50V,healthy_settling,healthy_settling,False,True,False,,,0.0178169097661,0.0177050722,False,False,False,0.25,synthetic,True
MLCC_C009846,MLCC_B019,MLCC_X7R,leakage_ua,SIM_X7R_100N_50V,moisture_associated_history,moisture_associated_history,True,False,False,24,,0.27481517254,0.291289913921,True,True,True,0.25,synthetic,True
MLCC_C009867,MLCC_B019,MLCC_X7R,leakage_ua,SIM_X7R_100N_50V,gradual_drift,gradual_drift,True,False,False,0,,0.216670743061,0.219662335442,False,False,False,0.25,synthetic,True
MLCC_C010046,MLCC_B019,MLCC_X7R,leakage_ua,SIM_X7R_100N_50V,intermittent_leakage,intermittent_leakage,True,False,False,48,,0.683776340484,0.670738048521,True,True,True,0.25,synthetic,True
MLCC_C010093,MLCC_B019,MLCC_X7R,leakage_ua,SIM_X7R_100N_50V,healthy_settling,healthy_settling,False,True,False,,,0.0278937525054,0.0273970213043,False,False,False,0.25,synthetic,True
MLCC_C010100,MLCC_B019,MLCC_X7R,leakage_ua,SIM_X7R_100N_50V,late_abrupt_onset,late_abrupt_onset,True,False,False,96,,0.594651660256,0.544071378897,True,True,True,0.25,synthetic,True
MLCC_C010106,MLCC_B019,MLCC_X7R,leakage_ua,SIM_X7R_100N_50V,healthy_settling,healthy_settling,False,True,False,,,0.033499331385,0.0325134866083,False,False,False,0.25,synthetic,True
MLCC_C010182,MLCC_B019,MLCC_X7R,leakage_ua,SIM_X7R_100N_50V,late_abrupt_onset,late_abrupt_onset,True,False,False,144,,0.490549687846,0.470768108601,True,True,True,0.25,synthetic,True
MLCC_C010226,MLCC_B019,MLCC_X7R,leakage_ua,SIM_X7R_100N_50V,healthy_settling,healthy_settling,False,True,False,,,0.0243684740155,0.0256135030698,False,False,False,0.25,synthetic,True
MLCC_C010228,MLCC_B019,MLCC_X7R,leakage_ua,SIM_X7R_100N_50V,ordinary_noise,ordinary_noise,False,True,False,,,0.0184905539342,0.0237262244585,False,False,False,0.25,synthetic,True
MLCC_C010274,MLCC_B019,MLCC_X7R,leakage_ua,SIM_X7R_100N_50V,healthy_settling,healthy_settling,False,True,False,,,0.0267381801709,0.0270659189535,False,False,False,0.25,synthetic,True
MLCC_C010291,MLCC_B019,MLCC_X7R,leakage_ua,SIM_X7R_100N_50V,healthy_settling,healthy_settling,False,True,False,,,0.0228732509041,0.0220325343952,False,False,False,0.25,synthetic,True
MLCC_C010329,MLCC_B019,MLCC_X7R,leakage_ua,SIM_X7R_100N_50V,ordinary_noise,ordinary_noise,False,True,False,,,0.0197035370814,0.0173267957888,False,False,False,0.25,synthetic,True
MLCC_C010359,MLCC_B019,MLCC_X7R,leakage_ua,SIM_X7R_100N_50V,healthy_settling,healthy_settling,False,True,False,,,0.0168399681169,0.0164494544435,False,False,False,0.25,synthetic,True
MLCC_C010430,MLCC_B019,MLCC_X7R,leakage_ua,SIM_X7R_100N_50V,healthy_settling,healthy_settling,False,True,False,,,0.0318308220858,0.0311839318805,False,False,False,0.25,synthetic,True
MLCC_C010537,MLCC_B019,MLCC_X7R,leakage_ua,SIM_X7R_100N_50V,ordinary_noise,ordinary_noise,False,True,False,,,0.033449231952,0.0298060402519,False,False,False,0.25,synthetic,True
MLCC_C010840,MLCC_B019,MLCC_X7R,leakage_ua,SIM_X7R_100N_50V,healthy_settling,healthy_settling,False,True,False,,,0.0293271543549,0.0322474565415,False,False,False,0.25,synthetic,True
MLCC_C010859,MLCC_B019,MLCC_X7R,leakage_ua,SIM_X7R_100N_50V,ordinary_noise,ordinary_noise,False,True,False,,,0.0168601219172,0.0202427693358,False,False,False,0.25,synthetic,True
MLCC_C010982,MLCC_B019,MLCC_X7R,leakage_ua,SIM_X7R_100N_50V,gradual_drift,gradual_drift,True,False,False,6,,0.244029189876,0.248062022621,False,False,False,0.25,synthetic,True
MLCC_C011004,MLCC_B019,MLCC_X7R,leakage_ua,SIM_X7R_100N_50V,healthy_settling,healthy_settling,False,True,False,,,0.0174442234983,0.0177153831332,False,False,False,0.25,synthetic,True
MLCC_C011029,MLCC_B019,MLCC_X7R,leakage_ua,SIM_X7R_100N_50V,accelerating_drift,accelerating_drift,True,False,False,6,,0.149194106759,0.146396735372,False,False,False,0.25,synthetic,True
MLCC_C011105,MLCC_B019,MLCC_X7R,leakage_ua,SIM_X7R_100N_50V,healthy_settling,healthy_settling,False,True,False,,,0.0271290294772,0.0263820639017,False,False,False,0.25,synthetic,True
MLCC_C011198,MLCC_B019,MLCC_X7R,leakage_ua,SIM_X7R_100N_50V,healthy_settling,healthy_settling,False,True,False,,,0.0158098227322,0.015710184088,False,False,False,0.25,synthetic,True
MLCC_C011294,MLCC_B019,MLCC_X7R,leakage_ua,SIM_X7R_100N_50V,healthy_settling,healthy_settling,False,True,False,,,0.0245167624376,0.0251855899146,False,False,False,0.25,synthetic,True
MLCC_C011299,MLCC_B019,MLCC_X7R,leakage_ua,SIM_X7R_100N_50V,intermittent_leakage,intermittent_leakage,True,False,False,6,,0.022638510149,0.0232634421973,False,False,False,0.25,synthetic,True
MLCC_C011332,MLCC_B019,MLCC_X7R,leakage_ua,SIM_X7R_100N_50V,healthy_settling,healthy_settling,False,True,False,,,0.0298189052926,0.0305162537134,False,False,False,0.25,synthetic,True
MLCC_C011441,MLCC_B019,MLCC_X7R,leakage_ua,SIM_X7R_100N_50V,ordinary_noise,ordinary_noise,False,True,False,,,0.0237116044348,0.0255225634766,False,False,False,0.25,synthetic,True
MLCC_C011513,MLCC_B019,MLCC_X7R,leakage_ua,SIM_X7R_100N_50V,healthy_settling,healthy_settling,False,True,False,,,0.0161229781436,0.0161184663991,False,False,False,0.25,synthetic,True
MLCC_C011586,MLCC_B019,MLCC_X7R,leakage_ua,SIM_X7R_100N_50V,healthy_settling,healthy_settling,False,True,False,,,0.0272916812754,0.0266405581162,False,False,False,0.25,synthetic,True
MLCC_C011650,MLCC_B019,MLCC_X7R,leakage_ua,SIM_X7R_100N_50V,healthy_settling,healthy_settling,False,True,False,,,0.0166852024366,0.0163156941252,False,False,False,0.25,synthetic,True
MLCC_C011743,MLCC_B019,MLCC_X7R,leakage_ua,SIM_X7R_100N_50V,ordinary_noise,ordinary_noise,False,True,False,,,0.0515642429513,0.0425220657218,False,False,False,0.25,synthetic,True
MLCC_C011758,MLCC_B019,MLCC_X7R,leakage_ua,SIM_X7R_100N_50V,healthy_settling,healthy_settling,False,True,False,,,0.019854004826,0.0200156418157,False,False,False,0.25,synthetic,True
MLCC_C011783,MLCC_B019,MLCC_X7R,leakage_ua,SIM_X7R_100N_50V,healthy_settling,healthy_settling,False,True,False,,,0.0206653652017,0.0190024434639,False,False,False,0.25,synthetic,True
MLCC_C011789,MLCC_B019,MLCC_X7R,leakage_ua,SIM_X7R_100N_50V,late_abrupt_onset,late_abrupt_onset,True,False,False,144,,0.446577655938,0.447979100319,True,True,True,0.25,synthetic,True
MLCC_C011866,MLCC_B019,MLCC_X7R,leakage_ua,SIM_X7R_100N_50V,healthy_settling,healthy_settling,False,True,False,,,0.0122707220136,0.0121843077813,False,False,False,0.25,synthetic,True
MLCC_C000001,MLCC_B020,MLCC_X7R,leakage_ua,SIM_X7R_10N_50V,healthy_settling,healthy_settling,False,True,False,,,0.00946723739653,0.00972078262052,False,False,False,0.12,synthetic,True
MLCC_C000110,MLCC_B020,MLCC_X7R,leakage_ua,SIM_X7R_10N_50V,moisture_associated_history,moisture_associated_history,True,False,False,24,,0.148190840401,0.145153967514,True,True,True,0.12,synthetic,True
MLCC_C000183,MLCC_B020,MLCC_X7R,leakage_ua,SIM_X7R_10N_50V,gradual_drift,gradual_drift,True,False,False,12,,0.0801827561787,0.0784258766888,False,False,False,0.12,synthetic,True
MLCC_C000336,MLCC_B020,MLCC_X7R,leakage_ua,SIM_X7R_10N_50V,late_abrupt_onset,late_abrupt_onset,True,False,False,96,,0.0744390881612,0.0724133634784,False,False,False,0.12,synthetic,True
MLCC_C000386,MLCC_B020,MLCC_X7R,leakage_ua,SIM_X7R_10N_50V,healthy_settling,healthy_settling,False,True,False,,,0.00975072660575,0.00978319441649,False,False,False,0.12,synthetic,True
MLCC_C000392,MLCC_B020,MLCC_X7R,leakage_ua,SIM_X7R_10N_50V,healthy_settling,healthy_settling,False,True,False,,,0.0129364475283,0.0127944507642,False,False,False,0.12,synthetic,True
MLCC_C000427,MLCC_B020,MLCC_X7R,leakage_ua,SIM_X7R_10N_50V,gradual_drift,gradual_drift,True,False,False,0,,0.0216942474949,0.022163270635,False,False,False,0.12,synthetic,True
MLCC_C000499,MLCC_B020,MLCC_X7R,leakage_ua,SIM_X7R_10N_50V,accelerating_drift,accelerating_drift,True,False,False,0,,0.105281387456,0.109315396313,False,False,False,0.12,synthetic,True
MLCC_C000542,MLCC_B020,MLCC_X7R,leakage_ua,SIM_X7R_10N_50V,intermittent_leakage,intermittent_leakage,True,False,False,24,,0.01092317715,0.0109266282785,False,False,False,0.12,synthetic,True
MLCC_C000662,MLCC_B020,MLCC_X7R,leakage_ua,SIM_X7R_10N_50V,ordinary_noise,ordinary_noise,False,True,False,,,0.0092153619425,0.00973389232466,False,False,False,0.12,synthetic,True
MLCC_C000752,MLCC_B020,MLCC_X7R,leakage_ua,SIM_X7R_10N_50V,intermittent_leakage,intermittent_leakage,True,False,False,12,,0.0366870421639,0.0379758388819,False,False,False,0.12,synthetic,True
MLCC_C000773,MLCC_B020,MLCC_X7R,leakage_ua,SIM_X7R_10N_50V,ordinary_noise,ordinary_noise,False,True,False,,,0.0144111442198,0.0163426436895,False,False,False,0.12,synthetic,True
MLCC_C000838,MLCC_B020,MLCC_X7R,leakage_ua,SIM_X7R_10N_50V,healthy_settling,healthy_settling,False,True,False,,,0.00849705056787,0.007915953913,False,False,False,0.12,synthetic,True
MLCC_C000885,MLCC_B020,MLCC_X7R,leakage_ua,SIM_X7R_10N_50V,late_abrupt_onset,late_abrupt_onset,True,False,False,120,,0.0911779129965,0.0932722828752,False,False,False,0.12,synthetic,True
MLCC_C000996,MLCC_B020,MLCC_X7R,leakage_ua,SIM_X7R_10N_50V,healthy_settling,healthy_settling,False,True,False,,,0.0106976983866,0.0102152372513,False,False,False,0.12,synthetic,True
MLCC_C000997,MLCC_B020,MLCC_X7R,leakage_ua,SIM_X7R_10N_50V,healthy_settling,healthy_settling,False,True,False,,,0.0203579195794,0.0204918286978,False,False,False,0.12,synthetic,True
MLCC_C001005,MLCC_B020,MLCC_X7R,leakage_ua,SIM_X7R_10N_50V,gradual_drift,gradual_drift,True,False,False,6,,0.223745699758,0.231343037761,True,True,True,0.12,synthetic,True
MLCC_C001028,MLCC_B020,MLCC_X7R,leakage_ua,SIM_X7R_10N_50V,healthy_settling,healthy_settling,False,True,False,,,0.0121782280843,0.0125039457304,False,False,False,0.12,synthetic,True
MLCC_C001119,MLCC_B020,MLCC_X7R,leakage_ua,SIM_X7R_10N_50V,healthy_settling,healthy_settling,False,True,False,,,0.0167471423585,0.0167815828347,False,False,False,0.12,synthetic,True
MLCC_C001163,MLCC_B020,MLCC_X7R,leakage_ua,SIM_X7R_10N_50V,healthy_settling,healthy_settling,False,True,False,,,0.0180321030642,0.0181219813835,False,False,False,0.12,synthetic,True
MLCC_C001231,MLCC_B020,MLCC_X7R,leakage_ua,SIM_X7R_10N_50V,healthy_settling,healthy_settling,False,True,False,,,0.0163996306777,0.0166853558615,False,False,False,0.12,synthetic,True
MLCC_C001257,MLCC_B020,MLCC_X7R,leakage_ua,SIM_X7R_10N_50V,ordinary_noise,ordinary_noise,False,True,False,,,0.0138282068555,0.0142056871333,False,False,False,0.12,synthetic,True
MLCC_C001267,MLCC_B020,MLCC_X7R,leakage_ua,SIM_X7R_10N_50V,accelerating_drift,accelerating_drift,True,False,False,24,,0.0713446130413,0.0683812646835,False,False,False,0.12,synthetic,True
MLCC_C001384,MLCC_B020,MLCC_X7R,leakage_ua,SIM_X7R_10N_50V,healthy_settling,healthy_settling,False,True,False,,,0.00844492900553,0.00843397624236,False,False,False,0.12,synthetic,True
MLCC_C001460,MLCC_B020,MLCC_X7R,leakage_ua,SIM_X7R_10N_50V,ordinary_noise,ordinary_noise,False,True,False,,,0.00798851044395,0.00810034401627,False,False,False,0.12,synthetic,True
MLCC_C001524,MLCC_B020,MLCC_X7R,leakage_ua,SIM_X7R_10N_50V,healthy_settling,healthy_settling,False,True,False,,,0.0081872936839,0.00827538632871,False,False,False,0.12,synthetic,True
MLCC_C001535,MLCC_B020,MLCC_X7R,leakage_ua,SIM_X7R_10N_50V,healthy_settling,healthy_settling,False,True,False,,,0.015425099969,0.0151691820745,False,False,False,0.12,synthetic,True
MLCC_C001753,MLCC_B020,MLCC_X7R,leakage_ua,SIM_X7R_10N_50V,healthy_settling,healthy_settling,False,True,False,,,0.00894766225553,0.00878401345931,False,False,False,0.12,synthetic,True
MLCC_C001866,MLCC_B020,MLCC_X7R,leakage_ua,SIM_X7R_10N_50V,intermittent_leakage,intermittent_leakage,True,False,False,12,,0.0112270698163,0.0109871489029,False,False,False,0.12,synthetic,True
MLCC_C001919,MLCC_B020,MLCC_X7R,leakage_ua,SIM_X7R_10N_50V,ordinary_noise,ordinary_noise,False,True,False,,,0.0135766650796,0.013276301375,False,False,False,0.12,synthetic,True
MLCC_C001981,MLCC_B020,MLCC_X7R,leakage_ua,SIM_X7R_10N_50V,healthy_settling,healthy_settling,False,True,False,,,0.0095485338103,0.00947376165889,False,False,False,0.12,synthetic,True
MLCC_C002248,MLCC_B020,MLCC_X7R,leakage_ua,SIM_X7R_10N_50V,healthy_settling,healthy_settling,False,True,False,,,0.0078842913245,0.00826785341063,False,False,False,0.12,synthetic,True
MLCC_C002328,MLCC_B020,MLCC_X7R,leakage_ua,SIM_X7R_10N_50V,healthy_settling,healthy_settling,False,True,False,,,0.0089000641883,0.00873810413459,False,False,False,0.12,synthetic,True
MLCC_C002401,MLCC_B020,MLCC_X7R,leakage_ua,SIM_X7R_10N_50V,healthy_settling,healthy_settling,False,True,False,,,0.0130482764398,0.0133479050882,False,False,False,0.12,synthetic,True
MLCC_C002435,MLCC_B020,MLCC_X7R,leakage_ua,SIM_X7R_10N_50V,healthy_settling,healthy_settling,False,True,False,,,0.0118471373852,0.0114979397471,False,False,False,0.12,synthetic,True
MLCC_C002449,MLCC_B020,MLCC_X7R,leakage_ua,SIM_X7R_10N_50V,accelerating_drift,accelerating_drift,True,False,False,0,,0.104434213831,0.108296146147,False,False,False,0.12,synthetic,True
MLCC_C002460,MLCC_B020,MLCC_X7R,leakage_ua,SIM_X7R_10N_50V,ordinary_noise,ordinary_noise,False,True,False,,,0.00773447278688,0.00722944182566,False,False,False,0.12,synthetic,True
MLCC_C002522,MLCC_B020,MLCC_X7R,leakage_ua,SIM_X7R_10N_50V,healthy_settling,healthy_settling,False,True,False,,,0.0198459257154,0.0197476607817,False,False,False,0.12,synthetic,True
MLCC_C002622,MLCC_B020,MLCC_X7R,leakage_ua,SIM_X7R_10N_50V,accelerating_drift,accelerating_drift,True,False,False,6,,0.0349979623461,0.0370316490978,False,False,False,0.12,synthetic,True
MLCC_C002626,MLCC_B020,MLCC_X7R,leakage_ua,SIM_X7R_10N_50V,healthy_settling,healthy_settling,False,True,False,,,0.0110534281953,0.0110497665757,False,False,False,0.12,synthetic,True
MLCC_C002637,MLCC_B020,MLCC_X7R,leakage_ua,SIM_X7R_10N_50V,healthy_settling,healthy_settling,False,True,False,,,0.00799773552143,0.00791535986085,False,False,False,0.12,synthetic,True
MLCC_C002722,MLCC_B020,MLCC_X7R,leakage_ua,SIM_X7R_10N_50V,healthy_settling,healthy_settling,False,True,False,,,0.0171482248475,0.0170274834793,False,False,False,0.12,synthetic,True
MLCC_C002763,MLCC_B020,MLCC_X7R,leakage_ua,SIM_X7R_10N_50V,ordinary_noise,ordinary_noise,False,True,False,,,0.00735384769895,0.00812543772855,False,False,False,0.12,synthetic,True
MLCC_C003051,MLCC_B020,MLCC_X7R,leakage_ua,SIM_X7R_10N_50V,healthy_settling,healthy_settling,False,True,False,,,0.0126709978653,0.0122057747944,False,False,False,0.12,synthetic,True
MLCC_C003080,MLCC_B020,MLCC_X7R,leakage_ua,SIM_X7R_10N_50V,accelerating_drift,accelerating_drift,True,False,False,0,,0.0969525958904,0.0962838847987,False,False,False,0.12,synthetic,True
MLCC_C003109,MLCC_B020,MLCC_X7R,leakage_ua,SIM_X7R_10N_50V,intermittent_leakage,intermittent_leakage,True,False,False,48,,0.233315878264,0.231741351376,True,True,True,0.12,synthetic,True
MLCC_C003135,MLCC_B020,MLCC_X7R,leakage_ua,SIM_X7R_10N_50V,ordinary_noise,ordinary_noise,False,True,False,,,0.0108275683145,0.0100424558512,False,False,False,0.12,synthetic,True
MLCC_C003146,MLCC_B020,MLCC_X7R,leakage_ua,SIM_X7R_10N_50V,healthy_settling,healthy_settling,False,True,False,,,0.00853976141586,0.00881500146661,False,False,False,0.12,synthetic,True
MLCC_C003189,MLCC_B020,MLCC_X7R,leakage_ua,SIM_X7R_10N_50V,healthy_settling,healthy_settling,False,True,False,,,0.00872726499646,0.00846400683965,False,False,False,0.12,synthetic,True
MLCC_C003214,MLCC_B020,MLCC_X7R,leakage_ua,SIM_X7R_10N_50V,healthy_settling,healthy_settling,False,True,False,,,0.00935002344727,0.00944975326658,False,False,False,0.12,synthetic,True
MLCC_C003242,MLCC_B020,MLCC_X7R,leakage_ua,SIM_X7R_10N_50V,healthy_settling,healthy_settling,False,True,False,,,0.0116530894916,0.0116495996716,False,False,False,0.12,synthetic,True
MLCC_C003257,MLCC_B020,MLCC_X7R,leakage_ua,SIM_X7R_10N_50V,healthy_settling,healthy_settling,False,True,False,,,0.0100369332784,0.00963906543386,False,False,False,0.12,synthetic,True
MLCC_C003326,MLCC_B020,MLCC_X7R,leakage_ua,SIM_X7R_10N_50V,ordinary_noise,ordinary_noise,False,True,False,,,0.00676221797182,0.00648645204464,False,False,False,0.12,synthetic,True
MLCC_C003548,MLCC_B020,MLCC_X7R,leakage_ua,SIM_X7R_10N_50V,ordinary_noise,ordinary_noise,False,True,False,,,0.0135215861828,0.0134381950949,False,False,False,0.12,synthetic,True
MLCC_C003580,MLCC_B020,MLCC_X7R,leakage_ua,SIM_X7R_10N_50V,healthy_settling,healthy_settling,False,True,False,,,0.0170252589322,0.0168281050621,False,False,False,0.12,synthetic,True
MLCC_C003625,MLCC_B020,MLCC_X7R,leakage_ua,SIM_X7R_10N_50V,healthy_settling,healthy_settling,False,True,False,,,0.0117973322396,0.012081110516,False,False,False,0.12,synthetic,True
MLCC_C003631,MLCC_B020,MLCC_X7R,leakage_ua,SIM_X7R_10N_50V,healthy_settling,healthy_settling,False,True,False,,,0.0127174700316,0.0124357590826,False,False,False,0.12,synthetic,True
MLCC_C003710,MLCC_B020,MLCC_X7R,leakage_ua,SIM_X7R_10N_50V,healthy_settling,healthy_settling,False,True,False,,,0.0121422222801,0.0119840095426,False,False,False,0.12,synthetic,True
MLCC_C003771,MLCC_B020,MLCC_X7R,leakage_ua,SIM_X7R_10N_50V,accelerating_drift,accelerating_drift,True,False,False,0,,0.0522718935329,0.0543892395851,False,False,False,0.12,synthetic,True
MLCC_C004146,MLCC_B020,MLCC_X7R,leakage_ua,SIM_X7R_10N_50V,healthy_settling,healthy_settling,False,True,False,,,0.0115457218748,0.0118627430859,False,False,False,0.12,synthetic,True
MLCC_C004174,MLCC_B020,MLCC_X7R,leakage_ua,SIM_X7R_10N_50V,healthy_settling,healthy_settling,False,True,False,,,0.0122880175894,0.0120647568109,False,False,False,0.12,synthetic,True
MLCC_C004247,MLCC_B020,MLCC_X7R,leakage_ua,SIM_X7R_10N_50V,healthy_settling,healthy_settling,False,True,False,,,0.00869091538864,0.00877517646803,False,False,False,0.12,synthetic,True
MLCC_C004257,MLCC_B020,MLCC_X7R,leakage_ua,SIM_X7R_10N_50V,ordinary_noise,ordinary_noise,False,True,False,,,0.0164937297575,0.014693508094,False,False,False,0.12,synthetic,True
MLCC_C004261,MLCC_B020,MLCC_X7R,leakage_ua,SIM_X7R_10N_50V,ordinary_noise,ordinary_noise,False,True,False,,,0.0204713183173,0.0185468042249,False,False,False,0.12,synthetic,True
MLCC_C004449,MLCC_B020,MLCC_X7R,leakage_ua,SIM_X7R_10N_50V,healthy_settling,healthy_settling,False,True,False,,,0.0142598892097,0.01398142113,False,False,False,0.12,synthetic,True
MLCC_C004560,MLCC_B020,MLCC_X7R,leakage_ua,SIM_X7R_10N_50V,healthy_settling,healthy_settling,False,True,False,,,0.00838584981405,0.00879042936702,False,False,False,0.12,synthetic,True
MLCC_C004573,MLCC_B020,MLCC_X7R,leakage_ua,SIM_X7R_10N_50V,healthy_settling,healthy_settling,False,True,False,,,0.00978618018391,0.00985683925446,False,False,False,0.12,synthetic,True
MLCC_C004657,MLCC_B020,MLCC_X7R,leakage_ua,SIM_X7R_10N_50V,healthy_settling,healthy_settling,False,True,False,,,0.0100216662654,0.00973741245027,False,False,False,0.12,synthetic,True
MLCC_C004726,MLCC_B020,MLCC_X7R,leakage_ua,SIM_X7R_10N_50V,healthy_settling,healthy_settling,False,True,False,,,0.0136664267906,0.013623811258,False,False,False,0.12,synthetic,True
MLCC_C004782,MLCC_B020,MLCC_X7R,leakage_ua,SIM_X7R_10N_50V,healthy_settling,healthy_settling,False,True,False,,,0.00702093011008,0.00753730479756,False,False,False,0.12,synthetic,True
MLCC_C004793,MLCC_B020,MLCC_X7R,leakage_ua,SIM_X7R_10N_50V,healthy_settling,healthy_settling,False,True,False,,,0.0114301657827,0.0107481310875,False,False,False,0.12,synthetic,True
MLCC_C004804,MLCC_B020,MLCC_X7R,leakage_ua,SIM_X7R_10N_50V,healthy_settling,healthy_settling,False,True,False,,,0.0136533615431,0.0136251152775,False,False,False,0.12,synthetic,True
MLCC_C004814,MLCC_B020,MLCC_X7R,leakage_ua,SIM_X7R_10N_50V,healthy_settling,healthy_settling,False,True,False,,,0.0117206267545,0.0114583038019,False,False,False,0.12,synthetic,True
MLCC_C004901,MLCC_B020,MLCC_X7R,leakage_ua,SIM_X7R_10N_50V,ordinary_noise,ordinary_noise,False,True,False,,,0.0173289109172,0.0206773860647,False,False,False,0.12,synthetic,True
MLCC_C004984,MLCC_B020,MLCC_X7R,leakage_ua,SIM_X7R_10N_50V,late_abrupt_onset,late_abrupt_onset,True,False,False,96,,0.0679491539297,0.0691051623188,False,False,False,0.12,synthetic,True
MLCC_C005011,MLCC_B020,MLCC_X7R,leakage_ua,SIM_X7R_10N_50V,ordinary_noise,ordinary_noise,False,True,False,,,0.00586363255952,0.00533088319896,False,False,False,0.12,synthetic,True
MLCC_C005027,MLCC_B020,MLCC_X7R,leakage_ua,SIM_X7R_10N_50V,healthy_settling,healthy_settling,False,True,False,,,0.00812502325767,0.00809437778515,False,False,False,0.12,synthetic,True
MLCC_C005204,MLCC_B020,MLCC_X7R,leakage_ua,SIM_X7R_10N_50V,healthy_settling,healthy_settling,False,True,False,,,0.00707813149078,0.0065589949131,False,False,False,0.12,synthetic,True
MLCC_C005232,MLCC_B020,MLCC_X7R,leakage_ua,SIM_X7R_10N_50V,healthy_settling,healthy_settling,False,True,False,,,0.0184970024212,0.0184270931116,False,False,False,0.12,synthetic,True
MLCC_C005260,MLCC_B020,MLCC_X7R,leakage_ua,SIM_X7R_10N_50V,healthy_settling,healthy_settling,False,True,False,,,0.0141854553411,0.0144024250606,False,False,False,0.12,synthetic,True
MLCC_C005294,MLCC_B020,MLCC_X7R,leakage_ua,SIM_X7R_10N_50V,ordinary_noise,ordinary_noise,False,True,False,,,0.0151920152618,0.0154363877692,False,False,False,0.12,synthetic,True
MLCC_C005327,MLCC_B020,MLCC_X7R,leakage_ua,SIM_X7R_10N_50V,gradual_drift,gradual_drift,True,False,False,6,,0.0714557368578,0.0732179243943,False,False,False,0.12,synthetic,True
MLCC_C005539,MLCC_B020,MLCC_X7R,leakage_ua,SIM_X7R_10N_50V,healthy_settling,healthy_settling,False,True,False,,,0.0117746495503,0.0116932542426,False,False,False,0.12,synthetic,True
MLCC_C005566,MLCC_B020,MLCC_X7R,leakage_ua,SIM_X7R_10N_50V,healthy_settling,healthy_settling,False,True,False,,,0.0166315329722,0.0165434939861,False,False,False,0.12,synthetic,True
MLCC_C005759,MLCC_B020,MLCC_X7R,leakage_ua,SIM_X7R_10N_50V,healthy_settling,healthy_settling,False,True,False,,,0.0100699223274,0.00964865410245,False,False,False,0.12,synthetic,True
MLCC_C005770,MLCC_B020,MLCC_X7R,leakage_ua,SIM_X7R_10N_50V,healthy_settling,healthy_settling,False,True,False,,,0.0139529533288,0.0133812020976,False,False,False,0.12,synthetic,True
MLCC_C005880,MLCC_B020,MLCC_X7R,leakage_ua,SIM_X7R_10N_50V,healthy_settling,healthy_settling,False,True,False,,,0.00950899247125,0.00993321708244,False,False,False,0.12,synthetic,True
MLCC_C005893,MLCC_B020,MLCC_X7R,leakage_ua,SIM_X7R_10N_50V,ordinary_noise,ordinary_noise,False,True,False,,,0.00934896554053,0.0107037897358,False,False,False,0.12,synthetic,True
MLCC_C005979,MLCC_B020,MLCC_X7R,leakage_ua,SIM_X7R_10N_50V,late_abrupt_onset,late_abrupt_onset,True,False,False,72,,0.102374020583,0.102274701166,False,False,False,0.12,synthetic,True
MLCC_C006056,MLCC_B020,MLCC_X7R,leakage_ua,SIM_X7R_10N_50V,healthy_settling,healthy_settling,False,True,False,,,0.0113765120906,0.0110639352285,False,False,False,0.12,synthetic,True
MLCC_C006109,MLCC_B020,MLCC_X7R,leakage_ua,SIM_X7R_10N_50V,accelerating_drift,accelerating_drift,True,False,False,24,,0.0479756730992,0.0477796573222,False,False,False,0.12,synthetic,True
MLCC_C006111,MLCC_B020,MLCC_X7R,leakage_ua,SIM_X7R_10N_50V,healthy_settling,healthy_settling,False,True,False,,,0.0185584745258,0.0185004864672,False,False,False,0.12,synthetic,True
MLCC_C006133,MLCC_B020,MLCC_X7R,leakage_ua,SIM_X7R_10N_50V,healthy_settling,healthy_settling,False,True,False,,,0.0177662856287,0.0179725787707,False,False,False,0.12,synthetic,True
MLCC_C006162,MLCC_B020,MLCC_X7R,leakage_ua,SIM_X7R_10N_50V,healthy_settling,healthy_settling,False,True,False,,,0.00903406490514,0.00917938683574,False,False,False,0.12,synthetic,True
MLCC_C006171,MLCC_B020,MLCC_X7R,leakage_ua,SIM_X7R_10N_50V,healthy_settling,healthy_settling,False,True,False,,,0.0242810710172,0.0239684654462,False,False,False,0.12,synthetic,True
MLCC_C006310,MLCC_B020,MLCC_X7R,leakage_ua,SIM_X7R_10N_50V,late_abrupt_onset,late_abrupt_onset,True,False,False,144,,0.089821205576,0.091126824603,False,False,False,0.12,synthetic,True
MLCC_C006316,MLCC_B020,MLCC_X7R,leakage_ua,SIM_X7R_10N_50V,healthy_settling,healthy_settling,False,True,False,,,0.0101353640832,0.0101461053704,False,False,False,0.12,synthetic,True
MLCC_C006317,MLCC_B020,MLCC_X7R,leakage_ua,SIM_X7R_10N_50V,healthy_settling,healthy_settling,False,True,False,,,0.00880481538048,0.00877668382053,False,False,False,0.12,synthetic,True
MLCC_C006399,MLCC_B020,MLCC_X7R,leakage_ua,SIM_X7R_10N_50V,healthy_settling,healthy_settling,False,True,False,,,0.00977156460335,0.0101253066219,False,False,False,0.12,synthetic,True
MLCC_C006416,MLCC_B020,MLCC_X7R,leakage_ua,SIM_X7R_10N_50V,healthy_settling,healthy_settling,False,True,False,,,0.0108150962193,0.0107599865585,False,False,False,0.12,synthetic,True
MLCC_C006448,MLCC_B020,MLCC_X7R,leakage_ua,SIM_X7R_10N_50V,ordinary_noise,ordinary_noise,False,True,False,,,0.0123176421415,0.0131367977107,False,False,False,0.12,synthetic,True
MLCC_C006517,MLCC_B020,MLCC_X7R,leakage_ua,SIM_X7R_10N_50V,healthy_settling,healthy_settling,False,True,False,,,0.0125572817958,0.0115186618062,False,False,False,0.12,synthetic,True
MLCC_C006686,MLCC_B020,MLCC_X7R,leakage_ua,SIM_X7R_10N_50V,healthy_settling,healthy_settling,False,True,False,,,0.00556537108556,0.00601854840507,False,False,False,0.12,synthetic,True
MLCC_C006744,MLCC_B020,MLCC_X7R,leakage_ua,SIM_X7R_10N_50V,accelerating_drift,accelerating_drift,True,False,False,24,,0.104464161757,0.105153647837,False,False,False,0.12,synthetic,True
MLCC_C006859,MLCC_B020,MLCC_X7R,leakage_ua,SIM_X7R_10N_50V,moisture_associated_history,moisture_associated_history,True,False,False,24,,0.0399952985623,0.0399583014752,False,False,False,0.12,synthetic,True
MLCC_C006890,MLCC_B020,MLCC_X7R,leakage_ua,SIM_X7R_10N_50V,accelerating_drift,accelerating_drift,True,False,False,24,,0.0392442681884,0.0407908915202,False,False,False,0.12,synthetic,True
MLCC_C006928,MLCC_B020,MLCC_X7R,leakage_ua,SIM_X7R_10N_50V,healthy_settling,healthy_settling,False,True,False,,,0.0121289560484,0.0123932955199,False,False,False,0.12,synthetic,True
MLCC_C006929,MLCC_B020,MLCC_X7R,leakage_ua,SIM_X7R_10N_50V,moisture_associated_history,moisture_associated_history,True,False,False,6,,0.0713006217559,0.0723139070021,False,False,False,0.12,synthetic,True
MLCC_C007003,MLCC_B020,MLCC_X7R,leakage_ua,SIM_X7R_10N_50V,healthy_settling,healthy_settling,False,True,False,,,0.0168704050687,0.0169796435256,False,False,False,0.12,synthetic,True
MLCC_C007134,MLCC_B020,MLCC_X7R,leakage_ua,SIM_X7R_10N_50V,healthy_settling,healthy_settling,False,True,False,,,0.0107279411821,0.0104472573402,False,False,False,0.12,synthetic,True
MLCC_C007167,MLCC_B020,MLCC_X7R,leakage_ua,SIM_X7R_10N_50V,healthy_settling,healthy_settling,False,True,False,,,0.00996374018293,0.00990440549144,False,False,False,0.12,synthetic,True
MLCC_C007195,MLCC_B020,MLCC_X7R,leakage_ua,SIM_X7R_10N_50V,ordinary_noise,ordinary_noise,False,True,False,,,0.0186291372703,0.0218826701943,False,False,False,0.12,synthetic,True
MLCC_C007273,MLCC_B020,MLCC_X7R,leakage_ua,SIM_X7R_10N_50V,healthy_settling,healthy_settling,False,True,False,,,0.00836691527536,0.00844135102789,False,False,False,0.12,synthetic,True
MLCC_C007318,MLCC_B020,MLCC_X7R,leakage_ua,SIM_X7R_10N_50V,healthy_settling,healthy_settling,False,True,False,,,0.0131592675765,0.0126861608183,False,False,False,0.12,synthetic,True
MLCC_C007348,MLCC_B020,MLCC_X7R,leakage_ua,SIM_X7R_10N_50V,healthy_settling,healthy_settling,False,True,False,,,0.00704136555589,0.00690603838384,False,False,False,0.12,synthetic,True
MLCC_C007394,MLCC_B020,MLCC_X7R,leakage_ua,SIM_X7R_10N_50V,healthy_settling,healthy_settling,False,True,False,,,0.00672956547214,0.00642564545777,False,False,False,0.12,synthetic,True
MLCC_C007402,MLCC_B020,MLCC_X7R,leakage_ua,SIM_X7R_10N_50V,late_abrupt_onset,late_abrupt_onset,True,False,False,120,,0.11997675354,0.127850652498,True,False,True,0.12,synthetic,True
MLCC_C007403,MLCC_B020,MLCC_X7R,leakage_ua,SIM_X7R_10N_50V,healthy_settling,healthy_settling,False,True,False,,,0.0104598607564,0.0100302450301,False,False,False,0.12,synthetic,True
MLCC_C007432,MLCC_B020,MLCC_X7R,leakage_ua,SIM_X7R_10N_50V,healthy_settling,healthy_settling,False,True,False,,,0.0104750829477,0.0107586690302,False,False,False,0.12,synthetic,True
MLCC_C007551,MLCC_B020,MLCC_X7R,leakage_ua,SIM_X7R_10N_50V,healthy_settling,healthy_settling,False,True,False,,,0.0102465050787,0.0103788681349,False,False,False,0.12,synthetic,True
MLCC_C007707,MLCC_B020,MLCC_X7R,leakage_ua,SIM_X7R_10N_50V,healthy_settling,healthy_settling,False,True,False,,,0.0111155757965,0.011216707094,False,False,False,0.12,synthetic,True
MLCC_C007709,MLCC_B020,MLCC_X7R,leakage_ua,SIM_X7R_10N_50V,gradual_drift,gradual_drift,True,False,False,6,,0.267910491921,0.248015685517,True,True,True,0.12,synthetic,True
MLCC_C007751,MLCC_B020,MLCC_X7R,leakage_ua,SIM_X7R_10N_50V,ordinary_noise,ordinary_noise,False,True,False,,,0.0118901476753,0.0109136937938,False,False,False,0.12,synthetic,True
MLCC_C007796,MLCC_B020,MLCC_X7R,leakage_ua,SIM_X7R_10N_50V,late_abrupt_onset,late_abrupt_onset,True,False,False,48,,0.14418444129,0.144190575117,True,True,True,0.12,synthetic,True
MLCC_C007818,MLCC_B020,MLCC_X7R,leakage_ua,SIM_X7R_10N_50V,healthy_settling,healthy_settling,False,True,False,,,0.0101764639072,0.0100399632626,False,False,False,0.12,synthetic,True
MLCC_C007890,MLCC_B020,MLCC_X7R,leakage_ua,SIM_X7R_10N_50V,healthy_settling,healthy_settling,False,True,False,,,0.00837881253063,0.00867111891098,False,False,False,0.12,synthetic,True
MLCC_C007918,MLCC_B020,MLCC_X7R,leakage_ua,SIM_X7R_10N_50V,intermittent_leakage,intermittent_leakage,True,False,False,48,,0.0105431917807,0.01030348078,False,False,True,0.12,synthetic,True
MLCC_C007936,MLCC_B020,MLCC_X7R,leakage_ua,SIM_X7R_10N_50V,healthy_settling,healthy_settling,False,True,False,,,0.00730236106713,0.00757016210797,False,False,False,0.12,synthetic,True
MLCC_C007937,MLCC_B020,MLCC_X7R,leakage_ua,SIM_X7R_10N_50V,healthy_settling,healthy_settling,False,True,False,,,0.0132998220667,0.0132011902709,False,False,False,0.12,synthetic,True
MLCC_C007949,MLCC_B020,MLCC_X7R,leakage_ua,SIM_X7R_10N_50V,healthy_settling,healthy_settling,False,True,False,,,0.0159566114394,0.0162592729034,False,False,False,0.12,synthetic,True
MLCC_C008034,MLCC_B020,MLCC_X7R,leakage_ua,SIM_X7R_10N_50V,healthy_settling,healthy_settling,False,True,False,,,0.011041525535,0.010958882079,False,False,False,0.12,synthetic,True
MLCC_C008062,MLCC_B020,MLCC_X7R,leakage_ua,SIM_X7R_10N_50V,healthy_settling,healthy_settling,False,True,False,,,0.010851784659,0.0108992856566,False,False,False,0.12,synthetic,True
MLCC_C008078,MLCC_B020,MLCC_X7R,leakage_ua,SIM_X7R_10N_50V,healthy_settling,healthy_settling,False,True,False,,,0.0110929872502,0.0112641248331,False,False,False,0.12,synthetic,True
MLCC_C008085,MLCC_B020,MLCC_X7R,leakage_ua,SIM_X7R_10N_50V,healthy_settling,healthy_settling,False,True,False,,,0.0109543290419,0.0107709949815,False,False,False,0.12,synthetic,True
MLCC_C008193,MLCC_B020,MLCC_X7R,leakage_ua,SIM_X7R_10N_50V,healthy_settling,healthy_settling,False,True,False,,,0.00837581309161,0.00838263298543,False,False,False,0.12,synthetic,True
MLCC_C008307,MLCC_B020,MLCC_X7R,leakage_ua,SIM_X7R_10N_50V,ordinary_noise,ordinary_noise,False,True,False,,,0.0139563004341,0.0135981364752,False,False,False,0.12,synthetic,True
MLCC_C008329,MLCC_B020,MLCC_X7R,leakage_ua,SIM_X7R_10N_50V,healthy_settling,healthy_settling,False,True,False,,,0.00734040375179,0.00747856851716,False,False,False,0.12,synthetic,True
MLCC_C008337,MLCC_B020,MLCC_X7R,leakage_ua,SIM_X7R_10N_50V,healthy_settling,healthy_settling,False,True,False,,,0.0139364586683,0.0135206066631,False,False,False,0.12,synthetic,True
MLCC_C008382,MLCC_B020,MLCC_X7R,leakage_ua,SIM_X7R_10N_50V,healthy_settling,healthy_settling,False,True,False,,,0.0127545099296,0.0123939484653,False,False,False,0.12,synthetic,True
MLCC_C008397,MLCC_B020,MLCC_X7R,leakage_ua,SIM_X7R_10N_50V,healthy_settling,healthy_settling,False,True,False,,,0.0171216773872,0.0165982525696,False,False,False,0.12,synthetic,True
MLCC_C008438,MLCC_B020,MLCC_X7R,leakage_ua,SIM_X7R_10N_50V,intermittent_leakage,intermittent_leakage,True,False,False,12,,0.171460105576,0.17709125768,True,True,True,0.12,synthetic,True
MLCC_C008449,MLCC_B020,MLCC_X7R,leakage_ua,SIM_X7R_10N_50V,healthy_settling,healthy_settling,False,True,False,,,0.0104333320063,0.0108577945881,False,False,False,0.12,synthetic,True
MLCC_C008505,MLCC_B020,MLCC_X7R,leakage_ua,SIM_X7R_10N_50V,healthy_settling,healthy_settling,False,True,False,,,0.00919769754415,0.00951042321428,False,False,False,0.12,synthetic,True
MLCC_C008642,MLCC_B020,MLCC_X7R,leakage_ua,SIM_X7R_10N_50V,ordinary_noise,ordinary_noise,False,True,False,,,0.0206750119485,0.0223416627411,False,False,False,0.12,synthetic,True
MLCC_C008679,MLCC_B020,MLCC_X7R,leakage_ua,SIM_X7R_10N_50V,ordinary_noise,ordinary_noise,False,True,False,,,0.012722543135,0.0115504470107,False,False,False,0.12,synthetic,True
MLCC_C008703,MLCC_B020,MLCC_X7R,leakage_ua,SIM_X7R_10N_50V,healthy_settling,healthy_settling,False,True,False,,,0.0109038447659,0.010585327215,False,False,False,0.12,synthetic,True
MLCC_C008723,MLCC_B020,MLCC_X7R,leakage_ua,SIM_X7R_10N_50V,intermittent_leakage,intermittent_leakage,True,False,False,24,,0.0495826918537,0.0496667069347,False,False,False,0.12,synthetic,True
MLCC_C008736,MLCC_B020,MLCC_X7R,leakage_ua,SIM_X7R_10N_50V,healthy_settling,healthy_settling,False,True,False,,,0.0108196253791,0.0101809771271,False,False,False,0.12,synthetic,True
MLCC_C008800,MLCC_B020,MLCC_X7R,leakage_ua,SIM_X7R_10N_50V,healthy_settling,healthy_settling,False,True,False,,,0.0114672291504,0.0116384722353,False,False,False,0.12,synthetic,True
MLCC_C008846,MLCC_B020,MLCC_X7R,leakage_ua,SIM_X7R_10N_50V,healthy_settling,healthy_settling,False,True,False,,,0.00819534745094,0.00800033921426,False,False,False,0.12,synthetic,True
MLCC_C008905,MLCC_B020,MLCC_X7R,leakage_ua,SIM_X7R_10N_50V,healthy_settling,healthy_settling,False,True,False,,,0.00743985146519,0.00709495884228,False,False,False,0.12,synthetic,True
MLCC_C008913,MLCC_B020,MLCC_X7R,leakage_ua,SIM_X7R_10N_50V,ordinary_noise,ordinary_noise,False,True,False,,,0.0134019443101,0.0138908244111,False,False,False,0.12,synthetic,True
MLCC_C008935,MLCC_B020,MLCC_X7R,leakage_ua,SIM_X7R_10N_50V,healthy_settling,healthy_settling,False,True,False,,,0.00968783479472,0.00966922385404,False,False,False,0.12,synthetic,True
MLCC_C008981,MLCC_B020,MLCC_X7R,leakage_ua,SIM_X7R_10N_50V,late_abrupt_onset,late_abrupt_onset,True,False,False,48,,0.0294348613976,0.0284654905472,False,False,False,0.12,synthetic,True
MLCC_C008990,MLCC_B020,MLCC_X7R,leakage_ua,SIM_X7R_10N_50V,healthy_settling,healthy_settling,False,True,False,,,0.0141351600556,0.014182739937,False,False,False,0.12,synthetic,True
MLCC_C008993,MLCC_B020,MLCC_X7R,leakage_ua,SIM_X7R_10N_50V,healthy_settling,healthy_settling,False,True,False,,,0.0157008943208,0.015371037577,False,False,False,0.12,synthetic,True
MLCC_C009122,MLCC_B020,MLCC_X7R,leakage_ua,SIM_X7R_10N_50V,ordinary_noise,ordinary_noise,False,True,False,,,0.00875294845248,0.00918842799042,False,False,False,0.12,synthetic,True
MLCC_C009164,MLCC_B020,MLCC_X7R,leakage_ua,SIM_X7R_10N_50V,healthy_settling,healthy_settling,False,True,False,,,0.00592325246597,0.00591673471683,False,False,False,0.12,synthetic,True
MLCC_C009193,MLCC_B020,MLCC_X7R,leakage_ua,SIM_X7R_10N_50V,ordinary_noise,ordinary_noise,False,True,False,,,0.00800654397567,0.0082883746901,False,False,False,0.12,synthetic,True
MLCC_C009195,MLCC_B020,MLCC_X7R,leakage_ua,SIM_X7R_10N_50V,healthy_settling,healthy_settling,False,True,False,,,0.0109772294208,0.010956585152,False,False,False,0.12,synthetic,True
MLCC_C009197,MLCC_B020,MLCC_X7R,leakage_ua,SIM_X7R_10N_50V,healthy_settling,healthy_settling,False,True,False,,,0.00929178667135,0.00946603073821,False,False,False,0.12,synthetic,True
MLCC_C009350,MLCC_B020,MLCC_X7R,leakage_ua,SIM_X7R_10N_50V,healthy_settling,healthy_settling,False,True,False,,,0.0119132589222,0.0126493983854,False,False,False,0.12,synthetic,True
MLCC_C009391,MLCC_B020,MLCC_X7R,leakage_ua,SIM_X7R_10N_50V,healthy_settling,healthy_settling,False,True,False,,,0.0102454696285,0.0101490864528,False,False,False,0.12,synthetic,True
MLCC_C009490,MLCC_B020,MLCC_X7R,leakage_ua,SIM_X7R_10N_50V,healthy_settling,healthy_settling,False,True,False,,,0.00692022688078,0.00674023331306,False,False,False,0.12,synthetic,True
MLCC_C009634,MLCC_B020,MLCC_X7R,leakage_ua,SIM_X7R_10N_50V,gradual_drift,gradual_drift,True,False,False,0,,0.0426781796938,0.0466976625313,False,False,False,0.12,synthetic,True
MLCC_C009639,MLCC_B020,MLCC_X7R,leakage_ua,SIM_X7R_10N_50V,ordinary_noise,ordinary_noise,False,True,False,,,0.00962368074006,0.0089391156328,False,False,False,0.12,synthetic,True
MLCC_C009647,MLCC_B020,MLCC_X7R,leakage_ua,SIM_X7R_10N_50V,intermittent_leakage,intermittent_leakage,True,False,False,48,,0.0346235438079,0.0355092982417,False,False,False,0.12,synthetic,True
MLCC_C009690,MLCC_B020,MLCC_X7R,leakage_ua,SIM_X7R_10N_50V,healthy_settling,healthy_settling,False,True,False,,,0.0108397959499,0.0111588438391,False,False,False,0.12,synthetic,True
MLCC_C009755,MLCC_B020,MLCC_X7R,leakage_ua,SIM_X7R_10N_50V,gradual_drift,gradual_drift,True,False,False,0,,0.0357573557216,0.0356213412539,False,False,False,0.12,synthetic,True
MLCC_C009779,MLCC_B020,MLCC_X7R,leakage_ua,SIM_X7R_10N_50V,ordinary_noise,ordinary_noise,False,True,False,,,0.0249433180899,0.0235207462318,False,False,False,0.12,synthetic,True
MLCC_C009832,MLCC_B020,MLCC_X7R,leakage_ua,SIM_X7R_10N_50V,healthy_settling,healthy_settling,False,True,False,,,0.0104785325701,0.010413586092,False,False,False,0.12,synthetic,True
MLCC_C009892,MLCC_B020,MLCC_X7R,leakage_ua,SIM_X7R_10N_50V,healthy_settling,healthy_settling,False,True,False,,,0.0151088099196,0.0147227728874,False,False,False,0.12,synthetic,True
MLCC_C009896,MLCC_B020,MLCC_X7R,leakage_ua,SIM_X7R_10N_50V,healthy_settling,healthy_settling,False,True,False,,,0.00750300886124,0.00760114363208,False,False,False,0.12,synthetic,True
MLCC_C009906,MLCC_B020,MLCC_X7R,leakage_ua,SIM_X7R_10N_50V,healthy_settling,healthy_settling,False,True,False,,,0.0125905294643,0.0122100173888,False,False,False,0.12,synthetic,True
MLCC_C009983,MLCC_B020,MLCC_X7R,leakage_ua,SIM_X7R_10N_50V,healthy_settling,healthy_settling,False,True,False,,,0.00897601881948,0.00916310200576,False,False,False,0.12,synthetic,True
MLCC_C010222,MLCC_B020,MLCC_X7R,leakage_ua,SIM_X7R_10N_50V,healthy_settling,healthy_settling,False,True,False,,,0.00841677802058,0.00851673216474,False,False,False,0.12,synthetic,True
MLCC_C010250,MLCC_B020,MLCC_X7R,leakage_ua,SIM_X7R_10N_50V,healthy_settling,healthy_settling,False,True,False,,,0.00939213767143,0.00887868998604,False,False,False,0.12,synthetic,True
MLCC_C010451,MLCC_B020,MLCC_X7R,leakage_ua,SIM_X7R_10N_50V,late_abrupt_onset,late_abrupt_onset,True,False,False,72,,0.0919390759295,0.0925610159466,False,False,False,0.12,synthetic,True
MLCC_C010505,MLCC_B020,MLCC_X7R,leakage_ua,SIM_X7R_10N_50V,intermittent_leakage,intermittent_leakage,True,False,False,6,,0.00644252408438,0.00628316589423,False,False,True,0.12,synthetic,True
MLCC_C010521,MLCC_B020,MLCC_X7R,leakage_ua,SIM_X7R_10N_50V,healthy_settling,healthy_settling,False,True,False,,,0.0100299462162,0.00996680035917,False,False,False,0.12,synthetic,True
MLCC_C010570,MLCC_B020,MLCC_X7R,leakage_ua,SIM_X7R_10N_50V,ordinary_noise,ordinary_noise,False,True,False,,,0.00742377776629,0.00809911211367,False,False,False,0.12,synthetic,True
MLCC_C010597,MLCC_B020,MLCC_X7R,leakage_ua,SIM_X7R_10N_50V,ordinary_noise,ordinary_noise,False,True,False,,,0.0078640333539,0.00910591386681,False,False,False,0.12,synthetic,True
MLCC_C010777,MLCC_B020,MLCC_X7R,leakage_ua,SIM_X7R_10N_50V,healthy_settling,healthy_settling,False,True,False,,,0.00707290261056,0.00669699461507,False,False,False,0.12,synthetic,True
MLCC_C010851,MLCC_B020,MLCC_X7R,leakage_ua,SIM_X7R_10N_50V,healthy_settling,healthy_settling,False,True,False,,,0.017866801239,0.0172448013106,False,False,False,0.12,synthetic,True
MLCC_C010872,MLCC_B020,MLCC_X7R,leakage_ua,SIM_X7R_10N_50V,healthy_settling,healthy_settling,False,True,False,,,0.0126883974508,0.0129879987817,False,False,False,0.12,synthetic,True
MLCC_C011059,MLCC_B020,MLCC_X7R,leakage_ua,SIM_X7R_10N_50V,ordinary_noise,ordinary_noise,False,True,False,,,0.00615552496298,0.00884261188549,False,False,False,0.12,synthetic,True
MLCC_C011102,MLCC_B020,MLCC_X7R,leakage_ua,SIM_X7R_10N_50V,healthy_settling,healthy_settling,False,True,False,,,0.00936781683161,0.0096596245362,False,False,False,0.12,synthetic,True
MLCC_C011240,MLCC_B020,MLCC_X7R,leakage_ua,SIM_X7R_10N_50V,gradual_drift,gradual_drift,True,False,False,6,,0.0330628418681,0.0346754103306,False,False,False,0.12,synthetic,True
MLCC_C011248,MLCC_B020,MLCC_X7R,leakage_ua,SIM_X7R_10N_50V,moisture_associated_history,moisture_associated_history,True,False,False,6,,0.11218098537,0.116833216113,False,False,False,0.12,synthetic,True
MLCC_C011249,MLCC_B020,MLCC_X7R,leakage_ua,SIM_X7R_10N_50V,healthy_settling,healthy_settling,False,True,False,,,0.00719628454701,0.00696602097199,False,False,False,0.12,synthetic,True
MLCC_C011255,MLCC_B020,MLCC_X7R,leakage_ua,SIM_X7R_10N_50V,healthy_settling,healthy_settling,False,True,False,,,0.00788484252362,0.00798995165057,False,False,False,0.12,synthetic,True
MLCC_C011304,MLCC_B020,MLCC_X7R,leakage_ua,SIM_X7R_10N_50V,ordinary_noise,ordinary_noise,False,True,False,,,0.00939975692744,0.00997057654788,False,False,False,0.12,synthetic,True
MLCC_C011365,MLCC_B020,MLCC_X7R,leakage_ua,SIM_X7R_10N_50V,healthy_settling,healthy_settling,False,True,False,,,0.00700525325319,0.00697593268409,False,False,False,0.12,synthetic,True
MLCC_C011565,MLCC_B020,MLCC_X7R,leakage_ua,SIM_X7R_10N_50V,ordinary_noise,ordinary_noise,False,True,False,,,0.00895600149161,0.00916279101979,False,False,False,0.12,synthetic,True
MLCC_C011689,MLCC_B020,MLCC_X7R,leakage_ua,SIM_X7R_10N_50V,healthy_settling,healthy_settling,False,True,False,,,0.0139584736602,0.0131659653956,False,False,False,0.12,synthetic,True
MLCC_C011711,MLCC_B020,MLCC_X7R,leakage_ua,SIM_X7R_10N_50V,healthy_settling,healthy_settling,False,True,False,,,0.0109846017898,0.0110811465762,False,False,False,0.12,synthetic,True
MLCC_C011872,MLCC_B020,MLCC_X7R,leakage_ua,SIM_X7R_10N_50V,accelerating_drift,accelerating_drift,True,False,False,24,,0.0620115570156,0.0616911979815,False,False,False,0.12,synthetic,True
MLCC_C011898,MLCC_B020,MLCC_X7R,leakage_ua,SIM_X7R_10N_50V,healthy_settling,healthy_settling,False,True,False,,,0.0151134095495,0.015248355049,False,False,False,0.12,synthetic,True
MLCC_C011960,MLCC_B020,MLCC_X7R,leakage_ua,SIM_X7R_10N_50V,healthy_settling,healthy_settling,False,True,False,,,0.0106522814103,0.0106837403887,False,False,False,0.12,synthetic,True
MLCC_C011964,MLCC_B020,MLCC_X7R,leakage_ua,SIM_X7R_10N_50V,healthy_settling,healthy_settling,False,True,False,,,0.00648460118955,0.00645660431429,False,False,False,0.12,synthetic,True
MLCC_C000025,MLCC_B034,MLCC_X7R,leakage_ua,SIM_X7R_1U_25V,healthy_settling,healthy_settling,False,True,False,,,0.0891929466327,0.0904673853016,False,False,False,0.7,synthetic,True
MLCC_C000037,MLCC_B034,MLCC_X7R,leakage_ua,SIM_X7R_1U_25V,accelerating_drift,accelerating_drift,True,False,False,6,,0.299429147637,0.321835035963,False,False,False,0.7,synthetic,True
MLCC_C000188,MLCC_B034,MLCC_X7R,leakage_ua,SIM_X7R_1U_25V,gradual_drift,gradual_drift,True,False,False,6,,0.138071271228,0.138190824041,False,False,False,0.7,synthetic,True
MLCC_C000212,MLCC_B034,MLCC_X7R,leakage_ua,SIM_X7R_1U_25V,healthy_settling,healthy_settling,False,True,False,,,0.0967026099733,0.0967345298673,False,False,False,0.7,synthetic,True
MLCC_C000250,MLCC_B034,MLCC_X7R,leakage_ua,SIM_X7R_1U_25V,healthy_settling,healthy_settling,False,True,False,,,0.122323003476,0.115232045659,False,False,False,0.7,synthetic,True
MLCC_C000356,MLCC_B034,MLCC_X7R,leakage_ua,SIM_X7R_1U_25V,healthy_settling,healthy_settling,False,True,False,,,0.113203355749,0.112108529051,False,False,False,0.7,synthetic,True
MLCC_C000412,MLCC_B034,MLCC_X7R,leakage_ua,SIM_X7R_1U_25V,healthy_settling,healthy_settling,False,True,False,,,0.0846262267132,0.0832978276719,False,False,False,0.7,synthetic,True
MLCC_C000439,MLCC_B034,MLCC_X7R,leakage_ua,SIM_X7R_1U_25V,ordinary_noise,ordinary_noise,False,True,False,,,0.07855199292,0.0678842585954,False,False,False,0.7,synthetic,True
MLCC_C000500,MLCC_B034,MLCC_X7R,leakage_ua,SIM_X7R_1U_25V,ordinary_noise,ordinary_noise,False,True,False,,,0.100365327554,0.0933252869441,False,False,False,0.7,synthetic,True
MLCC_C000596,MLCC_B034,MLCC_X7R,leakage_ua,SIM_X7R_1U_25V,healthy_settling,healthy_settling,False,True,False,,,0.0782654757426,0.0782170569182,False,False,False,0.7,synthetic,True
MLCC_C000616,MLCC_B034,MLCC_X7R,leakage_ua,SIM_X7R_1U_25V,healthy_settling,healthy_settling,False,True,False,,,0.0891058038784,0.0933302333283,False,False,False,0.7,synthetic,True
MLCC_C000638,MLCC_B034,MLCC_X7R,leakage_ua,SIM_X7R_1U_25V,healthy_settling,healthy_settling,False,True,False,,,0.102652019173,0.0992731926008,False,False,False,0.7,synthetic,True
MLCC_C000701,MLCC_B034,MLCC_X7R,leakage_ua,SIM_X7R_1U_25V,healthy_settling,healthy_settling,False,True,False,,,0.095900037488,0.0937196502676,False,False,False,0.7,synthetic,True
MLCC_C000738,MLCC_B034,MLCC_X7R,leakage_ua,SIM_X7R_1U_25V,gradual_drift,gradual_drift,True,False,False,0,,0.912274396197,0.920831440785,True,True,True,0.7,synthetic,True
MLCC_C000856,MLCC_B034,MLCC_X7R,leakage_ua,SIM_X7R_1U_25V,healthy_settling,healthy_settling,False,True,False,,,0.0916507047403,0.0933076082311,False,False,False,0.7,synthetic,True
MLCC_C000869,MLCC_B034,MLCC_X7R,leakage_ua,SIM_X7R_1U_25V,gradual_drift,gradual_drift,True,False,False,6,,0.758083229392,0.741477209426,True,True,True,0.7,synthetic,True
MLCC_C000937,MLCC_B034,MLCC_X7R,leakage_ua,SIM_X7R_1U_25V,healthy_settling,healthy_settling,False,True,False,,,0.120016090134,0.119412958361,False,False,False,0.7,synthetic,True
MLCC_C001148,MLCC_B034,MLCC_X7R,leakage_ua,SIM_X7R_1U_25V,late_abrupt_onset,late_abrupt_onset,True,False,False,96,,0.762382714597,0.742592996665,True,True,True,0.7,synthetic,True
MLCC_C001165,MLCC_B034,MLCC_X7R,leakage_ua,SIM_X7R_1U_25V,healthy_settling,healthy_settling,False,True,False,,,0.111445112394,0.113869085046,False,False,False,0.7,synthetic,True
MLCC_C001180,MLCC_B034,MLCC_X7R,leakage_ua,SIM_X7R_1U_25V,healthy_settling,healthy_settling,False,True,False,,,0.127811478185,0.131140848695,False,False,False,0.7,synthetic,True
MLCC_C001209,MLCC_B034,MLCC_X7R,leakage_ua,SIM_X7R_1U_25V,late_abrupt_onset,late_abrupt_onset,True,False,False,96,,1.87993095648,1.76486067068,True,True,True,0.7,synthetic,True
MLCC_C001299,MLCC_B034,MLCC_X7R,leakage_ua,SIM_X7R_1U_25V,healthy_settling,healthy_settling,False,True,False,,,0.0773081791342,0.0729950099295,False,False,False,0.7,synthetic,True
MLCC_C001364,MLCC_B034,MLCC_X7R,leakage_ua,SIM_X7R_1U_25V,healthy_settling,healthy_settling,False,True,False,,,0.136681432891,0.148323640201,False,False,False,0.7,synthetic,True
MLCC_C001373,MLCC_B034,MLCC_X7R,leakage_ua,SIM_X7R_1U_25V,healthy_settling,healthy_settling,False,True,False,,,0.113113372511,0.121673256908,False,False,False,0.7,synthetic,True
MLCC_C001392,MLCC_B034,MLCC_X7R,leakage_ua,SIM_X7R_1U_25V,ordinary_noise,ordinary_noise,False,True,False,,,0.0855039608641,0.0750647822228,False,False,False,0.7,synthetic,True
MLCC_C001442,MLCC_B034,MLCC_X7R,leakage_ua,SIM_X7R_1U_25V,ordinary_noise,ordinary_noise,False,True,False,,,0.0791166290642,0.0664204195788,False,False,False,0.7,synthetic,True
MLCC_C001531,MLCC_B034,MLCC_X7R,leakage_ua,SIM_X7R_1U_25V,moisture_associated_history,moisture_associated_history,True,False,False,6,,0.262887221654,0.262795246902,False,False,False,0.7,synthetic,True
MLCC_C001545,MLCC_B034,MLCC_X7R,leakage_ua,SIM_X7R_1U_25V,gradual_drift,gradual_drift,True,False,False,6,,0.511051818067,0.507157662071,False,False,False,0.7,synthetic,True
MLCC_C001558,MLCC_B034,MLCC_X7R,leakage_ua,SIM_X7R_1U_25V,healthy_settling,healthy_settling,False,True,False,,,0.0933088726771,0.0932274850801,False,False,False,0.7,synthetic,True
MLCC_C001751,MLCC_B034,MLCC_X7R,leakage_ua,SIM_X7R_1U_25V,healthy_settling,healthy_settling,False,True,False,,,0.11499437431,0.115684908362,False,False,False,0.7,synthetic,True
MLCC_C001785,MLCC_B034,MLCC_X7R,leakage_ua,SIM_X7R_1U_25V,healthy_settling,healthy_settling,False,True,False,,,0.0625883677024,0.0642988511064,False,False,False,0.7,synthetic,True
MLCC_C001910,MLCC_B034,MLCC_X7R,leakage_ua,SIM_X7R_1U_25V,healthy_settling,healthy_settling,False,True,False,,,0.0795448623867,0.0808556201671,False,False,False,0.7,synthetic,True
MLCC_C002003,MLCC_B034,MLCC_X7R,leakage_ua,SIM_X7R_1U_25V,healthy_settling,healthy_settling,False,True,False,,,0.0915161895419,0.09588435891,False,False,False,0.7,synthetic,True
MLCC_C002068,MLCC_B034,MLCC_X7R,leakage_ua,SIM_X7R_1U_25V,healthy_settling,healthy_settling,False,True,False,,,0.0784343826945,0.0835863294155,False,False,False,0.7,synthetic,True
MLCC_C002087,MLCC_B034,MLCC_X7R,leakage_ua,SIM_X7R_1U_25V,healthy_settling,healthy_settling,False,True,False,,,0.106355361387,0.107480310332,False,False,False,0.7,synthetic,True
MLCC_C002138,MLCC_B034,MLCC_X7R,leakage_ua,SIM_X7R_1U_25V,healthy_settling,healthy_settling,False,True,False,,,0.0452221333557,0.0447250949582,False,False,False,0.7,synthetic,True
MLCC_C002152,MLCC_B034,MLCC_X7R,leakage_ua,SIM_X7R_1U_25V,healthy_settling,healthy_settling,False,True,False,,,0.0755913057817,0.0761739095523,False,False,False,0.7,synthetic,True
MLCC_C002189,MLCC_B034,MLCC_X7R,leakage_ua,SIM_X7R_1U_25V,gradual_drift,gradual_drift,True,False,False,12,,1.84115375175,1.80889724801,True,True,True,0.7,synthetic,True
MLCC_C002306,MLCC_B034,MLCC_X7R,leakage_ua,SIM_X7R_1U_25V,ordinary_noise,ordinary_noise,False,True,False,,,0.116776795248,0.118114323029,False,False,False,0.7,synthetic,True
MLCC_C002342,MLCC_B034,MLCC_X7R,leakage_ua,SIM_X7R_1U_25V,gradual_drift,gradual_drift,True,False,False,0,,0.585426030083,0.605005285029,False,False,False,0.7,synthetic,True
MLCC_C002346,MLCC_B034,MLCC_X7R,leakage_ua,SIM_X7R_1U_25V,healthy_settling,healthy_settling,False,True,False,,,0.0670047548767,0.0662589569289,False,False,False,0.7,synthetic,True
MLCC_C002376,MLCC_B034,MLCC_X7R,leakage_ua,SIM_X7R_1U_25V,healthy_settling,healthy_settling,False,True,False,,,0.123444017417,0.127689107384,False,False,False,0.7,synthetic,True
MLCC_C002380,MLCC_B034,MLCC_X7R,leakage_ua,SIM_X7R_1U_25V,healthy_settling,healthy_settling,False,True,False,,,0.0836155246685,0.0844134186135,False,False,False,0.7,synthetic,True
MLCC_C002425,MLCC_B034,MLCC_X7R,leakage_ua,SIM_X7R_1U_25V,healthy_settling,healthy_settling,False,True,False,,,0.122901889366,0.130474527941,False,False,False,0.7,synthetic,True
MLCC_C002532,MLCC_B034,MLCC_X7R,leakage_ua,SIM_X7R_1U_25V,healthy_settling,healthy_settling,False,True,False,,,0.0885011120506,0.0883731703046,False,False,False,0.7,synthetic,True
MLCC_C002618,MLCC_B034,MLCC_X7R,leakage_ua,SIM_X7R_1U_25V,healthy_settling,healthy_settling,False,True,False,,,0.0851170463017,0.0838030343026,False,False,False,0.7,synthetic,True
MLCC_C002623,MLCC_B034,MLCC_X7R,leakage_ua,SIM_X7R_1U_25V,healthy_settling,healthy_settling,False,True,False,,,0.0755391397266,0.0760385235477,False,False,False,0.7,synthetic,True
MLCC_C002632,MLCC_B034,MLCC_X7R,leakage_ua,SIM_X7R_1U_25V,moisture_associated_history,moisture_associated_history,True,False,False,0,,0.578599350761,0.575473248725,False,False,False,0.7,synthetic,True
MLCC_C002715,MLCC_B034,MLCC_X7R,leakage_ua,SIM_X7R_1U_25V,healthy_settling,healthy_settling,False,True,False,,,0.128833777059,0.130760102891,False,False,False,0.7,synthetic,True
MLCC_C002727,MLCC_B034,MLCC_X7R,leakage_ua,SIM_X7R_1U_25V,moisture_associated_history,moisture_associated_history,True,False,False,48,,1.42082356087,1.41885644779,True,True,True,0.7,synthetic,True
MLCC_C002741,MLCC_B034,MLCC_X7R,leakage_ua,SIM_X7R_1U_25V,healthy_settling,healthy_settling,False,True,False,,,0.113232291423,0.114252206299,False,False,False,0.7,synthetic,True
MLCC_C002752,MLCC_B034,MLCC_X7R,leakage_ua,SIM_X7R_1U_25V,healthy_settling,healthy_settling,False,True,False,,,0.12544547305,0.116908478745,False,False,False,0.7,synthetic,True
MLCC_C002851,MLCC_B034,MLCC_X7R,leakage_ua,SIM_X7R_1U_25V,healthy_settling,healthy_settling,False,True,False,,,0.110664903315,0.114269364875,False,False,False,0.7,synthetic,True
MLCC_C002938,MLCC_B034,MLCC_X7R,leakage_ua,SIM_X7R_1U_25V,healthy_settling,healthy_settling,False,True,False,,,0.0717569582038,0.0736376385039,False,False,False,0.7,synthetic,True
MLCC_C002979,MLCC_B034,MLCC_X7R,leakage_ua,SIM_X7R_1U_25V,accelerating_drift,accelerating_drift,True,False,False,24,,0.4085581557,0.401169478095,False,False,False,0.7,synthetic,True
MLCC_C003001,MLCC_B034,MLCC_X7R,leakage_ua,SIM_X7R_1U_25V,healthy_settling,healthy_settling,False,True,False,,,0.0805750109821,0.0845511126087,False,False,False,0.7,synthetic,True
MLCC_C003100,MLCC_B034,MLCC_X7R,leakage_ua,SIM_X7R_1U_25V,healthy_settling,healthy_settling,False,True,False,,,0.109048172399,0.114107131826,False,False,False,0.7,synthetic,True
MLCC_C003209,MLCC_B034,MLCC_X7R,leakage_ua,SIM_X7R_1U_25V,ordinary_noise,ordinary_noise,False,True,False,,,0.0656953406827,0.0743413485227,False,False,False,0.7,synthetic,True
MLCC_C003218,MLCC_B034,MLCC_X7R,leakage_ua,SIM_X7R_1U_25V,healthy_settling,healthy_settling,False,True,False,,,0.113664438743,0.115139953092,False,False,False,0.7,synthetic,True
MLCC_C003382,MLCC_B034,MLCC_X7R,leakage_ua,SIM_X7R_1U_25V,healthy_settling,healthy_settling,False,True,False,,,0.110492811053,0.103455218777,False,False,False,0.7,synthetic,True
MLCC_C003450,MLCC_B034,MLCC_X7R,leakage_ua,SIM_X7R_1U_25V,healthy_settling,healthy_settling,False,True,False,,,0.206184883012,0.210521289062,False,False,False,0.7,synthetic,True
MLCC_C003453,MLCC_B034,MLCC_X7R,leakage_ua,SIM_X7R_1U_25V,healthy_settling,healthy_settling,False,True,False,,,0.0881042229841,0.0906577300813,False,False,False,0.7,synthetic,True
MLCC_C003454,MLCC_B034,MLCC_X7R,leakage_ua,SIM_X7R_1U_25V,healthy_settling,healthy_settling,False,True,False,,,0.124156496471,0.123873258582,False,False,False,0.7,synthetic,True
MLCC_C003469,MLCC_B034,MLCC_X7R,leakage_ua,SIM_X7R_1U_25V,healthy_settling,healthy_settling,False,True,False,,,0.0965427613837,0.0958719611888,False,False,False,0.7,synthetic,True
MLCC_C003601,MLCC_B034,MLCC_X7R,leakage_ua,SIM_X7R_1U_25V,ordinary_noise,ordinary_noise,False,True,False,,,0.100419314808,0.078165795908,False,False,False,0.7,synthetic,True
MLCC_C003890,MLCC_B034,MLCC_X7R,leakage_ua,SIM_X7R_1U_25V,gradual_drift,gradual_drift,True,False,False,6,,0.617555481894,0.621643152024,False,False,False,0.7,synthetic,True
MLCC_C003915,MLCC_B034,MLCC_X7R,leakage_ua,SIM_X7R_1U_25V,healthy_settling,healthy_settling,False,True,False,,,0.0986683995168,0.0969711233559,False,False,False,0.7,synthetic,True
MLCC_C003921,MLCC_B034,MLCC_X7R,leakage_ua,SIM_X7R_1U_25V,intermittent_leakage,intermittent_leakage,True,False,False,6,,0.099091175751,0.0976210007732,False,False,True,0.7,synthetic,True
MLCC_C003935,MLCC_B034,MLCC_X7R,leakage_ua,SIM_X7R_1U_25V,healthy_settling,healthy_settling,False,True,False,,,0.108056402499,0.105719834149,False,False,False,0.7,synthetic,True
MLCC_C003997,MLCC_B034,MLCC_X7R,leakage_ua,SIM_X7R_1U_25V,healthy_settling,healthy_settling,False,True,False,,,0.0572330559576,0.0587687389189,False,False,False,0.7,synthetic,True
MLCC_C004015,MLCC_B034,MLCC_X7R,leakage_ua,SIM_X7R_1U_25V,healthy_settling,healthy_settling,False,True,False,,,0.0862396305606,0.0844344052684,False,False,False,0.7,synthetic,True
MLCC_C004036,MLCC_B034,MLCC_X7R,leakage_ua,SIM_X7R_1U_25V,gradual_drift,gradual_drift,True,False,False,12,,0.580208913102,0.603322579119,False,False,False,0.7,synthetic,True
MLCC_C004079,MLCC_B034,MLCC_X7R,leakage_ua,SIM_X7R_1U_25V,healthy_settling,healthy_settling,False,True,False,,,0.096655773343,0.0972916046013,False,False,False,0.7,synthetic,True
MLCC_C004123,MLCC_B034,MLCC_X7R,leakage_ua,SIM_X7R_1U_25V,ordinary_noise,ordinary_noise,False,True,False,,,0.101891153428,0.0946157537753,False,False,False,0.7,synthetic,True
MLCC_C004141,MLCC_B034,MLCC_X7R,leakage_ua,SIM_X7R_1U_25V,healthy_settling,healthy_settling,False,True,False,,,0.069915923964,0.077615840977,False,False,False,0.7,synthetic,True
MLCC_C004168,MLCC_B034,MLCC_X7R,leakage_ua,SIM_X7R_1U_25V,healthy_settling,healthy_settling,False,True,False,,,0.0959839076103,0.0990854711231,False,False,False,0.7,synthetic,True
MLCC_C004194,MLCC_B034,MLCC_X7R,leakage_ua,SIM_X7R_1U_25V,healthy_settling,healthy_settling,False,True,False,,,0.10350386942,0.105139507675,False,False,False,0.7,synthetic,True
MLCC_C004246,MLCC_B034,MLCC_X7R,leakage_ua,SIM_X7R_1U_25V,healthy_settling,healthy_settling,False,True,False,,,0.0818527308271,0.0832393917105,False,False,False,0.7,synthetic,True
MLCC_C004373,MLCC_B034,MLCC_X7R,leakage_ua,SIM_X7R_1U_25V,healthy_settling,healthy_settling,False,True,False,,,0.0860960905247,0.088259328057,False,False,False,0.7,synthetic,True
MLCC_C004387,MLCC_B034,MLCC_X7R,leakage_ua,SIM_X7R_1U_25V,healthy_settling,healthy_settling,False,True,False,,,0.0643871713686,0.0656129341427,False,False,False,0.7,synthetic,True
MLCC_C004497,MLCC_B034,MLCC_X7R,leakage_ua,SIM_X7R_1U_25V,healthy_settling,healthy_settling,False,True,False,,,0.0778288855739,0.0766489507664,False,False,False,0.7,synthetic,True
MLCC_C004510,MLCC_B034,MLCC_X7R,leakage_ua,SIM_X7R_1U_25V,healthy_settling,healthy_settling,False,True,False,,,0.0844004507201,0.0840866463439,False,False,False,0.7,synthetic,True
MLCC_C004516,MLCC_B034,MLCC_X7R,leakage_ua,SIM_X7R_1U_25V,healthy_settling,healthy_settling,False,True,False,,,0.0654971094534,0.0646791391221,False,False,False,0.7,synthetic,True
MLCC_C004523,MLCC_B034,MLCC_X7R,leakage_ua,SIM_X7R_1U_25V,healthy_settling,healthy_settling,False,True,False,,,0.0688161510047,0.0688460140217,False,False,False,0.7,synthetic,True
MLCC_C004667,MLCC_B034,MLCC_X7R,leakage_ua,SIM_X7R_1U_25V,healthy_settling,healthy_settling,False,True,False,,,0.108259956151,0.105867547361,False,False,False,0.7,synthetic,True
MLCC_C004769,MLCC_B034,MLCC_X7R,leakage_ua,SIM_X7R_1U_25V,intermittent_leakage,intermittent_leakage,True,False,False,48,,0.382473622861,0.385647416627,False,False,False,0.7,synthetic,True
MLCC_C004826,MLCC_B034,MLCC_X7R,leakage_ua,SIM_X7R_1U_25V,healthy_settling,healthy_settling,False,True,False,,,0.0885512614252,0.086030730443,False,False,False,0.7,synthetic,True
MLCC_C004830,MLCC_B034,MLCC_X7R,leakage_ua,SIM_X7R_1U_25V,healthy_settling,healthy_settling,False,True,False,,,0.0602836317831,0.0619399292448,False,False,False,0.7,synthetic,True
MLCC_C004841,MLCC_B034,MLCC_X7R,leakage_ua,SIM_X7R_1U_25V,healthy_settling,healthy_settling,False,True,False,,,0.0885994313576,0.0886245568563,False,False,False,0.7,synthetic,True
MLCC_C004893,MLCC_B034,MLCC_X7R,leakage_ua,SIM_X7R_1U_25V,healthy_settling,healthy_settling,False,True,False,,,0.116781555818,0.11531586186,False,False,False,0.7,synthetic,True
MLCC_C004924,MLCC_B034,MLCC_X7R,leakage_ua,SIM_X7R_1U_25V,healthy_settling,healthy_settling,False,True,False,,,0.10827535622,0.110512447784,False,False,False,0.7,synthetic,True
MLCC_C004962,MLCC_B034,MLCC_X7R,leakage_ua,SIM_X7R_1U_25V,healthy_settling,healthy_settling,False,True,False,,,0.0872136147969,0.0846800043647,False,False,False,0.7,synthetic,True
MLCC_C005019,MLCC_B034,MLCC_X7R,leakage_ua,SIM_X7R_1U_25V,healthy_settling,healthy_settling,False,True,False,,,0.0736368855601,0.0670551837349,False,False,False,0.7,synthetic,True
MLCC_C005076,MLCC_B034,MLCC_X7R,leakage_ua,SIM_X7R_1U_25V,moisture_associated_history,moisture_associated_history,True,False,False,0,,0.783577779706,0.803712877059,True,True,True,0.7,synthetic,True
MLCC_C005114,MLCC_B034,MLCC_X7R,leakage_ua,SIM_X7R_1U_25V,healthy_settling,healthy_settling,False,True,False,,,0.098594167415,0.0960513781747,False,False,False,0.7,synthetic,True
MLCC_C005200,MLCC_B034,MLCC_X7R,leakage_ua,SIM_X7R_1U_25V,healthy_settling,healthy_settling,False,True,False,,,0.102044200126,0.0966541812397,False,False,False,0.7,synthetic,True
MLCC_C005228,MLCC_B034,MLCC_X7R,leakage_ua,SIM_X7R_1U_25V,healthy_settling,healthy_settling,False,True,False,,,0.0457376287425,0.0438928102649,False,False,False,0.7,synthetic,True
MLCC_C005529,MLCC_B034,MLCC_X7R,leakage_ua,SIM_X7R_1U_25V,healthy_settling,healthy_settling,False,True,False,,,0.0691452896408,0.0707736463111,False,False,False,0.7,synthetic,True
MLCC_C005543,MLCC_B034,MLCC_X7R,leakage_ua,SIM_X7R_1U_25V,ordinary_noise,ordinary_noise,False,True,False,,,0.153435048716,0.152364381244,False,False,False,0.7,synthetic,True
MLCC_C005609,MLCC_B034,MLCC_X7R,leakage_ua,SIM_X7R_1U_25V,healthy_settling,healthy_settling,False,True,False,,,0.0986870773791,0.101831920157,False,False,False,0.7,synthetic,True
MLCC_C005709,MLCC_B034,MLCC_X7R,leakage_ua,SIM_X7R_1U_25V,healthy_settling,healthy_settling,False,True,False,,,0.0386440347156,0.0410358093067,False,False,False,0.7,synthetic,True
MLCC_C005710,MLCC_B034,MLCC_X7R,leakage_ua,SIM_X7R_1U_25V,healthy_settling,healthy_settling,False,True,False,,,0.160923361059,0.16145775032,False,False,False,0.7,synthetic,True
MLCC_C005729,MLCC_B034,MLCC_X7R,leakage_ua,SIM_X7R_1U_25V,healthy_settling,healthy_settling,False,True,False,,,0.0770694679755,0.0768711135909,False,False,False,0.7,synthetic,True
MLCC_C005799,MLCC_B034,MLCC_X7R,leakage_ua,SIM_X7R_1U_25V,healthy_settling,healthy_settling,False,True,False,,,0.10745635125,0.111099219018,False,False,False,0.7,synthetic,True
MLCC_C005805,MLCC_B034,MLCC_X7R,leakage_ua,SIM_X7R_1U_25V,healthy_settling,healthy_settling,False,True,False,,,0.0606951665238,0.061462923633,False,False,False,0.7,synthetic,True
MLCC_C005942,MLCC_B034,MLCC_X7R,leakage_ua,SIM_X7R_1U_25V,healthy_settling,healthy_settling,False,True,False,,,0.0605780857292,0.0601329579961,False,False,False,0.7,synthetic,True
MLCC_C005987,MLCC_B034,MLCC_X7R,leakage_ua,SIM_X7R_1U_25V,healthy_settling,healthy_settling,False,True,False,,,0.075838158602,0.0772206846653,False,False,False,0.7,synthetic,True
MLCC_C006003,MLCC_B034,MLCC_X7R,leakage_ua,SIM_X7R_1U_25V,healthy_settling,healthy_settling,False,True,False,,,0.0896508757462,0.0902945641334,False,False,False,0.7,synthetic,True
MLCC_C006047,MLCC_B034,MLCC_X7R,leakage_ua,SIM_X7R_1U_25V,healthy_settling,healthy_settling,False,True,False,,,0.0588023724129,0.0605721414999,False,False,False,0.7,synthetic,True
MLCC_C006177,MLCC_B034,MLCC_X7R,leakage_ua,SIM_X7R_1U_25V,healthy_settling,healthy_settling,False,True,False,,,0.11175967433,0.11509926191,False,False,False,0.7,synthetic,True
MLCC_C006221,MLCC_B034,MLCC_X7R,leakage_ua,SIM_X7R_1U_25V,ordinary_noise,ordinary_noise,False,True,False,,,0.0999264750444,0.10612741884,False,False,False,0.7,synthetic,True
MLCC_C006276,MLCC_B034,MLCC_X7R,leakage_ua,SIM_X7R_1U_25V,healthy_settling,healthy_settling,False,True,False,,,0.158522916555,0.160006012415,False,False,False,0.7,synthetic,True
MLCC_C006360,MLCC_B034,MLCC_X7R,leakage_ua,SIM_X7R_1U_25V,healthy_settling,healthy_settling,False,True,False,,,0.0672281801937,0.0667873681648,False,False,False,0.7,synthetic,True
MLCC_C006384,MLCC_B034,MLCC_X7R,leakage_ua,SIM_X7R_1U_25V,gradual_drift,gradual_drift,True,False,False,6,,0.899275447181,0.923951516116,True,True,True,0.7,synthetic,True
MLCC_C006394,MLCC_B034,MLCC_X7R,leakage_ua,SIM_X7R_1U_25V,healthy_settling,healthy_settling,False,True,False,,,0.0669951354825,0.0667823506344,False,False,False,0.7,synthetic,True
MLCC_C006404,MLCC_B034,MLCC_X7R,leakage_ua,SIM_X7R_1U_25V,ordinary_noise,ordinary_noise,False,True,False,,,0.0997177019431,0.0899304531525,False,False,False,0.7,synthetic,True
MLCC_C006422,MLCC_B034,MLCC_X7R,leakage_ua,SIM_X7R_1U_25V,late_abrupt_onset,late_abrupt_onset,True,False,False,96,,0.541219696539,0.528692495907,False,False,False,0.7,synthetic,True
MLCC_C006522,MLCC_B034,MLCC_X7R,leakage_ua,SIM_X7R_1U_25V,healthy_settling,healthy_settling,False,True,False,,,0.0610205482329,0.0622536397365,False,False,False,0.7,synthetic,True
MLCC_C006644,MLCC_B034,MLCC_X7R,leakage_ua,SIM_X7R_1U_25V,healthy_settling,healthy_settling,False,True,False,,,0.122496268416,0.12255719406,False,False,False,0.7,synthetic,True
MLCC_C006718,MLCC_B034,MLCC_X7R,leakage_ua,SIM_X7R_1U_25V,healthy_settling,healthy_settling,False,True,False,,,0.085913288664,0.0880699660735,False,False,False,0.7,synthetic,True
MLCC_C006739,MLCC_B034,MLCC_X7R,leakage_ua,SIM_X7R_1U_25V,healthy_settling,healthy_settling,False,True,False,,,0.0957601461166,0.0900436354045,False,False,False,0.7,synthetic,True
MLCC_C006753,MLCC_B034,MLCC_X7R,leakage_ua,SIM_X7R_1U_25V,healthy_settling,healthy_settling,False,True,False,,,0.110477226948,0.11099991621,False,False,False,0.7,synthetic,True
MLCC_C006919,MLCC_B034,MLCC_X7R,leakage_ua,SIM_X7R_1U_25V,late_abrupt_onset,late_abrupt_onset,True,False,False,96,,1.49669102223,1.46776514884,True,True,True,0.7,synthetic,True
MLCC_C006922,MLCC_B034,MLCC_X7R,leakage_ua,SIM_X7R_1U_25V,healthy_settling,healthy_settling,False,True,False,,,0.0965728163789,0.0930840073135,False,False,False,0.7,synthetic,True
MLCC_C006925,MLCC_B034,MLCC_X7R,leakage_ua,SIM_X7R_1U_25V,ordinary_noise,ordinary_noise,False,True,False,,,0.0540905710999,0.0566086332568,False,False,False,0.7,synthetic,True
MLCC_C006926,MLCC_B034,MLCC_X7R,leakage_ua,SIM_X7R_1U_25V,healthy_settling,healthy_settling,False,True,False,,,0.0725627786826,0.0748198905172,False,False,False,0.7,synthetic,True
MLCC_C006939,MLCC_B034,MLCC_X7R,leakage_ua,SIM_X7R_1U_25V,healthy_settling,healthy_settling,False,True,False,,,0.127601088364,0.122128395468,False,False,False,0.7,synthetic,True
MLCC_C007034,MLCC_B034,MLCC_X7R,leakage_ua,SIM_X7R_1U_25V,healthy_settling,healthy_settling,False,True,False,,,0.137138047788,0.137762563145,False,False,False,0.7,synthetic,True
MLCC_C007082,MLCC_B034,MLCC_X7R,leakage_ua,SIM_X7R_1U_25V,ordinary_noise,ordinary_noise,False,True,False,,,0.0574611078573,0.0536100659414,False,False,False,0.7,synthetic,True
MLCC_C007130,MLCC_B034,MLCC_X7R,leakage_ua,SIM_X7R_1U_25V,healthy_settling,healthy_settling,False,True,False,,,0.0888406438489,0.0856378029056,False,False,False,0.7,synthetic,True
MLCC_C007141,MLCC_B034,MLCC_X7R,leakage_ua,SIM_X7R_1U_25V,healthy_settling,healthy_settling,False,True,False,,,0.0768686759726,0.0767442257724,False,False,False,0.7,synthetic,True
MLCC_C007227,MLCC_B034,MLCC_X7R,leakage_ua,SIM_X7R_1U_25V,gradual_drift,gradual_drift,True,False,False,0,,1.4474384302,1.50046557569,True,True,True,0.7,synthetic,True
MLCC_C007383,MLCC_B034,MLCC_X7R,leakage_ua,SIM_X7R_1U_25V,healthy_settling,healthy_settling,False,True,False,,,0.139288346387,0.136502654036,False,False,False,0.7,synthetic,True
MLCC_C007417,MLCC_B034,MLCC_X7R,leakage_ua,SIM_X7R_1U_25V,accelerating_drift,accelerating_drift,True,False,False,24,,0.197566066195,0.186706237272,False,False,False,0.7,synthetic,True
MLCC_C007418,MLCC_B034,MLCC_X7R,leakage_ua,SIM_X7R_1U_25V,healthy_settling,healthy_settling,False,True,False,,,0.093649705336,0.0896364358072,False,False,False,0.7,synthetic,True
MLCC_C007498,MLCC_B034,MLCC_X7R,leakage_ua,SIM_X7R_1U_25V,healthy_settling,healthy_settling,False,True,False,,,0.0473231484045,0.0446203846943,False,False,False,0.7,synthetic,True
MLCC_C007535,MLCC_B034,MLCC_X7R,leakage_ua,SIM_X7R_1U_25V,healthy_settling,healthy_settling,False,True,False,,,0.0570164403069,0.0575622893625,False,False,False,0.7,synthetic,True
MLCC_C007593,MLCC_B034,MLCC_X7R,leakage_ua,SIM_X7R_1U_25V,healthy_settling,healthy_settling,False,True,False,,,0.0930306148041,0.0949451145189,False,False,False,0.7,synthetic,True
MLCC_C007765,MLCC_B034,MLCC_X7R,leakage_ua,SIM_X7R_1U_25V,ordinary_noise,ordinary_noise,False,True,False,,,0.0991376024133,0.107336898741,False,False,False,0.7,synthetic,True
MLCC_C007878,MLCC_B034,MLCC_X7R,leakage_ua,SIM_X7R_1U_25V,ordinary_noise,ordinary_noise,False,True,False,,,0.0965477763672,0.0827338739246,False,False,False,0.7,synthetic,True
MLCC_C007963,MLCC_B034,MLCC_X7R,leakage_ua,SIM_X7R_1U_25V,healthy_settling,healthy_settling,False,True,False,,,0.0765316777599,0.0740480087515,False,False,False,0.7,synthetic,True
MLCC_C008004,MLCC_B034,MLCC_X7R,leakage_ua,SIM_X7R_1U_25V,ordinary_noise,ordinary_noise,False,True,False,,,0.0972754944347,0.078902233055,False,False,False,0.7,synthetic,True
MLCC_C008005,MLCC_B034,MLCC_X7R,leakage_ua,SIM_X7R_1U_25V,healthy_settling,healthy_settling,False,True,False,,,0.150765481241,0.157592240886,False,False,False,0.7,synthetic,True
MLCC_C008007,MLCC_B034,MLCC_X7R,leakage_ua,SIM_X7R_1U_25V,healthy_settling,healthy_settling,False,True,False,,,0.138161906977,0.137372214331,False,False,False,0.7,synthetic,True
MLCC_C008022,MLCC_B034,MLCC_X7R,leakage_ua,SIM_X7R_1U_25V,accelerating_drift,accelerating_drift,True,False,False,6,,0.330022939879,0.328467304249,False,False,False,0.7,synthetic,True
MLCC_C008179,MLCC_B034,MLCC_X7R,leakage_ua,SIM_X7R_1U_25V,healthy_settling,healthy_settling,False,True,False,,,0.0894860155457,0.0910043517133,False,False,False,0.7,synthetic,True
MLCC_C008190,MLCC_B034,MLCC_X7R,leakage_ua,SIM_X7R_1U_25V,healthy_settling,healthy_settling,False,True,False,,,0.0633433526144,0.0625129203538,False,False,False,0.7,synthetic,True
MLCC_C008243,MLCC_B034,MLCC_X7R,leakage_ua,SIM_X7R_1U_25V,healthy_settling,healthy_settling,False,True,False,,,0.0765820967759,0.0770764395904,False,False,False,0.7,synthetic,True
MLCC_C008300,MLCC_B034,MLCC_X7R,leakage_ua,SIM_X7R_1U_25V,healthy_settling,healthy_settling,False,True,False,,,0.0612825915872,0.0615150844575,False,False,False,0.7,synthetic,True
MLCC_C008349,MLCC_B034,MLCC_X7R,leakage_ua,SIM_X7R_1U_25V,healthy_settling,healthy_settling,False,True,False,,,0.123291535995,0.113922346069,False,False,False,0.7,synthetic,True
MLCC_C008448,MLCC_B034,MLCC_X7R,leakage_ua,SIM_X7R_1U_25V,ordinary_noise,ordinary_noise,False,True,False,,,0.0730607289677,0.0773196446729,False,False,False,0.7,synthetic,True
MLCC_C008534,MLCC_B034,MLCC_X7R,leakage_ua,SIM_X7R_1U_25V,healthy_settling,healthy_settling,False,True,False,,,0.0916474373999,0.0957561980998,False,False,False,0.7,synthetic,True
MLCC_C008548,MLCC_B034,MLCC_X7R,leakage_ua,SIM_X7R_1U_25V,healthy_settling,healthy_settling,False,True,False,,,0.0788252401607,0.0758710848718,False,False,False,0.7,synthetic,True
MLCC_C008561,MLCC_B034,MLCC_X7R,leakage_ua,SIM_X7R_1U_25V,healthy_settling,healthy_settling,False,True,False,,,0.0700926126865,0.0705790072281,False,False,False,0.7,synthetic,True
MLCC_C008618,MLCC_B034,MLCC_X7R,leakage_ua,SIM_X7R_1U_25V,healthy_settling,healthy_settling,False,True,False,,,0.0474556834654,0.0480866659279,False,False,False,0.7,synthetic,True
MLCC_C008739,MLCC_B034,MLCC_X7R,leakage_ua,SIM_X7R_1U_25V,late_abrupt_onset,late_abrupt_onset,True,False,False,72,,0.497292770924,0.510403848544,False,False,False,0.7,synthetic,True
MLCC_C008756,MLCC_B034,MLCC_X7R,leakage_ua,SIM_X7R_1U_25V,healthy_settling,healthy_settling,False,True,False,,,0.0901466371862,0.0905014185208,False,False,False,0.7,synthetic,True
MLCC_C008764,MLCC_B034,MLCC_X7R,leakage_ua,SIM_X7R_1U_25V,healthy_settling,healthy_settling,False,True,False,,,0.0981389858634,0.0993410355651,False,False,False,0.7,synthetic,True
MLCC_C008788,MLCC_B034,MLCC_X7R,leakage_ua,SIM_X7R_1U_25V,healthy_settling,healthy_settling,False,True,False,,,0.117889899589,0.117544890514,False,False,False,0.7,synthetic,True
MLCC_C008801,MLCC_B034,MLCC_X7R,leakage_ua,SIM_X7R_1U_25V,accelerating_drift,accelerating_drift,True,False,False,0,,0.810153674306,0.844717960023,True,True,True,0.7,synthetic,True
MLCC_C008803,MLCC_B034,MLCC_X7R,leakage_ua,SIM_X7R_1U_25V,accelerating_drift,accelerating_drift,True,False,False,12,,0.381452348934,0.38962399824,False,False,False,0.7,synthetic,True
MLCC_C008820,MLCC_B034,MLCC_X7R,leakage_ua,SIM_X7R_1U_25V,healthy_settling,healthy_settling,False,True,False,,,0.123589509976,0.117328116229,False,False,False,0.7,synthetic,True
MLCC_C008916,MLCC_B034,MLCC_X7R,leakage_ua,SIM_X7R_1U_25V,healthy_settling,healthy_settling,False,True,False,,,0.108393951908,0.109425539516,False,False,False,0.7,synthetic,True
MLCC_C009185,MLCC_B034,MLCC_X7R,leakage_ua,SIM_X7R_1U_25V,healthy_settling,healthy_settling,False,True,False,,,0.12380965318,0.121020121311,False,False,False,0.7,synthetic,True
MLCC_C009286,MLCC_B034,MLCC_X7R,leakage_ua,SIM_X7R_1U_25V,healthy_settling,healthy_settling,False,True,False,,,0.0991912584333,0.101669864247,False,False,False,0.7,synthetic,True
MLCC_C009329,MLCC_B034,MLCC_X7R,leakage_ua,SIM_X7R_1U_25V,healthy_settling,healthy_settling,False,True,False,,,0.126427475304,0.129678728351,False,False,False,0.7,synthetic,True
MLCC_C009336,MLCC_B034,MLCC_X7R,leakage_ua,SIM_X7R_1U_25V,ordinary_noise,ordinary_noise,False,True,False,,,0.0763201247594,0.0822565173315,False,False,False,0.7,synthetic,True
MLCC_C009359,MLCC_B034,MLCC_X7R,leakage_ua,SIM_X7R_1U_25V,healthy_settling,healthy_settling,False,True,False,,,0.111507582168,0.112965347577,False,False,False,0.7,synthetic,True
MLCC_C009433,MLCC_B034,MLCC_X7R,leakage_ua,SIM_X7R_1U_25V,late_abrupt_onset,late_abrupt_onset,True,False,False,96,,0.324369234841,0.329034092895,False,False,False,0.7,synthetic,True
MLCC_C009659,MLCC_B034,MLCC_X7R,leakage_ua,SIM_X7R_1U_25V,healthy_settling,healthy_settling,False,True,False,,,0.104584382146,0.105953871262,False,False,False,0.7,synthetic,True
MLCC_C009695,MLCC_B034,MLCC_X7R,leakage_ua,SIM_X7R_1U_25V,intermittent_leakage,intermittent_leakage,True,False,False,24,,0.268192189494,0.263113760595,False,False,False,0.7,synthetic,True
MLCC_C009717,MLCC_B034,MLCC_X7R,leakage_ua,SIM_X7R_1U_25V,healthy_settling,healthy_settling,False,True,False,,,0.107865855303,0.11491859396,False,False,False,0.7,synthetic,True
MLCC_C010022,MLCC_B034,MLCC_X7R,leakage_ua,SIM_X7R_1U_25V,healthy_settling,healthy_settling,False,True,False,,,0.046820777621,0.0464318155976,False,False,False,0.7,synthetic,True
MLCC_C010257,MLCC_B034,MLCC_X7R,leakage_ua,SIM_X7R_1U_25V,gradual_drift,gradual_drift,True,False,False,6,,0.722497289118,0.720509223773,True,True,True,0.7,synthetic,True
MLCC_C010299,MLCC_B034,MLCC_X7R,leakage_ua,SIM_X7R_1U_25V,healthy_settling,healthy_settling,False,True,False,,,0.0964826873141,0.0951094305101,False,False,False,0.7,synthetic,True
MLCC_C010304,MLCC_B034,MLCC_X7R,leakage_ua,SIM_X7R_1U_25V,healthy_settling,healthy_settling,False,True,False,,,0.100480159578,0.101242322532,False,False,False,0.7,synthetic,True
MLCC_C010443,MLCC_B034,MLCC_X7R,leakage_ua,SIM_X7R_1U_25V,healthy_settling,healthy_settling,False,True,False,,,0.143668426052,0.141537317795,False,False,False,0.7,synthetic,True
MLCC_C010586,MLCC_B034,MLCC_X7R,leakage_ua,SIM_X7R_1U_25V,healthy_settling,healthy_settling,False,True,False,,,0.0941244691926,0.0974361703594,False,False,False,0.7,synthetic,True
MLCC_C010754,MLCC_B034,MLCC_X7R,leakage_ua,SIM_X7R_1U_25V,healthy_settling,healthy_settling,False,True,False,,,0.102897826128,0.102853309617,False,False,False,0.7,synthetic,True
MLCC_C010968,MLCC_B034,MLCC_X7R,leakage_ua,SIM_X7R_1U_25V,healthy_settling,healthy_settling,False,True,False,,,0.088874577898,0.0860444552342,False,False,False,0.7,synthetic,True
MLCC_C011006,MLCC_B034,MLCC_X7R,leakage_ua,SIM_X7R_1U_25V,healthy_settling,healthy_settling,False,True,False,,,0.0719380209771,0.0755172011638,False,False,False,0.7,synthetic,True
MLCC_C011010,MLCC_B034,MLCC_X7R,leakage_ua,SIM_X7R_1U_25V,healthy_settling,healthy_settling,False,True,False,,,0.0830600758394,0.0852840064373,False,False,False,0.7,synthetic,True
MLCC_C011039,MLCC_B034,MLCC_X7R,leakage_ua,SIM_X7R_1U_25V,healthy_settling,healthy_settling,False,True,False,,,0.105714012501,0.0988166619502,False,False,False,0.7,synthetic,True
MLCC_C011118,MLCC_B034,MLCC_X7R,leakage_ua,SIM_X7R_1U_25V,ordinary_noise,ordinary_noise,False,True,False,,,0.161340025044,0.143088093149,False,False,False,0.7,synthetic,True
MLCC_C011131,MLCC_B034,MLCC_X7R,leakage_ua,SIM_X7R_1U_25V,accelerating_drift,accelerating_drift,True,False,False,6,,0.888642833544,0.885312366773,True,True,True,0.7,synthetic,True
MLCC_C011142,MLCC_B034,MLCC_X7R,leakage_ua,SIM_X7R_1U_25V,healthy_settling,healthy_settling,False,True,False,,,0.0717326377492,0.0693619667961,False,False,False,0.7,synthetic,True
MLCC_C011203,MLCC_B034,MLCC_X7R,leakage_ua,SIM_X7R_1U_25V,healthy_settling,healthy_settling,False,True,False,,,0.0872963980532,0.0863781162004,False,False,False,0.7,synthetic,True
MLCC_C011306,MLCC_B034,MLCC_X7R,leakage_ua,SIM_X7R_1U_25V,healthy_settling,healthy_settling,False,True,False,,,0.0979034335951,0.0960978720281,False,False,False,0.7,synthetic,True
MLCC_C011307,MLCC_B034,MLCC_X7R,leakage_ua,SIM_X7R_1U_25V,ordinary_noise,ordinary_noise,False,True,False,,,0.0603110221908,0.0686345132073,False,False,False,0.7,synthetic,True
MLCC_C011315,MLCC_B034,MLCC_X7R,leakage_ua,SIM_X7R_1U_25V,intermittent_leakage,intermittent_leakage,True,False,False,6,,0.0870105937378,0.0852176750418,False,False,True,0.7,synthetic,True
MLCC_C011413,MLCC_B034,MLCC_X7R,leakage_ua,SIM_X7R_1U_25V,gradual_drift,gradual_drift,True,False,False,6,,1.53892164039,1.54393904704,True,True,True,0.7,synthetic,True
MLCC_C011422,MLCC_B034,MLCC_X7R,leakage_ua,SIM_X7R_1U_25V,ordinary_noise,ordinary_noise,False,True,False,,,0.093641400381,0.0937056148177,False,False,False,0.7,synthetic,True
MLCC_C011686,MLCC_B034,MLCC_X7R,leakage_ua,SIM_X7R_1U_25V,ordinary_noise,ordinary_noise,False,True,False,,,0.144336618716,0.153630092073,False,False,False,0.7,synthetic,True
MLCC_C011693,MLCC_B034,MLCC_X7R,leakage_ua,SIM_X7R_1U_25V,healthy_settling,healthy_settling,False,True,False,,,0.130379395236,0.131365670726,False,False,False,0.7,synthetic,True
MLCC_C011720,MLCC_B034,MLCC_X7R,leakage_ua,SIM_X7R_1U_25V,moisture_associated_history,moisture_associated_history,True,False,False,12,,0.5671238412,0.569042613522,False,False,False,0.7,synthetic,True
MLCC_C011721,MLCC_B034,MLCC_X7R,leakage_ua,SIM_X7R_1U_25V,healthy_settling,healthy_settling,False,True,False,,,0.0699393153316,0.0693971727274,False,False,False,0.7,synthetic,True
MLCC_C011751,MLCC_B034,MLCC_X7R,leakage_ua,SIM_X7R_1U_25V,ordinary_noise,ordinary_noise,False,True,False,,,0.0802723656416,0.0803824630807,False,False,False,0.7,synthetic,True
MLCC_C011774,MLCC_B034,MLCC_X7R,leakage_ua,SIM_X7R_1U_25V,ordinary_noise,ordinary_noise,False,True,False,,,0.105023845367,0.109378117717,False,False,False,0.7,synthetic,True
MLCC_C011922,MLCC_B034,MLCC_X7R,leakage_ua,SIM_X7R_1U_25V,healthy_settling,healthy_settling,False,True,False,,,0.0882077879191,0.0929410041453,False,False,False,0.7,synthetic,True
MLCC_C011994,MLCC_B034,MLCC_X7R,leakage_ua,SIM_X7R_1U_25V,late_abrupt_onset,late_abrupt_onset,True,False,False,48,,1.52219180906,1.51352852298,True,True,True,0.7,synthetic,True
MLCC_C000020,MLCC_B038,MLCC_X7R,leakage_ua,SIM_X7R_100N_50V,healthy_settling,healthy_settling,False,True,False,,,0.0191114800736,0.0199010251653,False,False,False,0.25,synthetic,True
MLCC_C000088,MLCC_B038,MLCC_X7R,leakage_ua,SIM_X7R_100N_50V,healthy_settling,healthy_settling,False,True,False,,,0.0375978338377,0.038627717954,False,False,False,0.25,synthetic,True
MLCC_C000117,MLCC_B038,MLCC_X7R,leakage_ua,SIM_X7R_100N_50V,healthy_settling,healthy_settling,False,True,False,,,0.0340958572829,0.0339808411134,False,False,False,0.25,synthetic,True
MLCC_C000221,MLCC_B038,MLCC_X7R,leakage_ua,SIM_X7R_100N_50V,healthy_settling,healthy_settling,False,True,False,,,0.0270920325029,0.0254597276266,False,False,False,0.25,synthetic,True
MLCC_C000247,MLCC_B038,MLCC_X7R,leakage_ua,SIM_X7R_100N_50V,healthy_settling,healthy_settling,False,True,False,,,0.0197469173212,0.0192163442504,False,False,False,0.25,synthetic,True
MLCC_C000293,MLCC_B038,MLCC_X7R,leakage_ua,SIM_X7R_100N_50V,healthy_settling,healthy_settling,False,True,False,,,0.0323288167889,0.0310232767039,False,False,False,0.25,synthetic,True
MLCC_C000366,MLCC_B038,MLCC_X7R,leakage_ua,SIM_X7R_100N_50V,healthy_settling,healthy_settling,False,True,False,,,0.0176225154502,0.0177177703505,False,False,False,0.25,synthetic,True
MLCC_C000385,MLCC_B038,MLCC_X7R,leakage_ua,SIM_X7R_100N_50V,ordinary_noise,ordinary_noise,False,True,False,,,0.0291593131995,0.0307926139932,False,False,False,0.25,synthetic,True
MLCC_C000516,MLCC_B038,MLCC_X7R,leakage_ua,SIM_X7R_100N_50V,healthy_settling,healthy_settling,False,True,False,,,0.0458696704067,0.0456377067868,False,False,False,0.25,synthetic,True
MLCC_C000712,MLCC_B038,MLCC_X7R,leakage_ua,SIM_X7R_100N_50V,healthy_settling,healthy_settling,False,True,False,,,0.0346037121391,0.0324604998215,False,False,False,0.25,synthetic,True
MLCC_C000751,MLCC_B038,MLCC_X7R,leakage_ua,SIM_X7R_100N_50V,ordinary_noise,ordinary_noise,False,True,False,,,0.0178845551971,0.0192518867715,False,False,False,0.25,synthetic,True
MLCC_C000758,MLCC_B038,MLCC_X7R,leakage_ua,SIM_X7R_100N_50V,healthy_settling,healthy_settling,False,True,False,,,0.0205435190595,0.0202220842907,False,False,False,0.25,synthetic,True
MLCC_C000874,MLCC_B038,MLCC_X7R,leakage_ua,SIM_X7R_100N_50V,healthy_settling,healthy_settling,False,True,False,,,0.0304047420098,0.0299155221261,False,False,False,0.25,synthetic,True
MLCC_C000901,MLCC_B038,MLCC_X7R,leakage_ua,SIM_X7R_100N_50V,ordinary_noise,ordinary_noise,False,True,False,,,0.0272924332998,0.0214219910005,False,False,False,0.25,synthetic,True
MLCC_C000911,MLCC_B038,MLCC_X7R,leakage_ua,SIM_X7R_100N_50V,healthy_settling,healthy_settling,False,True,False,,,0.0435958023533,0.0407301685098,False,False,False,0.25,synthetic,True
MLCC_C001075,MLCC_B038,MLCC_X7R,leakage_ua,SIM_X7R_100N_50V,ordinary_noise,ordinary_noise,False,True,False,,,0.017120655842,0.0167794269806,False,False,False,0.25,synthetic,True
MLCC_C001099,MLCC_B038,MLCC_X7R,leakage_ua,SIM_X7R_100N_50V,ordinary_noise,ordinary_noise,False,True,False,,,0.0189684235993,0.0203514783307,False,False,False,0.25,synthetic,True
MLCC_C001111,MLCC_B038,MLCC_X7R,leakage_ua,SIM_X7R_100N_50V,ordinary_noise,ordinary_noise,False,True,False,,,0.0234208129378,0.022435634138,False,False,False,0.25,synthetic,True
MLCC_C001178,MLCC_B038,MLCC_X7R,leakage_ua,SIM_X7R_100N_50V,ordinary_noise,ordinary_noise,False,True,False,,,0.0224721234442,0.023734681584,False,False,False,0.25,synthetic,True
MLCC_C001234,MLCC_B038,MLCC_X7R,leakage_ua,SIM_X7R_100N_50V,ordinary_noise,ordinary_noise,False,True,False,,,0.0337583591963,0.0270691528721,False,False,False,0.25,synthetic,True
MLCC_C001256,MLCC_B038,MLCC_X7R,leakage_ua,SIM_X7R_100N_50V,ordinary_noise,ordinary_noise,False,True,False,,,0.0333172449275,0.0381481573597,False,False,False,0.25,synthetic,True
MLCC_C001274,MLCC_B038,MLCC_X7R,leakage_ua,SIM_X7R_100N_50V,accelerating_drift,accelerating_drift,True,False,False,6,,0.0685117418151,0.0676555526924,False,False,False,0.25,synthetic,True
MLCC_C001277,MLCC_B038,MLCC_X7R,leakage_ua,SIM_X7R_100N_50V,healthy_settling,healthy_settling,False,True,False,,,0.0184559942658,0.0185690128195,False,False,False,0.25,synthetic,True
MLCC_C001302,MLCC_B038,MLCC_X7R,leakage_ua,SIM_X7R_100N_50V,ordinary_noise,ordinary_noise,False,True,False,,,0.02795719385,0.0267800501451,False,False,False,0.25,synthetic,True
MLCC_C001332,MLCC_B038,MLCC_X7R,leakage_ua,SIM_X7R_100N_50V,healthy_settling,healthy_settling,False,True,False,,,0.0291176476946,0.0301025262176,False,False,False,0.25,synthetic,True
MLCC_C001388,MLCC_B038,MLCC_X7R,leakage_ua,SIM_X7R_100N_50V,healthy_settling,healthy_settling,False,True,False,,,0.0191031901425,0.0190112368205,False,False,False,0.25,synthetic,True
MLCC_C001427,MLCC_B038,MLCC_X7R,leakage_ua,SIM_X7R_100N_50V,moisture_associated_history,moisture_associated_history,True,False,False,0,,0.149114271935,0.150852125562,False,False,False,0.25,synthetic,True
MLCC_C001436,MLCC_B038,MLCC_X7R,leakage_ua,SIM_X7R_100N_50V,healthy_settling,healthy_settling,False,True,False,,,0.0265877825991,0.0298245375645,False,False,False,0.25,synthetic,True
MLCC_C001532,MLCC_B038,MLCC_X7R,leakage_ua,SIM_X7R_100N_50V,late_abrupt_onset,late_abrupt_onset,True,False,False,96,,0.627594302037,0.634981683677,True,True,True,0.25,synthetic,True
MLCC_C001616,MLCC_B038,MLCC_X7R,leakage_ua,SIM_X7R_100N_50V,healthy_settling,healthy_settling,False,True,False,,,0.0374386023898,0.0363544123628,False,False,False,0.25,synthetic,True
MLCC_C001623,MLCC_B038,MLCC_X7R,leakage_ua,SIM_X7R_100N_50V,healthy_settling,healthy_settling,False,True,False,,,0.041303698204,0.0418193967349,False,False,False,0.25,synthetic,True
MLCC_C001682,MLCC_B038,MLCC_X7R,leakage_ua,SIM_X7R_100N_50V,ordinary_noise,ordinary_noise,False,True,False,,,0.0225938057305,0.0197858368327,False,False,False,0.25,synthetic,True
MLCC_C001718,MLCC_B038,MLCC_X7R,leakage_ua,SIM_X7R_100N_50V,late_abrupt_onset,late_abrupt_onset,True,False,False,96,,0.0897077671052,0.0887214473976,False,False,False,0.25,synthetic,True
MLCC_C001767,MLCC_B038,MLCC_X7R,leakage_ua,SIM_X7R_100N_50V,healthy_settling,healthy_settling,False,True,False,,,0.0253892634578,0.0238425453276,False,False,False,0.25,synthetic,True
MLCC_C001796,MLCC_B038,MLCC_X7R,leakage_ua,SIM_X7R_100N_50V,healthy_settling,healthy_settling,False,True,False,,,0.0221300259733,0.022901565986,False,False,False,0.25,synthetic,True
MLCC_C001805,MLCC_B038,MLCC_X7R,leakage_ua,SIM_X7R_100N_50V,healthy_settling,healthy_settling,False,True,False,,,0.0234851789752,0.0223912371963,False,False,False,0.25,synthetic,True
MLCC_C001812,MLCC_B038,MLCC_X7R,leakage_ua,SIM_X7R_100N_50V,healthy_settling,healthy_settling,False,True,False,,,0.0264480054529,0.0263137549109,False,False,False,0.25,synthetic,True
MLCC_C001870,MLCC_B038,MLCC_X7R,leakage_ua,SIM_X7R_100N_50V,healthy_settling,healthy_settling,False,True,False,,,0.0245486711475,0.0240963959646,False,False,False,0.25,synthetic,True
MLCC_C001982,MLCC_B038,MLCC_X7R,leakage_ua,SIM_X7R_100N_50V,accelerating_drift,accelerating_drift,True,False,False,12,,0.0531961995808,0.0561889329736,False,False,False,0.25,synthetic,True
MLCC_C001984,MLCC_B038,MLCC_X7R,leakage_ua,SIM_X7R_100N_50V,healthy_settling,healthy_settling,False,True,False,,,0.018312547151,0.0189958376818,False,False,False,0.25,synthetic,True
MLCC_C002045,MLCC_B038,MLCC_X7R,leakage_ua,SIM_X7R_100N_50V,ordinary_noise,ordinary_noise,False,True,False,,,0.0284465935645,0.0277771374598,False,False,False,0.25,synthetic,True
MLCC_C002081,MLCC_B038,MLCC_X7R,leakage_ua,SIM_X7R_100N_50V,healthy_settling,healthy_settling,False,True,False,,,0.0274212881326,0.0276904478637,False,False,False,0.25,synthetic,True
MLCC_C002094,MLCC_B038,MLCC_X7R,leakage_ua,SIM_X7R_100N_50V,accelerating_drift,accelerating_drift,True,False,False,24,,0.0859392823757,0.0869238276109,False,False,False,0.25,synthetic,True
MLCC_C002112,MLCC_B038,MLCC_X7R,leakage_ua,SIM_X7R_100N_50V,healthy_settling,healthy_settling,False,True,False,,,0.029508181504,0.029742768081,False,False,False,0.25,synthetic,True
MLCC_C002190,MLCC_B038,MLCC_X7R,leakage_ua,SIM_X7R_100N_50V,healthy_settling,healthy_settling,False,True,False,,,0.0322446155511,0.0336308479184,False,False,False,0.25,synthetic,True
MLCC_C002238,MLCC_B038,MLCC_X7R,leakage_ua,SIM_X7R_100N_50V,accelerating_drift,accelerating_drift,True,False,False,24,,0.173470401724,0.172609550933,False,False,False,0.25,synthetic,True
MLCC_C002267,MLCC_B038,MLCC_X7R,leakage_ua,SIM_X7R_100N_50V,healthy_settling,healthy_settling,False,True,False,,,0.0372933190636,0.0381039640535,False,False,False,0.25,synthetic,True
MLCC_C002283,MLCC_B038,MLCC_X7R,leakage_ua,SIM_X7R_100N_50V,healthy_settling,healthy_settling,False,True,False,,,0.0357198665943,0.0355237970821,False,False,False,0.25,synthetic,True
MLCC_C002384,MLCC_B038,MLCC_X7R,leakage_ua,SIM_X7R_100N_50V,ordinary_noise,ordinary_noise,False,True,False,,,0.0261545301431,0.0282418097758,False,False,False,0.25,synthetic,True
MLCC_C002478,MLCC_B038,MLCC_X7R,leakage_ua,SIM_X7R_100N_50V,healthy_settling,healthy_settling,False,True,False,,,0.0388758750857,0.0392845723596,False,False,False,0.25,synthetic,True
MLCC_C002483,MLCC_B038,MLCC_X7R,leakage_ua,SIM_X7R_100N_50V,accelerating_drift,accelerating_drift,True,False,False,0,,0.226077018209,0.224340098146,False,False,False,0.25,synthetic,True
MLCC_C002534,MLCC_B038,MLCC_X7R,leakage_ua,SIM_X7R_100N_50V,healthy_settling,healthy_settling,False,True,False,,,0.0217509350223,0.0214397078485,False,False,False,0.25,synthetic,True
MLCC_C002648,MLCC_B038,MLCC_X7R,leakage_ua,SIM_X7R_100N_50V,healthy_settling,healthy_settling,False,True,False,,,0.0313666701342,0.0311534767755,False,False,False,0.25,synthetic,True
MLCC_C002681,MLCC_B038,MLCC_X7R,leakage_ua,SIM_X7R_100N_50V,healthy_settling,healthy_settling,False,True,False,,,0.0328380314144,0.0325716391018,False,False,False,0.25,synthetic,True
MLCC_C002696,MLCC_B038,MLCC_X7R,leakage_ua,SIM_X7R_100N_50V,healthy_settling,healthy_settling,False,True,False,,,0.0278725504284,0.0279075616775,False,False,False,0.25,synthetic,True
MLCC_C002699,MLCC_B038,MLCC_X7R,leakage_ua,SIM_X7R_100N_50V,ordinary_noise,ordinary_noise,False,True,False,,,0.0388565489473,0.0369255868744,False,False,False,0.25,synthetic,True
MLCC_C002737,MLCC_B038,MLCC_X7R,leakage_ua,SIM_X7R_100N_50V,healthy_settling,healthy_settling,False,True,False,,,0.0263462310602,0.0252921811509,False,False,False,0.25,synthetic,True
MLCC_C002812,MLCC_B038,MLCC_X7R,leakage_ua,SIM_X7R_100N_50V,healthy_settling,healthy_settling,False,True,False,,,0.0201679743168,0.0199620990607,False,False,False,0.25,synthetic,True
MLCC_C002833,MLCC_B038,MLCC_X7R,leakage_ua,SIM_X7R_100N_50V,healthy_settling,healthy_settling,False,True,False,,,0.0186964398666,0.018474298145,False,False,False,0.25,synthetic,True
MLCC_C002867,MLCC_B038,MLCC_X7R,leakage_ua,SIM_X7R_100N_50V,ordinary_noise,ordinary_noise,False,True,False,,,0.0228181213197,0.0200717468726,False,False,False,0.25,synthetic,True
MLCC_C002943,MLCC_B038,MLCC_X7R,leakage_ua,SIM_X7R_100N_50V,healthy_settling,healthy_settling,False,True,False,,,0.027014710889,0.0261357648501,False,False,False,0.25,synthetic,True
MLCC_C002996,MLCC_B038,MLCC_X7R,leakage_ua,SIM_X7R_100N_50V,healthy_settling,healthy_settling,False,True,False,,,0.0218312042739,0.0215267342568,False,False,False,0.25,synthetic,True
MLCC_C003016,MLCC_B038,MLCC_X7R,leakage_ua,SIM_X7R_100N_50V,accelerating_drift,accelerating_drift,True,False,False,0,,0.285730483136,0.277638356157,True,True,True,0.25,synthetic,True
MLCC_C003093,MLCC_B038,MLCC_X7R,leakage_ua,SIM_X7R_100N_50V,healthy_settling,healthy_settling,False,True,False,,,0.043246321399,0.044017024951,False,False,False,0.25,synthetic,True
MLCC_C003150,MLCC_B038,MLCC_X7R,leakage_ua,SIM_X7R_100N_50V,healthy_settling,healthy_settling,False,True,False,,,0.0302822025803,0.0298708200118,False,False,False,0.25,synthetic,True
MLCC_C003166,MLCC_B038,MLCC_X7R,leakage_ua,SIM_X7R_100N_50V,ordinary_noise,ordinary_noise,False,True,False,,,0.0128151581433,0.0136234796963,False,False,False,0.25,synthetic,True
MLCC_C003174,MLCC_B038,MLCC_X7R,leakage_ua,SIM_X7R_100N_50V,healthy_settling,healthy_settling,False,True,False,,,0.02724379941,0.027187131847,False,False,False,0.25,synthetic,True
MLCC_C003300,MLCC_B038,MLCC_X7R,leakage_ua,SIM_X7R_100N_50V,healthy_settling,healthy_settling,False,True,False,,,0.0622920406559,0.063320280065,False,False,False,0.25,synthetic,True
MLCC_C003311,MLCC_B038,MLCC_X7R,leakage_ua,SIM_X7R_100N_50V,ordinary_noise,ordinary_noise,False,True,False,,,0.0234298745413,0.0201572084434,False,False,False,0.25,synthetic,True
MLCC_C003339,MLCC_B038,MLCC_X7R,leakage_ua,SIM_X7R_100N_50V,ordinary_noise,ordinary_noise,False,True,False,,,0.0216138987041,0.0205926532229,False,False,False,0.25,synthetic,True
MLCC_C003445,MLCC_B038,MLCC_X7R,leakage_ua,SIM_X7R_100N_50V,healthy_settling,healthy_settling,False,True,False,,,0.0136577548941,0.0141530608305,False,False,False,0.25,synthetic,True
MLCC_C003471,MLCC_B038,MLCC_X7R,leakage_ua,SIM_X7R_100N_50V,healthy_settling,healthy_settling,False,True,False,,,0.0234658895005,0.0238771645929,False,False,False,0.25,synthetic,True
MLCC_C003480,MLCC_B038,MLCC_X7R,leakage_ua,SIM_X7R_100N_50V,healthy_settling,healthy_settling,False,True,False,,,0.027212901579,0.0270302194113,False,False,False,0.25,synthetic,True
MLCC_C003482,MLCC_B038,MLCC_X7R,leakage_ua,SIM_X7R_100N_50V,healthy_settling,healthy_settling,False,True,False,,,0.0240672534274,0.0238544196914,False,False,False,0.25,synthetic,True
MLCC_C003521,MLCC_B038,MLCC_X7R,leakage_ua,SIM_X7R_100N_50V,accelerating_drift,accelerating_drift,True,False,False,0,,0.24813554843,0.253571690171,True,False,True,0.25,synthetic,True
MLCC_C003526,MLCC_B038,MLCC_X7R,leakage_ua,SIM_X7R_100N_50V,ordinary_noise,ordinary_noise,False,True,False,,,0.0164056050832,0.0176747703955,False,False,False,0.25,synthetic,True
MLCC_C003538,MLCC_B038,MLCC_X7R,leakage_ua,SIM_X7R_100N_50V,healthy_settling,healthy_settling,False,True,False,,,0.0225015649915,0.0230283098946,False,False,False,0.25,synthetic,True
MLCC_C003539,MLCC_B038,MLCC_X7R,leakage_ua,SIM_X7R_100N_50V,healthy_settling,healthy_settling,False,True,False,,,0.0279000381317,0.0281579876969,False,False,False,0.25,synthetic,True
MLCC_C003629,MLCC_B038,MLCC_X7R,leakage_ua,SIM_X7R_100N_50V,accelerating_drift,accelerating_drift,True,False,False,24,,0.0848504593181,0.0860556078158,False,False,False,0.25,synthetic,True
MLCC_C003733,MLCC_B038,MLCC_X7R,leakage_ua,SIM_X7R_100N_50V,ordinary_noise,ordinary_noise,False,True,False,,,0.0336906398392,0.0358889826431,False,False,False,0.25,synthetic,True
MLCC_C003788,MLCC_B038,MLCC_X7R,leakage_ua,SIM_X7R_100N_50V,healthy_settling,healthy_settling,False,True,False,,,0.0315492015154,0.0313630260563,False,False,False,0.25,synthetic,True
MLCC_C003796,MLCC_B038,MLCC_X7R,leakage_ua,SIM_X7R_100N_50V,gradual_drift,gradual_drift,True,False,False,0,,0.163291494823,0.159562147098,False,False,False,0.25,synthetic,True
MLCC_C003832,MLCC_B038,MLCC_X7R,leakage_ua,SIM_X7R_100N_50V,healthy_settling,healthy_settling,False,True,False,,,0.0291051180373,0.0297659528014,False,False,False,0.25,synthetic,True
MLCC_C004003,MLCC_B038,MLCC_X7R,leakage_ua,SIM_X7R_100N_50V,healthy_settling,healthy_settling,False,True,False,,,0.0500364181269,0.0512730902963,False,False,False,0.25,synthetic,True
MLCC_C004047,MLCC_B038,MLCC_X7R,leakage_ua,SIM_X7R_100N_50V,intermittent_leakage,intermittent_leakage,True,False,False,48,,0.0279408032161,0.0286318474852,False,False,False,0.25,synthetic,True
MLCC_C004082,MLCC_B038,MLCC_X7R,leakage_ua,SIM_X7R_100N_50V,ordinary_noise,ordinary_noise,False,True,False,,,0.0238190851046,0.0206462659319,False,False,False,0.25,synthetic,True
MLCC_C004098,MLCC_B038,MLCC_X7R,leakage_ua,SIM_X7R_100N_50V,healthy_settling,healthy_settling,False,True,False,,,0.0336786195529,0.0346647244215,False,False,False,0.25,synthetic,True
MLCC_C004112,MLCC_B038,MLCC_X7R,leakage_ua,SIM_X7R_100N_50V,moisture_associated_history,moisture_associated_history,True,False,False,48,,0.0857741989609,0.0886155608929,False,False,False,0.25,synthetic,True
MLCC_C004128,MLCC_B038,MLCC_X7R,leakage_ua,SIM_X7R_100N_50V,healthy_settling,healthy_settling,False,True,False,,,0.0364994182448,0.0374122138848,False,False,False,0.25,synthetic,True
MLCC_C004130,MLCC_B038,MLCC_X7R,leakage_ua,SIM_X7R_100N_50V,healthy_settling,healthy_settling,False,True,False,,,0.0331932667977,0.0327739859751,False,False,False,0.25,synthetic,True
MLCC_C004219,MLCC_B038,MLCC_X7R,leakage_ua,SIM_X7R_100N_50V,healthy_settling,healthy_settling,False,True,False,,,0.0247293103965,0.0243006372019,False,False,False,0.25,synthetic,True
MLCC_C004275,MLCC_B038,MLCC_X7R,leakage_ua,SIM_X7R_100N_50V,healthy_settling,healthy_settling,False,True,False,,,0.0253771340024,0.0254789341701,False,False,False,0.25,synthetic,True
MLCC_C004300,MLCC_B038,MLCC_X7R,leakage_ua,SIM_X7R_100N_50V,healthy_settling,healthy_settling,False,True,False,,,0.0284614569573,0.0285973604349,False,False,False,0.25,synthetic,True
MLCC_C004349,MLCC_B038,MLCC_X7R,leakage_ua,SIM_X7R_100N_50V,healthy_settling,healthy_settling,False,True,False,,,0.0162922873358,0.0166703135815,False,False,False,0.25,synthetic,True
MLCC_C004513,MLCC_B038,MLCC_X7R,leakage_ua,SIM_X7R_100N_50V,ordinary_noise,ordinary_noise,False,True,False,,,0.01784722265,0.0196067106684,False,False,False,0.25,synthetic,True
MLCC_C004572,MLCC_B038,MLCC_X7R,leakage_ua,SIM_X7R_100N_50V,ordinary_noise,ordinary_noise,False,True,False,,,0.0207283534163,0.017980133933,False,False,False,0.25,synthetic,True
MLCC_C004614,MLCC_B038,MLCC_X7R,leakage_ua,SIM_X7R_100N_50V,ordinary_noise,ordinary_noise,False,True,False,,,0.0381775639991,0.0341182401559,False,False,False,0.25,synthetic,True
MLCC_C004623,MLCC_B038,MLCC_X7R,leakage_ua,SIM_X7R_100N_50V,ordinary_noise,ordinary_noise,False,True,False,,,0.0223882295417,0.0242795554358,False,False,False,0.25,synthetic,True
MLCC_C004637,MLCC_B038,MLCC_X7R,leakage_ua,SIM_X7R_100N_50V,late_abrupt_onset,late_abrupt_onset,True,False,False,48,,0.318109416737,0.292814016299,True,True,True,0.25,synthetic,True
MLCC_C004689,MLCC_B038,MLCC_X7R,leakage_ua,SIM_X7R_100N_50V,healthy_settling,healthy_settling,False,True,False,,,0.0264830394232,0.0257433874147,False,False,False,0.25,synthetic,True
MLCC_C004757,MLCC_B038,MLCC_X7R,leakage_ua,SIM_X7R_100N_50V,healthy_settling,healthy_settling,False,True,False,,,0.0230725449239,0.0239792004106,False,False,False,0.25,synthetic,True
MLCC_C004775,MLCC_B038,MLCC_X7R,leakage_ua,SIM_X7R_100N_50V,healthy_settling,healthy_settling,False,True,False,,,0.0136387196129,0.0139179024532,False,False,False,0.25,synthetic,True
MLCC_C004781,MLCC_B038,MLCC_X7R,leakage_ua,SIM_X7R_100N_50V,healthy_settling,healthy_settling,False,True,False,,,0.0209050673308,0.0212122963534,False,False,False,0.25,synthetic,True
MLCC_C004783,MLCC_B038,MLCC_X7R,leakage_ua,SIM_X7R_100N_50V,healthy_settling,healthy_settling,False,True,False,,,0.0328327030756,0.034601980177,False,False,False,0.25,synthetic,True
MLCC_C004834,MLCC_B038,MLCC_X7R,leakage_ua,SIM_X7R_100N_50V,healthy_settling,healthy_settling,False,True,False,,,0.0263837217816,0.0264032747564,False,False,False,0.25,synthetic,True
MLCC_C005080,MLCC_B038,MLCC_X7R,leakage_ua,SIM_X7R_100N_50V,healthy_settling,healthy_settling,False,True,False,,,0.0231786515581,0.0225929490299,False,False,False,0.25,synthetic,True
MLCC_C005085,MLCC_B038,MLCC_X7R,leakage_ua,SIM_X7R_100N_50V,healthy_settling,healthy_settling,False,True,False,,,0.0175822741649,0.0171428929506,False,False,False,0.25,synthetic,True
MLCC_C005156,MLCC_B038,MLCC_X7R,leakage_ua,SIM_X7R_100N_50V,healthy_settling,healthy_settling,False,True,False,,,0.0257583407036,0.0253622687171,False,False,False,0.25,synthetic,True
MLCC_C005161,MLCC_B038,MLCC_X7R,leakage_ua,SIM_X7R_100N_50V,late_abrupt_onset,late_abrupt_onset,True,False,False,96,,0.124077463152,0.124271679918,False,False,False,0.25,synthetic,True
MLCC_C005213,MLCC_B038,MLCC_X7R,leakage_ua,SIM_X7R_100N_50V,healthy_settling,healthy_settling,False,True,False,,,0.0274316663663,0.0260197027812,False,False,False,0.25,synthetic,True
MLCC_C005280,MLCC_B038,MLCC_X7R,leakage_ua,SIM_X7R_100N_50V,healthy_settling,healthy_settling,False,True,False,,,0.0381410287481,0.0387068520338,False,False,False,0.25,synthetic,True
MLCC_C005301,MLCC_B038,MLCC_X7R,leakage_ua,SIM_X7R_100N_50V,healthy_settling,healthy_settling,False,True,False,,,0.0199590642443,0.0196944382827,False,False,False,0.25,synthetic,True
MLCC_C005315,MLCC_B038,MLCC_X7R,leakage_ua,SIM_X7R_100N_50V,healthy_settling,healthy_settling,False,True,False,,,0.0332611653046,0.0330376579268,False,False,False,0.25,synthetic,True
MLCC_C005362,MLCC_B038,MLCC_X7R,leakage_ua,SIM_X7R_100N_50V,gradual_drift,gradual_drift,True,False,False,0,,0.085965336156,0.0863723107623,False,False,False,0.25,synthetic,True
MLCC_C005502,MLCC_B038,MLCC_X7R,leakage_ua,SIM_X7R_100N_50V,healthy_settling,healthy_settling,False,True,False,,,0.0284796706227,0.0291460597682,False,False,False,0.25,synthetic,True
MLCC_C005514,MLCC_B038,MLCC_X7R,leakage_ua,SIM_X7R_100N_50V,healthy_settling,healthy_settling,False,True,False,,,0.0293044975994,0.0277834527958,False,False,False,0.25,synthetic,True
MLCC_C005615,MLCC_B038,MLCC_X7R,leakage_ua,SIM_X7R_100N_50V,healthy_settling,healthy_settling,False,True,False,,,0.0341277282302,0.0344680504196,False,False,False,0.25,synthetic,True
MLCC_C005665,MLCC_B038,MLCC_X7R,leakage_ua,SIM_X7R_100N_50V,healthy_settling,healthy_settling,False,True,False,,,0.0102534295916,0.0103360563089,False,False,False,0.25,synthetic,True
MLCC_C005680,MLCC_B038,MLCC_X7R,leakage_ua,SIM_X7R_100N_50V,healthy_settling,healthy_settling,False,True,False,,,0.0198991970561,0.0202024475135,False,False,False,0.25,synthetic,True
MLCC_C005684,MLCC_B038,MLCC_X7R,leakage_ua,SIM_X7R_100N_50V,ordinary_noise,ordinary_noise,False,True,False,,,0.0231223047581,0.0283338037794,False,False,False,0.25,synthetic,True
MLCC_C005686,MLCC_B038,MLCC_X7R,leakage_ua,SIM_X7R_100N_50V,healthy_settling,healthy_settling,False,True,False,,,0.0358431924709,0.0373558592743,False,False,False,0.25,synthetic,True
MLCC_C005739,MLCC_B038,MLCC_X7R,leakage_ua,SIM_X7R_100N_50V,gradual_drift,gradual_drift,True,False,False,0,,0.160983830628,0.162579368121,False,False,False,0.25,synthetic,True
MLCC_C005757,MLCC_B038,MLCC_X7R,leakage_ua,SIM_X7R_100N_50V,ordinary_noise,ordinary_noise,False,True,False,,,0.036406071197,0.0310311176167,False,False,False,0.25,synthetic,True
MLCC_C006023,MLCC_B038,MLCC_X7R,leakage_ua,SIM_X7R_100N_50V,healthy_settling,healthy_settling,False,True,False,,,0.0170312420957,0.0177268720107,False,False,False,0.25,synthetic,True
MLCC_C006062,MLCC_B038,MLCC_X7R,leakage_ua,SIM_X7R_100N_50V,moisture_associated_history,moisture_associated_history,True,False,False,0,,0.0981990891717,0.0959630187264,False,False,False,0.25,synthetic,True
MLCC_C006115,MLCC_B038,MLCC_X7R,leakage_ua,SIM_X7R_100N_50V,gradual_drift,gradual_drift,True,False,False,12,,0.0749439108239,0.0753813172158,False,False,False,0.25,synthetic,True
MLCC_C006192,MLCC_B038,MLCC_X7R,leakage_ua,SIM_X7R_100N_50V,healthy_settling,healthy_settling,False,True,False,,,0.0369873837565,0.036115872656,False,False,False,0.25,synthetic,True
MLCC_C006274,MLCC_B038,MLCC_X7R,leakage_ua,SIM_X7R_100N_50V,healthy_settling,healthy_settling,False,True,False,,,0.0186974030575,0.0186117761325,False,False,False,0.25,synthetic,True
MLCC_C006285,MLCC_B038,MLCC_X7R,leakage_ua,SIM_X7R_100N_50V,ordinary_noise,ordinary_noise,False,True,False,,,0.0197323082271,0.0187522258545,False,False,False,0.25,synthetic,True
MLCC_C006332,MLCC_B038,MLCC_X7R,leakage_ua,SIM_X7R_100N_50V,healthy_settling,healthy_settling,False,True,False,,,0.0270651092013,0.0285956925111,False,False,False,0.25,synthetic,True
MLCC_C006444,MLCC_B038,MLCC_X7R,leakage_ua,SIM_X7R_100N_50V,moisture_associated_history,moisture_associated_history,True,False,False,12,,0.328117616361,0.320832122657,True,True,True,0.25,synthetic,True
MLCC_C006593,MLCC_B038,MLCC_X7R,leakage_ua,SIM_X7R_100N_50V,accelerating_drift,accelerating_drift,True,False,False,24,,0.263469378898,0.262925745576,True,True,True,0.25,synthetic,True
MLCC_C006675,MLCC_B038,MLCC_X7R,leakage_ua,SIM_X7R_100N_50V,healthy_settling,healthy_settling,False,True,False,,,0.024176632967,0.0241055897072,False,False,False,0.25,synthetic,True
MLCC_C006695,MLCC_B038,MLCC_X7R,leakage_ua,SIM_X7R_100N_50V,healthy_settling,healthy_settling,False,True,False,,,0.025623873746,0.0251043552093,False,False,False,0.25,synthetic,True
MLCC_C006793,MLCC_B038,MLCC_X7R,leakage_ua,SIM_X7R_100N_50V,healthy_settling,healthy_settling,False,True,False,,,0.0354655839356,0.0356751667562,False,False,False,0.25,synthetic,True
MLCC_C006809,MLCC_B038,MLCC_X7R,leakage_ua,SIM_X7R_100N_50V,gradual_drift,gradual_drift,True,False,False,6,,0.208584146647,0.214899165086,False,False,False,0.25,synthetic,True
MLCC_C006852,MLCC_B038,MLCC_X7R,leakage_ua,SIM_X7R_100N_50V,healthy_settling,healthy_settling,False,True,False,,,0.0436776365402,0.0447367283296,False,False,False,0.25,synthetic,True
MLCC_C006899,MLCC_B038,MLCC_X7R,leakage_ua,SIM_X7R_100N_50V,healthy_settling,healthy_settling,False,True,False,,,0.0295049481306,0.0303511085731,False,False,False,0.25,synthetic,True
MLCC_C007013,MLCC_B038,MLCC_X7R,leakage_ua,SIM_X7R_100N_50V,ordinary_noise,ordinary_noise,False,True,False,,,0.021992134248,0.0236899377545,False,False,False,0.25,synthetic,True
MLCC_C007276,MLCC_B038,MLCC_X7R,leakage_ua,SIM_X7R_100N_50V,healthy_settling,healthy_settling,False,True,False,,,0.0342658051887,0.0340740521718,False,False,False,0.25,synthetic,True
MLCC_C007532,MLCC_B038,MLCC_X7R,leakage_ua,SIM_X7R_100N_50V,moisture_associated_history,moisture_associated_history,True,False,False,6,,0.26638540173,0.265443601745,True,True,True,0.25,synthetic,True
MLCC_C007539,MLCC_B038,MLCC_X7R,leakage_ua,SIM_X7R_100N_50V,ordinary_noise,ordinary_noise,False,True,False,,,0.0135754334646,0.0185162087452,False,False,False,0.25,synthetic,True
MLCC_C007649,MLCC_B038,MLCC_X7R,leakage_ua,SIM_X7R_100N_50V,healthy_settling,healthy_settling,False,True,False,,,0.0145913120866,0.0142059561705,False,False,False,0.25,synthetic,True
MLCC_C007718,MLCC_B038,MLCC_X7R,leakage_ua,SIM_X7R_100N_50V,healthy_settling,healthy_settling,False,True,False,,,0.0275961787726,0.0274361245829,False,False,False,0.25,synthetic,True
MLCC_C007724,MLCC_B038,MLCC_X7R,leakage_ua,SIM_X7R_100N_50V,healthy_settling,healthy_settling,False,True,False,,,0.0295653794645,0.0309171828309,False,False,False,0.25,synthetic,True
MLCC_C007789,MLCC_B038,MLCC_X7R,leakage_ua,SIM_X7R_100N_50V,healthy_settling,healthy_settling,False,True,False,,,0.0459854998794,0.0441143174623,False,False,False,0.25,synthetic,True
MLCC_C008109,MLCC_B038,MLCC_X7R,leakage_ua,SIM_X7R_100N_50V,healthy_settling,healthy_settling,False,True,False,,,0.0263168045304,0.0251211304439,False,False,False,0.25,synthetic,True
MLCC_C008207,MLCC_B038,MLCC_X7R,leakage_ua,SIM_X7R_100N_50V,ordinary_noise,ordinary_noise,False,True,False,,,0.037904849597,0.0340777589409,False,False,False,0.25,synthetic,True
MLCC_C008215,MLCC_B038,MLCC_X7R,leakage_ua,SIM_X7R_100N_50V,healthy_settling,healthy_settling,False,True,False,,,0.0350454174043,0.0367026150243,False,False,False,0.25,synthetic,True
MLCC_C008503,MLCC_B038,MLCC_X7R,leakage_ua,SIM_X7R_100N_50V,healthy_settling,healthy_settling,False,True,False,,,0.0178795707081,0.0178512620573,False,False,False,0.25,synthetic,True
MLCC_C008586,MLCC_B038,MLCC_X7R,leakage_ua,SIM_X7R_100N_50V,healthy_settling,healthy_settling,False,True,False,,,0.019636434813,0.0194596936907,False,False,False,0.25,synthetic,True
MLCC_C008589,MLCC_B038,MLCC_X7R,leakage_ua,SIM_X7R_100N_50V,healthy_settling,healthy_settling,False,True,False,,,0.0319630157285,0.0318848532528,False,False,False,0.25,synthetic,True
MLCC_C008769,MLCC_B038,MLCC_X7R,leakage_ua,SIM_X7R_100N_50V,healthy_settling,healthy_settling,False,True,False,,,0.0196965487103,0.0202239932647,False,False,False,0.25,synthetic,True
MLCC_C008922,MLCC_B038,MLCC_X7R,leakage_ua,SIM_X7R_100N_50V,late_abrupt_onset,late_abrupt_onset,True,False,False,72,,0.29134343172,0.301326947392,True,True,True,0.25,synthetic,True
MLCC_C009064,MLCC_B038,MLCC_X7R,leakage_ua,SIM_X7R_100N_50V,ordinary_noise,ordinary_noise,False,True,False,,,0.027134002857,0.0247365793979,False,False,False,0.25,synthetic,True
MLCC_C009076,MLCC_B038,MLCC_X7R,leakage_ua,SIM_X7R_100N_50V,healthy_settling,healthy_settling,False,True,False,,,0.0262830785923,0.0264919445177,False,False,False,0.25,synthetic,True
MLCC_C009211,MLCC_B038,MLCC_X7R,leakage_ua,SIM_X7R_100N_50V,moisture_associated_history,moisture_associated_history,True,False,False,24,,0.408816231478,0.394145809616,True,True,True,0.25,synthetic,True
MLCC_C009230,MLCC_B038,MLCC_X7R,leakage_ua,SIM_X7R_100N_50V,ordinary_noise,ordinary_noise,False,True,False,,,0.0270307645958,0.0264013756037,False,False,False,0.25,synthetic,True
MLCC_C009285,MLCC_B038,MLCC_X7R,leakage_ua,SIM_X7R_100N_50V,healthy_settling,healthy_settling,False,True,False,,,0.0210680139439,0.0214702604842,False,False,False,0.25,synthetic,True
MLCC_C009319,MLCC_B038,MLCC_X7R,leakage_ua,SIM_X7R_100N_50V,healthy_settling,healthy_settling,False,True,False,,,0.0215064469407,0.0218820527933,False,False,False,0.25,synthetic,True
MLCC_C009360,MLCC_B038,MLCC_X7R,leakage_ua,SIM_X7R_100N_50V,healthy_settling,healthy_settling,False,True,False,,,0.0223822314138,0.0224863773853,False,False,False,0.25,synthetic,True
MLCC_C009395,MLCC_B038,MLCC_X7R,leakage_ua,SIM_X7R_100N_50V,healthy_settling,healthy_settling,False,True,False,,,0.0214649611293,0.0230833186014,False,False,False,0.25,synthetic,True
MLCC_C009463,MLCC_B038,MLCC_X7R,leakage_ua,SIM_X7R_100N_50V,healthy_settling,healthy_settling,False,True,False,,,0.0335800509326,0.0333758548247,False,False,False,0.25,synthetic,True
MLCC_C009623,MLCC_B038,MLCC_X7R,leakage_ua,SIM_X7R_100N_50V,accelerating_drift,accelerating_drift,True,False,False,12,,0.195415277154,0.181277356419,False,False,False,0.25,synthetic,True
MLCC_C009769,MLCC_B038,MLCC_X7R,leakage_ua,SIM_X7R_100N_50V,late_abrupt_onset,late_abrupt_onset,True,False,False,96,,0.185992898092,0.182455594777,False,False,False,0.25,synthetic,True
MLCC_C009812,MLCC_B038,MLCC_X7R,leakage_ua,SIM_X7R_100N_50V,healthy_settling,healthy_settling,False,True,False,,,0.0287565209992,0.0284093090879,False,False,False,0.25,synthetic,True
MLCC_C009824,MLCC_B038,MLCC_X7R,leakage_ua,SIM_X7R_100N_50V,ordinary_noise,ordinary_noise,False,True,False,,,0.0394534340918,0.0423774597959,False,False,False,0.25,synthetic,True
MLCC_C009939,MLCC_B038,MLCC_X7R,leakage_ua,SIM_X7R_100N_50V,healthy_settling,healthy_settling,False,True,False,,,0.0436512540738,0.0438192293816,False,False,False,0.25,synthetic,True
MLCC_C009972,MLCC_B038,MLCC_X7R,leakage_ua,SIM_X7R_100N_50V,healthy_settling,healthy_settling,False,True,False,,,0.0154053689212,0.0155166528789,False,False,False,0.25,synthetic,True
MLCC_C010198,MLCC_B038,MLCC_X7R,leakage_ua,SIM_X7R_100N_50V,healthy_settling,healthy_settling,False,True,False,,,0.0199205201891,0.0216047748135,False,False,False,0.25,synthetic,True
MLCC_C010388,MLCC_B038,MLCC_X7R,leakage_ua,SIM_X7R_100N_50V,moisture_associated_history,moisture_associated_history,True,False,False,0,,0.0609069608499,0.0617325247598,False,False,False,0.25,synthetic,True
MLCC_C010428,MLCC_B038,MLCC_X7R,leakage_ua,SIM_X7R_100N_50V,healthy_settling,healthy_settling,False,True,False,,,0.0378007843513,0.0389231404669,False,False,False,0.25,synthetic,True
MLCC_C010459,MLCC_B038,MLCC_X7R,leakage_ua,SIM_X7R_100N_50V,healthy_settling,healthy_settling,False,True,False,,,0.0186678000933,0.01918864421,False,False,False,0.25,synthetic,True
MLCC_C010535,MLCC_B038,MLCC_X7R,leakage_ua,SIM_X7R_100N_50V,healthy_settling,healthy_settling,False,True,False,,,0.0366616383422,0.0347184870301,False,False,False,0.25,synthetic,True
MLCC_C010572,MLCC_B038,MLCC_X7R,leakage_ua,SIM_X7R_100N_50V,healthy_settling,healthy_settling,False,True,False,,,0.0276417157503,0.0275629401,False,False,False,0.25,synthetic,True
MLCC_C010646,MLCC_B038,MLCC_X7R,leakage_ua,SIM_X7R_100N_50V,healthy_settling,healthy_settling,False,True,False,,,0.0159994208736,0.0164570603151,False,False,False,0.25,synthetic,True
MLCC_C010691,MLCC_B038,MLCC_X7R,leakage_ua,SIM_X7R_100N_50V,healthy_settling,healthy_settling,False,True,False,,,0.0208633536594,0.0206256187733,False,False,False,0.25,synthetic,True
MLCC_C010814,MLCC_B038,MLCC_X7R,leakage_ua,SIM_X7R_100N_50V,healthy_settling,healthy_settling,False,True,False,,,0.0165849200864,0.0164938213255,False,False,False,0.25,synthetic,True
MLCC_C010874,MLCC_B038,MLCC_X7R,leakage_ua,SIM_X7R_100N_50V,ordinary_noise,ordinary_noise,False,True,False,,,0.0359368882018,0.0335497331634,False,False,False,0.25,synthetic,True
MLCC_C010894,MLCC_B038,MLCC_X7R,leakage_ua,SIM_X7R_100N_50V,healthy_settling,healthy_settling,False,True,False,,,0.0226055257686,0.0232093586836,False,False,False,0.25,synthetic,True
MLCC_C010915,MLCC_B038,MLCC_X7R,leakage_ua,SIM_X7R_100N_50V,ordinary_noise,ordinary_noise,False,True,False,,,0.0204044497487,0.0186760537555,False,False,False,0.25,synthetic,True
MLCC_C010929,MLCC_B038,MLCC_X7R,leakage_ua,SIM_X7R_100N_50V,healthy_settling,healthy_settling,False,True,False,,,0.0176317351111,0.0173166855308,False,False,False,0.25,synthetic,True
MLCC_C011062,MLCC_B038,MLCC_X7R,leakage_ua,SIM_X7R_100N_50V,healthy_settling,healthy_settling,False,True,False,,,0.0344927213201,0.0350821540995,False,False,False,0.25,synthetic,True
MLCC_C011080,MLCC_B038,MLCC_X7R,leakage_ua,SIM_X7R_100N_50V,ordinary_noise,ordinary_noise,False,True,False,,,0.0232179268663,0.0215757743626,False,False,False,0.25,synthetic,True
MLCC_C011164,MLCC_B038,MLCC_X7R,leakage_ua,SIM_X7R_100N_50V,healthy_settling,healthy_settling,False,True,False,,,0.0313142001926,0.0306553944168,False,False,False,0.25,synthetic,True
MLCC_C011215,MLCC_B038,MLCC_X7R,leakage_ua,SIM_X7R_100N_50V,healthy_settling,healthy_settling,False,True,False,,,0.0175874598187,0.0170285049338,False,False,False,0.25,synthetic,True
MLCC_C011263,MLCC_B038,MLCC_X7R,leakage_ua,SIM_X7R_100N_50V,ordinary_noise,ordinary_noise,False,True,False,,,0.0325483464438,0.0298018031833,False,False,False,0.25,synthetic,True
MLCC_C011282,MLCC_B038,MLCC_X7R,leakage_ua,SIM_X7R_100N_50V,healthy_settling,healthy_settling,False,True,False,,,0.0271969270948,0.0262034379562,False,False,False,0.25,synthetic,True
MLCC_C011452,MLCC_B038,MLCC_X7R,leakage_ua,SIM_X7R_100N_50V,healthy_settling,healthy_settling,False,True,False,,,0.0245994977674,0.0240308376923,False,False,False,0.25,synthetic,True
MLCC_C011492,MLCC_B038,MLCC_X7R,leakage_ua,SIM_X7R_100N_50V,healthy_settling,healthy_settling,False,True,False,,,0.0385432340952,0.0408396481638,False,False,False,0.25,synthetic,True
MLCC_C011579,MLCC_B038,MLCC_X7R,leakage_ua,SIM_X7R_100N_50V,healthy_settling,healthy_settling,False,True,False,,,0.0209863558411,0.0209375889759,False,False,False,0.25,synthetic,True
MLCC_C011662,MLCC_B038,MLCC_X7R,leakage_ua,SIM_X7R_100N_50V,ordinary_noise,ordinary_noise,False,True,False,,,0.025532878989,0.0280933634795,False,False,False,0.25,synthetic,True
MLCC_C011672,MLCC_B038,MLCC_X7R,leakage_ua,SIM_X7R_100N_50V,healthy_settling,healthy_settling,False,True,False,,,0.0280364896842,0.0278704588995,False,False,False,0.25,synthetic,True
MLCC_C011690,MLCC_B038,MLCC_X7R,leakage_ua,SIM_X7R_100N_50V,healthy_settling,healthy_settling,False,True,False,,,0.037025888969,0.0373615432113,False,False,False,0.25,synthetic,True
MLCC_C011703,MLCC_B038,MLCC_X7R,leakage_ua,SIM_X7R_100N_50V,ordinary_noise,ordinary_noise,False,True,False,,,0.0329974805938,0.0292113857357,False,False,False,0.25,synthetic,True
MLCC_C011826,MLCC_B038,MLCC_X7R,leakage_ua,SIM_X7R_100N_50V,healthy_settling,healthy_settling,False,True,False,,,0.028356902025,0.0281949083361,False,False,False,0.25,synthetic,True
MLCC_C011829,MLCC_B038,MLCC_X7R,leakage_ua,SIM_X7R_100N_50V,healthy_settling,healthy_settling,False,True,False,,,0.0323269782414,0.0318702073211,False,False,False,0.25,synthetic,True
MLCC_C011838,MLCC_B038,MLCC_X7R,leakage_ua,SIM_X7R_100N_50V,healthy_settling,healthy_settling,False,True,False,,,0.0275688449513,0.0269931476347,False,False,False,0.25,synthetic,True
MLCC_C011865,MLCC_B038,MLCC_X7R,leakage_ua,SIM_X7R_100N_50V,intermittent_leakage,intermittent_leakage,True,False,False,48,,0.0350212484849,0.0352003969998,False,False,False,0.25,synthetic,True
MLCC_C011936,MLCC_B038,MLCC_X7R,leakage_ua,SIM_X7R_100N_50V,healthy_settling,healthy_settling,False,True,False,,,0.0363240327632,0.0364782159377,False,False,False,0.25,synthetic,True
MLCC_C000059,MLCC_B040,MLCC_X7R,leakage_ua,SIM_X7R_4U7_16V,healthy_settling,healthy_settling,False,True,False,,,0.132726362902,0.131608117873,False,False,False,1.3,synthetic,True
MLCC_C000113,MLCC_B040,MLCC_X7R,leakage_ua,SIM_X7R_4U7_16V,healthy_settling,healthy_settling,False,True,False,,,0.149836440043,0.148590032453,False,False,False,1.3,synthetic,True
MLCC_C000161,MLCC_B040,MLCC_X7R,leakage_ua,SIM_X7R_4U7_16V,healthy_settling,healthy_settling,False,True,False,,,0.110470547437,0.108545206744,False,False,False,1.3,synthetic,True
MLCC_C000165,MLCC_B040,MLCC_X7R,leakage_ua,SIM_X7R_4U7_16V,healthy_settling,healthy_settling,False,True,False,,,0.178944701316,0.181004318706,False,False,False,1.3,synthetic,True
MLCC_C000368,MLCC_B040,MLCC_X7R,leakage_ua,SIM_X7R_4U7_16V,healthy_settling,healthy_settling,False,True,False,,,0.0723473577339,0.0714168181177,False,False,False,1.3,synthetic,True
MLCC_C000436,MLCC_B040,MLCC_X7R,leakage_ua,SIM_X7R_4U7_16V,ordinary_noise,ordinary_noise,False,True,False,,,0.236243374645,0.192400221574,False,False,False,1.3,synthetic,True
MLCC_C000467,MLCC_B040,MLCC_X7R,leakage_ua,SIM_X7R_4U7_16V,healthy_settling,healthy_settling,False,True,False,,,0.112350565317,0.115482961561,False,False,False,1.3,synthetic,True
MLCC_C000469,MLCC_B040,MLCC_X7R,leakage_ua,SIM_X7R_4U7_16V,healthy_settling,healthy_settling,False,True,False,,,0.137142202943,0.140661892114,False,False,False,1.3,synthetic,True
MLCC_C000491,MLCC_B040,MLCC_X7R,leakage_ua,SIM_X7R_4U7_16V,healthy_settling,healthy_settling,False,True,False,,,0.134755188888,0.135072575536,False,False,False,1.3,synthetic,True
MLCC_C000671,MLCC_B040,MLCC_X7R,leakage_ua,SIM_X7R_4U7_16V,moisture_associated_history,moisture_associated_history,True,False,False,12,,0.821016633812,0.836710847479,False,False,False,1.3,synthetic,True
MLCC_C000677,MLCC_B040,MLCC_X7R,leakage_ua,SIM_X7R_4U7_16V,ordinary_noise,ordinary_noise,False,True,False,,,0.163750178767,0.169998302889,False,False,False,1.3,synthetic,True
MLCC_C000691,MLCC_B040,MLCC_X7R,leakage_ua,SIM_X7R_4U7_16V,healthy_settling,healthy_settling,False,True,False,,,0.169519091506,0.168125152285,False,False,False,1.3,synthetic,True
MLCC_C000698,MLCC_B040,MLCC_X7R,leakage_ua,SIM_X7R_4U7_16V,healthy_settling,healthy_settling,False,True,False,,,0.13277248586,0.130364427805,False,False,False,1.3,synthetic,True
MLCC_C000710,MLCC_B040,MLCC_X7R,leakage_ua,SIM_X7R_4U7_16V,healthy_settling,healthy_settling,False,True,False,,,0.165621831537,0.161306588797,False,False,False,1.3,synthetic,True
MLCC_C000725,MLCC_B040,MLCC_X7R,leakage_ua,SIM_X7R_4U7_16V,intermittent_leakage,intermittent_leakage,True,False,False,24,,0.69689756447,0.684130523172,False,False,False,1.3,synthetic,True
MLCC_C000726,MLCC_B040,MLCC_X7R,leakage_ua,SIM_X7R_4U7_16V,intermittent_leakage,intermittent_leakage,True,False,False,24,,0.212770570883,0.227746292138,False,False,True,1.3,synthetic,True
MLCC_C000753,MLCC_B040,MLCC_X7R,leakage_ua,SIM_X7R_4U7_16V,accelerating_drift,accelerating_drift,True,False,False,0,,0.591090636382,0.592375950759,False,False,False,1.3,synthetic,True
MLCC_C000857,MLCC_B040,MLCC_X7R,leakage_ua,SIM_X7R_4U7_16V,healthy_settling,healthy_settling,False,True,False,,,0.152405560006,0.155305556328,False,False,False,1.3,synthetic,True
MLCC_C000866,MLCC_B040,MLCC_X7R,leakage_ua,SIM_X7R_4U7_16V,healthy_settling,healthy_settling,False,True,False,,,0.14106649809,0.140224416193,False,False,False,1.3,synthetic,True
MLCC_C000884,MLCC_B040,MLCC_X7R,leakage_ua,SIM_X7R_4U7_16V,ordinary_noise,ordinary_noise,False,True,False,,,0.163929490697,0.198006274119,False,False,False,1.3,synthetic,True
MLCC_C001032,MLCC_B040,MLCC_X7R,leakage_ua,SIM_X7R_4U7_16V,healthy_settling,healthy_settling,False,True,False,,,0.127219690557,0.126256646643,False,False,False,1.3,synthetic,True
MLCC_C001085,MLCC_B040,MLCC_X7R,leakage_ua,SIM_X7R_4U7_16V,healthy_settling,healthy_settling,False,True,False,,,0.164579909979,0.160031801034,False,False,False,1.3,synthetic,True
MLCC_C001103,MLCC_B040,MLCC_X7R,leakage_ua,SIM_X7R_4U7_16V,healthy_settling,healthy_settling,False,True,False,,,0.221771807471,0.224023928395,False,False,False,1.3,synthetic,True
MLCC_C001170,MLCC_B040,MLCC_X7R,leakage_ua,SIM_X7R_4U7_16V,ordinary_noise,ordinary_noise,False,True,False,,,0.0982845915695,0.108032826137,False,False,False,1.3,synthetic,True
MLCC_C001207,MLCC_B040,MLCC_X7R,leakage_ua,SIM_X7R_4U7_16V,late_abrupt_onset,late_abrupt_onset,True,False,False,72,,2.94313604246,2.9605873514,True,True,True,1.3,synthetic,True
MLCC_C001239,MLCC_B040,MLCC_X7R,leakage_ua,SIM_X7R_4U7_16V,healthy_settling,healthy_settling,False,True,False,,,0.117814145334,0.121352998104,False,False,False,1.3,synthetic,True
MLCC_C001303,MLCC_B040,MLCC_X7R,leakage_ua,SIM_X7R_4U7_16V,accelerating_drift,accelerating_drift,True,False,False,12,,0.960797601215,0.907085911947,False,False,False,1.3,synthetic,True
MLCC_C001333,MLCC_B040,MLCC_X7R,leakage_ua,SIM_X7R_4U7_16V,healthy_settling,healthy_settling,False,True,False,,,0.157313535483,0.158841372756,False,False,False,1.3,synthetic,True
MLCC_C001426,MLCC_B040,MLCC_X7R,leakage_ua,SIM_X7R_4U7_16V,healthy_settling,healthy_settling,False,True,False,,,0.114164915101,0.118740984601,False,False,False,1.3,synthetic,True
MLCC_C001510,MLCC_B040,MLCC_X7R,leakage_ua,SIM_X7R_4U7_16V,ordinary_noise,ordinary_noise,False,True,False,,,0.163069317908,0.164518116587,False,False,False,1.3,synthetic,True
MLCC_C001606,MLCC_B040,MLCC_X7R,leakage_ua,SIM_X7R_4U7_16V,ordinary_noise,ordinary_noise,False,True,False,,,0.111861972891,0.124326550549,False,False,False,1.3,synthetic,True
MLCC_C001696,MLCC_B040,MLCC_X7R,leakage_ua,SIM_X7R_4U7_16V,moisture_associated_history,moisture_associated_history,True,False,False,0,,1.24954368569,1.22473595759,False,False,False,1.3,synthetic,True
MLCC_C001782,MLCC_B040,MLCC_X7R,leakage_ua,SIM_X7R_4U7_16V,healthy_settling,healthy_settling,False,True,False,,,0.244028004012,0.235325652034,False,False,False,1.3,synthetic,True
MLCC_C001875,MLCC_B040,MLCC_X7R,leakage_ua,SIM_X7R_4U7_16V,healthy_settling,healthy_settling,False,True,False,,,0.104757948912,0.102667643356,False,False,False,1.3,synthetic,True
MLCC_C002006,MLCC_B040,MLCC_X7R,leakage_ua,SIM_X7R_4U7_16V,healthy_settling,healthy_settling,False,True,False,,,0.19886882737,0.188913646385,False,False,False,1.3,synthetic,True
MLCC_C002050,MLCC_B040,MLCC_X7R,leakage_ua,SIM_X7R_4U7_16V,healthy_settling,healthy_settling,False,True,False,,,0.185739174626,0.186465868756,False,False,False,1.3,synthetic,True
MLCC_C002069,MLCC_B040,MLCC_X7R,leakage_ua,SIM_X7R_4U7_16V,healthy_settling,healthy_settling,False,True,False,,,0.150675825318,0.147258643697,False,False,False,1.3,synthetic,True
MLCC_C002079,MLCC_B040,MLCC_X7R,leakage_ua,SIM_X7R_4U7_16V,healthy_settling,healthy_settling,False,True,False,,,0.169621152453,0.170980234828,False,False,False,1.3,synthetic,True
MLCC_C002113,MLCC_B040,MLCC_X7R,leakage_ua,SIM_X7R_4U7_16V,healthy_settling,healthy_settling,False,True,False,,,0.206015649187,0.204178973756,False,False,False,1.3,synthetic,True
MLCC_C002207,MLCC_B040,MLCC_X7R,leakage_ua,SIM_X7R_4U7_16V,ordinary_noise,ordinary_noise,False,True,False,,,0.0932266837039,0.101032369192,False,False,False,1.3,synthetic,True
MLCC_C002224,MLCC_B040,MLCC_X7R,leakage_ua,SIM_X7R_4U7_16V,healthy_settling,healthy_settling,False,True,False,,,0.177238136263,0.183690527524,False,False,False,1.3,synthetic,True
MLCC_C002263,MLCC_B040,MLCC_X7R,leakage_ua,SIM_X7R_4U7_16V,accelerating_drift,accelerating_drift,True,False,False,6,,0.54147323405,0.541169667989,False,False,False,1.3,synthetic,True
MLCC_C002335,MLCC_B040,MLCC_X7R,leakage_ua,SIM_X7R_4U7_16V,ordinary_noise,ordinary_noise,False,True,False,,,0.377283283215,0.278737124234,False,False,False,1.3,synthetic,True
MLCC_C002439,MLCC_B040,MLCC_X7R,leakage_ua,SIM_X7R_4U7_16V,healthy_settling,healthy_settling,False,True,False,,,0.16196370021,0.15819634736,False,False,False,1.3,synthetic,True
MLCC_C002454,MLCC_B040,MLCC_X7R,leakage_ua,SIM_X7R_4U7_16V,ordinary_noise,ordinary_noise,False,True,False,,,0.0811982839018,0.115087690121,False,False,False,1.3,synthetic,True
MLCC_C002481,MLCC_B040,MLCC_X7R,leakage_ua,SIM_X7R_4U7_16V,healthy_settling,healthy_settling,False,True,False,,,0.118275296769,0.118993886519,False,False,False,1.3,synthetic,True
MLCC_C002584,MLCC_B040,MLCC_X7R,leakage_ua,SIM_X7R_4U7_16V,ordinary_noise,ordinary_noise,False,True,False,,,0.15291765834,0.143333472947,False,False,False,1.3,synthetic,True
MLCC_C002736,MLCC_B040,MLCC_X7R,leakage_ua,SIM_X7R_4U7_16V,healthy_settling,healthy_settling,False,True,False,,,0.120197265641,0.113486437516,False,False,False,1.3,synthetic,True
MLCC_C002811,MLCC_B040,MLCC_X7R,leakage_ua,SIM_X7R_4U7_16V,healthy_settling,healthy_settling,False,True,False,,,0.15089623194,0.147997426016,False,False,False,1.3,synthetic,True
MLCC_C002865,MLCC_B040,MLCC_X7R,leakage_ua,SIM_X7R_4U7_16V,gradual_drift,gradual_drift,True,False,False,6,,3.08591110717,3.00292664752,True,True,True,1.3,synthetic,True
MLCC_C002888,MLCC_B040,MLCC_X7R,leakage_ua,SIM_X7R_4U7_16V,ordinary_noise,ordinary_noise,False,True,False,,,0.193827856224,0.173180008356,False,False,False,1.3,synthetic,True
MLCC_C002973,MLCC_B040,MLCC_X7R,leakage_ua,SIM_X7R_4U7_16V,late_abrupt_onset,late_abrupt_onset,True,False,False,72,,1.11806518025,1.1119393051,False,False,False,1.3,synthetic,True
MLCC_C003022,MLCC_B040,MLCC_X7R,leakage_ua,SIM_X7R_4U7_16V,healthy_settling,healthy_settling,False,True,False,,,0.124901050126,0.125213469473,False,False,False,1.3,synthetic,True
MLCC_C003024,MLCC_B040,MLCC_X7R,leakage_ua,SIM_X7R_4U7_16V,accelerating_drift,accelerating_drift,True,False,False,24,,0.492364888772,0.497433941139,False,False,False,1.3,synthetic,True
MLCC_C003099,MLCC_B040,MLCC_X7R,leakage_ua,SIM_X7R_4U7_16V,healthy_settling,healthy_settling,False,True,False,,,0.239618238459,0.241663530455,False,False,False,1.3,synthetic,True
MLCC_C003197,MLCC_B040,MLCC_X7R,leakage_ua,SIM_X7R_4U7_16V,moisture_associated_history,moisture_associated_history,True,False,False,24,,1.60772724908,1.544023609,True,True,True,1.3,synthetic,True
MLCC_C003221,MLCC_B040,MLCC_X7R,leakage_ua,SIM_X7R_4U7_16V,late_abrupt_onset,late_abrupt_onset,True,False,False,96,,2.12383556627,2.12575359822,True,True,True,1.3,synthetic,True
MLCC_C003232,MLCC_B040,MLCC_X7R,leakage_ua,SIM_X7R_4U7_16V,ordinary_noise,ordinary_noise,False,True,False,,,0.130623063559,0.143221709643,False,False,False,1.3,synthetic,True
MLCC_C003275,MLCC_B040,MLCC_X7R,leakage_ua,SIM_X7R_4U7_16V,healthy_settling,healthy_settling,False,True,False,,,0.204894934545,0.201118930249,False,False,False,1.3,synthetic,True
MLCC_C003304,MLCC_B040,MLCC_X7R,leakage_ua,SIM_X7R_4U7_16V,late_abrupt_onset,late_abrupt_onset,True,False,False,96,,0.6609884146,0.662602332107,False,False,False,1.3,synthetic,True
MLCC_C003330,MLCC_B040,MLCC_X7R,leakage_ua,SIM_X7R_4U7_16V,healthy_settling,healthy_settling,False,True,False,,,0.17239710626,0.172972373674,False,False,False,1.3,synthetic,True
MLCC_C003393,MLCC_B040,MLCC_X7R,leakage_ua,SIM_X7R_4U7_16V,healthy_settling,healthy_settling,False,True,False,,,0.123624962912,0.123581773652,False,False,False,1.3,synthetic,True
MLCC_C003403,MLCC_B040,MLCC_X7R,leakage_ua,SIM_X7R_4U7_16V,healthy_settling,healthy_settling,False,True,False,,,0.166592327145,0.162055125307,False,False,False,1.3,synthetic,True
MLCC_C003436,MLCC_B040,MLCC_X7R,leakage_ua,SIM_X7R_4U7_16V,healthy_settling,healthy_settling,False,True,False,,,0.196078906215,0.201321544262,False,False,False,1.3,synthetic,True
MLCC_C003459,MLCC_B040,MLCC_X7R,leakage_ua,SIM_X7R_4U7_16V,ordinary_noise,ordinary_noise,False,True,False,,,0.20225717673,0.193405477522,False,False,False,1.3,synthetic,True
MLCC_C003473,MLCC_B040,MLCC_X7R,leakage_ua,SIM_X7R_4U7_16V,healthy_settling,healthy_settling,False,True,False,,,0.213021918979,0.215118968955,False,False,False,1.3,synthetic,True
MLCC_C003554,MLCC_B040,MLCC_X7R,leakage_ua,SIM_X7R_4U7_16V,healthy_settling,healthy_settling,False,True,False,,,0.187385831834,0.19318195917,False,False,False,1.3,synthetic,True
MLCC_C003578,MLCC_B040,MLCC_X7R,leakage_ua,SIM_X7R_4U7_16V,ordinary_noise,ordinary_noise,False,True,False,,,0.122732108668,0.134870234329,False,False,False,1.3,synthetic,True
MLCC_C003584,MLCC_B040,MLCC_X7R,leakage_ua,SIM_X7R_4U7_16V,intermittent_leakage,intermittent_leakage,True,False,False,24,,0.721748972937,0.744124877221,False,False,False,1.3,synthetic,True
MLCC_C003608,MLCC_B040,MLCC_X7R,leakage_ua,SIM_X7R_4U7_16V,healthy_settling,healthy_settling,False,True,False,,,0.150918363017,0.156222995765,False,False,False,1.3,synthetic,True
MLCC_C003636,MLCC_B040,MLCC_X7R,leakage_ua,SIM_X7R_4U7_16V,ordinary_noise,ordinary_noise,False,True,False,,,0.221891273574,0.204977278392,False,False,False,1.3,synthetic,True
MLCC_C003827,MLCC_B040,MLCC_X7R,leakage_ua,SIM_X7R_4U7_16V,healthy_settling,healthy_settling,False,True,False,,,0.11019852697,0.11366726886,False,False,False,1.3,synthetic,True
MLCC_C003860,MLCC_B040,MLCC_X7R,leakage_ua,SIM_X7R_4U7_16V,healthy_settling,healthy_settling,False,True,False,,,0.20422138477,0.202609866825,False,False,False,1.3,synthetic,True
MLCC_C003919,MLCC_B040,MLCC_X7R,leakage_ua,SIM_X7R_4U7_16V,intermittent_leakage,intermittent_leakage,True,False,False,6,,1.58022250473,1.51841626462,True,True,True,1.3,synthetic,True
MLCC_C003978,MLCC_B040,MLCC_X7R,leakage_ua,SIM_X7R_4U7_16V,ordinary_noise,ordinary_noise,False,True,False,,,0.101312385528,0.0927006009567,False,False,False,1.3,synthetic,True
MLCC_C004037,MLCC_B040,MLCC_X7R,leakage_ua,SIM_X7R_4U7_16V,healthy_settling,healthy_settling,False,True,False,,,0.133049291382,0.13519859028,False,False,False,1.3,synthetic,True
MLCC_C004234,MLCC_B040,MLCC_X7R,leakage_ua,SIM_X7R_4U7_16V,healthy_settling,healthy_settling,False,True,False,,,0.201269581575,0.196071471223,False,False,False,1.3,synthetic,True
MLCC_C004401,MLCC_B040,MLCC_X7R,leakage_ua,SIM_X7R_4U7_16V,healthy_settling,healthy_settling,False,True,False,,,0.249676865232,0.246705630012,False,False,False,1.3,synthetic,True
MLCC_C004441,MLCC_B040,MLCC_X7R,leakage_ua,SIM_X7R_4U7_16V,healthy_settling,healthy_settling,False,True,False,,,0.208419011335,0.200819721994,False,False,False,1.3,synthetic,True
MLCC_C004476,MLCC_B040,MLCC_X7R,leakage_ua,SIM_X7R_4U7_16V,healthy_settling,healthy_settling,False,True,False,,,0.217850316957,0.234913679784,False,False,False,1.3,synthetic,True
MLCC_C004481,MLCC_B040,MLCC_X7R,leakage_ua,SIM_X7R_4U7_16V,accelerating_drift,accelerating_drift,True,False,False,12,,1.01909303212,1.0084951533,False,False,False,1.3,synthetic,True
MLCC_C004509,MLCC_B040,MLCC_X7R,leakage_ua,SIM_X7R_4U7_16V,gradual_drift,gradual_drift,True,False,False,0,,1.4538076958,1.46437303308,True,True,True,1.3,synthetic,True
MLCC_C004546,MLCC_B040,MLCC_X7R,leakage_ua,SIM_X7R_4U7_16V,healthy_settling,healthy_settling,False,True,False,,,0.174120913607,0.173500469776,False,False,False,1.3,synthetic,True
MLCC_C004580,MLCC_B040,MLCC_X7R,leakage_ua,SIM_X7R_4U7_16V,ordinary_noise,ordinary_noise,False,True,False,,,0.161635687832,0.145329713251,False,False,False,1.3,synthetic,True
MLCC_C004685,MLCC_B040,MLCC_X7R,leakage_ua,SIM_X7R_4U7_16V,healthy_settling,healthy_settling,False,True,False,,,0.20268612418,0.208875606878,False,False,False,1.3,synthetic,True
MLCC_C004735,MLCC_B040,MLCC_X7R,leakage_ua,SIM_X7R_4U7_16V,healthy_settling,healthy_settling,False,True,False,,,0.139007845498,0.145901400244,False,False,False,1.3,synthetic,True
MLCC_C004761,MLCC_B040,MLCC_X7R,leakage_ua,SIM_X7R_4U7_16V,healthy_settling,healthy_settling,False,True,False,,,0.20332679773,0.199440625383,False,False,False,1.3,synthetic,True
MLCC_C004864,MLCC_B040,MLCC_X7R,leakage_ua,SIM_X7R_4U7_16V,healthy_settling,healthy_settling,False,True,False,,,0.157721828317,0.157317632162,False,False,False,1.3,synthetic,True
MLCC_C005105,MLCC_B040,MLCC_X7R,leakage_ua,SIM_X7R_4U7_16V,healthy_settling,healthy_settling,False,True,False,,,0.111326099391,0.120627956254,False,False,False,1.3,synthetic,True
MLCC_C005109,MLCC_B040,MLCC_X7R,leakage_ua,SIM_X7R_4U7_16V,healthy_settling,healthy_settling,False,True,False,,,0.156508129227,0.155760473567,False,False,False,1.3,synthetic,True
MLCC_C005360,MLCC_B040,MLCC_X7R,leakage_ua,SIM_X7R_4U7_16V,gradual_drift,gradual_drift,True,False,False,0,,0.908276817206,0.870955374008,False,False,False,1.3,synthetic,True
MLCC_C005401,MLCC_B040,MLCC_X7R,leakage_ua,SIM_X7R_4U7_16V,ordinary_noise,ordinary_noise,False,True,False,,,0.125116739048,0.132665970042,False,False,False,1.3,synthetic,True
MLCC_C005413,MLCC_B040,MLCC_X7R,leakage_ua,SIM_X7R_4U7_16V,gradual_drift,gradual_drift,True,False,False,6,,1.01870100997,0.99447159544,False,False,False,1.3,synthetic,True
MLCC_C005444,MLCC_B040,MLCC_X7R,leakage_ua,SIM_X7R_4U7_16V,healthy_settling,healthy_settling,False,True,False,,,0.126626747358,0.137407035624,False,False,False,1.3,synthetic,True
MLCC_C005460,MLCC_B040,MLCC_X7R,leakage_ua,SIM_X7R_4U7_16V,healthy_settling,healthy_settling,False,True,False,,,0.113507794845,0.107950016902,False,False,False,1.3,synthetic,True
MLCC_C005494,MLCC_B040,MLCC_X7R,leakage_ua,SIM_X7R_4U7_16V,gradual_drift,gradual_drift,True,False,False,12,,1.19307905773,1.19695977624,False,False,False,1.3,synthetic,True
MLCC_C005515,MLCC_B040,MLCC_X7R,leakage_ua,SIM_X7R_4U7_16V,ordinary_noise,ordinary_noise,False,True,False,,,0.143719560086,0.146980024208,False,False,False,1.3,synthetic,True
MLCC_C005521,MLCC_B040,MLCC_X7R,leakage_ua,SIM_X7R_4U7_16V,healthy_settling,healthy_settling,False,True,False,,,0.251769550865,0.250786462945,False,False,False,1.3,synthetic,True
MLCC_C005625,MLCC_B040,MLCC_X7R,leakage_ua,SIM_X7R_4U7_16V,healthy_settling,healthy_settling,False,True,False,,,0.142320042778,0.143957856738,False,False,False,1.3,synthetic,True
MLCC_C005732,MLCC_B040,MLCC_X7R,leakage_ua,SIM_X7R_4U7_16V,ordinary_noise,ordinary_noise,False,True,False,,,0.130875079983,0.147111161581,False,False,False,1.3,synthetic,True
MLCC_C005768,MLCC_B040,MLCC_X7R,leakage_ua,SIM_X7R_4U7_16V,healthy_settling,healthy_settling,False,True,False,,,0.144230008616,0.143951295044,False,False,False,1.3,synthetic,True
MLCC_C005831,MLCC_B040,MLCC_X7R,leakage_ua,SIM_X7R_4U7_16V,healthy_settling,healthy_settling,False,True,False,,,0.157155513184,0.163401409181,False,False,False,1.3,synthetic,True
MLCC_C005856,MLCC_B040,MLCC_X7R,leakage_ua,SIM_X7R_4U7_16V,ordinary_noise,ordinary_noise,False,True,False,,,0.109526558096,0.115798212539,False,False,False,1.3,synthetic,True
MLCC_C005899,MLCC_B040,MLCC_X7R,leakage_ua,SIM_X7R_4U7_16V,accelerating_drift,accelerating_drift,True,False,False,0,,0.440915563331,0.455464445429,False,False,False,1.3,synthetic,True
MLCC_C005932,MLCC_B040,MLCC_X7R,leakage_ua,SIM_X7R_4U7_16V,late_abrupt_onset,late_abrupt_onset,True,False,False,120,,0.587994001668,0.572788127559,False,False,False,1.3,synthetic,True
MLCC_C006022,MLCC_B040,MLCC_X7R,leakage_ua,SIM_X7R_4U7_16V,ordinary_noise,ordinary_noise,False,True,False,,,0.171327312037,0.160034992792,False,False,False,1.3,synthetic,True
MLCC_C006124,MLCC_B040,MLCC_X7R,leakage_ua,SIM_X7R_4U7_16V,healthy_settling,healthy_settling,False,True,False,,,0.181669207141,0.173573967365,False,False,False,1.3,synthetic,True
MLCC_C006198,MLCC_B040,MLCC_X7R,leakage_ua,SIM_X7R_4U7_16V,healthy_settling,healthy_settling,False,True,False,,,0.149131476768,0.15044284374,False,False,False,1.3,synthetic,True
MLCC_C006261,MLCC_B040,MLCC_X7R,leakage_ua,SIM_X7R_4U7_16V,intermittent_leakage,intermittent_leakage,True,False,False,12,,1.35735703216,1.37335094055,True,True,True,1.3,synthetic,True
MLCC_C006297,MLCC_B040,MLCC_X7R,leakage_ua,SIM_X7R_4U7_16V,ordinary_noise,ordinary_noise,False,True,False,,,0.189932315636,0.19480651654,False,False,False,1.3,synthetic,True
MLCC_C006435,MLCC_B040,MLCC_X7R,leakage_ua,SIM_X7R_4U7_16V,healthy_settling,healthy_settling,False,True,False,,,0.154261220864,0.152040914993,False,False,False,1.3,synthetic,True
MLCC_C006683,MLCC_B040,MLCC_X7R,leakage_ua,SIM_X7R_4U7_16V,healthy_settling,healthy_settling,False,True,False,,,0.126018773645,0.126891181999,False,False,False,1.3,synthetic,True
MLCC_C006761,MLCC_B040,MLCC_X7R,leakage_ua,SIM_X7R_4U7_16V,healthy_settling,healthy_settling,False,True,False,,,0.124750855472,0.125046747876,False,False,False,1.3,synthetic,True
MLCC_C006791,MLCC_B040,MLCC_X7R,leakage_ua,SIM_X7R_4U7_16V,accelerating_drift,accelerating_drift,True,False,False,24,,0.480497756223,0.473445347915,False,False,False,1.3,synthetic,True
MLCC_C006811,MLCC_B040,MLCC_X7R,leakage_ua,SIM_X7R_4U7_16V,healthy_settling,healthy_settling,False,True,False,,,0.168344369724,0.165099011475,False,False,False,1.3,synthetic,True
MLCC_C006836,MLCC_B040,MLCC_X7R,leakage_ua,SIM_X7R_4U7_16V,accelerating_drift,accelerating_drift,True,False,False,24,,1.19076529277,1.18818721616,False,False,False,1.3,synthetic,True
MLCC_C007042,MLCC_B040,MLCC_X7R,leakage_ua,SIM_X7R_4U7_16V,healthy_settling,healthy_settling,False,True,False,,,0.167404183369,0.168026171949,False,False,False,1.3,synthetic,True
MLCC_C007072,MLCC_B040,MLCC_X7R,leakage_ua,SIM_X7R_4U7_16V,healthy_settling,healthy_settling,False,True,False,,,0.126820913644,0.134094342525,False,False,False,1.3,synthetic,True
MLCC_C007086,MLCC_B040,MLCC_X7R,leakage_ua,SIM_X7R_4U7_16V,healthy_settling,healthy_settling,False,True,False,,,0.203411588592,0.205255950473,False,False,False,1.3,synthetic,True
MLCC_C007136,MLCC_B040,MLCC_X7R,leakage_ua,SIM_X7R_4U7_16V,gradual_drift,gradual_drift,True,False,False,12,,1.34277453986,1.3779286008,True,True,True,1.3,synthetic,True
MLCC_C007150,MLCC_B040,MLCC_X7R,leakage_ua,SIM_X7R_4U7_16V,healthy_settling,healthy_settling,False,True,False,,,0.131172810402,0.13237732186,False,False,False,1.3,synthetic,True
MLCC_C007156,MLCC_B040,MLCC_X7R,leakage_ua,SIM_X7R_4U7_16V,ordinary_noise,ordinary_noise,False,True,False,,,0.138018140598,0.114867969775,False,False,False,1.3,synthetic,True
MLCC_C007159,MLCC_B040,MLCC_X7R,leakage_ua,SIM_X7R_4U7_16V,ordinary_noise,ordinary_noise,False,True,False,,,0.124901927237,0.113112514787,False,False,False,1.3,synthetic,True
MLCC_C007236,MLCC_B040,MLCC_X7R,leakage_ua,SIM_X7R_4U7_16V,moisture_associated_history,moisture_associated_history,True,False,False,48,,1.17316610904,1.17942809337,False,False,False,1.3,synthetic,True
MLCC_C007285,MLCC_B040,MLCC_X7R,leakage_ua,SIM_X7R_4U7_16V,healthy_settling,healthy_settling,False,True,False,,,0.101413118853,0.101126898955,False,False,False,1.3,synthetic,True
MLCC_C007399,MLCC_B040,MLCC_X7R,leakage_ua,SIM_X7R_4U7_16V,healthy_settling,healthy_settling,False,True,False,,,0.0958337977984,0.103572979271,False,False,False,1.3,synthetic,True
MLCC_C007594,MLCC_B040,MLCC_X7R,leakage_ua,SIM_X7R_4U7_16V,healthy_settling,healthy_settling,False,True,False,,,0.147022537887,0.146232773199,False,False,False,1.3,synthetic,True
MLCC_C007597,MLCC_B040,MLCC_X7R,leakage_ua,SIM_X7R_4U7_16V,intermittent_leakage,intermittent_leakage,True,False,False,12,,0.13258499322,0.135264039987,False,False,True,1.3,synthetic,True
MLCC_C007644,MLCC_B040,MLCC_X7R,leakage_ua,SIM_X7R_4U7_16V,gradual_drift,gradual_drift,True,False,False,0,,6.45391504111,6.37398573198,True,True,True,1.3,synthetic,True
MLCC_C007733,MLCC_B040,MLCC_X7R,leakage_ua,SIM_X7R_4U7_16V,healthy_settling,healthy_settling,False,True,False,,,0.158408824787,0.145708689815,False,False,False,1.3,synthetic,True
MLCC_C007925,MLCC_B040,MLCC_X7R,leakage_ua,SIM_X7R_4U7_16V,healthy_settling,healthy_settling,False,True,False,,,0.1308078877,0.126193363253,False,False,False,1.3,synthetic,True
MLCC_C007954,MLCC_B040,MLCC_X7R,leakage_ua,SIM_X7R_4U7_16V,healthy_settling,healthy_settling,False,True,False,,,0.163481062986,0.157526367671,False,False,False,1.3,synthetic,True
MLCC_C008071,MLCC_B040,MLCC_X7R,leakage_ua,SIM_X7R_4U7_16V,late_abrupt_onset,late_abrupt_onset,True,False,False,120,,0.805693132668,0.797571831651,False,False,False,1.3,synthetic,True
MLCC_C008219,MLCC_B040,MLCC_X7R,leakage_ua,SIM_X7R_4U7_16V,ordinary_noise,ordinary_noise,False,True,False,,,0.129249439308,0.121600377824,False,False,False,1.3,synthetic,True
MLCC_C008297,MLCC_B040,MLCC_X7R,leakage_ua,SIM_X7R_4U7_16V,accelerating_drift,accelerating_drift,True,False,False,24,,1.0027414383,0.96745863934,False,False,False,1.3,synthetic,True
MLCC_C008395,MLCC_B040,MLCC_X7R,leakage_ua,SIM_X7R_4U7_16V,healthy_settling,healthy_settling,False,True,False,,,0.164598916883,0.158542428348,False,False,False,1.3,synthetic,True
MLCC_C008486,MLCC_B040,MLCC_X7R,leakage_ua,SIM_X7R_4U7_16V,moisture_associated_history,moisture_associated_history,True,False,False,24,,1.57794449116,1.49671479471,True,True,True,1.3,synthetic,True
MLCC_C008504,MLCC_B040,MLCC_X7R,leakage_ua,SIM_X7R_4U7_16V,healthy_settling,healthy_settling,False,True,False,,,0.16099578412,0.165195136791,False,False,False,1.3,synthetic,True
MLCC_C008522,MLCC_B040,MLCC_X7R,leakage_ua,SIM_X7R_4U7_16V,ordinary_noise,ordinary_noise,False,True,False,,,0.115675505882,0.131603490103,False,False,False,1.3,synthetic,True
MLCC_C008528,MLCC_B040,MLCC_X7R,leakage_ua,SIM_X7R_4U7_16V,healthy_settling,healthy_settling,False,True,False,,,0.184079623971,0.178779398018,False,False,False,1.3,synthetic,True
MLCC_C008577,MLCC_B040,MLCC_X7R,leakage_ua,SIM_X7R_4U7_16V,healthy_settling,healthy_settling,False,True,False,,,0.162918924889,0.16281321191,False,False,False,1.3,synthetic,True
MLCC_C008701,MLCC_B040,MLCC_X7R,leakage_ua,SIM_X7R_4U7_16V,healthy_settling,healthy_settling,False,True,False,,,0.141796788835,0.136287777916,False,False,False,1.3,synthetic,True
MLCC_C008812,MLCC_B040,MLCC_X7R,leakage_ua,SIM_X7R_4U7_16V,healthy_settling,healthy_settling,False,True,False,,,0.0966972401818,0.0973159385,False,False,False,1.3,synthetic,True
MLCC_C008881,MLCC_B040,MLCC_X7R,leakage_ua,SIM_X7R_4U7_16V,healthy_settling,healthy_settling,False,True,False,,,0.101867054308,0.101336078406,False,False,False,1.3,synthetic,True
MLCC_C008915,MLCC_B040,MLCC_X7R,leakage_ua,SIM_X7R_4U7_16V,healthy_settling,healthy_settling,False,True,False,,,0.208421856517,0.20366558147,False,False,False,1.3,synthetic,True
MLCC_C008975,MLCC_B040,MLCC_X7R,leakage_ua,SIM_X7R_4U7_16V,healthy_settling,healthy_settling,False,True,False,,,0.119106872016,0.121634480297,False,False,False,1.3,synthetic,True
MLCC_C009073,MLCC_B040,MLCC_X7R,leakage_ua,SIM_X7R_4U7_16V,ordinary_noise,ordinary_noise,False,True,False,,,0.162587197324,0.16557341909,False,False,False,1.3,synthetic,True
MLCC_C009081,MLCC_B040,MLCC_X7R,leakage_ua,SIM_X7R_4U7_16V,healthy_settling,healthy_settling,False,True,False,,,0.157813387347,0.159324797638,False,False,False,1.3,synthetic,True
MLCC_C009106,MLCC_B040,MLCC_X7R,leakage_ua,SIM_X7R_4U7_16V,healthy_settling,healthy_settling,False,True,False,,,0.105917462659,0.104882703248,False,False,False,1.3,synthetic,True
MLCC_C009129,MLCC_B040,MLCC_X7R,leakage_ua,SIM_X7R_4U7_16V,healthy_settling,healthy_settling,False,True,False,,,0.231926133152,0.233520801509,False,False,False,1.3,synthetic,True
MLCC_C009159,MLCC_B040,MLCC_X7R,leakage_ua,SIM_X7R_4U7_16V,ordinary_noise,ordinary_noise,False,True,False,,,0.205810966921,0.213415154463,False,False,False,1.3,synthetic,True
MLCC_C009225,MLCC_B040,MLCC_X7R,leakage_ua,SIM_X7R_4U7_16V,healthy_settling,healthy_settling,False,True,False,,,0.132205103648,0.132872962061,False,False,False,1.3,synthetic,True
MLCC_C009245,MLCC_B040,MLCC_X7R,leakage_ua,SIM_X7R_4U7_16V,healthy_settling,healthy_settling,False,True,False,,,0.153928824893,0.149280041591,False,False,False,1.3,synthetic,True
MLCC_C009357,MLCC_B040,MLCC_X7R,leakage_ua,SIM_X7R_4U7_16V,healthy_settling,healthy_settling,False,True,False,,,0.109773149461,0.108821345493,False,False,False,1.3,synthetic,True
MLCC_C009421,MLCC_B040,MLCC_X7R,leakage_ua,SIM_X7R_4U7_16V,accelerating_drift,accelerating_drift,True,False,False,0,,0.597417024721,0.60200070633,False,False,False,1.3,synthetic,True
MLCC_C009478,MLCC_B040,MLCC_X7R,leakage_ua,SIM_X7R_4U7_16V,healthy_settling,healthy_settling,False,True,False,,,0.0717899932243,0.0728710414896,False,False,False,1.3,synthetic,True
MLCC_C009547,MLCC_B040,MLCC_X7R,leakage_ua,SIM_X7R_4U7_16V,healthy_settling,healthy_settling,False,True,False,,,0.220780768693,0.219218198983,False,False,False,1.3,synthetic,True
MLCC_C009629,MLCC_B040,MLCC_X7R,leakage_ua,SIM_X7R_4U7_16V,healthy_settling,healthy_settling,False,True,False,,,0.161955859036,0.151503925953,False,False,False,1.3,synthetic,True
MLCC_C009694,MLCC_B040,MLCC_X7R,leakage_ua,SIM_X7R_4U7_16V,healthy_settling,healthy_settling,False,True,False,,,0.231310055691,0.210137840715,False,False,False,1.3,synthetic,True
MLCC_C009713,MLCC_B040,MLCC_X7R,leakage_ua,SIM_X7R_4U7_16V,healthy_settling,healthy_settling,False,True,False,,,0.10247496341,0.0974849339765,False,False,False,1.3,synthetic,True
MLCC_C009794,MLCC_B040,MLCC_X7R,leakage_ua,SIM_X7R_4U7_16V,healthy_settling,healthy_settling,False,True,False,,,0.113023096372,0.114057893151,False,False,False,1.3,synthetic,True
MLCC_C009858,MLCC_B040,MLCC_X7R,leakage_ua,SIM_X7R_4U7_16V,healthy_settling,healthy_settling,False,True,False,,,0.0979550127385,0.0978847563083,False,False,False,1.3,synthetic,True
MLCC_C009951,MLCC_B040,MLCC_X7R,leakage_ua,SIM_X7R_4U7_16V,healthy_settling,healthy_settling,False,True,False,,,0.192828168521,0.178981963429,False,False,False,1.3,synthetic,True
MLCC_C009955,MLCC_B040,MLCC_X7R,leakage_ua,SIM_X7R_4U7_16V,gradual_drift,gradual_drift,True,False,False,12,,0.313893371973,0.326751949691,False,False,False,1.3,synthetic,True
MLCC_C009977,MLCC_B040,MLCC_X7R,leakage_ua,SIM_X7R_4U7_16V,ordinary_noise,ordinary_noise,False,True,False,,,0.12592763359,0.117927658741,False,False,False,1.3,synthetic,True
MLCC_C010091,MLCC_B040,MLCC_X7R,leakage_ua,SIM_X7R_4U7_16V,healthy_settling,healthy_settling,False,True,False,,,0.245221964274,0.244196718,False,False,False,1.3,synthetic,True
MLCC_C010123,MLCC_B040,MLCC_X7R,leakage_ua,SIM_X7R_4U7_16V,intermittent_leakage,intermittent_leakage,True,False,False,48,,0.924855081643,0.937505759764,False,False,True,1.3,synthetic,True
MLCC_C010148,MLCC_B040,MLCC_X7R,leakage_ua,SIM_X7R_4U7_16V,healthy_settling,healthy_settling,False,True,False,,,0.112446300063,0.112798595214,False,False,False,1.3,synthetic,True
MLCC_C010161,MLCC_B040,MLCC_X7R,leakage_ua,SIM_X7R_4U7_16V,healthy_settling,healthy_settling,False,True,False,,,0.101839895826,0.101810824349,False,False,False,1.3,synthetic,True
MLCC_C010184,MLCC_B040,MLCC_X7R,leakage_ua,SIM_X7R_4U7_16V,healthy_settling,healthy_settling,False,True,False,,,0.13207701129,0.129610740292,False,False,False,1.3,synthetic,True
MLCC_C010238,MLCC_B040,MLCC_X7R,leakage_ua,SIM_X7R_4U7_16V,healthy_settling,healthy_settling,False,True,False,,,0.159805469246,0.161757533232,False,False,False,1.3,synthetic,True
MLCC_C010251,MLCC_B040,MLCC_X7R,leakage_ua,SIM_X7R_4U7_16V,healthy_settling,healthy_settling,False,True,False,,,0.19804985385,0.189555143836,False,False,False,1.3,synthetic,True
MLCC_C010263,MLCC_B040,MLCC_X7R,leakage_ua,SIM_X7R_4U7_16V,ordinary_noise,ordinary_noise,False,True,False,,,0.131715544373,0.119782113631,False,False,False,1.3,synthetic,True
MLCC_C010272,MLCC_B040,MLCC_X7R,leakage_ua,SIM_X7R_4U7_16V,healthy_settling,healthy_settling,False,True,False,,,0.140550453173,0.147921166357,False,False,False,1.3,synthetic,True
MLCC_C010322,MLCC_B040,MLCC_X7R,leakage_ua,SIM_X7R_4U7_16V,accelerating_drift,accelerating_drift,True,False,False,12,,1.02749521263,0.98691940811,False,False,False,1.3,synthetic,True
MLCC_C010394,MLCC_B040,MLCC_X7R,leakage_ua,SIM_X7R_4U7_16V,ordinary_noise,ordinary_noise,False,True,False,,,0.110628815457,0.108594471824,False,False,False,1.3,synthetic,True
MLCC_C010416,MLCC_B040,MLCC_X7R,leakage_ua,SIM_X7R_4U7_16V,ordinary_noise,ordinary_noise,False,True,False,,,0.0776311540844,0.0783519031774,False,False,False,1.3,synthetic,True
MLCC_C010455,MLCC_B040,MLCC_X7R,leakage_ua,SIM_X7R_4U7_16V,ordinary_noise,ordinary_noise,False,True,False,,,0.130066476549,0.126736942139,False,False,False,1.3,synthetic,True
MLCC_C010486,MLCC_B040,MLCC_X7R,leakage_ua,SIM_X7R_4U7_16V,healthy_settling,healthy_settling,False,True,False,,,0.180986539491,0.18879486893,False,False,False,1.3,synthetic,True
MLCC_C010491,MLCC_B040,MLCC_X7R,leakage_ua,SIM_X7R_4U7_16V,healthy_settling,healthy_settling,False,True,False,,,0.155302049828,0.149703791345,False,False,False,1.3,synthetic,True
MLCC_C010564,MLCC_B040,MLCC_X7R,leakage_ua,SIM_X7R_4U7_16V,ordinary_noise,ordinary_noise,False,True,False,,,0.132365243741,0.110189665675,False,False,False,1.3,synthetic,True
MLCC_C010649,MLCC_B040,MLCC_X7R,leakage_ua,SIM_X7R_4U7_16V,healthy_settling,healthy_settling,False,True,False,,,0.240222841959,0.232214433977,False,False,False,1.3,synthetic,True
MLCC_C010658,MLCC_B040,MLCC_X7R,leakage_ua,SIM_X7R_4U7_16V,healthy_settling,healthy_settling,False,True,False,,,0.205644776461,0.202062134762,False,False,False,1.3,synthetic,True
MLCC_C010749,MLCC_B040,MLCC_X7R,leakage_ua,SIM_X7R_4U7_16V,healthy_settling,healthy_settling,False,True,False,,,0.30904463674,0.312770316336,False,False,False,1.3,synthetic,True
MLCC_C010938,MLCC_B040,MLCC_X7R,leakage_ua,SIM_X7R_4U7_16V,healthy_settling,healthy_settling,False,True,False,,,0.116045441626,0.116966562665,False,False,False,1.3,synthetic,True
MLCC_C010944,MLCC_B040,MLCC_X7R,leakage_ua,SIM_X7R_4U7_16V,healthy_settling,healthy_settling,False,True,False,,,0.0817538272604,0.081530360557,False,False,False,1.3,synthetic,True
MLCC_C010974,MLCC_B040,MLCC_X7R,leakage_ua,SIM_X7R_4U7_16V,healthy_settling,healthy_settling,False,True,False,,,0.25388196872,0.258399482159,False,False,False,1.3,synthetic,True
MLCC_C011125,MLCC_B040,MLCC_X7R,leakage_ua,SIM_X7R_4U7_16V,healthy_settling,healthy_settling,False,True,False,,,0.195066282609,0.194918919281,False,False,False,1.3,synthetic,True
MLCC_C011183,MLCC_B040,MLCC_X7R,leakage_ua,SIM_X7R_4U7_16V,moisture_associated_history,moisture_associated_history,True,False,False,6,,5.64479316445,5.73872668339,True,True,True,1.3,synthetic,True
MLCC_C011224,MLCC_B040,MLCC_X7R,leakage_ua,SIM_X7R_4U7_16V,healthy_settling,healthy_settling,False,True,False,,,0.100380465494,0.102450296702,False,False,False,1.3,synthetic,True
MLCC_C011251,MLCC_B040,MLCC_X7R,leakage_ua,SIM_X7R_4U7_16V,healthy_settling,healthy_settling,False,True,False,,,0.102465320837,0.109051985281,False,False,False,1.3,synthetic,True
MLCC_C011305,MLCC_B040,MLCC_X7R,leakage_ua,SIM_X7R_4U7_16V,healthy_settling,healthy_settling,False,True,False,,,0.0858981281789,0.0864097627738,False,False,False,1.3,synthetic,True
MLCC_C011370,MLCC_B040,MLCC_X7R,leakage_ua,SIM_X7R_4U7_16V,ordinary_noise,ordinary_noise,False,True,False,,,0.149138407667,0.158240146857,False,False,False,1.3,synthetic,True
MLCC_C011432,MLCC_B040,MLCC_X7R,leakage_ua,SIM_X7R_4U7_16V,healthy_settling,healthy_settling,False,True,False,,,0.201345823766,0.188711193409,False,False,False,1.3,synthetic,True
MLCC_C011471,MLCC_B040,MLCC_X7R,leakage_ua,SIM_X7R_4U7_16V,healthy_settling,healthy_settling,False,True,False,,,0.154109330981,0.152508588704,False,False,False,1.3,synthetic,True
MLCC_C011550,MLCC_B040,MLCC_X7R,leakage_ua,SIM_X7R_4U7_16V,intermittent_leakage,intermittent_leakage,True,False,False,24,,0.137187499752,0.13112045646,False,False,False,1.3,synthetic,True
MLCC_C011671,MLCC_B040,MLCC_X7R,leakage_ua,SIM_X7R_4U7_16V,healthy_settling,healthy_settling,False,True,False,,,0.151977875478,0.15846480663,False,False,False,1.3,synthetic,True
MLCC_C011728,MLCC_B040,MLCC_X7R,leakage_ua,SIM_X7R_4U7_16V,healthy_settling,healthy_settling,False,True,False,,,0.0902204582204,0.0866023166071,False,False,False,1.3,synthetic,True
MLCC_C011787,MLCC_B040,MLCC_X7R,leakage_ua,SIM_X7R_4U7_16V,healthy_settling,healthy_settling,False,True,False,,,0.0912505657307,0.0918689372679,False,False,False,1.3,synthetic,True
MLCC_C011909,MLCC_B040,MLCC_X7R,leakage_ua,SIM_X7R_4U7_16V,healthy_settling,healthy_settling,False,True,False,,,0.15704109483,0.162444742509,False,False,False,1.3,synthetic,True
MLCC_C000122,MLCC_B048,MLCC_X7R,leakage_ua,SIM_X7R_10N_50V,late_abrupt_onset,late_abrupt_onset,True,False,False,120,,0.164198875353,0.155714373339,True,True,True,0.12,synthetic,True
MLCC_C000243,MLCC_B048,MLCC_X7R,leakage_ua,SIM_X7R_10N_50V,ordinary_noise,ordinary_noise,False,True,False,,,0.00709729491817,0.00718485143598,False,False,False,0.12,synthetic,True
MLCC_C000377,MLCC_B048,MLCC_X7R,leakage_ua,SIM_X7R_10N_50V,late_abrupt_onset,late_abrupt_onset,True,False,False,48,,0.211211984534,0.208592683431,True,True,True,0.12,synthetic,True
MLCC_C000453,MLCC_B048,MLCC_X7R,leakage_ua,SIM_X7R_10N_50V,tester_channel_fault,ordinary_noise,False,False,True,,72,0.0976734849586,0.0187956489244,False,False,False,0.12,synthetic,True
MLCC_C000502,MLCC_B048,MLCC_X7R,leakage_ua,SIM_X7R_10N_50V,healthy_settling,healthy_settling,False,True,False,,,0.0138120518014,0.0140234300024,False,False,False,0.12,synthetic,True
MLCC_C000514,MLCC_B048,MLCC_X7R,leakage_ua,SIM_X7R_10N_50V,healthy_settling,healthy_settling,False,True,False,,,0.0110914469008,0.0110036530836,False,False,False,0.12,synthetic,True
MLCC_C000593,MLCC_B048,MLCC_X7R,leakage_ua,SIM_X7R_10N_50V,healthy_settling,healthy_settling,False,True,False,,,0.0213704292114,0.0206127290467,False,False,False,0.12,synthetic,True
MLCC_C000622,MLCC_B048,MLCC_X7R,leakage_ua,SIM_X7R_10N_50V,healthy_settling,healthy_settling,False,True,False,,,0.0107093114013,0.0109356793497,False,False,False,0.12,synthetic,True
MLCC_C000632,MLCC_B048,MLCC_X7R,leakage_ua,SIM_X7R_10N_50V,healthy_settling,healthy_settling,False,True,False,,,0.014337002455,0.0145768176753,False,False,False,0.12,synthetic,True
MLCC_C000680,MLCC_B048,MLCC_X7R,leakage_ua,SIM_X7R_10N_50V,healthy_settling,healthy_settling,False,True,False,,,0.0107087535368,0.0106676766324,False,False,False,0.12,synthetic,True
MLCC_C000820,MLCC_B048,MLCC_X7R,leakage_ua,SIM_X7R_10N_50V,intermittent_leakage,intermittent_leakage,True,False,False,12,,0.023750582611,0.023416996305,False,False,False,0.12,synthetic,True
MLCC_C000832,MLCC_B048,MLCC_X7R,leakage_ua,SIM_X7R_10N_50V,healthy_settling,healthy_settling,False,True,False,,,0.0140140946401,0.0148212065468,False,False,False,0.12,synthetic,True
MLCC_C000870,MLCC_B048,MLCC_X7R,leakage_ua,SIM_X7R_10N_50V,ordinary_noise,ordinary_noise,False,True,False,,,0.0203149804679,0.0184995869725,False,False,False,0.12,synthetic,True
MLCC_C000897,MLCC_B048,MLCC_X7R,leakage_ua,SIM_X7R_10N_50V,tester_channel_fault,ordinary_noise,False,False,True,,72,0.0907791161734,0.0134192884178,False,False,False,0.12,synthetic,True
MLCC_C000965,MLCC_B048,MLCC_X7R,leakage_ua,SIM_X7R_10N_50V,healthy_settling,healthy_settling,False,True,False,,,0.0101979666843,0.00995200125694,False,False,False,0.12,synthetic,True
MLCC_C000969,MLCC_B048,MLCC_X7R,leakage_ua,SIM_X7R_10N_50V,healthy_settling,healthy_settling,False,True,False,,,0.01026875419,0.0100649058064,False,False,False,0.12,synthetic,True
MLCC_C001034,MLCC_B048,MLCC_X7R,leakage_ua,SIM_X7R_10N_50V,late_abrupt_onset,late_abrupt_onset,True,False,False,72,,0.0534749106676,0.0527657978168,False,False,False,0.12,synthetic,True
MLCC_C001143,MLCC_B048,MLCC_X7R,leakage_ua,SIM_X7R_10N_50V,healthy_settling,healthy_settling,False,True,False,,,0.0150494343761,0.0153201179956,False,False,False,0.12,synthetic,True
MLCC_C001166,MLCC_B048,MLCC_X7R,leakage_ua,SIM_X7R_10N_50V,healthy_settling,healthy_settling,False,True,False,,,0.0194168966963,0.0191882933922,False,False,False,0.12,synthetic,True
MLCC_C001190,MLCC_B048,MLCC_X7R,leakage_ua,SIM_X7R_10N_50V,healthy_settling,healthy_settling,False,True,False,,,0.00970040757144,0.00979429613596,False,False,False,0.12,synthetic,True
MLCC_C001208,MLCC_B048,MLCC_X7R,leakage_ua,SIM_X7R_10N_50V,healthy_settling,healthy_settling,False,True,False,,,0.0127590097568,0.0130701510239,False,False,False,0.12,synthetic,True
MLCC_C001268,MLCC_B048,MLCC_X7R,leakage_ua,SIM_X7R_10N_50V,healthy_settling,healthy_settling,False,True,False,,,0.0106139433917,0.0106064040829,False,False,False,0.12,synthetic,True
MLCC_C001377,MLCC_B048,MLCC_X7R,leakage_ua,SIM_X7R_10N_50V,accelerating_drift,accelerating_drift,True,False,False,6,,0.20401727981,0.208356231593,True,True,True,0.12,synthetic,True
MLCC_C001445,MLCC_B048,MLCC_X7R,leakage_ua,SIM_X7R_10N_50V,gradual_drift,gradual_drift,True,False,False,6,,0.0668193238592,0.0671870625144,False,False,False,0.12,synthetic,True
MLCC_C001509,MLCC_B048,MLCC_X7R,leakage_ua,SIM_X7R_10N_50V,accelerating_drift,accelerating_drift,True,False,False,0,,0.0564022962535,0.0529544602576,False,False,False,0.12,synthetic,True
MLCC_C001564,MLCC_B048,MLCC_X7R,leakage_ua,SIM_X7R_10N_50V,late_abrupt_onset,late_abrupt_onset,True,False,True,144,72,0.15108394196,0.0727727470936,False,True,False,0.12,synthetic,True
MLCC_C001595,MLCC_B048,MLCC_X7R,leakage_ua,SIM_X7R_10N_50V,healthy_settling,healthy_settling,False,True,False,,,0.00724474522238,0.00696860653009,False,False,False,0.12,synthetic,True
MLCC_C001641,MLCC_B048,MLCC_X7R,leakage_ua,SIM_X7R_10N_50V,healthy_settling,healthy_settling,False,True,False,,,0.0131870536451,0.0131643488469,False,False,False,0.12,synthetic,True
MLCC_C001727,MLCC_B048,MLCC_X7R,leakage_ua,SIM_X7R_10N_50V,tester_channel_fault,healthy_settling,False,False,True,,72,0.0947312105526,0.0170009092782,False,False,False,0.12,synthetic,True
MLCC_C001754,MLCC_B048,MLCC_X7R,leakage_ua,SIM_X7R_10N_50V,healthy_settling,healthy_settling,False,True,False,,,0.0149565019333,0.0144488218372,False,False,False,0.12,synthetic,True
MLCC_C001774,MLCC_B048,MLCC_X7R,leakage_ua,SIM_X7R_10N_50V,ordinary_noise,ordinary_noise,False,True,False,,,0.012136828884,0.0129824591826,False,False,False,0.12,synthetic,True
MLCC_C001860,MLCC_B048,MLCC_X7R,leakage_ua,SIM_X7R_10N_50V,ordinary_noise,ordinary_noise,False,True,False,,,0.0137898094725,0.0130281410947,False,False,False,0.12,synthetic,True
MLCC_C001903,MLCC_B048,MLCC_X7R,leakage_ua,SIM_X7R_10N_50V,accelerating_drift,accelerating_drift,True,False,False,24,,0.0723419761167,0.0681323555853,False,False,False,0.12,synthetic,True
MLCC_C002016,MLCC_B048,MLCC_X7R,leakage_ua,SIM_X7R_10N_50V,ordinary_noise,ordinary_noise,False,True,False,,,0.0119017071874,0.011186434322,False,False,False,0.12,synthetic,True
MLCC_C002249,MLCC_B048,MLCC_X7R,leakage_ua,SIM_X7R_10N_50V,ordinary_noise,ordinary_noise,False,True,False,,,0.0179023366439,0.0164997160732,False,False,False,0.12,synthetic,True
MLCC_C002276,MLCC_B048,MLCC_X7R,leakage_ua,SIM_X7R_10N_50V,healthy_settling,healthy_settling,False,True,False,,,0.0140101959557,0.0142136650547,False,False,False,0.12,synthetic,True
MLCC_C002279,MLCC_B048,MLCC_X7R,leakage_ua,SIM_X7R_10N_50V,healthy_settling,healthy_settling,False,True,False,,,0.0153940541941,0.0154014272061,False,False,False,0.12,synthetic,True
MLCC_C002416,MLCC_B048,MLCC_X7R,leakage_ua,SIM_X7R_10N_50V,gradual_drift,gradual_drift,True,False,False,12,,0.177182112989,0.18578523353,True,True,True,0.12,synthetic,True
MLCC_C002480,MLCC_B048,MLCC_X7R,leakage_ua,SIM_X7R_10N_50V,healthy_settling,healthy_settling,False,True,False,,,0.0134460401042,0.0135375066908,False,False,False,0.12,synthetic,True
MLCC_C002518,MLCC_B048,MLCC_X7R,leakage_ua,SIM_X7R_10N_50V,healthy_settling,healthy_settling,False,True,False,,,0.0131615242656,0.0130864894888,False,False,False,0.12,synthetic,True
MLCC_C002578,MLCC_B048,MLCC_X7R,leakage_ua,SIM_X7R_10N_50V,healthy_settling,healthy_settling,False,True,False,,,0.0105893052416,0.0108808348385,False,False,False,0.12,synthetic,True
MLCC_C002902,MLCC_B048,MLCC_X7R,leakage_ua,SIM_X7R_10N_50V,healthy_settling,healthy_settling,False,True,False,,,0.0134324329708,0.013400904865,False,False,False,0.12,synthetic,True
MLCC_C003043,MLCC_B048,MLCC_X7R,leakage_ua,SIM_X7R_10N_50V,healthy_settling,healthy_settling,False,True,False,,,0.015354183868,0.0156221328608,False,False,False,0.12,synthetic,True
MLCC_C003046,MLCC_B048,MLCC_X7R,leakage_ua,SIM_X7R_10N_50V,moisture_associated_history,moisture_associated_history,True,False,True,24,72,0.251182565039,0.174196331672,True,True,True,0.12,synthetic,True
MLCC_C003063,MLCC_B048,MLCC_X7R,leakage_ua,SIM_X7R_10N_50V,healthy_settling,healthy_settling,False,True,False,,,0.0195356386494,0.017899535265,False,False,False,0.12,synthetic,True
MLCC_C003079,MLCC_B048,MLCC_X7R,leakage_ua,SIM_X7R_10N_50V,gradual_drift,gradual_drift,True,False,False,0,,0.139452462827,0.136838557583,True,True,True,0.12,synthetic,True
MLCC_C003110,MLCC_B048,MLCC_X7R,leakage_ua,SIM_X7R_10N_50V,ordinary_noise,ordinary_noise,False,True,False,,,0.0108034632986,0.0131083676267,False,False,False,0.12,synthetic,True
MLCC_C003112,MLCC_B048,MLCC_X7R,leakage_ua,SIM_X7R_10N_50V,late_abrupt_onset,late_abrupt_onset,True,False,False,96,,0.261193296577,0.247501560847,True,True,True,0.12,synthetic,True
MLCC_C003126,MLCC_B048,MLCC_X7R,leakage_ua,SIM_X7R_10N_50V,healthy_settling,healthy_settling,False,True,False,,,0.00615108044361,0.00664206942905,False,False,False,0.12,synthetic,True
MLCC_C003264,MLCC_B048,MLCC_X7R,leakage_ua,SIM_X7R_10N_50V,gradual_drift,gradual_drift,True,False,False,6,,0.172845133269,0.175609742409,True,True,True,0.12,synthetic,True
MLCC_C003271,MLCC_B048,MLCC_X7R,leakage_ua,SIM_X7R_10N_50V,healthy_settling,healthy_settling,False,True,False,,,0.013989154511,0.0142448004924,False,False,False,0.12,synthetic,True
MLCC_C003352,MLCC_B048,MLCC_X7R,leakage_ua,SIM_X7R_10N_50V,healthy_settling,healthy_settling,False,True,False,,,0.0142050850038,0.014234205622,False,False,False,0.12,synthetic,True
MLCC_C003540,MLCC_B048,MLCC_X7R,leakage_ua,SIM_X7R_10N_50V,healthy_settling,healthy_settling,False,True,False,,,0.0109282844788,0.0109221998994,False,False,False,0.12,synthetic,True
MLCC_C003590,MLCC_B048,MLCC_X7R,leakage_ua,SIM_X7R_10N_50V,healthy_settling,healthy_settling,False,True,False,,,0.0116653504779,0.011659476412,False,False,False,0.12,synthetic,True
MLCC_C003642,MLCC_B048,MLCC_X7R,leakage_ua,SIM_X7R_10N_50V,healthy_settling,healthy_settling,False,True,False,,,0.0111105591791,0.0110400166055,False,False,False,0.12,synthetic,True
MLCC_C003682,MLCC_B048,MLCC_X7R,leakage_ua,SIM_X7R_10N_50V,healthy_settling,healthy_settling,False,True,False,,,0.009690370789,0.00974081630284,False,False,False,0.12,synthetic,True
MLCC_C003765,MLCC_B048,MLCC_X7R,leakage_ua,SIM_X7R_10N_50V,late_abrupt_onset,late_abrupt_onset,True,False,False,72,,0.278531624595,0.27819835081,True,True,True,0.12,synthetic,True
MLCC_C003880,MLCC_B048,MLCC_X7R,leakage_ua,SIM_X7R_10N_50V,ordinary_noise,ordinary_noise,False,True,False,,,0.00838949463991,0.00732524256969,False,False,False,0.12,synthetic,True
MLCC_C003934,MLCC_B048,MLCC_X7R,leakage_ua,SIM_X7R_10N_50V,ordinary_noise,ordinary_noise,False,True,False,,,0.0137565374781,0.0121119869675,False,False,False,0.12,synthetic,True
MLCC_C003962,MLCC_B048,MLCC_X7R,leakage_ua,SIM_X7R_10N_50V,moisture_associated_history,moisture_associated_history,True,False,False,6,,0.133225684611,0.127981673143,True,True,True,0.12,synthetic,True
MLCC_C004006,MLCC_B048,MLCC_X7R,leakage_ua,SIM_X7R_10N_50V,healthy_settling,healthy_settling,False,True,False,,,0.0118514380005,0.0119250394465,False,False,False,0.12,synthetic,True
MLCC_C004020,MLCC_B048,MLCC_X7R,leakage_ua,SIM_X7R_10N_50V,intermittent_leakage,intermittent_leakage,True,False,False,12,,0.0728730974581,0.0729068624385,False,False,False,0.12,synthetic,True
MLCC_C004040,MLCC_B048,MLCC_X7R,leakage_ua,SIM_X7R_10N_50V,healthy_settling,healthy_settling,False,True,False,,,0.0118220590007,0.0112664082653,False,False,False,0.12,synthetic,True
MLCC_C004077,MLCC_B048,MLCC_X7R,leakage_ua,SIM_X7R_10N_50V,ordinary_noise,ordinary_noise,False,True,False,,,0.0177155661134,0.0194685564852,False,False,False,0.12,synthetic,True
MLCC_C004081,MLCC_B048,MLCC_X7R,leakage_ua,SIM_X7R_10N_50V,gradual_drift,gradual_drift,True,False,False,6,,0.0707159556742,0.0695957764516,False,False,False,0.12,synthetic,True
MLCC_C004113,MLCC_B048,MLCC_X7R,leakage_ua,SIM_X7R_10N_50V,accelerating_drift,accelerating_drift,True,False,False,24,,0.121336159756,0.12309488842,True,True,True,0.12,synthetic,True
MLCC_C004187,MLCC_B048,MLCC_X7R,leakage_ua,SIM_X7R_10N_50V,gradual_drift,gradual_drift,True,False,False,12,,0.235561825554,0.233434479641,True,True,True,0.12,synthetic,True
MLCC_C004213,MLCC_B048,MLCC_X7R,leakage_ua,SIM_X7R_10N_50V,healthy_settling,healthy_settling,False,True,False,,,0.00745453513329,0.00758114216538,False,False,False,0.12,synthetic,True
MLCC_C004228,MLCC_B048,MLCC_X7R,leakage_ua,SIM_X7R_10N_50V,healthy_settling,healthy_settling,False,True,False,,,0.0103386753519,0.0107151466207,False,False,False,0.12,synthetic,True
MLCC_C004326,MLCC_B048,MLCC_X7R,leakage_ua,SIM_X7R_10N_50V,tester_channel_fault,ordinary_noise,False,False,True,,72,0.0946198670322,0.0161631291907,False,False,False,0.12,synthetic,True
MLCC_C004380,MLCC_B048,MLCC_X7R,leakage_ua,SIM_X7R_10N_50V,healthy_settling,healthy_settling,False,True,False,,,0.0167476545212,0.0168827973977,False,False,False,0.12,synthetic,True
MLCC_C004512,MLCC_B048,MLCC_X7R,leakage_ua,SIM_X7R_10N_50V,late_abrupt_onset,late_abrupt_onset,True,False,False,96,,0.0546865107676,0.0551767838303,False,False,False,0.12,synthetic,True
MLCC_C004514,MLCC_B048,MLCC_X7R,leakage_ua,SIM_X7R_10N_50V,ordinary_noise,ordinary_noise,False,True,False,,,0.00881451936822,0.00969805559711,False,False,False,0.12,synthetic,True
MLCC_C004811,MLCC_B048,MLCC_X7R,leakage_ua,SIM_X7R_10N_50V,healthy_settling,healthy_settling,False,True,False,,,0.0122375567108,0.0123550654584,False,False,False,0.12,synthetic,True
MLCC_C004815,MLCC_B048,MLCC_X7R,leakage_ua,SIM_X7R_10N_50V,healthy_settling,healthy_settling,False,True,False,,,0.0130611101941,0.0127061723407,False,False,False,0.12,synthetic,True
MLCC_C004833,MLCC_B048,MLCC_X7R,leakage_ua,SIM_X7R_10N_50V,healthy_settling,healthy_settling,False,True,False,,,0.0153745282546,0.0152627095517,False,False,False,0.12,synthetic,True
MLCC_C004932,MLCC_B048,MLCC_X7R,leakage_ua,SIM_X7R_10N_50V,accelerating_drift,accelerating_drift,True,False,False,6,,0.188129100052,0.185718648287,True,True,True,0.12,synthetic,True
MLCC_C005005,MLCC_B048,MLCC_X7R,leakage_ua,SIM_X7R_10N_50V,ordinary_noise,ordinary_noise,False,True,False,,,0.0130163926796,0.0134682353385,False,False,False,0.12,synthetic,True
MLCC_C005216,MLCC_B048,MLCC_X7R,leakage_ua,SIM_X7R_10N_50V,ordinary_noise,ordinary_noise,False,True,False,,,0.0190753566207,0.0173167220162,False,False,False,0.12,synthetic,True
MLCC_C005244,MLCC_B048,MLCC_X7R,leakage_ua,SIM_X7R_10N_50V,healthy_settling,healthy_settling,False,True,False,,,0.0111280641961,0.0112498759356,False,False,False,0.12,synthetic,True
MLCC_C005464,MLCC_B048,MLCC_X7R,leakage_ua,SIM_X7R_10N_50V,healthy_settling,healthy_settling,False,True,False,,,0.0100678899775,0.0103550204789,False,False,False,0.12,synthetic,True
MLCC_C005556,MLCC_B048,MLCC_X7R,leakage_ua,SIM_X7R_10N_50V,ordinary_noise,ordinary_noise,False,True,False,,,0.0130388368369,0.0155648313276,False,False,False,0.12,synthetic,True
MLCC_C005599,MLCC_B048,MLCC_X7R,leakage_ua,SIM_X7R_10N_50V,gradual_drift,gradual_drift,True,False,False,0,,0.0360115260404,0.036209401601,False,False,False,0.12,synthetic,True
MLCC_C005731,MLCC_B048,MLCC_X7R,leakage_ua,SIM_X7R_10N_50V,healthy_settling,healthy_settling,False,True,False,,,0.0116145600824,0.0112422439055,False,False,False,0.12,synthetic,True
MLCC_C005786,MLCC_B048,MLCC_X7R,leakage_ua,SIM_X7R_10N_50V,healthy_settling,healthy_settling,False,True,False,,,0.00840973440924,0.00888730112151,False,False,False,0.12,synthetic,True
MLCC_C005874,MLCC_B048,MLCC_X7R,leakage_ua,SIM_X7R_10N_50V,ordinary_noise,ordinary_noise,False,True,False,,,0.012493278478,0.0118877741542,False,False,False,0.12,synthetic,True
MLCC_C005994,MLCC_B048,MLCC_X7R,leakage_ua,SIM_X7R_10N_50V,healthy_settling,healthy_settling,False,True,False,,,0.0135683993187,0.0133291027632,False,False,False,0.12,synthetic,True
MLCC_C006048,MLCC_B048,MLCC_X7R,leakage_ua,SIM_X7R_10N_50V,healthy_settling,healthy_settling,False,True,False,,,0.0134992173674,0.0133200775391,False,False,False,0.12,synthetic,True
MLCC_C006075,MLCC_B048,MLCC_X7R,leakage_ua,SIM_X7R_10N_50V,gradual_drift,gradual_drift,True,False,False,0,,0.0512040605692,0.0519541514268,False,False,False,0.12,synthetic,True
MLCC_C006100,MLCC_B048,MLCC_X7R,leakage_ua,SIM_X7R_10N_50V,tester_channel_fault,ordinary_noise,False,False,True,,72,0.0909922280106,0.0168052060658,False,False,False,0.12,synthetic,True
MLCC_C006117,MLCC_B048,MLCC_X7R,leakage_ua,SIM_X7R_10N_50V,ordinary_noise,ordinary_noise,False,True,False,,,0.00924379240888,0.0114847496144,False,False,False,0.12,synthetic,True
MLCC_C006405,MLCC_B048,MLCC_X7R,leakage_ua,SIM_X7R_10N_50V,healthy_settling,healthy_settling,False,True,False,,,0.0269997450799,0.0269854879004,False,False,False,0.12,synthetic,True
MLCC_C006477,MLCC_B048,MLCC_X7R,leakage_ua,SIM_X7R_10N_50V,ordinary_noise,ordinary_noise,False,True,False,,,0.0124115829261,0.0128343001294,False,False,False,0.12,synthetic,True
MLCC_C006537,MLCC_B048,MLCC_X7R,leakage_ua,SIM_X7R_10N_50V,gradual_drift,gradual_drift,True,False,False,12,,0.124020232594,0.123306939298,True,True,True,0.12,synthetic,True
MLCC_C006692,MLCC_B048,MLCC_X7R,leakage_ua,SIM_X7R_10N_50V,healthy_settling,healthy_settling,False,True,False,,,0.0165393709743,0.0165280574545,False,False,False,0.12,synthetic,True
MLCC_C006751,MLCC_B048,MLCC_X7R,leakage_ua,SIM_X7R_10N_50V,moisture_associated_history,moisture_associated_history,True,False,False,12,,0.0495397893211,0.0511766706768,False,False,False,0.12,synthetic,True
MLCC_C006784,MLCC_B048,MLCC_X7R,leakage_ua,SIM_X7R_10N_50V,healthy_settling,healthy_settling,False,True,False,,,0.0125890981869,0.0117568687748,False,False,False,0.12,synthetic,True
MLCC_C006882,MLCC_B048,MLCC_X7R,leakage_ua,SIM_X7R_10N_50V,healthy_settling,healthy_settling,False,True,False,,,0.0129374807922,0.0128757552415,False,False,False,0.12,synthetic,True
MLCC_C006933,MLCC_B048,MLCC_X7R,leakage_ua,SIM_X7R_10N_50V,healthy_settling,healthy_settling,False,True,False,,,0.0104207168976,0.0106206818645,False,False,False,0.12,synthetic,True
MLCC_C006976,MLCC_B048,MLCC_X7R,leakage_ua,SIM_X7R_10N_50V,ordinary_noise,ordinary_noise,False,True,False,,,0.0155927738442,0.0146577958872,False,False,False,0.12,synthetic,True
MLCC_C007015,MLCC_B048,MLCC_X7R,leakage_ua,SIM_X7R_10N_50V,healthy_settling,healthy_settling,False,True,False,,,0.00796673536271,0.00834713520033,False,False,False,0.12,synthetic,True
MLCC_C007017,MLCC_B048,MLCC_X7R,leakage_ua,SIM_X7R_10N_50V,ordinary_noise,ordinary_noise,False,True,False,,,0.012593649299,0.0134191905462,False,False,False,0.12,synthetic,True
MLCC_C007067,MLCC_B048,MLCC_X7R,leakage_ua,SIM_X7R_10N_50V,healthy_settling,healthy_settling,False,True,False,,,0.0192595853055,0.0191074341423,False,False,False,0.12,synthetic,True
MLCC_C007187,MLCC_B048,MLCC_X7R,leakage_ua,SIM_X7R_10N_50V,healthy_settling,healthy_settling,False,True,False,,,0.0147966170993,0.0147014438381,False,False,False,0.12,synthetic,True
MLCC_C007272,MLCC_B048,MLCC_X7R,leakage_ua,SIM_X7R_10N_50V,late_abrupt_onset,late_abrupt_onset,True,False,False,96,,0.0906352472854,0.087622920264,False,False,False,0.12,synthetic,True
MLCC_C007356,MLCC_B048,MLCC_X7R,leakage_ua,SIM_X7R_10N_50V,healthy_settling,healthy_settling,False,True,False,,,0.00975434992704,0.0096958171748,False,False,False,0.12,synthetic,True
MLCC_C007415,MLCC_B048,MLCC_X7R,leakage_ua,SIM_X7R_10N_50V,gradual_drift,gradual_drift,True,False,False,6,,0.149185298478,0.14485953435,True,True,True,0.12,synthetic,True
MLCC_C007416,MLCC_B048,MLCC_X7R,leakage_ua,SIM_X7R_10N_50V,healthy_settling,healthy_settling,False,True,False,,,0.00919968239278,0.00912576841724,False,False,False,0.12,synthetic,True
MLCC_C007442,MLCC_B048,MLCC_X7R,leakage_ua,SIM_X7R_10N_50V,healthy_settling,healthy_settling,False,True,False,,,0.0119689024044,0.0118658431611,False,False,False,0.12,synthetic,True
MLCC_C007447,MLCC_B048,MLCC_X7R,leakage_ua,SIM_X7R_10N_50V,healthy_settling,healthy_settling,False,True,False,,,0.015123971214,0.0149056121006,False,False,False,0.12,synthetic,True
MLCC_C007523,MLCC_B048,MLCC_X7R,leakage_ua,SIM_X7R_10N_50V,gradual_drift,gradual_drift,True,False,False,12,,0.188750401645,0.190942361784,True,True,True,0.12,synthetic,True
MLCC_C007573,MLCC_B048,MLCC_X7R,leakage_ua,SIM_X7R_10N_50V,healthy_settling,healthy_settling,False,True,False,,,0.0112581463676,0.0109553138427,False,False,False,0.12,synthetic,True
MLCC_C007654,MLCC_B048,MLCC_X7R,leakage_ua,SIM_X7R_10N_50V,healthy_settling,healthy_settling,False,True,False,,,0.0117184652549,0.0118368759179,False,False,False,0.12,synthetic,True
MLCC_C007684,MLCC_B048,MLCC_X7R,leakage_ua,SIM_X7R_10N_50V,late_abrupt_onset,late_abrupt_onset,True,False,False,48,,0.0589414814622,0.0561622999754,False,False,False,0.12,synthetic,True
MLCC_C007700,MLCC_B048,MLCC_X7R,leakage_ua,SIM_X7R_10N_50V,healthy_settling,healthy_settling,False,True,False,,,0.0149116267394,0.014452078018,False,False,False,0.12,synthetic,True
MLCC_C007744,MLCC_B048,MLCC_X7R,leakage_ua,SIM_X7R_10N_50V,healthy_settling,healthy_settling,False,True,False,,,0.0138526405295,0.0145182420156,False,False,False,0.12,synthetic,True
MLCC_C007745,MLCC_B048,MLCC_X7R,leakage_ua,SIM_X7R_10N_50V,moisture_associated_history,moisture_associated_history,True,False,False,0,,0.317728833869,0.319115806645,True,True,True,0.12,synthetic,True
MLCC_C007772,MLCC_B048,MLCC_X7R,leakage_ua,SIM_X7R_10N_50V,healthy_settling,healthy_settling,False,True,False,,,0.0086935503014,0.00898669167726,False,False,False,0.12,synthetic,True
MLCC_C007778,MLCC_B048,MLCC_X7R,leakage_ua,SIM_X7R_10N_50V,late_abrupt_onset,late_abrupt_onset,True,False,False,96,,0.0837645209545,0.0849766872748,False,False,False,0.12,synthetic,True
MLCC_C007779,MLCC_B048,MLCC_X7R,leakage_ua,SIM_X7R_10N_50V,healthy_settling,healthy_settling,False,True,False,,,0.0134402069516,0.0137131430174,False,False,False,0.12,synthetic,True
MLCC_C007863,MLCC_B048,MLCC_X7R,leakage_ua,SIM_X7R_10N_50V,healthy_settling,healthy_settling,False,True,False,,,0.0109211004004,0.0106615525427,False,False,False,0.12,synthetic,True
MLCC_C007930,MLCC_B048,MLCC_X7R,leakage_ua,SIM_X7R_10N_50V,late_abrupt_onset,late_abrupt_onset,True,False,False,72,,0.217657207711,0.215196655695,True,True,True,0.12,synthetic,True
MLCC_C007988,MLCC_B048,MLCC_X7R,leakage_ua,SIM_X7R_10N_50V,healthy_settling,healthy_settling,False,True,False,,,0.00920919206896,0.00935080324192,False,False,False,0.12,synthetic,True
MLCC_C008079,MLCC_B048,MLCC_X7R,leakage_ua,SIM_X7R_10N_50V,healthy_settling,healthy_settling,False,True,False,,,0.015118638723,0.0134876632672,False,False,False,0.12,synthetic,True
MLCC_C008082,MLCC_B048,MLCC_X7R,leakage_ua,SIM_X7R_10N_50V,ordinary_noise,ordinary_noise,False,True,False,,,0.0122425211453,0.0133798335585,False,False,False,0.12,synthetic,True
MLCC_C008155,MLCC_B048,MLCC_X7R,leakage_ua,SIM_X7R_10N_50V,tester_channel_fault,ordinary_noise,False,False,True,,72,0.0920069692071,0.014568386623,False,False,False,0.12,synthetic,True
MLCC_C008258,MLCC_B048,MLCC_X7R,leakage_ua,SIM_X7R_10N_50V,accelerating_drift,accelerating_drift,True,False,False,6,,0.153039544066,0.148604818975,True,True,True,0.12,synthetic,True
MLCC_C008279,MLCC_B048,MLCC_X7R,leakage_ua,SIM_X7R_10N_50V,healthy_settling,healthy_settling,False,True,False,,,0.0137901354253,0.0140102333673,False,False,False,0.12,synthetic,True
MLCC_C008305,MLCC_B048,MLCC_X7R,leakage_ua,SIM_X7R_10N_50V,ordinary_noise,ordinary_noise,False,True,False,,,0.0151589026993,0.020119295778,False,False,False,0.12,synthetic,True
MLCC_C008310,MLCC_B048,MLCC_X7R,leakage_ua,SIM_X7R_10N_50V,ordinary_noise,ordinary_noise,False,True,False,,,0.00831621846017,0.00881664581874,False,False,False,0.12,synthetic,True
MLCC_C008314,MLCC_B048,MLCC_X7R,leakage_ua,SIM_X7R_10N_50V,tester_channel_fault,ordinary_noise,False,False,True,,72,0.0919396480581,0.015651543799,False,False,False,0.12,synthetic,True
MLCC_C008332,MLCC_B048,MLCC_X7R,leakage_ua,SIM_X7R_10N_50V,healthy_settling,healthy_settling,False,True,False,,,0.0105973893655,0.0107992669707,False,False,False,0.12,synthetic,True
MLCC_C008361,MLCC_B048,MLCC_X7R,leakage_ua,SIM_X7R_10N_50V,healthy_settling,healthy_settling,False,True,False,,,0.0180364943545,0.0173159225254,False,False,False,0.12,synthetic,True
MLCC_C008380,MLCC_B048,MLCC_X7R,leakage_ua,SIM_X7R_10N_50V,healthy_settling,healthy_settling,False,True,False,,,0.0242545606533,0.0232906340527,False,False,False,0.12,synthetic,True
MLCC_C008394,MLCC_B048,MLCC_X7R,leakage_ua,SIM_X7R_10N_50V,moisture_associated_history,moisture_associated_history,True,False,False,24,,0.0797025198426,0.0776238242015,False,False,False,0.12,synthetic,True
MLCC_C008550,MLCC_B048,MLCC_X7R,leakage_ua,SIM_X7R_10N_50V,gradual_drift,gradual_drift,True,False,False,0,,0.189015578466,0.18240934663,True,True,True,0.12,synthetic,True
MLCC_C008559,MLCC_B048,MLCC_X7R,leakage_ua,SIM_X7R_10N_50V,moisture_associated_history,moisture_associated_history,True,False,False,12,,0.0677259823916,0.0666957759526,False,False,False,0.12,synthetic,True
MLCC_C008591,MLCC_B048,MLCC_X7R,leakage_ua,SIM_X7R_10N_50V,accelerating_drift,accelerating_drift,True,False,False,0,,0.0846209344443,0.0863159405674,False,False,False,0.12,synthetic,True
MLCC_C008604,MLCC_B048,MLCC_X7R,leakage_ua,SIM_X7R_10N_50V,moisture_associated_history,moisture_associated_history,True,False,False,48,,0.0336843241132,0.034173758437,False,False,False,0.12,synthetic,True
MLCC_C008652,MLCC_B048,MLCC_X7R,leakage_ua,SIM_X7R_10N_50V,ordinary_noise,ordinary_noise,False,True,False,,,0.0108959437143,0.010401669696,False,False,False,0.12,synthetic,True
MLCC_C008676,MLCC_B048,MLCC_X7R,leakage_ua,SIM_X7R_10N_50V,healthy_settling,healthy_settling,False,True,False,,,0.0200457704579,0.0208775755304,False,False,False,0.12,synthetic,True
MLCC_C008748,MLCC_B048,MLCC_X7R,leakage_ua,SIM_X7R_10N_50V,healthy_settling,healthy_settling,False,True,False,,,0.0168882549285,0.0181390537823,False,False,False,0.12,synthetic,True
MLCC_C008777,MLCC_B048,MLCC_X7R,leakage_ua,SIM_X7R_10N_50V,healthy_settling,healthy_settling,False,True,False,,,0.0146603506315,0.014605700175,False,False,False,0.12,synthetic,True
MLCC_C008787,MLCC_B048,MLCC_X7R,leakage_ua,SIM_X7R_10N_50V,moisture_associated_history,moisture_associated_history,True,False,False,0,,0.0791539438981,0.0822267530454,False,False,False,0.12,synthetic,True
MLCC_C008793,MLCC_B048,MLCC_X7R,leakage_ua,SIM_X7R_10N_50V,accelerating_drift,accelerating_drift,True,False,False,12,,0.190355144332,0.192772299775,True,True,True,0.12,synthetic,True
MLCC_C008860,MLCC_B048,MLCC_X7R,leakage_ua,SIM_X7R_10N_50V,moisture_associated_history,moisture_associated_history,True,False,False,12,,0.0539120017666,0.0529316679799,False,False,False,0.12,synthetic,True
MLCC_C008931,MLCC_B048,MLCC_X7R,leakage_ua,SIM_X7R_10N_50V,healthy_settling,healthy_settling,False,True,False,,,0.0101917703542,0.0107355589085,False,False,False,0.12,synthetic,True
MLCC_C008952,MLCC_B048,MLCC_X7R,leakage_ua,SIM_X7R_10N_50V,healthy_settling,healthy_settling,False,True,False,,,0.0174604985073,0.0172288229536,False,False,False,0.12,synthetic,True
MLCC_C009077,MLCC_B048,MLCC_X7R,leakage_ua,SIM_X7R_10N_50V,tester_channel_fault,ordinary_noise,False,False,True,,72,0.090747804067,0.012112880932,False,False,False,0.12,synthetic,True
MLCC_C009305,MLCC_B048,MLCC_X7R,leakage_ua,SIM_X7R_10N_50V,healthy_settling,healthy_settling,False,True,False,,,0.0143387874451,0.0145444393743,False,False,False,0.12,synthetic,True
MLCC_C009316,MLCC_B048,MLCC_X7R,leakage_ua,SIM_X7R_10N_50V,healthy_settling,healthy_settling,False,True,False,,,0.0110953018642,0.0111182113139,False,False,False,0.12,synthetic,True
MLCC_C009345,MLCC_B048,MLCC_X7R,leakage_ua,SIM_X7R_10N_50V,healthy_settling,healthy_settling,False,True,False,,,0.0137955137044,0.0139922145906,False,False,False,0.12,synthetic,True
MLCC_C009455,MLCC_B048,MLCC_X7R,leakage_ua,SIM_X7R_10N_50V,ordinary_noise,ordinary_noise,False,True,False,,,0.00818936027083,0.00773220852614,False,False,False,0.12,synthetic,True
MLCC_C009593,MLCC_B048,MLCC_X7R,leakage_ua,SIM_X7R_10N_50V,accelerating_drift,accelerating_drift,True,False,False,12,,0.461865170783,0.479276798201,True,True,True,0.12,synthetic,True
MLCC_C009655,MLCC_B048,MLCC_X7R,leakage_ua,SIM_X7R_10N_50V,healthy_settling,healthy_settling,False,True,False,,,0.0116592707679,0.0118401691843,False,False,False,0.12,synthetic,True
MLCC_C009668,MLCC_B048,MLCC_X7R,leakage_ua,SIM_X7R_10N_50V,ordinary_noise,ordinary_noise,False,True,False,,,0.0119929498268,0.0114274455512,False,False,False,0.12,synthetic,True
MLCC_C009716,MLCC_B048,MLCC_X7R,leakage_ua,SIM_X7R_10N_50V,ordinary_noise,ordinary_noise,False,True,False,,,0.00705191779862,0.00805073895051,False,False,False,0.12,synthetic,True
MLCC_C009745,MLCC_B048,MLCC_X7R,leakage_ua,SIM_X7R_10N_50V,healthy_settling,healthy_settling,False,True,False,,,0.00909052936211,0.00924438362942,False,False,False,0.12,synthetic,True
MLCC_C009811,MLCC_B048,MLCC_X7R,leakage_ua,SIM_X7R_10N_50V,healthy_settling,healthy_settling,False,True,False,,,0.010054034279,0.0103028612422,False,False,False,0.12,synthetic,True
MLCC_C009900,MLCC_B048,MLCC_X7R,leakage_ua,SIM_X7R_10N_50V,healthy_settling,healthy_settling,False,True,False,,,0.0152586624573,0.0158393393375,False,False,False,0.12,synthetic,True
MLCC_C009993,MLCC_B048,MLCC_X7R,leakage_ua,SIM_X7R_10N_50V,accelerating_drift,accelerating_drift,True,False,False,24,,0.200538335767,0.200340360712,True,True,True,0.12,synthetic,True
MLCC_C010076,MLCC_B048,MLCC_X7R,leakage_ua,SIM_X7R_10N_50V,healthy_settling,healthy_settling,False,True,False,,,0.0165050221539,0.0162786728324,False,False,False,0.12,synthetic,True
MLCC_C010083,MLCC_B048,MLCC_X7R,leakage_ua,SIM_X7R_10N_50V,healthy_settling,healthy_settling,False,True,False,,,0.00817938549714,0.00836812197025,False,False,False,0.12,synthetic,True
MLCC_C010086,MLCC_B048,MLCC_X7R,leakage_ua,SIM_X7R_10N_50V,healthy_settling,healthy_settling,False,True,False,,,0.0121467367553,0.0122860881691,False,False,False,0.12,synthetic,True
MLCC_C010109,MLCC_B048,MLCC_X7R,leakage_ua,SIM_X7R_10N_50V,healthy_settling,healthy_settling,False,True,False,,,0.0142517128047,0.0144467169749,False,False,False,0.12,synthetic,True
MLCC_C010205,MLCC_B048,MLCC_X7R,leakage_ua,SIM_X7R_10N_50V,healthy_settling,healthy_settling,False,True,False,,,0.0205321878548,0.0207310998454,False,False,False,0.12,synthetic,True
MLCC_C010246,MLCC_B048,MLCC_X7R,leakage_ua,SIM_X7R_10N_50V,ordinary_noise,ordinary_noise,False,True,False,,,0.0185756619154,0.0211104190306,False,False,False,0.12,synthetic,True
MLCC_C010307,MLCC_B048,MLCC_X7R,leakage_ua,SIM_X7R_10N_50V,healthy_settling,healthy_settling,False,True,False,,,0.00914571196331,0.00920780382014,False,False,False,0.12,synthetic,True
MLCC_C010318,MLCC_B048,MLCC_X7R,leakage_ua,SIM_X7R_10N_50V,gradual_drift,gradual_drift,True,False,False,0,,0.097284846124,0.0956672067015,False,False,False,0.12,synthetic,True
MLCC_C010372,MLCC_B048,MLCC_X7R,leakage_ua,SIM_X7R_10N_50V,healthy_settling,healthy_settling,False,True,False,,,0.0119902607637,0.0124079396106,False,False,False,0.12,synthetic,True
MLCC_C010480,MLCC_B048,MLCC_X7R,leakage_ua,SIM_X7R_10N_50V,intermittent_leakage,intermittent_leakage,True,False,False,6,,0.129890271755,0.128025422037,True,True,True,0.12,synthetic,True
MLCC_C010552,MLCC_B048,MLCC_X7R,leakage_ua,SIM_X7R_10N_50V,late_abrupt_onset,late_abrupt_onset,True,False,False,120,,0.135018070128,0.133800335259,True,True,True,0.12,synthetic,True
MLCC_C010571,MLCC_B048,MLCC_X7R,leakage_ua,SIM_X7R_10N_50V,ordinary_noise,ordinary_noise,False,True,False,,,0.00982889277789,0.0102510816815,False,False,False,0.12,synthetic,True
MLCC_C010611,MLCC_B048,MLCC_X7R,leakage_ua,SIM_X7R_10N_50V,healthy_settling,healthy_settling,False,True,False,,,0.0222693626603,0.0221993171169,False,False,False,0.12,synthetic,True
MLCC_C010660,MLCC_B048,MLCC_X7R,leakage_ua,SIM_X7R_10N_50V,healthy_settling,healthy_settling,False,True,False,,,0.00881870858553,0.00916808774485,False,False,False,0.12,synthetic,True
MLCC_C010666,MLCC_B048,MLCC_X7R,leakage_ua,SIM_X7R_10N_50V,accelerating_drift,accelerating_drift,True,False,False,6,,0.0848645182627,0.0817665468284,False,False,False,0.12,synthetic,True
MLCC_C010671,MLCC_B048,MLCC_X7R,leakage_ua,SIM_X7R_10N_50V,healthy_settling,healthy_settling,False,True,False,,,0.0106816050938,0.0107429086011,False,False,False,0.12,synthetic,True
MLCC_C010684,MLCC_B048,MLCC_X7R,leakage_ua,SIM_X7R_10N_50V,healthy_settling,healthy_settling,False,True,False,,,0.0126658469049,0.0121046158361,False,False,False,0.12,synthetic,True
MLCC_C010736,MLCC_B048,MLCC_X7R,leakage_ua,SIM_X7R_10N_50V,accelerating_drift,accelerating_drift,True,False,False,6,,0.120248641446,0.121021275344,True,True,True,0.12,synthetic,True
MLCC_C010786,MLCC_B048,MLCC_X7R,leakage_ua,SIM_X7R_10N_50V,healthy_settling,healthy_settling,False,True,False,,,0.015570509184,0.0162715418073,False,False,False,0.12,synthetic,True
MLCC_C010870,MLCC_B048,MLCC_X7R,leakage_ua,SIM_X7R_10N_50V,healthy_settling,healthy_settling,False,True,False,,,0.0137391843383,0.0144346802164,False,False,False,0.12,synthetic,True
MLCC_C010921,MLCC_B048,MLCC_X7R,leakage_ua,SIM_X7R_10N_50V,healthy_settling,healthy_settling,False,True,False,,,0.0149018615024,0.01528426374,False,False,False,0.12,synthetic,True
MLCC_C010935,MLCC_B048,MLCC_X7R,leakage_ua,SIM_X7R_10N_50V,healthy_settling,healthy_settling,False,True,False,,,0.0250500909439,0.0261584632271,False,False,False,0.12,synthetic,True
MLCC_C010981,MLCC_B048,MLCC_X7R,leakage_ua,SIM_X7R_10N_50V,ordinary_noise,ordinary_noise,False,True,False,,,0.0106583001739,0.0111534052456,False,False,False,0.12,synthetic,True
MLCC_C010988,MLCC_B048,MLCC_X7R,leakage_ua,SIM_X7R_10N_50V,ordinary_noise,ordinary_noise,False,True,False,,,0.00862590349353,0.00792175651651,False,False,False,0.12,synthetic,True
MLCC_C010999,MLCC_B048,MLCC_X7R,leakage_ua,SIM_X7R_10N_50V,healthy_settling,healthy_settling,False,True,False,,,0.0104366087553,0.0104149182496,False,False,False,0.12,synthetic,True
MLCC_C011035,MLCC_B048,MLCC_X7R,leakage_ua,SIM_X7R_10N_50V,healthy_settling,healthy_settling,False,True,False,,,0.0122081892209,0.0129726929149,False,False,False,0.12,synthetic,True
MLCC_C011054,MLCC_B048,MLCC_X7R,leakage_ua,SIM_X7R_10N_50V,ordinary_noise,ordinary_noise,False,True,False,,,0.0131260516578,0.0128980283671,False,False,False,0.12,synthetic,True
MLCC_C011126,MLCC_B048,MLCC_X7R,leakage_ua,SIM_X7R_10N_50V,gradual_drift,gradual_drift,True,False,False,0,,0.235736766397,0.23114137731,True,True,True,0.12,synthetic,True
MLCC_C011296,MLCC_B048,MLCC_X7R,leakage_ua,SIM_X7R_10N_50V,healthy_settling,healthy_settling,False,True,False,,,0.0243875042391,0.0244183587275,False,False,False,0.12,synthetic,True
MLCC_C011425,MLCC_B048,MLCC_X7R,leakage_ua,SIM_X7R_10N_50V,intermittent_leakage,intermittent_leakage,True,False,False,6,,0.0154263348239,0.0152420887012,False,False,True,0.12,synthetic,True
MLCC_C011544,MLCC_B048,MLCC_X7R,leakage_ua,SIM_X7R_10N_50V,tester_channel_fault,healthy_settling,False,False,True,,72,0.088089709867,0.010861199136,False,False,False,0.12,synthetic,True
MLCC_C011623,MLCC_B048,MLCC_X7R,leakage_ua,SIM_X7R_10N_50V,tester_channel_fault,healthy_settling,False,False,True,,72,0.0960061254268,0.0187264980032,False,False,False,0.12,synthetic,True
MLCC_C011631,MLCC_B048,MLCC_X7R,leakage_ua,SIM_X7R_10N_50V,accelerating_drift,accelerating_drift,True,False,False,0,,0.135179219667,0.138248168539,True,True,True,0.12,synthetic,True
MLCC_C011633,MLCC_B048,MLCC_X7R,leakage_ua,SIM_X7R_10N_50V,ordinary_noise,ordinary_noise,False,True,False,,,0.0115521402908,0.0110628927491,False,False,False,0.12,synthetic,True
MLCC_C011778,MLCC_B048,MLCC_X7R,leakage_ua,SIM_X7R_10N_50V,healthy_settling,healthy_settling,False,True,False,,,0.0104826634734,0.0107291676549,False,False,False,0.12,synthetic,True
MLCC_C011850,MLCC_B048,MLCC_X7R,leakage_ua,SIM_X7R_10N_50V,gradual_drift,gradual_drift,True,False,True,0,72,0.141122855328,0.0676272418957,False,True,False,0.12,synthetic,True
MLCC_C011852,MLCC_B048,MLCC_X7R,leakage_ua,SIM_X7R_10N_50V,healthy_settling,healthy_settling,False,True,False,,,0.0100268229754,0.0098666322162,False,False,False,0.12,synthetic,True
MLCC_C011857,MLCC_B048,MLCC_X7R,leakage_ua,SIM_X7R_10N_50V,gradual_drift,gradual_drift,True,False,False,12,,0.0746858807838,0.0712893979496,False,False,False,0.12,synthetic,True
MLCC_C011965,MLCC_B048,MLCC_X7R,leakage_ua,SIM_X7R_10N_50V,late_abrupt_onset,late_abrupt_onset,True,False,False,48,,0.0620997490569,0.0626220778816,False,False,False,0.12,synthetic,True
MLCC_C000230,MLCC_B052,MLCC_X7R,leakage_ua,SIM_X7R_1U_25V,ordinary_noise,ordinary_noise,False,True,False,,,0.10566273348,0.115361076679,False,False,False,0.7,synthetic,True
MLCC_C000301,MLCC_B052,MLCC_X7R,leakage_ua,SIM_X7R_1U_25V,healthy_settling,healthy_settling,False,True,False,,,0.126640047077,0.129811210257,False,False,False,0.7,synthetic,True
MLCC_C000313,MLCC_B052,MLCC_X7R,leakage_ua,SIM_X7R_1U_25V,healthy_settling,healthy_settling,False,True,False,,,0.0988921333863,0.0984150555175,False,False,False,0.7,synthetic,True
MLCC_C000417,MLCC_B052,MLCC_X7R,leakage_ua,SIM_X7R_1U_25V,healthy_settling,healthy_settling,False,True,False,,,0.110821685352,0.106541434927,False,False,False,0.7,synthetic,True
MLCC_C000429,MLCC_B052,MLCC_X7R,leakage_ua,SIM_X7R_1U_25V,healthy_settling,healthy_settling,False,True,False,,,0.0599803305981,0.0605967192341,False,False,False,0.7,synthetic,True
MLCC_C000473,MLCC_B052,MLCC_X7R,leakage_ua,SIM_X7R_1U_25V,healthy_settling,healthy_settling,False,True,False,,,0.0948566490965,0.0977062653454,False,False,False,0.7,synthetic,True
MLCC_C000568,MLCC_B052,MLCC_X7R,leakage_ua,SIM_X7R_1U_25V,healthy_settling,healthy_settling,False,True,False,,,0.0658845626343,0.064259687329,False,False,False,0.7,synthetic,True
MLCC_C000623,MLCC_B052,MLCC_X7R,leakage_ua,SIM_X7R_1U_25V,healthy_settling,healthy_settling,False,True,False,,,0.0591585889183,0.0609442663113,False,False,False,0.7,synthetic,True
MLCC_C000689,MLCC_B052,MLCC_X7R,leakage_ua,SIM_X7R_1U_25V,tester_channel_fault,healthy_settling,False,False,True,,72,0.747715400455,0.0648110259495,False,True,False,0.7,synthetic,True
MLCC_C000743,MLCC_B052,MLCC_X7R,leakage_ua,SIM_X7R_1U_25V,healthy_settling,healthy_settling,False,True,False,,,0.0935744773024,0.0976260209874,False,False,False,0.7,synthetic,True
MLCC_C000781,MLCC_B052,MLCC_X7R,leakage_ua,SIM_X7R_1U_25V,healthy_settling,healthy_settling,False,True,False,,,0.0654397206267,0.0642015033162,False,False,False,0.7,synthetic,True
MLCC_C000861,MLCC_B052,MLCC_X7R,leakage_ua,SIM_X7R_1U_25V,accelerating_drift,accelerating_drift,True,False,False,6,,3.22202885655,3.43353491473,True,True,True,0.7,synthetic,True
MLCC_C000867,MLCC_B052,MLCC_X7R,leakage_ua,SIM_X7R_1U_25V,healthy_settling,healthy_settling,False,True,False,,,0.0485133844334,0.0473750960661,False,False,False,0.7,synthetic,True
MLCC_C000892,MLCC_B052,MLCC_X7R,leakage_ua,SIM_X7R_1U_25V,healthy_settling,healthy_settling,False,True,False,,,0.111679440678,0.107294288974,False,False,False,0.7,synthetic,True
MLCC_C000926,MLCC_B052,MLCC_X7R,leakage_ua,SIM_X7R_1U_25V,healthy_settling,healthy_settling,False,True,False,,,0.0860349537955,0.0852266629647,False,False,False,0.7,synthetic,True
MLCC_C000931,MLCC_B052,MLCC_X7R,leakage_ua,SIM_X7R_1U_25V,healthy_settling,healthy_settling,False,True,False,,,0.124853435341,0.126153350797,False,False,False,0.7,synthetic,True
MLCC_C001008,MLCC_B052,MLCC_X7R,leakage_ua,SIM_X7R_1U_25V,gradual_drift,gradual_drift,True,False,False,6,,0.152859507777,0.153363625735,False,False,False,0.7,synthetic,True
MLCC_C001037,MLCC_B052,MLCC_X7R,leakage_ua,SIM_X7R_1U_25V,late_abrupt_onset,late_abrupt_onset,True,False,False,72,,0.514366836552,0.5087106536,False,False,False,0.7,synthetic,True
MLCC_C001096,MLCC_B052,MLCC_X7R,leakage_ua,SIM_X7R_1U_25V,late_abrupt_onset,late_abrupt_onset,True,False,False,144,,0.479214735641,0.481571398864,False,False,False,0.7,synthetic,True
MLCC_C001150,MLCC_B052,MLCC_X7R,leakage_ua,SIM_X7R_1U_25V,healthy_settling,healthy_settling,False,True,False,,,0.0785600254033,0.0807158044914,False,False,False,0.7,synthetic,True
MLCC_C001161,MLCC_B052,MLCC_X7R,leakage_ua,SIM_X7R_1U_25V,healthy_settling,healthy_settling,False,True,False,,,0.0623009534637,0.0645174583213,False,False,False,0.7,synthetic,True
MLCC_C001185,MLCC_B052,MLCC_X7R,leakage_ua,SIM_X7R_1U_25V,healthy_settling,healthy_settling,False,True,False,,,0.0801206964905,0.0783889617634,False,False,False,0.7,synthetic,True
MLCC_C001242,MLCC_B052,MLCC_X7R,leakage_ua,SIM_X7R_1U_25V,healthy_settling,healthy_settling,False,True,False,,,0.104081775154,0.104203056364,False,False,False,0.7,synthetic,True
MLCC_C001345,MLCC_B052,MLCC_X7R,leakage_ua,SIM_X7R_1U_25V,ordinary_noise,ordinary_noise,False,True,False,,,0.13582004907,0.134040219687,False,False,False,0.7,synthetic,True
MLCC_C001450,MLCC_B052,MLCC_X7R,leakage_ua,SIM_X7R_1U_25V,gradual_drift,gradual_drift,True,False,False,12,,0.794710674183,0.798480532267,True,True,True,0.7,synthetic,True
MLCC_C001541,MLCC_B052,MLCC_X7R,leakage_ua,SIM_X7R_1U_25V,healthy_settling,healthy_settling,False,True,False,,,0.155846301029,0.154934769018,False,False,False,0.7,synthetic,True
MLCC_C001562,MLCC_B052,MLCC_X7R,leakage_ua,SIM_X7R_1U_25V,healthy_settling,healthy_settling,False,True,False,,,0.0508763971452,0.051361949557,False,False,False,0.7,synthetic,True
MLCC_C001604,MLCC_B052,MLCC_X7R,leakage_ua,SIM_X7R_1U_25V,healthy_settling,healthy_settling,False,True,False,,,0.061652278876,0.0640014153234,False,False,False,0.7,synthetic,True
MLCC_C001621,MLCC_B052,MLCC_X7R,leakage_ua,SIM_X7R_1U_25V,ordinary_noise,ordinary_noise,False,True,False,,,0.0515845769312,0.0489366807953,False,False,False,0.7,synthetic,True
MLCC_C001691,MLCC_B052,MLCC_X7R,leakage_ua,SIM_X7R_1U_25V,tester_channel_fault,healthy_settling,False,False,True,,72,0.746232815954,0.0599272563306,False,True,False,0.7,synthetic,True
MLCC_C001704,MLCC_B052,MLCC_X7R,leakage_ua,SIM_X7R_1U_25V,ordinary_noise,ordinary_noise,False,True,False,,,0.0966693005148,0.0938303432223,False,False,False,0.7,synthetic,True
MLCC_C001715,MLCC_B052,MLCC_X7R,leakage_ua,SIM_X7R_1U_25V,healthy_settling,healthy_settling,False,True,False,,,0.127008899566,0.129787163292,False,False,False,0.7,synthetic,True
MLCC_C001748,MLCC_B052,MLCC_X7R,leakage_ua,SIM_X7R_1U_25V,healthy_settling,healthy_settling,False,True,False,,,0.0656897584185,0.0660111567614,False,False,False,0.7,synthetic,True
MLCC_C001778,MLCC_B052,MLCC_X7R,leakage_ua,SIM_X7R_1U_25V,accelerating_drift,accelerating_drift,True,False,False,12,,0.144515611176,0.148279959425,False,False,False,0.7,synthetic,True
MLCC_C001864,MLCC_B052,MLCC_X7R,leakage_ua,SIM_X7R_1U_25V,healthy_settling,healthy_settling,False,True,False,,,0.11149462808,0.109210286633,False,False,False,0.7,synthetic,True
MLCC_C001960,MLCC_B052,MLCC_X7R,leakage_ua,SIM_X7R_1U_25V,healthy_settling,healthy_settling,False,True,False,,,0.0753822139031,0.0702587120462,False,False,False,0.7,synthetic,True
MLCC_C002147,MLCC_B052,MLCC_X7R,leakage_ua,SIM_X7R_1U_25V,ordinary_noise,ordinary_noise,False,True,False,,,0.103084672024,0.10163005459,False,False,False,0.7,synthetic,True
MLCC_C002211,MLCC_B052,MLCC_X7R,leakage_ua,SIM_X7R_1U_25V,healthy_settling,healthy_settling,False,True,False,,,0.0638759952475,0.0629045938388,False,False,False,0.7,synthetic,True
MLCC_C002365,MLCC_B052,MLCC_X7R,leakage_ua,SIM_X7R_1U_25V,ordinary_noise,ordinary_noise,False,True,False,,,0.0772166413323,0.0872907476336,False,False,False,0.7,synthetic,True
MLCC_C002374,MLCC_B052,MLCC_X7R,leakage_ua,SIM_X7R_1U_25V,healthy_settling,healthy_settling,False,True,False,,,0.0678705629328,0.0684037299063,False,False,False,0.7,synthetic,True
MLCC_C002415,MLCC_B052,MLCC_X7R,leakage_ua,SIM_X7R_1U_25V,moisture_associated_history,moisture_associated_history,True,False,False,6,,0.340174105196,0.334708719155,False,False,False,0.7,synthetic,True
MLCC_C002420,MLCC_B052,MLCC_X7R,leakage_ua,SIM_X7R_1U_25V,gradual_drift,gradual_drift,True,False,False,12,,0.73695062616,0.706793583333,True,True,True,0.7,synthetic,True
MLCC_C002440,MLCC_B052,MLCC_X7R,leakage_ua,SIM_X7R_1U_25V,healthy_settling,healthy_settling,False,True,False,,,0.137313234513,0.134621395149,False,False,False,0.7,synthetic,True
MLCC_C002445,MLCC_B052,MLCC_X7R,leakage_ua,SIM_X7R_1U_25V,healthy_settling,healthy_settling,False,True,False,,,0.0701974131007,0.0679160003767,False,False,False,0.7,synthetic,True
MLCC_C002510,MLCC_B052,MLCC_X7R,leakage_ua,SIM_X7R_1U_25V,healthy_settling,healthy_settling,False,True,False,,,0.0485950643584,0.0519109427478,False,False,False,0.7,synthetic,True
MLCC_C002543,MLCC_B052,MLCC_X7R,leakage_ua,SIM_X7R_1U_25V,tester_channel_fault,healthy_settling,False,False,True,,72,0.808920904164,0.121880748726,False,True,False,0.7,synthetic,True
MLCC_C002562,MLCC_B052,MLCC_X7R,leakage_ua,SIM_X7R_1U_25V,healthy_settling,healthy_settling,False,True,False,,,0.0742928046838,0.080939683135,False,False,False,0.7,synthetic,True
MLCC_C002589,MLCC_B052,MLCC_X7R,leakage_ua,SIM_X7R_1U_25V,late_abrupt_onset,late_abrupt_onset,True,False,False,72,,0.431165461522,0.430288673629,False,False,False,0.7,synthetic,True
MLCC_C002687,MLCC_B052,MLCC_X7R,leakage_ua,SIM_X7R_1U_25V,ordinary_noise,ordinary_noise,False,True,False,,,0.0899819306748,0.0844982232886,False,False,False,0.7,synthetic,True
MLCC_C002731,MLCC_B052,MLCC_X7R,leakage_ua,SIM_X7R_1U_25V,healthy_settling,healthy_settling,False,True,False,,,0.10939564332,0.108036761102,False,False,False,0.7,synthetic,True
MLCC_C002754,MLCC_B052,MLCC_X7R,leakage_ua,SIM_X7R_1U_25V,moisture_associated_history,moisture_associated_history,True,False,False,48,,0.25208318439,0.242918811565,False,False,False,0.7,synthetic,True
MLCC_C002801,MLCC_B052,MLCC_X7R,leakage_ua,SIM_X7R_1U_25V,healthy_settling,healthy_settling,False,True,False,,,0.0944790131327,0.0913014926948,False,False,False,0.7,synthetic,True
MLCC_C002832,MLCC_B052,MLCC_X7R,leakage_ua,SIM_X7R_1U_25V,healthy_settling,healthy_settling,False,True,False,,,0.152756278224,0.153476464004,False,False,False,0.7,synthetic,True
MLCC_C002876,MLCC_B052,MLCC_X7R,leakage_ua,SIM_X7R_1U_25V,ordinary_noise,ordinary_noise,False,True,False,,,0.127542340216,0.109612826816,False,False,False,0.7,synthetic,True
MLCC_C002887,MLCC_B052,MLCC_X7R,leakage_ua,SIM_X7R_1U_25V,moisture_associated_history,moisture_associated_history,True,False,False,12,,0.703671767598,0.686877864212,False,True,False,0.7,synthetic,True
MLCC_C002904,MLCC_B052,MLCC_X7R,leakage_ua,SIM_X7R_1U_25V,healthy_settling,healthy_settling,False,True,False,,,0.131305343183,0.13290213289,False,False,False,0.7,synthetic,True
MLCC_C002950,MLCC_B052,MLCC_X7R,leakage_ua,SIM_X7R_1U_25V,healthy_settling,healthy_settling,False,True,False,,,0.0845381508009,0.086295621069,False,False,False,0.7,synthetic,True
MLCC_C002974,MLCC_B052,MLCC_X7R,leakage_ua,SIM_X7R_1U_25V,healthy_settling,healthy_settling,False,True,False,,,0.0805044704225,0.0798438219933,False,False,False,0.7,synthetic,True
MLCC_C003027,MLCC_B052,MLCC_X7R,leakage_ua,SIM_X7R_1U_25V,healthy_settling,healthy_settling,False,True,False,,,0.0734574671785,0.0729233304917,False,False,False,0.7,synthetic,True
MLCC_C003060,MLCC_B052,MLCC_X7R,leakage_ua,SIM_X7R_1U_25V,ordinary_noise,ordinary_noise,False,True,False,,,0.0667271481253,0.0612557749021,False,False,False,0.7,synthetic,True
MLCC_C003263,MLCC_B052,MLCC_X7R,leakage_ua,SIM_X7R_1U_25V,ordinary_noise,ordinary_noise,False,True,False,,,0.109165776246,0.108329545663,False,False,False,0.7,synthetic,True
MLCC_C003449,MLCC_B052,MLCC_X7R,leakage_ua,SIM_X7R_1U_25V,healthy_settling,healthy_settling,False,True,False,,,0.147487287323,0.153016484114,False,False,False,0.7,synthetic,True
MLCC_C003560,MLCC_B052,MLCC_X7R,leakage_ua,SIM_X7R_1U_25V,healthy_settling,healthy_settling,False,True,False,,,0.069787023321,0.0703488840946,False,False,False,0.7,synthetic,True
MLCC_C003573,MLCC_B052,MLCC_X7R,leakage_ua,SIM_X7R_1U_25V,healthy_settling,healthy_settling,False,True,False,,,0.0683808585636,0.0750138013324,False,False,False,0.7,synthetic,True
MLCC_C003594,MLCC_B052,MLCC_X7R,leakage_ua,SIM_X7R_1U_25V,healthy_settling,healthy_settling,False,True,False,,,0.0972169523237,0.0981185196,False,False,False,0.7,synthetic,True
MLCC_C003723,MLCC_B052,MLCC_X7R,leakage_ua,SIM_X7R_1U_25V,healthy_settling,healthy_settling,False,True,False,,,0.130036960052,0.133617717699,False,False,False,0.7,synthetic,True
MLCC_C003743,MLCC_B052,MLCC_X7R,leakage_ua,SIM_X7R_1U_25V,healthy_settling,healthy_settling,False,True,False,,,0.0979851409076,0.0950996154291,False,False,False,0.7,synthetic,True
MLCC_C003848,MLCC_B052,MLCC_X7R,leakage_ua,SIM_X7R_1U_25V,healthy_settling,healthy_settling,False,True,False,,,0.124572310698,0.125711916573,False,False,False,0.7,synthetic,True
MLCC_C003850,MLCC_B052,MLCC_X7R,leakage_ua,SIM_X7R_1U_25V,healthy_settling,healthy_settling,False,True,False,,,0.101769717002,0.101327185015,False,False,False,0.7,synthetic,True
MLCC_C003891,MLCC_B052,MLCC_X7R,leakage_ua,SIM_X7R_1U_25V,accelerating_drift,accelerating_drift,True,False,False,24,,0.842406873994,0.8473398629,True,True,True,0.7,synthetic,True
MLCC_C003949,MLCC_B052,MLCC_X7R,leakage_ua,SIM_X7R_1U_25V,healthy_settling,healthy_settling,False,True,False,,,0.161617430633,0.150422947797,False,False,False,0.7,synthetic,True
MLCC_C004069,MLCC_B052,MLCC_X7R,leakage_ua,SIM_X7R_1U_25V,ordinary_noise,ordinary_noise,False,True,False,,,0.0755280970358,0.0783047611709,False,False,False,0.7,synthetic,True
MLCC_C004131,MLCC_B052,MLCC_X7R,leakage_ua,SIM_X7R_1U_25V,healthy_settling,healthy_settling,False,True,False,,,0.102217965223,0.102002164443,False,False,False,0.7,synthetic,True
MLCC_C004136,MLCC_B052,MLCC_X7R,leakage_ua,SIM_X7R_1U_25V,healthy_settling,healthy_settling,False,True,False,,,0.0712890485184,0.0718824813534,False,False,False,0.7,synthetic,True
MLCC_C004240,MLCC_B052,MLCC_X7R,leakage_ua,SIM_X7R_1U_25V,healthy_settling,healthy_settling,False,True,False,,,0.0733710918681,0.0731215871666,False,False,False,0.7,synthetic,True
MLCC_C004350,MLCC_B052,MLCC_X7R,leakage_ua,SIM_X7R_1U_25V,healthy_settling,healthy_settling,False,True,False,,,0.0932975325981,0.0933459590481,False,False,False,0.7,synthetic,True
MLCC_C004431,MLCC_B052,MLCC_X7R,leakage_ua,SIM_X7R_1U_25V,ordinary_noise,ordinary_noise,False,True,False,,,0.134978587958,0.137875322472,False,False,False,0.7,synthetic,True
MLCC_C004583,MLCC_B052,MLCC_X7R,leakage_ua,SIM_X7R_1U_25V,healthy_settling,healthy_settling,False,True,False,,,0.124922706909,0.135729203348,False,False,False,0.7,synthetic,True
MLCC_C004610,MLCC_B052,MLCC_X7R,leakage_ua,SIM_X7R_1U_25V,healthy_settling,healthy_settling,False,True,False,,,0.0607688005077,0.0582600028014,False,False,False,0.7,synthetic,True
MLCC_C004684,MLCC_B052,MLCC_X7R,leakage_ua,SIM_X7R_1U_25V,healthy_settling,healthy_settling,False,True,False,,,0.129255031217,0.132167184185,False,False,False,0.7,synthetic,True
MLCC_C004840,MLCC_B052,MLCC_X7R,leakage_ua,SIM_X7R_1U_25V,late_abrupt_onset,late_abrupt_onset,True,False,False,144,,0.351333015775,0.363963851361,False,False,False,0.7,synthetic,True
MLCC_C004912,MLCC_B052,MLCC_X7R,leakage_ua,SIM_X7R_1U_25V,healthy_settling,healthy_settling,False,True,False,,,0.154518896747,0.15840441586,False,False,False,0.7,synthetic,True
MLCC_C004929,MLCC_B052,MLCC_X7R,leakage_ua,SIM_X7R_1U_25V,gradual_drift,gradual_drift,True,False,False,6,,0.684464908872,0.678487765066,False,False,False,0.7,synthetic,True
MLCC_C004944,MLCC_B052,MLCC_X7R,leakage_ua,SIM_X7R_1U_25V,healthy_settling,healthy_settling,False,True,False,,,0.0466291637913,0.046610402447,False,False,False,0.7,synthetic,True
MLCC_C005081,MLCC_B052,MLCC_X7R,leakage_ua,SIM_X7R_1U_25V,ordinary_noise,ordinary_noise,False,True,False,,,0.0678784846135,0.0702804638746,False,False,False,0.7,synthetic,True
MLCC_C005087,MLCC_B052,MLCC_X7R,leakage_ua,SIM_X7R_1U_25V,healthy_settling,healthy_settling,False,True,False,,,0.11835397701,0.118015226785,False,False,False,0.7,synthetic,True
MLCC_C005170,MLCC_B052,MLCC_X7R,leakage_ua,SIM_X7R_1U_25V,intermittent_leakage,intermittent_leakage,True,False,False,6,,0.0718716221724,0.0690724885042,False,False,False,0.7,synthetic,True
MLCC_C005220,MLCC_B052,MLCC_X7R,leakage_ua,SIM_X7R_1U_25V,healthy_settling,healthy_settling,False,True,False,,,0.13210920038,0.136930220594,False,False,False,0.7,synthetic,True
MLCC_C005261,MLCC_B052,MLCC_X7R,leakage_ua,SIM_X7R_1U_25V,healthy_settling,healthy_settling,False,True,False,,,0.108723141965,0.108131045907,False,False,False,0.7,synthetic,True
MLCC_C005346,MLCC_B052,MLCC_X7R,leakage_ua,SIM_X7R_1U_25V,intermittent_leakage,intermittent_leakage,True,False,False,12,,0.403767828634,0.392468673454,False,False,False,0.7,synthetic,True
MLCC_C005386,MLCC_B052,MLCC_X7R,leakage_ua,SIM_X7R_1U_25V,ordinary_noise,ordinary_noise,False,True,False,,,0.0747261454356,0.0774367030255,False,False,False,0.7,synthetic,True
MLCC_C005439,MLCC_B052,MLCC_X7R,leakage_ua,SIM_X7R_1U_25V,intermittent_leakage,intermittent_leakage,True,False,False,24,,0.128589421406,0.125506250375,False,False,False,0.7,synthetic,True
MLCC_C005500,MLCC_B052,MLCC_X7R,leakage_ua,SIM_X7R_1U_25V,healthy_settling,healthy_settling,False,True,False,,,0.0745951334733,0.0699494103846,False,False,False,0.7,synthetic,True
MLCC_C005503,MLCC_B052,MLCC_X7R,leakage_ua,SIM_X7R_1U_25V,ordinary_noise,ordinary_noise,False,True,False,,,0.0923163672422,0.0845054388815,False,False,False,0.7,synthetic,True
MLCC_C005544,MLCC_B052,MLCC_X7R,leakage_ua,SIM_X7R_1U_25V,ordinary_noise,ordinary_noise,False,True,False,,,0.0505507854122,0.0774192010331,False,False,False,0.7,synthetic,True
MLCC_C005549,MLCC_B052,MLCC_X7R,leakage_ua,SIM_X7R_1U_25V,healthy_settling,healthy_settling,False,True,False,,,0.0801800206447,0.0809034124208,False,False,False,0.7,synthetic,True
MLCC_C005620,MLCC_B052,MLCC_X7R,leakage_ua,SIM_X7R_1U_25V,healthy_settling,healthy_settling,False,True,False,,,0.138176031125,0.136321014811,False,False,False,0.7,synthetic,True
MLCC_C005652,MLCC_B052,MLCC_X7R,leakage_ua,SIM_X7R_1U_25V,ordinary_noise,ordinary_noise,False,True,False,,,0.0542803700068,0.0579136467014,False,False,False,0.7,synthetic,True
MLCC_C005662,MLCC_B052,MLCC_X7R,leakage_ua,SIM_X7R_1U_25V,accelerating_drift,accelerating_drift,True,False,True,0,72,1.09182432867,0.408178470013,False,True,False,0.7,synthetic,True
MLCC_C005679,MLCC_B052,MLCC_X7R,leakage_ua,SIM_X7R_1U_25V,ordinary_noise,ordinary_noise,False,True,False,,,0.04149618409,0.0592386495855,False,False,False,0.7,synthetic,True
MLCC_C005764,MLCC_B052,MLCC_X7R,leakage_ua,SIM_X7R_1U_25V,ordinary_noise,ordinary_noise,False,True,False,,,0.0772458821993,0.0805228316635,False,False,False,0.7,synthetic,True
MLCC_C005791,MLCC_B052,MLCC_X7R,leakage_ua,SIM_X7R_1U_25V,late_abrupt_onset,late_abrupt_onset,True,False,False,96,,0.583353757256,0.583220076693,False,False,False,0.7,synthetic,True
MLCC_C005827,MLCC_B052,MLCC_X7R,leakage_ua,SIM_X7R_1U_25V,accelerating_drift,accelerating_drift,True,False,False,0,,1.00586222328,0.937843096743,True,True,True,0.7,synthetic,True
MLCC_C005907,MLCC_B052,MLCC_X7R,leakage_ua,SIM_X7R_1U_25V,healthy_settling,healthy_settling,False,True,False,,,0.114066317527,0.120122266822,False,False,False,0.7,synthetic,True
MLCC_C006026,MLCC_B052,MLCC_X7R,leakage_ua,SIM_X7R_1U_25V,healthy_settling,healthy_settling,False,True,False,,,0.108000201299,0.104863168016,False,False,False,0.7,synthetic,True
MLCC_C006083,MLCC_B052,MLCC_X7R,leakage_ua,SIM_X7R_1U_25V,late_abrupt_onset,late_abrupt_onset,True,False,False,144,,0.41861313481,0.428777273284,False,False,False,0.7,synthetic,True
MLCC_C006085,MLCC_B052,MLCC_X7R,leakage_ua,SIM_X7R_1U_25V,tester_channel_fault,healthy_settling,False,False,True,,72,0.759694075375,0.0749758381475,False,True,False,0.7,synthetic,True
MLCC_C006108,MLCC_B052,MLCC_X7R,leakage_ua,SIM_X7R_1U_25V,intermittent_leakage,intermittent_leakage,True,False,False,24,,0.0764650131408,0.0859437373035,False,False,False,0.7,synthetic,True
MLCC_C006127,MLCC_B052,MLCC_X7R,leakage_ua,SIM_X7R_1U_25V,late_abrupt_onset,late_abrupt_onset,True,False,False,96,,0.909852289784,0.95961476439,True,True,True,0.7,synthetic,True
MLCC_C006137,MLCC_B052,MLCC_X7R,leakage_ua,SIM_X7R_1U_25V,moisture_associated_history,moisture_associated_history,True,False,False,0,,1.42061851088,1.46106234337,True,True,True,0.7,synthetic,True
MLCC_C006143,MLCC_B052,MLCC_X7R,leakage_ua,SIM_X7R_1U_25V,healthy_settling,healthy_settling,False,True,False,,,0.063743590101,0.063665807317,False,False,False,0.7,synthetic,True
MLCC_C006155,MLCC_B052,MLCC_X7R,leakage_ua,SIM_X7R_1U_25V,late_abrupt_onset,late_abrupt_onset,True,False,False,96,,0.220885415101,0.213631297279,False,False,False,0.7,synthetic,True
MLCC_C006250,MLCC_B052,MLCC_X7R,leakage_ua,SIM_X7R_1U_25V,gradual_drift,gradual_drift,True,False,False,6,,0.732272495953,0.74522318781,True,True,True,0.7,synthetic,True
MLCC_C006350,MLCC_B052,MLCC_X7R,leakage_ua,SIM_X7R_1U_25V,healthy_settling,healthy_settling,False,True,False,,,0.0709786456753,0.0721545557707,False,False,False,0.7,synthetic,True
MLCC_C006414,MLCC_B052,MLCC_X7R,leakage_ua,SIM_X7R_1U_25V,healthy_settling,healthy_settling,False,True,False,,,0.0852657577735,0.0860000751619,False,False,False,0.7,synthetic,True
MLCC_C006428,MLCC_B052,MLCC_X7R,leakage_ua,SIM_X7R_1U_25V,tester_channel_fault,ordinary_noise,False,False,True,,72,0.744682480734,0.0660892151289,False,True,False,0.7,synthetic,True
MLCC_C006504,MLCC_B052,MLCC_X7R,leakage_ua,SIM_X7R_1U_25V,healthy_settling,healthy_settling,False,True,False,,,0.110413451546,0.109790886098,False,False,False,0.7,synthetic,True
MLCC_C006505,MLCC_B052,MLCC_X7R,leakage_ua,SIM_X7R_1U_25V,healthy_settling,healthy_settling,False,True,False,,,0.120358682292,0.124159005759,False,False,False,0.7,synthetic,True
MLCC_C006635,MLCC_B052,MLCC_X7R,leakage_ua,SIM_X7R_1U_25V,accelerating_drift,accelerating_drift,True,False,False,6,,0.190557916854,0.192996345184,False,False,False,0.7,synthetic,True
MLCC_C006712,MLCC_B052,MLCC_X7R,leakage_ua,SIM_X7R_1U_25V,tester_channel_fault,ordinary_noise,False,False,True,,72,0.764889316006,0.0800036320774,False,True,False,0.7,synthetic,True
MLCC_C006818,MLCC_B052,MLCC_X7R,leakage_ua,SIM_X7R_1U_25V,healthy_settling,healthy_settling,False,True,False,,,0.0449362725086,0.0470862692864,False,False,False,0.7,synthetic,True
MLCC_C006842,MLCC_B052,MLCC_X7R,leakage_ua,SIM_X7R_1U_25V,gradual_drift,gradual_drift,True,False,False,0,,0.331775630628,0.349878302114,False,False,False,0.7,synthetic,True
MLCC_C006959,MLCC_B052,MLCC_X7R,leakage_ua,SIM_X7R_1U_25V,healthy_settling,healthy_settling,False,True,False,,,0.0892927389231,0.0904306325725,False,False,False,0.7,synthetic,True
MLCC_C006966,MLCC_B052,MLCC_X7R,leakage_ua,SIM_X7R_1U_25V,healthy_settling,healthy_settling,False,True,False,,,0.101472611555,0.0987890297622,False,False,False,0.7,synthetic,True
MLCC_C007114,MLCC_B052,MLCC_X7R,leakage_ua,SIM_X7R_1U_25V,gradual_drift,gradual_drift,True,False,False,12,,0.689873434292,0.711386689714,True,False,True,0.7,synthetic,True
MLCC_C007452,MLCC_B052,MLCC_X7R,leakage_ua,SIM_X7R_1U_25V,ordinary_noise,ordinary_noise,False,True,False,,,0.161582166013,0.139798592198,False,False,False,0.7,synthetic,True
MLCC_C007512,MLCC_B052,MLCC_X7R,leakage_ua,SIM_X7R_1U_25V,ordinary_noise,ordinary_noise,False,True,False,,,0.0417463187763,0.0425766853292,False,False,False,0.7,synthetic,True
MLCC_C007759,MLCC_B052,MLCC_X7R,leakage_ua,SIM_X7R_1U_25V,ordinary_noise,ordinary_noise,False,True,False,,,0.111133655056,0.101125382839,False,False,False,0.7,synthetic,True
MLCC_C007797,MLCC_B052,MLCC_X7R,leakage_ua,SIM_X7R_1U_25V,tester_channel_fault,healthy_settling,False,False,True,,72,0.757526412969,0.0716943229587,False,True,False,0.7,synthetic,True
MLCC_C007828,MLCC_B052,MLCC_X7R,leakage_ua,SIM_X7R_1U_25V,healthy_settling,healthy_settling,False,True,False,,,0.103637175748,0.101367223518,False,False,False,0.7,synthetic,True
MLCC_C007891,MLCC_B052,MLCC_X7R,leakage_ua,SIM_X7R_1U_25V,healthy_settling,healthy_settling,False,True,False,,,0.12017289201,0.12166344025,False,False,False,0.7,synthetic,True
MLCC_C008141,MLCC_B052,MLCC_X7R,leakage_ua,SIM_X7R_1U_25V,healthy_settling,healthy_settling,False,True,False,,,0.0772949448061,0.0786114174894,False,False,False,0.7,synthetic,True
MLCC_C008293,MLCC_B052,MLCC_X7R,leakage_ua,SIM_X7R_1U_25V,healthy_settling,healthy_settling,False,True,False,,,0.101856332845,0.085980125705,False,False,False,0.7,synthetic,True
MLCC_C008323,MLCC_B052,MLCC_X7R,leakage_ua,SIM_X7R_1U_25V,ordinary_noise,ordinary_noise,False,True,False,,,0.107810446783,0.104422787003,False,False,False,0.7,synthetic,True
MLCC_C008346,MLCC_B052,MLCC_X7R,leakage_ua,SIM_X7R_1U_25V,healthy_settling,healthy_settling,False,True,False,,,0.0777524383671,0.0777945108126,False,False,False,0.7,synthetic,True
MLCC_C008406,MLCC_B052,MLCC_X7R,leakage_ua,SIM_X7R_1U_25V,tester_channel_fault,ordinary_noise,False,False,True,,72,0.746764060663,0.0870391922635,False,True,False,0.7,synthetic,True
MLCC_C008462,MLCC_B052,MLCC_X7R,leakage_ua,SIM_X7R_1U_25V,healthy_settling,healthy_settling,False,True,False,,,0.0934064439642,0.0957911800825,False,False,False,0.7,synthetic,True
MLCC_C008521,MLCC_B052,MLCC_X7R,leakage_ua,SIM_X7R_1U_25V,accelerating_drift,accelerating_drift,True,False,False,24,,0.439788372223,0.47085126189,False,False,False,0.7,synthetic,True
MLCC_C008562,MLCC_B052,MLCC_X7R,leakage_ua,SIM_X7R_1U_25V,ordinary_noise,ordinary_noise,False,True,False,,,0.0494457163429,0.0507902422338,False,False,False,0.7,synthetic,True
MLCC_C008650,MLCC_B052,MLCC_X7R,leakage_ua,SIM_X7R_1U_25V,healthy_settling,healthy_settling,False,True,False,,,0.113531589054,0.113044318241,False,False,False,0.7,synthetic,True
MLCC_C008685,MLCC_B052,MLCC_X7R,leakage_ua,SIM_X7R_1U_25V,healthy_settling,healthy_settling,False,True,False,,,0.0692034015836,0.0714456206826,False,False,False,0.7,synthetic,True
MLCC_C008705,MLCC_B052,MLCC_X7R,leakage_ua,SIM_X7R_1U_25V,intermittent_leakage,intermittent_leakage,True,False,False,24,,0.0712162234658,0.0718938976195,False,False,True,0.7,synthetic,True
MLCC_C008740,MLCC_B052,MLCC_X7R,leakage_ua,SIM_X7R_1U_25V,healthy_settling,healthy_settling,False,True,False,,,0.128262655291,0.122679375011,False,False,False,0.7,synthetic,True
MLCC_C008742,MLCC_B052,MLCC_X7R,leakage_ua,SIM_X7R_1U_25V,healthy_settling,healthy_settling,False,True,False,,,0.0714905048407,0.0701162697483,False,False,False,0.7,synthetic,True
MLCC_C008744,MLCC_B052,MLCC_X7R,leakage_ua,SIM_X7R_1U_25V,healthy_settling,healthy_settling,False,True,False,,,0.10469783702,0.0994498772109,False,False,False,0.7,synthetic,True
MLCC_C008780,MLCC_B052,MLCC_X7R,leakage_ua,SIM_X7R_1U_25V,moisture_associated_history,moisture_associated_history,True,False,False,0,,0.340398426086,0.338622288279,False,False,False,0.7,synthetic,True
MLCC_C008823,MLCC_B052,MLCC_X7R,leakage_ua,SIM_X7R_1U_25V,gradual_drift,gradual_drift,True,False,False,0,,1.14018462361,1.09687137681,True,True,True,0.7,synthetic,True
MLCC_C008974,MLCC_B052,MLCC_X7R,leakage_ua,SIM_X7R_1U_25V,healthy_settling,healthy_settling,False,True,False,,,0.0764935785592,0.0744667957901,False,False,False,0.7,synthetic,True
MLCC_C009016,MLCC_B052,MLCC_X7R,leakage_ua,SIM_X7R_1U_25V,healthy_settling,healthy_settling,False,True,False,,,0.170995531991,0.174638856963,False,False,False,0.7,synthetic,True
MLCC_C009019,MLCC_B052,MLCC_X7R,leakage_ua,SIM_X7R_1U_25V,ordinary_noise,ordinary_noise,False,True,False,,,0.0626135111438,0.0670625904246,False,False,False,0.7,synthetic,True
MLCC_C009031,MLCC_B052,MLCC_X7R,leakage_ua,SIM_X7R_1U_25V,gradual_drift,gradual_drift,True,False,True,6,72,1.26617999279,0.570535363863,False,True,False,0.7,synthetic,True
MLCC_C009163,MLCC_B052,MLCC_X7R,leakage_ua,SIM_X7R_1U_25V,healthy_settling,healthy_settling,False,True,False,,,0.10089039133,0.0950306015702,False,False,False,0.7,synthetic,True
MLCC_C009234,MLCC_B052,MLCC_X7R,leakage_ua,SIM_X7R_1U_25V,healthy_settling,healthy_settling,False,True,False,,,0.0694058115096,0.0705045495825,False,False,False,0.7,synthetic,True
MLCC_C009246,MLCC_B052,MLCC_X7R,leakage_ua,SIM_X7R_1U_25V,healthy_settling,healthy_settling,False,True,False,,,0.144307991828,0.14672826463,False,False,False,0.7,synthetic,True
MLCC_C009262,MLCC_B052,MLCC_X7R,leakage_ua,SIM_X7R_1U_25V,ordinary_noise,ordinary_noise,False,True,False,,,0.157388427924,0.151899190201,False,False,False,0.7,synthetic,True
MLCC_C009293,MLCC_B052,MLCC_X7R,leakage_ua,SIM_X7R_1U_25V,healthy_settling,healthy_settling,False,True,False,,,0.0899159586976,0.0907088504441,False,False,False,0.7,synthetic,True
MLCC_C009312,MLCC_B052,MLCC_X7R,leakage_ua,SIM_X7R_1U_25V,ordinary_noise,ordinary_noise,False,True,False,,,0.0768407581425,0.0749247860358,False,False,False,0.7,synthetic,True
MLCC_C009371,MLCC_B052,MLCC_X7R,leakage_ua,SIM_X7R_1U_25V,intermittent_leakage,intermittent_leakage,True,False,False,6,,2.05127529555,2.02678252506,True,True,True,0.7,synthetic,True
MLCC_C009447,MLCC_B052,MLCC_X7R,leakage_ua,SIM_X7R_1U_25V,healthy_settling,healthy_settling,False,True,False,,,0.10757122652,0.10807049165,False,False,False,0.7,synthetic,True
MLCC_C009464,MLCC_B052,MLCC_X7R,leakage_ua,SIM_X7R_1U_25V,ordinary_noise,ordinary_noise,False,True,False,,,0.0867843121383,0.0938326725073,False,False,False,0.7,synthetic,True
MLCC_C009486,MLCC_B052,MLCC_X7R,leakage_ua,SIM_X7R_1U_25V,ordinary_noise,ordinary_noise,False,True,False,,,0.111180662424,0.096916329177,False,False,False,0.7,synthetic,True
MLCC_C009618,MLCC_B052,MLCC_X7R,leakage_ua,SIM_X7R_1U_25V,gradual_drift,gradual_drift,True,False,False,0,,1.34409733624,1.39920842665,True,True,True,0.7,synthetic,True
MLCC_C009626,MLCC_B052,MLCC_X7R,leakage_ua,SIM_X7R_1U_25V,late_abrupt_onset,late_abrupt_onset,True,False,False,96,,2.10176048929,2.15674671608,True,True,True,0.7,synthetic,True
MLCC_C009833,MLCC_B052,MLCC_X7R,leakage_ua,SIM_X7R_1U_25V,moisture_associated_history,moisture_associated_history,True,False,False,24,,0.551948956634,0.554205355048,False,False,False,0.7,synthetic,True
MLCC_C009875,MLCC_B052,MLCC_X7R,leakage_ua,SIM_X7R_1U_25V,healthy_settling,healthy_settling,False,True,False,,,0.0697815993598,0.0748254675447,False,False,False,0.7,synthetic,True
MLCC_C009918,MLCC_B052,MLCC_X7R,leakage_ua,SIM_X7R_1U_25V,tester_channel_fault,healthy_settling,False,False,True,,72,0.79048224791,0.107190174174,False,True,False,0.7,synthetic,True
MLCC_C009941,MLCC_B052,MLCC_X7R,leakage_ua,SIM_X7R_1U_25V,intermittent_leakage,intermittent_leakage,True,False,False,6,,0.608830038286,0.57290928713,False,False,False,0.7,synthetic,True
MLCC_C009965,MLCC_B052,MLCC_X7R,leakage_ua,SIM_X7R_1U_25V,healthy_settling,healthy_settling,False,True,False,,,0.102597988741,0.105249677709,False,False,False,0.7,synthetic,True
MLCC_C009988,MLCC_B052,MLCC_X7R,leakage_ua,SIM_X7R_1U_25V,intermittent_leakage,intermittent_leakage,True,False,False,12,,0.144077606997,0.145727234905,False,False,False,0.7,synthetic,True
MLCC_C010104,MLCC_B052,MLCC_X7R,leakage_ua,SIM_X7R_1U_25V,accelerating_drift,accelerating_drift,True,False,False,24,,0.481424785723,0.49600493035,False,False,False,0.7,synthetic,True
MLCC_C010160,MLCC_B052,MLCC_X7R,leakage_ua,SIM_X7R_1U_25V,healthy_settling,healthy_settling,False,True,False,,,0.0763372218901,0.0747070414303,False,False,False,0.7,synthetic,True
MLCC_C010178,MLCC_B052,MLCC_X7R,leakage_ua,SIM_X7R_1U_25V,healthy_settling,healthy_settling,False,True,False,,,0.0985385884896,0.0990359961584,False,False,False,0.7,synthetic,True
MLCC_C010181,MLCC_B052,MLCC_X7R,leakage_ua,SIM_X7R_1U_25V,ordinary_noise,ordinary_noise,False,True,False,,,0.102933123177,0.120722262518,False,False,False,0.7,synthetic,True
MLCC_C010207,MLCC_B052,MLCC_X7R,leakage_ua,SIM_X7R_1U_25V,healthy_settling,healthy_settling,False,True,False,,,0.10040116268,0.101799225338,False,False,False,0.7,synthetic,True
MLCC_C010217,MLCC_B052,MLCC_X7R,leakage_ua,SIM_X7R_1U_25V,moisture_associated_history,moisture_associated_history,True,False,False,0,,0.580832888138,0.575192687088,False,False,False,0.7,synthetic,True
MLCC_C010229,MLCC_B052,MLCC_X7R,leakage_ua,SIM_X7R_1U_25V,healthy_settling,healthy_settling,False,True,False,,,0.12873485784,0.134558196611,False,False,False,0.7,synthetic,True
MLCC_C010268,MLCC_B052,MLCC_X7R,leakage_ua,SIM_X7R_1U_25V,healthy_settling,healthy_settling,False,True,False,,,0.14493774348,0.141571890594,False,False,False,0.7,synthetic,True
MLCC_C010292,MLCC_B052,MLCC_X7R,leakage_ua,SIM_X7R_1U_25V,healthy_settling,healthy_settling,False,True,False,,,0.091479309127,0.0972620040729,False,False,False,0.7,synthetic,True
MLCC_C010533,MLCC_B052,MLCC_X7R,leakage_ua,SIM_X7R_1U_25V,healthy_settling,healthy_settling,False,True,False,,,0.120839387906,0.124480882326,False,False,False,0.7,synthetic,True
MLCC_C010627,MLCC_B052,MLCC_X7R,leakage_ua,SIM_X7R_1U_25V,healthy_settling,healthy_settling,False,True,False,,,0.180853407304,0.181275398247,False,False,False,0.7,synthetic,True
MLCC_C010771,MLCC_B052,MLCC_X7R,leakage_ua,SIM_X7R_1U_25V,healthy_settling,healthy_settling,False,True,False,,,0.0929017893566,0.0907611601021,False,False,False,0.7,synthetic,True
MLCC_C010822,MLCC_B052,MLCC_X7R,leakage_ua,SIM_X7R_1U_25V,ordinary_noise,ordinary_noise,False,True,False,,,0.0714319251857,0.0752639313314,False,False,False,0.7,synthetic,True
MLCC_C010882,MLCC_B052,MLCC_X7R,leakage_ua,SIM_X7R_1U_25V,healthy_settling,healthy_settling,False,True,False,,,0.040516160914,0.0427844532257,False,False,False,0.7,synthetic,True
MLCC_C010904,MLCC_B052,MLCC_X7R,leakage_ua,SIM_X7R_1U_25V,healthy_settling,healthy_settling,False,True,False,,,0.100254161587,0.0996147323896,False,False,False,0.7,synthetic,True
MLCC_C010913,MLCC_B052,MLCC_X7R,leakage_ua,SIM_X7R_1U_25V,healthy_settling,healthy_settling,False,True,False,,,0.0833237988029,0.0815178537404,False,False,False,0.7,synthetic,True
MLCC_C011031,MLCC_B052,MLCC_X7R,leakage_ua,SIM_X7R_1U_25V,healthy_settling,healthy_settling,False,True,False,,,0.112356148581,0.120789393308,False,False,False,0.7,synthetic,True
MLCC_C011044,MLCC_B052,MLCC_X7R,leakage_ua,SIM_X7R_1U_25V,healthy_settling,healthy_settling,False,True,False,,,0.0799845249561,0.0806163691254,False,False,False,0.7,synthetic,True
MLCC_C011078,MLCC_B052,MLCC_X7R,leakage_ua,SIM_X7R_1U_25V,healthy_settling,healthy_settling,False,True,False,,,0.106113233757,0.101605591202,False,False,False,0.7,synthetic,True
MLCC_C011208,MLCC_B052,MLCC_X7R,leakage_ua,SIM_X7R_1U_25V,ordinary_noise,ordinary_noise,False,True,False,,,0.253297336221,0.251089118923,False,False,False,0.7,synthetic,True
MLCC_C011219,MLCC_B052,MLCC_X7R,leakage_ua,SIM_X7R_1U_25V,healthy_settling,healthy_settling,False,True,False,,,0.152848121042,0.135344473895,False,False,False,0.7,synthetic,True
MLCC_C011302,MLCC_B052,MLCC_X7R,leakage_ua,SIM_X7R_1U_25V,gradual_drift,gradual_drift,True,False,False,6,,0.596057511277,0.59713393619,False,False,False,0.7,synthetic,True
MLCC_C011437,MLCC_B052,MLCC_X7R,leakage_ua,SIM_X7R_1U_25V,late_abrupt_onset,late_abrupt_onset,True,False,False,96,,0.219098563265,0.226671808898,False,False,False,0.7,synthetic,True
MLCC_C011573,MLCC_B052,MLCC_X7R,leakage_ua,SIM_X7R_1U_25V,healthy_settling,healthy_settling,False,True,False,,,0.182165936633,0.178991170058,False,False,False,0.7,synthetic,True
MLCC_C011643,MLCC_B052,MLCC_X7R,leakage_ua,SIM_X7R_1U_25V,healthy_settling,healthy_settling,False,True,False,,,0.114635639655,0.114433580098,False,False,False,0.7,synthetic,True
MLCC_C011683,MLCC_B052,MLCC_X7R,leakage_ua,SIM_X7R_1U_25V,healthy_settling,healthy_settling,False,True,False,,,0.126591303058,0.131387364142,False,False,False,0.7,synthetic,True
MLCC_C011856,MLCC_B052,MLCC_X7R,leakage_ua,SIM_X7R_1U_25V,healthy_settling,healthy_settling,False,True,False,,,0.0639238882474,0.0636275488345,False,False,False,0.7,synthetic,True
MLCC_C011871,MLCC_B052,MLCC_X7R,leakage_ua,SIM_X7R_1U_25V,gradual_drift,gradual_drift,True,False,False,6,,0.23730281634,0.237122514479,False,False,False,0.7,synthetic,True
MLCC_C011911,MLCC_B052,MLCC_X7R,leakage_ua,SIM_X7R_1U_25V,tester_channel_fault,healthy_settling,False,False,True,,72,0.774866742852,0.0904496754803,False,True,False,0.7,synthetic,True
MLCC_C011927,MLCC_B052,MLCC_X7R,leakage_ua,SIM_X7R_1U_25V,ordinary_noise,ordinary_noise,False,True,False,,,0.0944952167862,0.0977622134489,False,False,False,0.7,synthetic,True
MLCC_C011977,MLCC_B052,MLCC_X7R,leakage_ua,SIM_X7R_1U_25V,intermittent_leakage,intermittent_leakage,True,False,False,48,,1.60591563414,1.5978594706,True,True,True,0.7,synthetic,True
MLCC_C000040,MLCC_B055,MLCC_X7R,leakage_ua,SIM_X7R_1U_25V,ordinary_noise,ordinary_noise,False,True,False,,,0.103694682778,0.100166148257,False,False,False,0.7,synthetic,True
MLCC_C000116,MLCC_B055,MLCC_X7R,leakage_ua,SIM_X7R_1U_25V,healthy_settling,healthy_settling,False,True,False,,,0.071028044905,0.068425826109,False,False,False,0.7,synthetic,True
MLCC_C000322,MLCC_B055,MLCC_X7R,leakage_ua,SIM_X7R_1U_25V,accelerating_drift,accelerating_drift,True,False,False,6,,1.27609733753,1.30461444185,True,True,True,0.7,synthetic,True
MLCC_C000378,MLCC_B055,MLCC_X7R,leakage_ua,SIM_X7R_1U_25V,healthy_settling,healthy_settling,False,True,False,,,0.0578024551925,0.0553447853786,False,False,False,0.7,synthetic,True
MLCC_C000409,MLCC_B055,MLCC_X7R,leakage_ua,SIM_X7R_1U_25V,ordinary_noise,ordinary_noise,False,True,False,,,0.0574353089892,0.0669089840166,False,False,False,0.7,synthetic,True
MLCC_C000545,MLCC_B055,MLCC_X7R,leakage_ua,SIM_X7R_1U_25V,moisture_associated_history,moisture_associated_history,True,False,False,0,,0.374170757883,0.37612775081,False,False,False,0.7,synthetic,True
MLCC_C000570,MLCC_B055,MLCC_X7R,leakage_ua,SIM_X7R_1U_25V,healthy_settling,healthy_settling,False,True,False,,,0.104133943451,0.108920128136,False,False,False,0.7,synthetic,True
MLCC_C000574,MLCC_B055,MLCC_X7R,leakage_ua,SIM_X7R_1U_25V,gradual_drift,gradual_drift,True,False,False,6,,0.504517840187,0.507709168065,False,False,False,0.7,synthetic,True
MLCC_C000577,MLCC_B055,MLCC_X7R,leakage_ua,SIM_X7R_1U_25V,moisture_associated_history,moisture_associated_history,True,False,False,6,,0.535528784421,0.536783160907,False,False,False,0.7,synthetic,True
MLCC_C000655,MLCC_B055,MLCC_X7R,leakage_ua,SIM_X7R_1U_25V,healthy_settling,healthy_settling,False,True,False,,,0.0699255199885,0.0683054829089,False,False,False,0.7,synthetic,True
MLCC_C000663,MLCC_B055,MLCC_X7R,leakage_ua,SIM_X7R_1U_25V,healthy_settling,healthy_settling,False,True,False,,,0.0721555834323,0.0728236359638,False,False,False,0.7,synthetic,True
MLCC_C000695,MLCC_B055,MLCC_X7R,leakage_ua,SIM_X7R_1U_25V,ordinary_noise,ordinary_noise,False,True,False,,,0.106137475871,0.116466154411,False,False,False,0.7,synthetic,True
MLCC_C000798,MLCC_B055,MLCC_X7R,leakage_ua,SIM_X7R_1U_25V,healthy_settling,healthy_settling,False,True,False,,,0.0670442898394,0.0653042575488,False,False,False,0.7,synthetic,True
MLCC_C000851,MLCC_B055,MLCC_X7R,leakage_ua,SIM_X7R_1U_25V,healthy_settling,healthy_settling,False,True,False,,,0.0430176035292,0.0443285587545,False,False,False,0.7,synthetic,True
MLCC_C000932,MLCC_B055,MLCC_X7R,leakage_ua,SIM_X7R_1U_25V,ordinary_noise,ordinary_noise,False,True,False,,,0.0641762643676,0.0640792597227,False,False,False,0.7,synthetic,True
MLCC_C000949,MLCC_B055,MLCC_X7R,leakage_ua,SIM_X7R_1U_25V,healthy_settling,healthy_settling,False,True,False,,,0.107580873801,0.106964303146,False,False,False,0.7,synthetic,True
MLCC_C000975,MLCC_B055,MLCC_X7R,leakage_ua,SIM_X7R_1U_25V,gradual_drift,gradual_drift,True,False,False,6,,0.558933123672,0.564981459857,False,False,False,0.7,synthetic,True
MLCC_C001017,MLCC_B055,MLCC_X7R,leakage_ua,SIM_X7R_1U_25V,healthy_settling,healthy_settling,False,True,False,,,0.0761025518989,0.0763927037693,False,False,False,0.7,synthetic,True
MLCC_C001244,MLCC_B055,MLCC_X7R,leakage_ua,SIM_X7R_1U_25V,tester_channel_fault,healthy_settling,False,False,True,,72,0.907060013618,0.103185399134,False,True,False,0.7,synthetic,True
MLCC_C001284,MLCC_B055,MLCC_X7R,leakage_ua,SIM_X7R_1U_25V,healthy_settling,healthy_settling,False,True,False,,,0.0461828403674,0.0501521265598,False,False,False,0.7,synthetic,True
MLCC_C001469,MLCC_B055,MLCC_X7R,leakage_ua,SIM_X7R_1U_25V,healthy_settling,healthy_settling,False,True,False,,,0.0483862852887,0.0486496267087,False,False,False,0.7,synthetic,True
MLCC_C001512,MLCC_B055,MLCC_X7R,leakage_ua,SIM_X7R_1U_25V,ordinary_noise,ordinary_noise,False,True,False,,,0.0689797821959,0.0658897062103,False,False,False,0.7,synthetic,True
MLCC_C001513,MLCC_B055,MLCC_X7R,leakage_ua,SIM_X7R_1U_25V,ordinary_noise,ordinary_noise,False,True,False,,,0.0448476698241,0.0509465760497,False,False,False,0.7,synthetic,True
MLCC_C001522,MLCC_B055,MLCC_X7R,leakage_ua,SIM_X7R_1U_25V,healthy_settling,healthy_settling,False,True,False,,,0.0812821629017,0.085267264854,False,False,False,0.7,synthetic,True
MLCC_C001565,MLCC_B055,MLCC_X7R,leakage_ua,SIM_X7R_1U_25V,ordinary_noise,ordinary_noise,False,True,False,,,0.0750023308997,0.0820357808137,False,False,False,0.7,synthetic,True
MLCC_C001680,MLCC_B055,MLCC_X7R,leakage_ua,SIM_X7R_1U_25V,ordinary_noise,ordinary_noise,False,True,False,,,0.0833084924394,0.0711625691845,False,False,False,0.7,synthetic,True
MLCC_C001768,MLCC_B055,MLCC_X7R,leakage_ua,SIM_X7R_1U_25V,healthy_settling,healthy_settling,False,True,False,,,0.0648179445626,0.0651180195839,False,False,False,0.7,synthetic,True
MLCC_C001850,MLCC_B055,MLCC_X7R,leakage_ua,SIM_X7R_1U_25V,ordinary_noise,ordinary_noise,False,True,False,,,0.0578821846221,0.0540129939722,False,False,False,0.7,synthetic,True
MLCC_C001858,MLCC_B055,MLCC_X7R,leakage_ua,SIM_X7R_1U_25V,healthy_settling,healthy_settling,False,True,False,,,0.0779760643278,0.0754777421729,False,False,False,0.7,synthetic,True
MLCC_C001920,MLCC_B055,MLCC_X7R,leakage_ua,SIM_X7R_1U_25V,healthy_settling,healthy_settling,False,True,False,,,0.0631013005061,0.0659042745955,False,False,False,0.7,synthetic,True
MLCC_C001950,MLCC_B055,MLCC_X7R,leakage_ua,SIM_X7R_1U_25V,healthy_settling,healthy_settling,False,True,False,,,0.0699338552118,0.0668486172795,False,False,False,0.7,synthetic,True
MLCC_C002000,MLCC_B055,MLCC_X7R,leakage_ua,SIM_X7R_1U_25V,accelerating_drift,accelerating_drift,True,False,False,24,,0.469761262574,0.45304308054,False,False,False,0.7,synthetic,True
MLCC_C002114,MLCC_B055,MLCC_X7R,leakage_ua,SIM_X7R_1U_25V,healthy_settling,healthy_settling,False,True,False,,,0.0452602321549,0.0473357237532,False,False,False,0.7,synthetic,True
MLCC_C002212,MLCC_B055,MLCC_X7R,leakage_ua,SIM_X7R_1U_25V,healthy_settling,healthy_settling,False,True,False,,,0.045027260574,0.045810977758,False,False,False,0.7,synthetic,True
MLCC_C002253,MLCC_B055,MLCC_X7R,leakage_ua,SIM_X7R_1U_25V,ordinary_noise,ordinary_noise,False,True,False,,,0.0518904388395,0.0528433739093,False,False,False,0.7,synthetic,True
MLCC_C002288,MLCC_B055,MLCC_X7R,leakage_ua,SIM_X7R_1U_25V,healthy_settling,healthy_settling,False,True,False,,,0.0473864381818,0.0463024811061,False,False,False,0.7,synthetic,True
MLCC_C002319,MLCC_B055,MLCC_X7R,leakage_ua,SIM_X7R_1U_25V,moisture_associated_history,moisture_associated_history,True,False,False,48,,0.548633790437,0.549852566531,False,False,False,0.7,synthetic,True
MLCC_C002370,MLCC_B055,MLCC_X7R,leakage_ua,SIM_X7R_1U_25V,gradual_drift,gradual_drift,True,False,False,12,,0.580666193109,0.578902485328,False,False,False,0.7,synthetic,True
MLCC_C002393,MLCC_B055,MLCC_X7R,leakage_ua,SIM_X7R_1U_25V,ordinary_noise,ordinary_noise,False,True,False,,,0.095943284622,0.0873928173371,False,False,False,0.7,synthetic,True
MLCC_C002455,MLCC_B055,MLCC_X7R,leakage_ua,SIM_X7R_1U_25V,ordinary_noise,ordinary_noise,False,True,False,,,0.0456718884305,0.0569309540883,False,False,False,0.7,synthetic,True
MLCC_C002500,MLCC_B055,MLCC_X7R,leakage_ua,SIM_X7R_1U_25V,healthy_settling,healthy_settling,False,True,False,,,0.0610074331618,0.0651793841889,False,False,False,0.7,synthetic,True
MLCC_C002504,MLCC_B055,MLCC_X7R,leakage_ua,SIM_X7R_1U_25V,healthy_settling,healthy_settling,False,True,False,,,0.0560034454418,0.0542377701777,False,False,False,0.7,synthetic,True
MLCC_C002690,MLCC_B055,MLCC_X7R,leakage_ua,SIM_X7R_1U_25V,healthy_settling,healthy_settling,False,True,False,,,0.0667227829913,0.0658807381915,False,False,False,0.7,synthetic,True
MLCC_C002759,MLCC_B055,MLCC_X7R,leakage_ua,SIM_X7R_1U_25V,ordinary_noise,ordinary_noise,False,True,False,,,0.107651215935,0.0959156896124,False,False,False,0.7,synthetic,True
MLCC_C002802,MLCC_B055,MLCC_X7R,leakage_ua,SIM_X7R_1U_25V,moisture_associated_history,moisture_associated_history,True,False,False,6,,0.228963167471,0.229356802461,False,False,False,0.7,synthetic,True
MLCC_C002805,MLCC_B055,MLCC_X7R,leakage_ua,SIM_X7R_1U_25V,healthy_settling,healthy_settling,False,True,False,,,0.0484565623492,0.0503005639669,False,False,False,0.7,synthetic,True
MLCC_C002847,MLCC_B055,MLCC_X7R,leakage_ua,SIM_X7R_1U_25V,ordinary_noise,ordinary_noise,False,True,False,,,0.0569616076571,0.0572339623042,False,False,False,0.7,synthetic,True
MLCC_C003007,MLCC_B055,MLCC_X7R,leakage_ua,SIM_X7R_1U_25V,healthy_settling,healthy_settling,False,True,False,,,0.0424652188199,0.0414916535103,False,False,False,0.7,synthetic,True
MLCC_C003068,MLCC_B055,MLCC_X7R,leakage_ua,SIM_X7R_1U_25V,healthy_settling,healthy_settling,False,True,False,,,0.0723765024811,0.0758286727146,False,False,False,0.7,synthetic,True
MLCC_C003123,MLCC_B055,MLCC_X7R,leakage_ua,SIM_X7R_1U_25V,tester_channel_fault,ordinary_noise,False,False,True,,72,0.867297940209,0.0639990576539,False,True,False,0.7,synthetic,True
MLCC_C003211,MLCC_B055,MLCC_X7R,leakage_ua,SIM_X7R_1U_25V,ordinary_noise,ordinary_noise,False,True,False,,,0.163105021848,0.127203159224,False,False,False,0.7,synthetic,True
MLCC_C003239,MLCC_B055,MLCC_X7R,leakage_ua,SIM_X7R_1U_25V,healthy_settling,healthy_settling,False,True,False,,,0.0603356536,0.0635559145135,False,False,False,0.7,synthetic,True
MLCC_C003303,MLCC_B055,MLCC_X7R,leakage_ua,SIM_X7R_1U_25V,accelerating_drift,accelerating_drift,True,False,False,24,,0.213339748707,0.210760562211,False,False,False,0.7,synthetic,True
MLCC_C003327,MLCC_B055,MLCC_X7R,leakage_ua,SIM_X7R_1U_25V,healthy_settling,healthy_settling,False,True,False,,,0.0813086247121,0.0828936658566,False,False,False,0.7,synthetic,True
MLCC_C003664,MLCC_B055,MLCC_X7R,leakage_ua,SIM_X7R_1U_25V,ordinary_noise,ordinary_noise,False,True,False,,,0.0728830971138,0.0647300693182,False,False,False,0.7,synthetic,True
MLCC_C003760,MLCC_B055,MLCC_X7R,leakage_ua,SIM_X7R_1U_25V,healthy_settling,healthy_settling,False,True,False,,,0.0757344036967,0.0747152330008,False,False,False,0.7,synthetic,True
MLCC_C003775,MLCC_B055,MLCC_X7R,leakage_ua,SIM_X7R_1U_25V,healthy_settling,healthy_settling,False,True,False,,,0.074534770271,0.0743222552499,False,False,False,0.7,synthetic,True
MLCC_C003795,MLCC_B055,MLCC_X7R,leakage_ua,SIM_X7R_1U_25V,moisture_associated_history,moisture_associated_history,True,False,False,0,,0.414725167673,0.426863643659,False,False,False,0.7,synthetic,True
MLCC_C003931,MLCC_B055,MLCC_X7R,leakage_ua,SIM_X7R_1U_25V,accelerating_drift,accelerating_drift,True,False,False,0,,0.693428810273,0.693827813168,False,False,False,0.7,synthetic,True
MLCC_C004158,MLCC_B055,MLCC_X7R,leakage_ua,SIM_X7R_1U_25V,healthy_settling,healthy_settling,False,True,False,,,0.061902874368,0.0608335980603,False,False,False,0.7,synthetic,True
MLCC_C004239,MLCC_B055,MLCC_X7R,leakage_ua,SIM_X7R_1U_25V,healthy_settling,healthy_settling,False,True,False,,,0.0621786375364,0.0616709314601,False,False,False,0.7,synthetic,True
MLCC_C004383,MLCC_B055,MLCC_X7R,leakage_ua,SIM_X7R_1U_25V,moisture_associated_history,moisture_associated_history,True,False,True,24,72,1.4709087276,0.674580197058,False,True,False,0.7,synthetic,True
MLCC_C004389,MLCC_B055,MLCC_X7R,leakage_ua,SIM_X7R_1U_25V,healthy_settling,healthy_settling,False,True,False,,,0.0763674196638,0.0732870474209,False,False,False,0.7,synthetic,True
MLCC_C004443,MLCC_B055,MLCC_X7R,leakage_ua,SIM_X7R_1U_25V,healthy_settling,healthy_settling,False,True,False,,,0.0599522567544,0.0593974168201,False,False,False,0.7,synthetic,True
MLCC_C004448,MLCC_B055,MLCC_X7R,leakage_ua,SIM_X7R_1U_25V,gradual_drift,gradual_drift,True,False,False,0,,0.418456543123,0.40427992642,False,False,False,0.7,synthetic,True
MLCC_C004455,MLCC_B055,MLCC_X7R,leakage_ua,SIM_X7R_1U_25V,tester_channel_fault,ordinary_noise,False,False,True,,72,0.858467000897,0.0637112757695,False,True,False,0.7,synthetic,True
MLCC_C004501,MLCC_B055,MLCC_X7R,leakage_ua,SIM_X7R_1U_25V,healthy_settling,healthy_settling,False,True,False,,,0.0629623795001,0.0633603730768,False,False,False,0.7,synthetic,True
MLCC_C004545,MLCC_B055,MLCC_X7R,leakage_ua,SIM_X7R_1U_25V,ordinary_noise,ordinary_noise,False,True,False,,,0.0654900562391,0.0768127829069,False,False,False,0.7,synthetic,True
MLCC_C004606,MLCC_B055,MLCC_X7R,leakage_ua,SIM_X7R_1U_25V,healthy_settling,healthy_settling,False,True,False,,,0.0865485208441,0.0878005055239,False,False,False,0.7,synthetic,True
MLCC_C004632,MLCC_B055,MLCC_X7R,leakage_ua,SIM_X7R_1U_25V,tester_channel_fault,ordinary_noise,False,False,True,,72,0.851828951261,0.0551046336582,False,True,False,0.7,synthetic,True
MLCC_C004663,MLCC_B055,MLCC_X7R,leakage_ua,SIM_X7R_1U_25V,healthy_settling,healthy_settling,False,True,False,,,0.0630234549345,0.062173412642,False,False,False,0.7,synthetic,True
MLCC_C004708,MLCC_B055,MLCC_X7R,leakage_ua,SIM_X7R_1U_25V,ordinary_noise,ordinary_noise,False,True,False,,,0.0486996945578,0.0436759595381,False,False,False,0.7,synthetic,True
MLCC_C004774,MLCC_B055,MLCC_X7R,leakage_ua,SIM_X7R_1U_25V,ordinary_noise,ordinary_noise,False,True,False,,,0.0771617581759,0.0743583749788,False,False,False,0.7,synthetic,True
MLCC_C005030,MLCC_B055,MLCC_X7R,leakage_ua,SIM_X7R_1U_25V,gradual_drift,gradual_drift,True,False,False,12,,0.783867364519,0.798178262868,True,True,True,0.7,synthetic,True
MLCC_C005057,MLCC_B055,MLCC_X7R,leakage_ua,SIM_X7R_1U_25V,healthy_settling,healthy_settling,False,True,False,,,0.129824521474,0.133320270021,False,False,False,0.7,synthetic,True
MLCC_C005253,MLCC_B055,MLCC_X7R,leakage_ua,SIM_X7R_1U_25V,intermittent_leakage,intermittent_leakage,True,False,False,6,,0.0764444868079,0.0732538759928,False,False,False,0.7,synthetic,True
MLCC_C005295,MLCC_B055,MLCC_X7R,leakage_ua,SIM_X7R_1U_25V,healthy_settling,healthy_settling,False,True,False,,,0.0504478317411,0.0486370126037,False,False,False,0.7,synthetic,True
MLCC_C005324,MLCC_B055,MLCC_X7R,leakage_ua,SIM_X7R_1U_25V,tester_channel_fault,healthy_settling,False,False,True,,72,0.848066620664,0.0497104505241,False,True,False,0.7,synthetic,True
MLCC_C005338,MLCC_B055,MLCC_X7R,leakage_ua,SIM_X7R_1U_25V,healthy_settling,healthy_settling,False,True,False,,,0.143397385922,0.139535874305,False,False,False,0.7,synthetic,True
MLCC_C005343,MLCC_B055,MLCC_X7R,leakage_ua,SIM_X7R_1U_25V,ordinary_noise,ordinary_noise,False,True,False,,,0.0649875069436,0.0631419197546,False,False,False,0.7,synthetic,True
MLCC_C005397,MLCC_B055,MLCC_X7R,leakage_ua,SIM_X7R_1U_25V,late_abrupt_onset,late_abrupt_onset,True,False,False,72,,0.364626635832,0.363204191415,False,False,False,0.7,synthetic,True
MLCC_C005418,MLCC_B055,MLCC_X7R,leakage_ua,SIM_X7R_1U_25V,healthy_settling,healthy_settling,False,True,False,,,0.0493431917812,0.0509604251794,False,False,False,0.7,synthetic,True
MLCC_C005449,MLCC_B055,MLCC_X7R,leakage_ua,SIM_X7R_1U_25V,accelerating_drift,accelerating_drift,True,False,False,0,,0.780754208658,0.783374673676,True,True,True,0.7,synthetic,True
MLCC_C005453,MLCC_B055,MLCC_X7R,leakage_ua,SIM_X7R_1U_25V,healthy_settling,healthy_settling,False,True,False,,,0.0852138586303,0.0874166278473,False,False,False,0.7,synthetic,True
MLCC_C005568,MLCC_B055,MLCC_X7R,leakage_ua,SIM_X7R_1U_25V,healthy_settling,healthy_settling,False,True,False,,,0.0749412196661,0.0746007238524,False,False,False,0.7,synthetic,True
MLCC_C005578,MLCC_B055,MLCC_X7R,leakage_ua,SIM_X7R_1U_25V,ordinary_noise,ordinary_noise,False,True,False,,,0.0704006837254,0.0704280114326,False,False,False,0.7,synthetic,True
MLCC_C005700,MLCC_B055,MLCC_X7R,leakage_ua,SIM_X7R_1U_25V,accelerating_drift,accelerating_drift,True,False,False,6,,1.34434294237,1.4045759976,True,True,True,0.7,synthetic,True
MLCC_C005719,MLCC_B055,MLCC_X7R,leakage_ua,SIM_X7R_1U_25V,healthy_settling,healthy_settling,False,True,False,,,0.107263575818,0.110237413129,False,False,False,0.7,synthetic,True
MLCC_C005773,MLCC_B055,MLCC_X7R,leakage_ua,SIM_X7R_1U_25V,healthy_settling,healthy_settling,False,True,False,,,0.0645110852801,0.064118742365,False,False,False,0.7,synthetic,True
MLCC_C005820,MLCC_B055,MLCC_X7R,leakage_ua,SIM_X7R_1U_25V,healthy_settling,healthy_settling,False,True,False,,,0.104437125232,0.100864380625,False,False,False,0.7,synthetic,True
MLCC_C005844,MLCC_B055,MLCC_X7R,leakage_ua,SIM_X7R_1U_25V,healthy_settling,healthy_settling,False,True,False,,,0.0890243084681,0.0885751754071,False,False,False,0.7,synthetic,True
MLCC_C005870,MLCC_B055,MLCC_X7R,leakage_ua,SIM_X7R_1U_25V,accelerating_drift,accelerating_drift,True,False,False,12,,0.447035350535,0.45184858205,False,False,False,0.7,synthetic,True
MLCC_C005879,MLCC_B055,MLCC_X7R,leakage_ua,SIM_X7R_1U_25V,ordinary_noise,ordinary_noise,False,True,False,,,0.0918778354538,0.0867268392488,False,False,False,0.7,synthetic,True
MLCC_C005946,MLCC_B055,MLCC_X7R,leakage_ua,SIM_X7R_1U_25V,healthy_settling,healthy_settling,False,True,False,,,0.0801731566244,0.0822987101795,False,False,False,0.7,synthetic,True
MLCC_C005948,MLCC_B055,MLCC_X7R,leakage_ua,SIM_X7R_1U_25V,accelerating_drift,accelerating_drift,True,False,False,0,,0.168256158323,0.169695378064,False,False,False,0.7,synthetic,True
MLCC_C005969,MLCC_B055,MLCC_X7R,leakage_ua,SIM_X7R_1U_25V,healthy_settling,healthy_settling,False,True,False,,,0.0864630516598,0.0798663485349,False,False,False,0.7,synthetic,True
MLCC_C006040,MLCC_B055,MLCC_X7R,leakage_ua,SIM_X7R_1U_25V,healthy_settling,healthy_settling,False,True,False,,,0.0797512788477,0.0806404649471,False,False,False,0.7,synthetic,True
MLCC_C006084,MLCC_B055,MLCC_X7R,leakage_ua,SIM_X7R_1U_25V,accelerating_drift,accelerating_drift,True,False,False,6,,0.854250781478,0.858304097968,True,True,True,0.7,synthetic,True
MLCC_C006175,MLCC_B055,MLCC_X7R,leakage_ua,SIM_X7R_1U_25V,healthy_settling,healthy_settling,False,True,False,,,0.066633584999,0.0661908794703,False,False,False,0.7,synthetic,True
MLCC_C006246,MLCC_B055,MLCC_X7R,leakage_ua,SIM_X7R_1U_25V,healthy_settling,healthy_settling,False,True,False,,,0.0541090335401,0.0526574455932,False,False,False,0.7,synthetic,True
MLCC_C006313,MLCC_B055,MLCC_X7R,leakage_ua,SIM_X7R_1U_25V,healthy_settling,healthy_settling,False,True,False,,,0.0821349956925,0.0818680464812,False,False,False,0.7,synthetic,True
MLCC_C006361,MLCC_B055,MLCC_X7R,leakage_ua,SIM_X7R_1U_25V,healthy_settling,healthy_settling,False,True,False,,,0.0958041918878,0.0997263504897,False,False,False,0.7,synthetic,True
MLCC_C006370,MLCC_B055,MLCC_X7R,leakage_ua,SIM_X7R_1U_25V,healthy_settling,healthy_settling,False,True,False,,,0.0851022439844,0.085398517021,False,False,False,0.7,synthetic,True
MLCC_C006434,MLCC_B055,MLCC_X7R,leakage_ua,SIM_X7R_1U_25V,healthy_settling,healthy_settling,False,True,False,,,0.0464891841928,0.0458152207425,False,False,False,0.7,synthetic,True
MLCC_C006442,MLCC_B055,MLCC_X7R,leakage_ua,SIM_X7R_1U_25V,healthy_settling,healthy_settling,False,True,False,,,0.0550103283413,0.0561482431321,False,False,False,0.7,synthetic,True
MLCC_C006450,MLCC_B055,MLCC_X7R,leakage_ua,SIM_X7R_1U_25V,healthy_settling,healthy_settling,False,True,False,,,0.0787377443981,0.0800411273006,False,False,False,0.7,synthetic,True
MLCC_C006516,MLCC_B055,MLCC_X7R,leakage_ua,SIM_X7R_1U_25V,healthy_settling,healthy_settling,False,True,False,,,0.0679058915369,0.0640772485921,False,False,False,0.7,synthetic,True
MLCC_C006549,MLCC_B055,MLCC_X7R,leakage_ua,SIM_X7R_1U_25V,moisture_associated_history,moisture_associated_history,True,False,False,24,,1.05389544557,0.981468800318,True,True,True,0.7,synthetic,True
MLCC_C006553,MLCC_B055,MLCC_X7R,leakage_ua,SIM_X7R_1U_25V,ordinary_noise,ordinary_noise,False,True,False,,,0.105326014693,0.0868622863333,False,False,False,0.7,synthetic,True
MLCC_C006574,MLCC_B055,MLCC_X7R,leakage_ua,SIM_X7R_1U_25V,ordinary_noise,ordinary_noise,False,True,False,,,0.0514399376174,0.0539456545137,False,False,False,0.7,synthetic,True
MLCC_C006614,MLCC_B055,MLCC_X7R,leakage_ua,SIM_X7R_1U_25V,healthy_settling,healthy_settling,False,True,False,,,0.0709901756107,0.0710424582534,False,False,False,0.7,synthetic,True
MLCC_C006678,MLCC_B055,MLCC_X7R,leakage_ua,SIM_X7R_1U_25V,ordinary_noise,ordinary_noise,False,True,False,,,0.0650249933019,0.063928110704,False,False,False,0.7,synthetic,True
MLCC_C006694,MLCC_B055,MLCC_X7R,leakage_ua,SIM_X7R_1U_25V,healthy_settling,healthy_settling,False,True,False,,,0.0662905856762,0.064214624442,False,False,False,0.7,synthetic,True
MLCC_C006764,MLCC_B055,MLCC_X7R,leakage_ua,SIM_X7R_1U_25V,healthy_settling,healthy_settling,False,True,False,,,0.0929489039197,0.0926496642167,False,False,False,0.7,synthetic,True
MLCC_C006794,MLCC_B055,MLCC_X7R,leakage_ua,SIM_X7R_1U_25V,healthy_settling,healthy_settling,False,True,False,,,0.0579522830376,0.0586420621722,False,False,False,0.7,synthetic,True
MLCC_C006797,MLCC_B055,MLCC_X7R,leakage_ua,SIM_X7R_1U_25V,moisture_associated_history,moisture_associated_history,True,False,True,12,72,0.951709996266,0.154303960894,False,True,False,0.7,synthetic,True
MLCC_C006854,MLCC_B055,MLCC_X7R,leakage_ua,SIM_X7R_1U_25V,intermittent_leakage,intermittent_leakage,True,False,False,6,,0.0684606540206,0.0710286404794,False,False,False,0.7,synthetic,True
MLCC_C006894,MLCC_B055,MLCC_X7R,leakage_ua,SIM_X7R_1U_25V,healthy_settling,healthy_settling,False,True,False,,,0.0919468966138,0.0923841597555,False,False,False,0.7,synthetic,True
MLCC_C006896,MLCC_B055,MLCC_X7R,leakage_ua,SIM_X7R_1U_25V,tester_channel_fault,healthy_settling,False,False,True,,72,0.876411261972,0.0769934604871,False,True,False,0.7,synthetic,True
MLCC_C006988,MLCC_B055,MLCC_X7R,leakage_ua,SIM_X7R_1U_25V,tester_channel_fault,healthy_settling,False,False,True,,72,0.858142515219,0.0609996451828,False,True,False,0.7,synthetic,True
MLCC_C007044,MLCC_B055,MLCC_X7R,leakage_ua,SIM_X7R_1U_25V,ordinary_noise,ordinary_noise,False,True,False,,,0.0756010062159,0.0772593448346,False,False,False,0.7,synthetic,True
MLCC_C007087,MLCC_B055,MLCC_X7R,leakage_ua,SIM_X7R_1U_25V,late_abrupt_onset,late_abrupt_onset,True,False,False,144,,0.64424958333,0.641165720566,False,False,False,0.7,synthetic,True
MLCC_C007137,MLCC_B055,MLCC_X7R,leakage_ua,SIM_X7R_1U_25V,healthy_settling,healthy_settling,False,True,False,,,0.0572280774774,0.058041108554,False,False,False,0.7,synthetic,True
MLCC_C007165,MLCC_B055,MLCC_X7R,leakage_ua,SIM_X7R_1U_25V,healthy_settling,healthy_settling,False,True,False,,,0.126053012613,0.130638937638,False,False,False,0.7,synthetic,True
MLCC_C007211,MLCC_B055,MLCC_X7R,leakage_ua,SIM_X7R_1U_25V,healthy_settling,healthy_settling,False,True,False,,,0.117500081507,0.113313091547,False,False,False,0.7,synthetic,True
MLCC_C007274,MLCC_B055,MLCC_X7R,leakage_ua,SIM_X7R_1U_25V,healthy_settling,healthy_settling,False,True,False,,,0.0781084984851,0.0781682659744,False,False,False,0.7,synthetic,True
MLCC_C007315,MLCC_B055,MLCC_X7R,leakage_ua,SIM_X7R_1U_25V,ordinary_noise,ordinary_noise,False,True,False,,,0.051257674682,0.0513007152367,False,False,False,0.7,synthetic,True
MLCC_C007341,MLCC_B055,MLCC_X7R,leakage_ua,SIM_X7R_1U_25V,late_abrupt_onset,late_abrupt_onset,True,False,False,96,,0.527126099439,0.514643399253,False,False,False,0.7,synthetic,True
MLCC_C007382,MLCC_B055,MLCC_X7R,leakage_ua,SIM_X7R_1U_25V,intermittent_leakage,intermittent_leakage,True,False,False,6,,0.458339943372,0.43926077176,False,False,False,0.7,synthetic,True
MLCC_C007567,MLCC_B055,MLCC_X7R,leakage_ua,SIM_X7R_1U_25V,healthy_settling,healthy_settling,False,True,False,,,0.058272312879,0.0569109642328,False,False,False,0.7,synthetic,True
MLCC_C007656,MLCC_B055,MLCC_X7R,leakage_ua,SIM_X7R_1U_25V,ordinary_noise,ordinary_noise,False,True,False,,,0.0623450083551,0.0718880779675,False,False,False,0.7,synthetic,True
MLCC_C007676,MLCC_B055,MLCC_X7R,leakage_ua,SIM_X7R_1U_25V,healthy_settling,healthy_settling,False,True,False,,,0.0611031572859,0.0620148507439,False,False,False,0.7,synthetic,True
MLCC_C007687,MLCC_B055,MLCC_X7R,leakage_ua,SIM_X7R_1U_25V,healthy_settling,healthy_settling,False,True,False,,,0.0944130509879,0.100661170901,False,False,False,0.7,synthetic,True
MLCC_C007746,MLCC_B055,MLCC_X7R,leakage_ua,SIM_X7R_1U_25V,late_abrupt_onset,late_abrupt_onset,True,False,False,120,,0.532049170081,0.532414622693,False,False,False,0.7,synthetic,True
MLCC_C007815,MLCC_B055,MLCC_X7R,leakage_ua,SIM_X7R_1U_25V,healthy_settling,healthy_settling,False,True,False,,,0.0867084745741,0.0899470305254,False,False,False,0.7,synthetic,True
MLCC_C007856,MLCC_B055,MLCC_X7R,leakage_ua,SIM_X7R_1U_25V,ordinary_noise,ordinary_noise,False,True,False,,,0.0710734416615,0.065324401959,False,False,False,0.7,synthetic,True
MLCC_C008000,MLCC_B055,MLCC_X7R,leakage_ua,SIM_X7R_1U_25V,ordinary_noise,ordinary_noise,False,True,False,,,0.0464903370481,0.0411590661622,False,False,False,0.7,synthetic,True
MLCC_C008020,MLCC_B055,MLCC_X7R,leakage_ua,SIM_X7R_1U_25V,healthy_settling,healthy_settling,False,True,False,,,0.0962720357044,0.0938215766339,False,False,False,0.7,synthetic,True
MLCC_C008033,MLCC_B055,MLCC_X7R,leakage_ua,SIM_X7R_1U_25V,healthy_settling,healthy_settling,False,True,False,,,0.046940715577,0.0477432785876,False,False,False,0.7,synthetic,True
MLCC_C008126,MLCC_B055,MLCC_X7R,leakage_ua,SIM_X7R_1U_25V,ordinary_noise,ordinary_noise,False,True,False,,,0.063358923093,0.0624605677823,False,False,False,0.7,synthetic,True
MLCC_C008181,MLCC_B055,MLCC_X7R,leakage_ua,SIM_X7R_1U_25V,healthy_settling,healthy_settling,False,True,False,,,0.104443035695,0.100441766481,False,False,False,0.7,synthetic,True
MLCC_C008204,MLCC_B055,MLCC_X7R,leakage_ua,SIM_X7R_1U_25V,healthy_settling,healthy_settling,False,True,False,,,0.0856030224929,0.0880743195125,False,False,False,0.7,synthetic,True
MLCC_C008234,MLCC_B055,MLCC_X7R,leakage_ua,SIM_X7R_1U_25V,moisture_associated_history,moisture_associated_history,True,False,False,48,,0.322549289946,0.318234050254,False,False,False,0.7,synthetic,True
MLCC_C008283,MLCC_B055,MLCC_X7R,leakage_ua,SIM_X7R_1U_25V,healthy_settling,healthy_settling,False,True,False,,,0.0464713743361,0.0477577918882,False,False,False,0.7,synthetic,True
MLCC_C008289,MLCC_B055,MLCC_X7R,leakage_ua,SIM_X7R_1U_25V,ordinary_noise,ordinary_noise,False,True,False,,,0.0611131823072,0.057205524819,False,False,False,0.7,synthetic,True
MLCC_C008356,MLCC_B055,MLCC_X7R,leakage_ua,SIM_X7R_1U_25V,healthy_settling,healthy_settling,False,True,False,,,0.0858706458965,0.0839879610285,False,False,False,0.7,synthetic,True
MLCC_C008443,MLCC_B055,MLCC_X7R,leakage_ua,SIM_X7R_1U_25V,healthy_settling,healthy_settling,False,True,False,,,0.0501578213306,0.0518618740585,False,False,False,0.7,synthetic,True
MLCC_C008492,MLCC_B055,MLCC_X7R,leakage_ua,SIM_X7R_1U_25V,late_abrupt_onset,late_abrupt_onset,True,False,False,144,,0.977496948477,0.934030599629,True,True,True,0.7,synthetic,True
MLCC_C008541,MLCC_B055,MLCC_X7R,leakage_ua,SIM_X7R_1U_25V,healthy_settling,healthy_settling,False,True,False,,,0.062704529425,0.0649281301761,False,False,False,0.7,synthetic,True
MLCC_C008587,MLCC_B055,MLCC_X7R,leakage_ua,SIM_X7R_1U_25V,tester_channel_fault,healthy_settling,False,False,True,,72,0.873949123093,0.0787500144128,False,True,False,0.7,synthetic,True
MLCC_C008760,MLCC_B055,MLCC_X7R,leakage_ua,SIM_X7R_1U_25V,healthy_settling,healthy_settling,False,True,False,,,0.129025174798,0.129174796912,False,False,False,0.7,synthetic,True
MLCC_C008806,MLCC_B055,MLCC_X7R,leakage_ua,SIM_X7R_1U_25V,healthy_settling,healthy_settling,False,True,False,,,0.0497462569847,0.0494266637147,False,False,False,0.7,synthetic,True
MLCC_C008816,MLCC_B055,MLCC_X7R,leakage_ua,SIM_X7R_1U_25V,intermittent_leakage,intermittent_leakage,True,False,False,48,,0.0354532744661,0.0388290689556,False,False,False,0.7,synthetic,True
MLCC_C008818,MLCC_B055,MLCC_X7R,leakage_ua,SIM_X7R_1U_25V,ordinary_noise,ordinary_noise,False,True,False,,,0.0573361540692,0.0664269144576,False,False,False,0.7,synthetic,True
MLCC_C008852,MLCC_B055,MLCC_X7R,leakage_ua,SIM_X7R_1U_25V,healthy_settling,healthy_settling,False,True,False,,,0.0485759725904,0.0489848650623,False,False,False,0.7,synthetic,True
MLCC_C008853,MLCC_B055,MLCC_X7R,leakage_ua,SIM_X7R_1U_25V,ordinary_noise,ordinary_noise,False,True,False,,,0.0596318523522,0.0629215188372,False,False,False,0.7,synthetic,True
MLCC_C008876,MLCC_B055,MLCC_X7R,leakage_ua,SIM_X7R_1U_25V,healthy_settling,healthy_settling,False,True,False,,,0.0758512986988,0.0745104728805,False,False,False,0.7,synthetic,True
MLCC_C009052,MLCC_B055,MLCC_X7R,leakage_ua,SIM_X7R_1U_25V,gradual_drift,gradual_drift,True,False,False,12,,0.163657522133,0.175979296772,False,False,False,0.7,synthetic,True
MLCC_C009182,MLCC_B055,MLCC_X7R,leakage_ua,SIM_X7R_1U_25V,healthy_settling,healthy_settling,False,True,False,,,0.0625968143853,0.0617763811604,False,False,False,0.7,synthetic,True
MLCC_C009235,MLCC_B055,MLCC_X7R,leakage_ua,SIM_X7R_1U_25V,healthy_settling,healthy_settling,False,True,False,,,0.0586964260771,0.0592355211382,False,False,False,0.7,synthetic,True
MLCC_C009259,MLCC_B055,MLCC_X7R,leakage_ua,SIM_X7R_1U_25V,healthy_settling,healthy_settling,False,True,False,,,0.0567638061216,0.0548315352106,False,False,False,0.7,synthetic,True
MLCC_C009264,MLCC_B055,MLCC_X7R,leakage_ua,SIM_X7R_1U_25V,ordinary_noise,ordinary_noise,False,True,False,,,0.0498847564636,0.058034718134,False,False,False,0.7,synthetic,True
MLCC_C009346,MLCC_B055,MLCC_X7R,leakage_ua,SIM_X7R_1U_25V,healthy_settling,healthy_settling,False,True,False,,,0.0493723714174,0.0479810999161,False,False,False,0.7,synthetic,True
MLCC_C009401,MLCC_B055,MLCC_X7R,leakage_ua,SIM_X7R_1U_25V,gradual_drift,gradual_drift,True,False,False,6,,0.717206195247,0.690634321202,False,True,False,0.7,synthetic,True
MLCC_C009418,MLCC_B055,MLCC_X7R,leakage_ua,SIM_X7R_1U_25V,healthy_settling,healthy_settling,False,True,False,,,0.073203242831,0.0744690470088,False,False,False,0.7,synthetic,True
MLCC_C009529,MLCC_B055,MLCC_X7R,leakage_ua,SIM_X7R_1U_25V,healthy_settling,healthy_settling,False,True,False,,,0.0386486518241,0.0386505243849,False,False,False,0.7,synthetic,True
MLCC_C009688,MLCC_B055,MLCC_X7R,leakage_ua,SIM_X7R_1U_25V,gradual_drift,gradual_drift,True,False,True,6,72,1.33501164634,0.527664601398,False,True,False,0.7,synthetic,True
MLCC_C009928,MLCC_B055,MLCC_X7R,leakage_ua,SIM_X7R_1U_25V,healthy_settling,healthy_settling,False,True,False,,,0.102479097153,0.104245671102,False,False,False,0.7,synthetic,True
MLCC_C009936,MLCC_B055,MLCC_X7R,leakage_ua,SIM_X7R_1U_25V,gradual_drift,gradual_drift,True,False,False,12,,0.233222721395,0.232063872738,False,False,False,0.7,synthetic,True
MLCC_C009952,MLCC_B055,MLCC_X7R,leakage_ua,SIM_X7R_1U_25V,ordinary_noise,ordinary_noise,False,True,False,,,0.0813590157779,0.0718633681513,False,False,False,0.7,synthetic,True
MLCC_C010009,MLCC_B055,MLCC_X7R,leakage_ua,SIM_X7R_1U_25V,ordinary_noise,ordinary_noise,False,True,False,,,0.0564102900675,0.0610427911745,False,False,False,0.7,synthetic,True
MLCC_C010230,MLCC_B055,MLCC_X7R,leakage_ua,SIM_X7R_1U_25V,ordinary_noise,ordinary_noise,False,True,False,,,0.0645351533278,0.0616234754098,False,False,False,0.7,synthetic,True
MLCC_C010347,MLCC_B055,MLCC_X7R,leakage_ua,SIM_X7R_1U_25V,gradual_drift,gradual_drift,True,False,False,12,,0.512999426783,0.545919861156,False,False,False,0.7,synthetic,True
MLCC_C010369,MLCC_B055,MLCC_X7R,leakage_ua,SIM_X7R_1U_25V,healthy_settling,healthy_settling,False,True,False,,,0.0566487047962,0.0609144679268,False,False,False,0.7,synthetic,True
MLCC_C010383,MLCC_B055,MLCC_X7R,leakage_ua,SIM_X7R_1U_25V,ordinary_noise,ordinary_noise,False,True,False,,,0.0731406796744,0.0634673736945,False,False,False,0.7,synthetic,True
MLCC_C010422,MLCC_B055,MLCC_X7R,leakage_ua,SIM_X7R_1U_25V,ordinary_noise,ordinary_noise,False,True,False,,,0.0457558391254,0.0410435112226,False,False,False,0.7,synthetic,True
MLCC_C010447,MLCC_B055,MLCC_X7R,leakage_ua,SIM_X7R_1U_25V,healthy_settling,healthy_settling,False,True,False,,,0.0706848121934,0.0700622289722,False,False,False,0.7,synthetic,True
MLCC_C010472,MLCC_B055,MLCC_X7R,leakage_ua,SIM_X7R_1U_25V,healthy_settling,healthy_settling,False,True,False,,,0.0574204130105,0.0551852202271,False,False,False,0.7,synthetic,True
MLCC_C010476,MLCC_B055,MLCC_X7R,leakage_ua,SIM_X7R_1U_25V,healthy_settling,healthy_settling,False,True,False,,,0.0688336562054,0.0693155490413,False,False,False,0.7,synthetic,True
MLCC_C010543,MLCC_B055,MLCC_X7R,leakage_ua,SIM_X7R_1U_25V,ordinary_noise,ordinary_noise,False,True,False,,,0.0409960087907,0.0519107098594,False,False,False,0.7,synthetic,True
MLCC_C010545,MLCC_B055,MLCC_X7R,leakage_ua,SIM_X7R_1U_25V,ordinary_noise,ordinary_noise,False,True,False,,,0.0394061385396,0.0451724445843,False,False,False,0.7,synthetic,True
MLCC_C010674,MLCC_B055,MLCC_X7R,leakage_ua,SIM_X7R_1U_25V,ordinary_noise,ordinary_noise,False,True,False,,,0.0486819006227,0.0449588767381,False,False,False,0.7,synthetic,True
MLCC_C010692,MLCC_B055,MLCC_X7R,leakage_ua,SIM_X7R_1U_25V,healthy_settling,healthy_settling,False,True,False,,,0.0540785501706,0.0544267524625,False,False,False,0.7,synthetic,True
MLCC_C010707,MLCC_B055,MLCC_X7R,leakage_ua,SIM_X7R_1U_25V,late_abrupt_onset,late_abrupt_onset,True,False,False,48,,1.75320041505,1.70096203572,True,True,True,0.7,synthetic,True
MLCC_C010767,MLCC_B055,MLCC_X7R,leakage_ua,SIM_X7R_1U_25V,healthy_settling,healthy_settling,False,True,False,,,0.0637864617328,0.0621134415979,False,False,False,0.7,synthetic,True
MLCC_C010794,MLCC_B055,MLCC_X7R,leakage_ua,SIM_X7R_1U_25V,healthy_settling,healthy_settling,False,True,False,,,0.123273671649,0.12754286495,False,False,False,0.7,synthetic,True
MLCC_C010853,MLCC_B055,MLCC_X7R,leakage_ua,SIM_X7R_1U_25V,healthy_settling,healthy_settling,False,True,False,,,0.0440546156625,0.0450175203277,False,False,False,0.7,synthetic,True
MLCC_C010898,MLCC_B055,MLCC_X7R,leakage_ua,SIM_X7R_1U_25V,ordinary_noise,ordinary_noise,False,True,False,,,0.0640439085966,0.0786431435598,False,False,False,0.7,synthetic,True
MLCC_C011075,MLCC_B055,MLCC_X7R,leakage_ua,SIM_X7R_1U_25V,ordinary_noise,ordinary_noise,False,True,False,,,0.0948400443015,0.100173818245,False,False,False,0.7,synthetic,True
MLCC_C011216,MLCC_B055,MLCC_X7R,leakage_ua,SIM_X7R_1U_25V,healthy_settling,healthy_settling,False,True,False,,,0.0694922355246,0.0677915980441,False,False,False,0.7,synthetic,True
MLCC_C011232,MLCC_B055,MLCC_X7R,leakage_ua,SIM_X7R_1U_25V,tester_channel_fault,healthy_settling,False,False,True,,72,0.872452175912,0.0726664890277,False,True,False,0.7,synthetic,True
MLCC_C011288,MLCC_B055,MLCC_X7R,leakage_ua,SIM_X7R_1U_25V,ordinary_noise,ordinary_noise,False,True,False,,,0.062245605749,0.064967552351,False,False,False,0.7,synthetic,True
MLCC_C011372,MLCC_B055,MLCC_X7R,leakage_ua,SIM_X7R_1U_25V,healthy_settling,healthy_settling,False,True,False,,,0.0838014628501,0.0835104620828,False,False,False,0.7,synthetic,True
MLCC_C011373,MLCC_B055,MLCC_X7R,leakage_ua,SIM_X7R_1U_25V,healthy_settling,healthy_settling,False,True,False,,,0.0793850070965,0.0797192045269,False,False,False,0.7,synthetic,True
MLCC_C011402,MLCC_B055,MLCC_X7R,leakage_ua,SIM_X7R_1U_25V,healthy_settling,healthy_settling,False,True,False,,,0.100005256138,0.103670417683,False,False,False,0.7,synthetic,True
MLCC_C011456,MLCC_B055,MLCC_X7R,leakage_ua,SIM_X7R_1U_25V,moisture_associated_history,moisture_associated_history,True,False,False,0,,0.736854086452,0.725474435714,True,True,True,0.7,synthetic,True
MLCC_C011498,MLCC_B055,MLCC_X7R,leakage_ua,SIM_X7R_1U_25V,healthy_settling,healthy_settling,False,True,False,,,0.0455103531233,0.0473058220886,False,False,False,0.7,synthetic,True
MLCC_C011519,MLCC_B055,MLCC_X7R,leakage_ua,SIM_X7R_1U_25V,moisture_associated_history,moisture_associated_history,True,False,False,48,,0.273687816007,0.275306635107,False,False,False,0.7,synthetic,True
MLCC_C011687,MLCC_B055,MLCC_X7R,leakage_ua,SIM_X7R_1U_25V,healthy_settling,healthy_settling,False,True,False,,,0.0964466140301,0.0967330238661,False,False,False,0.7,synthetic,True
MLCC_C011949,MLCC_B055,MLCC_X7R,leakage_ua,SIM_X7R_1U_25V,tester_channel_fault,healthy_settling,False,False,True,,72,0.83988951914,0.0415874052822,False,True,False,0.7,synthetic,True
MLCC_C000031,MLCC_B056,MLCC_X7R,leakage_ua,SIM_X7R_4U7_16V,ordinary_noise,ordinary_noise,False,True,False,,,0.119805665523,0.128148549378,False,False,False,1.3,synthetic,True
MLCC_C000099,MLCC_B056,MLCC_X7R,leakage_ua,SIM_X7R_4U7_16V,healthy_settling,healthy_settling,False,True,False,,,0.211636517944,0.215472704889,False,False,False,1.3,synthetic,True
MLCC_C000135,MLCC_B056,MLCC_X7R,leakage_ua,SIM_X7R_4U7_16V,healthy_settling,healthy_settling,False,True,False,,,0.274838675727,0.295785169463,False,False,False,1.3,synthetic,True
MLCC_C000150,MLCC_B056,MLCC_X7R,leakage_ua,SIM_X7R_4U7_16V,healthy_settling,healthy_settling,False,True,False,,,0.105934708443,0.105567494951,False,False,False,1.3,synthetic,True
MLCC_C000257,MLCC_B056,MLCC_X7R,leakage_ua,SIM_X7R_4U7_16V,healthy_settling,healthy_settling,False,True,False,,,0.188802985277,0.18709053136,False,False,False,1.3,synthetic,True
MLCC_C000264,MLCC_B056,MLCC_X7R,leakage_ua,SIM_X7R_4U7_16V,ordinary_noise,ordinary_noise,False,True,False,,,0.125411622533,0.144430556469,False,False,False,1.3,synthetic,True
MLCC_C000267,MLCC_B056,MLCC_X7R,leakage_ua,SIM_X7R_4U7_16V,late_abrupt_onset,late_abrupt_onset,True,False,False,96,,0.537887971283,0.591313415543,False,False,False,1.3,synthetic,True
MLCC_C000290,MLCC_B056,MLCC_X7R,leakage_ua,SIM_X7R_4U7_16V,ordinary_noise,ordinary_noise,False,True,False,,,0.132600581958,0.124328012968,False,False,False,1.3,synthetic,True
MLCC_C000291,MLCC_B056,MLCC_X7R,leakage_ua,SIM_X7R_4U7_16V,healthy_settling,healthy_settling,False,True,False,,,0.129673067874,0.130527930383,False,False,False,1.3,synthetic,True
MLCC_C000557,MLCC_B056,MLCC_X7R,leakage_ua,SIM_X7R_4U7_16V,healthy_settling,healthy_settling,False,True,False,,,0.146219062864,0.141706691958,False,False,False,1.3,synthetic,True
MLCC_C000586,MLCC_B056,MLCC_X7R,leakage_ua,SIM_X7R_4U7_16V,healthy_settling,healthy_settling,False,True,False,,,0.131325858306,0.134460127258,False,False,False,1.3,synthetic,True
MLCC_C000759,MLCC_B056,MLCC_X7R,leakage_ua,SIM_X7R_4U7_16V,healthy_settling,healthy_settling,False,True,False,,,0.11251441608,0.106957164292,False,False,False,1.3,synthetic,True
MLCC_C000790,MLCC_B056,MLCC_X7R,leakage_ua,SIM_X7R_4U7_16V,healthy_settling,healthy_settling,False,True,False,,,0.0866233637804,0.0843019555696,False,False,False,1.3,synthetic,True
MLCC_C000881,MLCC_B056,MLCC_X7R,leakage_ua,SIM_X7R_4U7_16V,healthy_settling,healthy_settling,False,True,False,,,0.0971021749058,0.0955051661428,False,False,False,1.3,synthetic,True
MLCC_C000928,MLCC_B056,MLCC_X7R,leakage_ua,SIM_X7R_4U7_16V,healthy_settling,healthy_settling,False,True,False,,,0.143522997591,0.141853346798,False,False,False,1.3,synthetic,True
MLCC_C001053,MLCC_B056,MLCC_X7R,leakage_ua,SIM_X7R_4U7_16V,ordinary_noise,ordinary_noise,False,True,False,,,0.0861220967859,0.100454513572,False,False,False,1.3,synthetic,True
MLCC_C001306,MLCC_B056,MLCC_X7R,leakage_ua,SIM_X7R_4U7_16V,healthy_settling,healthy_settling,False,True,False,,,0.16836115881,0.167914975898,False,False,False,1.3,synthetic,True
MLCC_C001323,MLCC_B056,MLCC_X7R,leakage_ua,SIM_X7R_4U7_16V,healthy_settling,healthy_settling,False,True,False,,,0.206339234177,0.204432549014,False,False,False,1.3,synthetic,True
MLCC_C001331,MLCC_B056,MLCC_X7R,leakage_ua,SIM_X7R_4U7_16V,moisture_associated_history,moisture_associated_history,True,False,False,24,,0.927503143024,0.925040510313,False,False,False,1.3,synthetic,True
MLCC_C001362,MLCC_B056,MLCC_X7R,leakage_ua,SIM_X7R_4U7_16V,healthy_settling,healthy_settling,False,True,False,,,0.169713861751,0.172200348936,False,False,False,1.3,synthetic,True
MLCC_C001372,MLCC_B056,MLCC_X7R,leakage_ua,SIM_X7R_4U7_16V,healthy_settling,healthy_settling,False,True,False,,,0.12392508197,0.134004768416,False,False,False,1.3,synthetic,True
MLCC_C001470,MLCC_B056,MLCC_X7R,leakage_ua,SIM_X7R_4U7_16V,healthy_settling,healthy_settling,False,True,False,,,0.192148583587,0.192217058917,False,False,False,1.3,synthetic,True
MLCC_C001559,MLCC_B056,MLCC_X7R,leakage_ua,SIM_X7R_4U7_16V,healthy_settling,healthy_settling,False,True,False,,,0.193600998004,0.199327495105,False,False,False,1.3,synthetic,True
MLCC_C001571,MLCC_B056,MLCC_X7R,leakage_ua,SIM_X7R_4U7_16V,ordinary_noise,ordinary_noise,False,True,False,,,0.0587482374218,0.0827479311707,False,False,False,1.3,synthetic,True
MLCC_C001581,MLCC_B056,MLCC_X7R,leakage_ua,SIM_X7R_4U7_16V,healthy_settling,healthy_settling,False,True,False,,,0.136586703459,0.13742451529,False,False,False,1.3,synthetic,True
MLCC_C001605,MLCC_B056,MLCC_X7R,leakage_ua,SIM_X7R_4U7_16V,moisture_associated_history,moisture_associated_history,True,False,False,12,,0.722352764112,0.687383817776,False,False,False,1.3,synthetic,True
MLCC_C001811,MLCC_B056,MLCC_X7R,leakage_ua,SIM_X7R_4U7_16V,gradual_drift,gradual_drift,True,False,False,0,,0.546855945946,0.546090803552,False,False,False,1.3,synthetic,True
MLCC_C001924,MLCC_B056,MLCC_X7R,leakage_ua,SIM_X7R_4U7_16V,healthy_settling,healthy_settling,False,True,False,,,0.132366315505,0.129257685964,False,False,False,1.3,synthetic,True
MLCC_C001928,MLCC_B056,MLCC_X7R,leakage_ua,SIM_X7R_4U7_16V,healthy_settling,healthy_settling,False,True,False,,,0.122052387516,0.119056502359,False,False,False,1.3,synthetic,True
MLCC_C001983,MLCC_B056,MLCC_X7R,leakage_ua,SIM_X7R_4U7_16V,healthy_settling,healthy_settling,False,True,False,,,0.11513673175,0.115541635877,False,False,False,1.3,synthetic,True
MLCC_C002044,MLCC_B056,MLCC_X7R,leakage_ua,SIM_X7R_4U7_16V,healthy_settling,healthy_settling,False,True,False,,,0.135486487964,0.143035164384,False,False,False,1.3,synthetic,True
MLCC_C002127,MLCC_B056,MLCC_X7R,leakage_ua,SIM_X7R_4U7_16V,healthy_settling,healthy_settling,False,True,False,,,0.174875585523,0.178186519511,False,False,False,1.3,synthetic,True
MLCC_C002197,MLCC_B056,MLCC_X7R,leakage_ua,SIM_X7R_4U7_16V,ordinary_noise,ordinary_noise,False,True,False,,,0.151109640155,0.147472037073,False,False,False,1.3,synthetic,True
MLCC_C002209,MLCC_B056,MLCC_X7R,leakage_ua,SIM_X7R_4U7_16V,healthy_settling,healthy_settling,False,True,False,,,0.136773845973,0.133224315335,False,False,False,1.3,synthetic,True
MLCC_C002428,MLCC_B056,MLCC_X7R,leakage_ua,SIM_X7R_4U7_16V,late_abrupt_onset,late_abrupt_onset,True,False,False,96,,1.56033226553,1.52443130168,True,True,True,1.3,synthetic,True
MLCC_C002433,MLCC_B056,MLCC_X7R,leakage_ua,SIM_X7R_4U7_16V,healthy_settling,healthy_settling,False,True,False,,,0.108663269991,0.114218756087,False,False,False,1.3,synthetic,True
MLCC_C002493,MLCC_B056,MLCC_X7R,leakage_ua,SIM_X7R_4U7_16V,healthy_settling,healthy_settling,False,True,False,,,0.211243888181,0.217137791702,False,False,False,1.3,synthetic,True
MLCC_C002538,MLCC_B056,MLCC_X7R,leakage_ua,SIM_X7R_4U7_16V,healthy_settling,healthy_settling,False,True,False,,,0.154164466348,0.153136269835,False,False,False,1.3,synthetic,True
MLCC_C002659,MLCC_B056,MLCC_X7R,leakage_ua,SIM_X7R_4U7_16V,ordinary_noise,ordinary_noise,False,True,False,,,0.194935587685,0.20644631257,False,False,False,1.3,synthetic,True
MLCC_C002708,MLCC_B056,MLCC_X7R,leakage_ua,SIM_X7R_4U7_16V,healthy_settling,healthy_settling,False,True,False,,,0.176461644625,0.177596183723,False,False,False,1.3,synthetic,True
MLCC_C002828,MLCC_B056,MLCC_X7R,leakage_ua,SIM_X7R_4U7_16V,ordinary_noise,ordinary_noise,False,True,False,,,0.0745121436889,0.0764569080352,False,False,False,1.3,synthetic,True
MLCC_C002853,MLCC_B056,MLCC_X7R,leakage_ua,SIM_X7R_4U7_16V,healthy_settling,healthy_settling,False,True,False,,,0.144019090948,0.13593088456,False,False,False,1.3,synthetic,True
MLCC_C002898,MLCC_B056,MLCC_X7R,leakage_ua,SIM_X7R_4U7_16V,healthy_settling,healthy_settling,False,True,False,,,0.132421425188,0.13174275089,False,False,False,1.3,synthetic,True
MLCC_C002900,MLCC_B056,MLCC_X7R,leakage_ua,SIM_X7R_4U7_16V,healthy_settling,healthy_settling,False,True,False,,,0.10558247511,0.101479285401,False,False,False,1.3,synthetic,True
MLCC_C002921,MLCC_B056,MLCC_X7R,leakage_ua,SIM_X7R_4U7_16V,healthy_settling,healthy_settling,False,True,False,,,0.088586999552,0.0869491247235,False,False,False,1.3,synthetic,True
MLCC_C003037,MLCC_B056,MLCC_X7R,leakage_ua,SIM_X7R_4U7_16V,healthy_settling,healthy_settling,False,True,False,,,0.123067423494,0.124251965811,False,False,False,1.3,synthetic,True
MLCC_C003121,MLCC_B056,MLCC_X7R,leakage_ua,SIM_X7R_4U7_16V,healthy_settling,healthy_settling,False,True,False,,,0.137027965938,0.134841651966,False,False,False,1.3,synthetic,True
MLCC_C003362,MLCC_B056,MLCC_X7R,leakage_ua,SIM_X7R_4U7_16V,late_abrupt_onset,late_abrupt_onset,True,False,False,144,,0.372824607458,0.380881446124,False,False,False,1.3,synthetic,True
MLCC_C003384,MLCC_B056,MLCC_X7R,leakage_ua,SIM_X7R_4U7_16V,healthy_settling,healthy_settling,False,True,False,,,0.145772956307,0.148458766425,False,False,False,1.3,synthetic,True
MLCC_C003455,MLCC_B056,MLCC_X7R,leakage_ua,SIM_X7R_4U7_16V,accelerating_drift,accelerating_drift,True,False,False,6,,0.764075432756,0.752767127437,False,False,False,1.3,synthetic,True
MLCC_C003463,MLCC_B056,MLCC_X7R,leakage_ua,SIM_X7R_4U7_16V,healthy_settling,healthy_settling,False,True,False,,,0.134892776725,0.130415650985,False,False,False,1.3,synthetic,True
MLCC_C003505,MLCC_B056,MLCC_X7R,leakage_ua,SIM_X7R_4U7_16V,healthy_settling,healthy_settling,False,True,False,,,0.172661777616,0.174559621969,False,False,False,1.3,synthetic,True
MLCC_C003549,MLCC_B056,MLCC_X7R,leakage_ua,SIM_X7R_4U7_16V,healthy_settling,healthy_settling,False,True,False,,,0.0998727568813,0.0991882436975,False,False,False,1.3,synthetic,True
MLCC_C003634,MLCC_B056,MLCC_X7R,leakage_ua,SIM_X7R_4U7_16V,healthy_settling,healthy_settling,False,True,False,,,0.134899105661,0.133125982358,False,False,False,1.3,synthetic,True
MLCC_C003644,MLCC_B056,MLCC_X7R,leakage_ua,SIM_X7R_4U7_16V,intermittent_leakage,intermittent_leakage,True,False,False,6,,0.835602590977,0.850431141519,False,False,False,1.3,synthetic,True
MLCC_C003711,MLCC_B056,MLCC_X7R,leakage_ua,SIM_X7R_4U7_16V,healthy_settling,healthy_settling,False,True,False,,,0.112985395229,0.111392860854,False,False,False,1.3,synthetic,True
MLCC_C003815,MLCC_B056,MLCC_X7R,leakage_ua,SIM_X7R_4U7_16V,healthy_settling,healthy_settling,False,True,False,,,0.14208742473,0.142980547288,False,False,False,1.3,synthetic,True
MLCC_C003853,MLCC_B056,MLCC_X7R,leakage_ua,SIM_X7R_4U7_16V,healthy_settling,healthy_settling,False,True,False,,,0.175318236047,0.167250172535,False,False,False,1.3,synthetic,True
MLCC_C003858,MLCC_B056,MLCC_X7R,leakage_ua,SIM_X7R_4U7_16V,ordinary_noise,ordinary_noise,False,True,False,,,0.152171027023,0.177503773124,False,False,False,1.3,synthetic,True
MLCC_C003883,MLCC_B056,MLCC_X7R,leakage_ua,SIM_X7R_4U7_16V,late_abrupt_onset,late_abrupt_onset,True,False,False,48,,1.29985495043,1.35612908671,True,False,True,1.3,synthetic,True
MLCC_C003886,MLCC_B056,MLCC_X7R,leakage_ua,SIM_X7R_4U7_16V,healthy_settling,healthy_settling,False,True,False,,,0.13144764071,0.137001692834,False,False,False,1.3,synthetic,True
MLCC_C003893,MLCC_B056,MLCC_X7R,leakage_ua,SIM_X7R_4U7_16V,healthy_settling,healthy_settling,False,True,False,,,0.222993672782,0.214253027283,False,False,False,1.3,synthetic,True
MLCC_C003930,MLCC_B056,MLCC_X7R,leakage_ua,SIM_X7R_4U7_16V,healthy_settling,healthy_settling,False,True,False,,,0.210650667528,0.215730413406,False,False,False,1.3,synthetic,True
MLCC_C003942,MLCC_B056,MLCC_X7R,leakage_ua,SIM_X7R_4U7_16V,healthy_settling,healthy_settling,False,True,False,,,0.164001068521,0.168949716812,False,False,False,1.3,synthetic,True
MLCC_C003961,MLCC_B056,MLCC_X7R,leakage_ua,SIM_X7R_4U7_16V,healthy_settling,healthy_settling,False,True,False,,,0.0774127560817,0.0847681047269,False,False,False,1.3,synthetic,True
MLCC_C004026,MLCC_B056,MLCC_X7R,leakage_ua,SIM_X7R_4U7_16V,ordinary_noise,ordinary_noise,False,True,False,,,0.236596954503,0.220893583308,False,False,False,1.3,synthetic,True
MLCC_C004085,MLCC_B056,MLCC_X7R,leakage_ua,SIM_X7R_4U7_16V,accelerating_drift,accelerating_drift,True,False,False,0,,0.521920004617,0.521014445701,False,False,False,1.3,synthetic,True
MLCC_C004203,MLCC_B056,MLCC_X7R,leakage_ua,SIM_X7R_4U7_16V,ordinary_noise,ordinary_noise,False,True,False,,,0.217907924197,0.194657691322,False,False,False,1.3,synthetic,True
MLCC_C004235,MLCC_B056,MLCC_X7R,leakage_ua,SIM_X7R_4U7_16V,healthy_settling,healthy_settling,False,True,False,,,0.121233532665,0.123649311882,False,False,False,1.3,synthetic,True
MLCC_C004276,MLCC_B056,MLCC_X7R,leakage_ua,SIM_X7R_4U7_16V,healthy_settling,healthy_settling,False,True,False,,,0.17565218412,0.17498130818,False,False,False,1.3,synthetic,True
MLCC_C004277,MLCC_B056,MLCC_X7R,leakage_ua,SIM_X7R_4U7_16V,healthy_settling,healthy_settling,False,True,False,,,0.109237849835,0.113626800058,False,False,False,1.3,synthetic,True
MLCC_C004353,MLCC_B056,MLCC_X7R,leakage_ua,SIM_X7R_4U7_16V,healthy_settling,healthy_settling,False,True,False,,,0.136165240927,0.141981473818,False,False,False,1.3,synthetic,True
MLCC_C004451,MLCC_B056,MLCC_X7R,leakage_ua,SIM_X7R_4U7_16V,healthy_settling,healthy_settling,False,True,False,,,0.188851809638,0.197842909989,False,False,False,1.3,synthetic,True
MLCC_C004590,MLCC_B056,MLCC_X7R,leakage_ua,SIM_X7R_4U7_16V,ordinary_noise,ordinary_noise,False,True,False,,,0.302863402638,0.229205568027,False,False,False,1.3,synthetic,True
MLCC_C004608,MLCC_B056,MLCC_X7R,leakage_ua,SIM_X7R_4U7_16V,ordinary_noise,ordinary_noise,False,True,False,,,0.0560826780385,0.0603674446215,False,False,False,1.3,synthetic,True
MLCC_C004622,MLCC_B056,MLCC_X7R,leakage_ua,SIM_X7R_4U7_16V,healthy_settling,healthy_settling,False,True,False,,,0.127837594737,0.130023226708,False,False,False,1.3,synthetic,True
MLCC_C004636,MLCC_B056,MLCC_X7R,leakage_ua,SIM_X7R_4U7_16V,healthy_settling,healthy_settling,False,True,False,,,0.142596624884,0.144127221641,False,False,False,1.3,synthetic,True
MLCC_C004753,MLCC_B056,MLCC_X7R,leakage_ua,SIM_X7R_4U7_16V,healthy_settling,healthy_settling,False,True,False,,,0.125601126211,0.126513837182,False,False,False,1.3,synthetic,True
MLCC_C004819,MLCC_B056,MLCC_X7R,leakage_ua,SIM_X7R_4U7_16V,healthy_settling,healthy_settling,False,True,False,,,0.139343692272,0.133626713117,False,False,False,1.3,synthetic,True
MLCC_C004831,MLCC_B056,MLCC_X7R,leakage_ua,SIM_X7R_4U7_16V,healthy_settling,healthy_settling,False,True,False,,,0.110280034178,0.113857290364,False,False,False,1.3,synthetic,True
MLCC_C004850,MLCC_B056,MLCC_X7R,leakage_ua,SIM_X7R_4U7_16V,healthy_settling,healthy_settling,False,True,False,,,0.109944366723,0.109589413793,False,False,False,1.3,synthetic,True
MLCC_C004891,MLCC_B056,MLCC_X7R,leakage_ua,SIM_X7R_4U7_16V,healthy_settling,healthy_settling,False,True,False,,,0.194908378191,0.181150024498,False,False,False,1.3,synthetic,True
MLCC_C004933,MLCC_B056,MLCC_X7R,leakage_ua,SIM_X7R_4U7_16V,intermittent_leakage,intermittent_leakage,True,False,False,12,,0.337378875902,0.338133975218,False,False,False,1.3,synthetic,True
MLCC_C004939,MLCC_B056,MLCC_X7R,leakage_ua,SIM_X7R_4U7_16V,healthy_settling,healthy_settling,False,True,False,,,0.144077291949,0.146555152425,False,False,False,1.3,synthetic,True
MLCC_C005072,MLCC_B056,MLCC_X7R,leakage_ua,SIM_X7R_4U7_16V,healthy_settling,healthy_settling,False,True,False,,,0.0917269382325,0.092681287992,False,False,False,1.3,synthetic,True
MLCC_C005078,MLCC_B056,MLCC_X7R,leakage_ua,SIM_X7R_4U7_16V,intermittent_leakage,intermittent_leakage,True,False,False,48,,0.220272833057,0.220577357638,False,False,False,1.3,synthetic,True
MLCC_C005145,MLCC_B056,MLCC_X7R,leakage_ua,SIM_X7R_4U7_16V,healthy_settling,healthy_settling,False,True,False,,,0.23083704843,0.229758110028,False,False,False,1.3,synthetic,True
MLCC_C005218,MLCC_B056,MLCC_X7R,leakage_ua,SIM_X7R_4U7_16V,healthy_settling,healthy_settling,False,True,False,,,0.135626626222,0.134594822665,False,False,False,1.3,synthetic,True
MLCC_C005266,MLCC_B056,MLCC_X7R,leakage_ua,SIM_X7R_4U7_16V,healthy_settling,healthy_settling,False,True,False,,,0.139139389493,0.142497790781,False,False,False,1.3,synthetic,True
MLCC_C005318,MLCC_B056,MLCC_X7R,leakage_ua,SIM_X7R_4U7_16V,healthy_settling,healthy_settling,False,True,False,,,0.18727656865,0.200854503019,False,False,False,1.3,synthetic,True
MLCC_C005332,MLCC_B056,MLCC_X7R,leakage_ua,SIM_X7R_4U7_16V,healthy_settling,healthy_settling,False,True,False,,,0.134621544166,0.141396616786,False,False,False,1.3,synthetic,True
MLCC_C005379,MLCC_B056,MLCC_X7R,leakage_ua,SIM_X7R_4U7_16V,healthy_settling,healthy_settling,False,True,False,,,0.100837139415,0.0982620425911,False,False,False,1.3,synthetic,True
MLCC_C005402,MLCC_B056,MLCC_X7R,leakage_ua,SIM_X7R_4U7_16V,healthy_settling,healthy_settling,False,True,False,,,0.213015517891,0.212861936321,False,False,False,1.3,synthetic,True
MLCC_C005405,MLCC_B056,MLCC_X7R,leakage_ua,SIM_X7R_4U7_16V,healthy_settling,healthy_settling,False,True,False,,,0.205354068119,0.21259290105,False,False,False,1.3,synthetic,True
MLCC_C005531,MLCC_B056,MLCC_X7R,leakage_ua,SIM_X7R_4U7_16V,healthy_settling,healthy_settling,False,True,False,,,0.100577557637,0.101104687951,False,False,False,1.3,synthetic,True
MLCC_C005538,MLCC_B056,MLCC_X7R,leakage_ua,SIM_X7R_4U7_16V,ordinary_noise,ordinary_noise,False,True,False,,,0.0657069908032,0.0873204422569,False,False,False,1.3,synthetic,True
MLCC_C005584,MLCC_B056,MLCC_X7R,leakage_ua,SIM_X7R_4U7_16V,healthy_settling,healthy_settling,False,True,False,,,0.156964795513,0.156112414623,False,False,False,1.3,synthetic,True
MLCC_C005605,MLCC_B056,MLCC_X7R,leakage_ua,SIM_X7R_4U7_16V,healthy_settling,healthy_settling,False,True,False,,,0.178471925557,0.176220701579,False,False,False,1.3,synthetic,True
MLCC_C005628,MLCC_B056,MLCC_X7R,leakage_ua,SIM_X7R_4U7_16V,late_abrupt_onset,late_abrupt_onset,True,False,False,48,,1.07334434945,1.12451408098,False,False,False,1.3,synthetic,True
MLCC_C005681,MLCC_B056,MLCC_X7R,leakage_ua,SIM_X7R_4U7_16V,ordinary_noise,ordinary_noise,False,True,False,,,0.0887568303124,0.0999980127606,False,False,False,1.3,synthetic,True
MLCC_C005753,MLCC_B056,MLCC_X7R,leakage_ua,SIM_X7R_4U7_16V,healthy_settling,healthy_settling,False,True,False,,,0.207644244656,0.201312699452,False,False,False,1.3,synthetic,True
MLCC_C005801,MLCC_B056,MLCC_X7R,leakage_ua,SIM_X7R_4U7_16V,healthy_settling,healthy_settling,False,True,False,,,0.121080281718,0.119861972055,False,False,False,1.3,synthetic,True
MLCC_C005931,MLCC_B056,MLCC_X7R,leakage_ua,SIM_X7R_4U7_16V,healthy_settling,healthy_settling,False,True,False,,,0.168534957989,0.170520133524,False,False,False,1.3,synthetic,True
MLCC_C005944,MLCC_B056,MLCC_X7R,leakage_ua,SIM_X7R_4U7_16V,late_abrupt_onset,late_abrupt_onset,True,False,False,144,,2.46389050267,2.45458396568,True,True,True,1.3,synthetic,True
MLCC_C006007,MLCC_B056,MLCC_X7R,leakage_ua,SIM_X7R_4U7_16V,healthy_settling,healthy_settling,False,True,False,,,0.131932651897,0.134977467556,False,False,False,1.3,synthetic,True
MLCC_C006066,MLCC_B056,MLCC_X7R,leakage_ua,SIM_X7R_4U7_16V,healthy_settling,healthy_settling,False,True,False,,,0.151330033004,0.144644890289,False,False,False,1.3,synthetic,True
MLCC_C006093,MLCC_B056,MLCC_X7R,leakage_ua,SIM_X7R_4U7_16V,intermittent_leakage,intermittent_leakage,True,False,False,12,,0.160429968512,0.151168332999,False,False,True,1.3,synthetic,True
MLCC_C006138,MLCC_B056,MLCC_X7R,leakage_ua,SIM_X7R_4U7_16V,ordinary_noise,ordinary_noise,False,True,False,,,0.182250020274,0.164744105351,False,False,False,1.3,synthetic,True
MLCC_C006156,MLCC_B056,MLCC_X7R,leakage_ua,SIM_X7R_4U7_16V,healthy_settling,healthy_settling,False,True,False,,,0.139749556416,0.143562252801,False,False,False,1.3,synthetic,True
MLCC_C006345,MLCC_B056,MLCC_X7R,leakage_ua,SIM_X7R_4U7_16V,accelerating_drift,accelerating_drift,True,False,False,24,,0.427283755733,0.425188564128,False,False,False,1.3,synthetic,True
MLCC_C006453,MLCC_B056,MLCC_X7R,leakage_ua,SIM_X7R_4U7_16V,moisture_associated_history,moisture_associated_history,True,False,False,0,,0.870824890055,0.881207664358,False,False,False,1.3,synthetic,True
MLCC_C006459,MLCC_B056,MLCC_X7R,leakage_ua,SIM_X7R_4U7_16V,healthy_settling,healthy_settling,False,True,False,,,0.101688228699,0.101930993444,False,False,False,1.3,synthetic,True
MLCC_C006538,MLCC_B056,MLCC_X7R,leakage_ua,SIM_X7R_4U7_16V,healthy_settling,healthy_settling,False,True,False,,,0.0962364566695,0.0922332807981,False,False,False,1.3,synthetic,True
MLCC_C006616,MLCC_B056,MLCC_X7R,leakage_ua,SIM_X7R_4U7_16V,healthy_settling,healthy_settling,False,True,False,,,0.112296483792,0.106980825432,False,False,False,1.3,synthetic,True
MLCC_C006742,MLCC_B056,MLCC_X7R,leakage_ua,SIM_X7R_4U7_16V,healthy_settling,healthy_settling,False,True,False,,,0.174080514642,0.186223478058,False,False,False,1.3,synthetic,True
MLCC_C006757,MLCC_B056,MLCC_X7R,leakage_ua,SIM_X7R_4U7_16V,ordinary_noise,ordinary_noise,False,True,False,,,0.110673085778,0.101737210779,False,False,False,1.3,synthetic,True
MLCC_C006763,MLCC_B056,MLCC_X7R,leakage_ua,SIM_X7R_4U7_16V,healthy_settling,healthy_settling,False,True,False,,,0.13988231072,0.152805742556,False,False,False,1.3,synthetic,True
MLCC_C006845,MLCC_B056,MLCC_X7R,leakage_ua,SIM_X7R_4U7_16V,moisture_associated_history,moisture_associated_history,True,False,False,0,,1.97592308774,1.97478410153,True,True,True,1.3,synthetic,True
MLCC_C006975,MLCC_B056,MLCC_X7R,leakage_ua,SIM_X7R_4U7_16V,healthy_settling,healthy_settling,False,True,False,,,0.141615486032,0.146094724017,False,False,False,1.3,synthetic,True
MLCC_C007001,MLCC_B056,MLCC_X7R,leakage_ua,SIM_X7R_4U7_16V,healthy_settling,healthy_settling,False,True,False,,,0.0856835962916,0.0877721837555,False,False,False,1.3,synthetic,True
MLCC_C007035,MLCC_B056,MLCC_X7R,leakage_ua,SIM_X7R_4U7_16V,healthy_settling,healthy_settling,False,True,False,,,0.134401423971,0.13411466715,False,False,False,1.3,synthetic,True
MLCC_C007102,MLCC_B056,MLCC_X7R,leakage_ua,SIM_X7R_4U7_16V,moisture_associated_history,moisture_associated_history,True,False,False,24,,0.881892409843,0.864190489577,False,False,False,1.3,synthetic,True
MLCC_C007108,MLCC_B056,MLCC_X7R,leakage_ua,SIM_X7R_4U7_16V,accelerating_drift,accelerating_drift,True,False,False,12,,0.84235911701,0.833394292068,False,False,False,1.3,synthetic,True
MLCC_C007142,MLCC_B056,MLCC_X7R,leakage_ua,SIM_X7R_4U7_16V,healthy_settling,healthy_settling,False,True,False,,,0.199307276637,0.192943996337,False,False,False,1.3,synthetic,True
MLCC_C007262,MLCC_B056,MLCC_X7R,leakage_ua,SIM_X7R_4U7_16V,ordinary_noise,ordinary_noise,False,True,False,,,0.21214504244,0.205375275003,False,False,False,1.3,synthetic,True
MLCC_C007299,MLCC_B056,MLCC_X7R,leakage_ua,SIM_X7R_4U7_16V,healthy_settling,healthy_settling,False,True,False,,,0.128710216828,0.13063929279,False,False,False,1.3,synthetic,True
MLCC_C007404,MLCC_B056,MLCC_X7R,leakage_ua,SIM_X7R_4U7_16V,healthy_settling,healthy_settling,False,True,False,,,0.120766051519,0.11327545609,False,False,False,1.3,synthetic,True
MLCC_C007472,MLCC_B056,MLCC_X7R,leakage_ua,SIM_X7R_4U7_16V,healthy_settling,healthy_settling,False,True,False,,,0.199150892116,0.203183367961,False,False,False,1.3,synthetic,True
MLCC_C007505,MLCC_B056,MLCC_X7R,leakage_ua,SIM_X7R_4U7_16V,gradual_drift,gradual_drift,True,False,False,12,,2.06366789078,1.99269792092,True,True,True,1.3,synthetic,True
MLCC_C007513,MLCC_B056,MLCC_X7R,leakage_ua,SIM_X7R_4U7_16V,healthy_settling,healthy_settling,False,True,False,,,0.154268020167,0.1549181956,False,False,False,1.3,synthetic,True
MLCC_C007526,MLCC_B056,MLCC_X7R,leakage_ua,SIM_X7R_4U7_16V,healthy_settling,healthy_settling,False,True,False,,,0.159915378698,0.163044380596,False,False,False,1.3,synthetic,True
MLCC_C007587,MLCC_B056,MLCC_X7R,leakage_ua,SIM_X7R_4U7_16V,accelerating_drift,accelerating_drift,True,False,False,0,,0.858769857763,0.853300572958,False,False,False,1.3,synthetic,True
MLCC_C007752,MLCC_B056,MLCC_X7R,leakage_ua,SIM_X7R_4U7_16V,ordinary_noise,ordinary_noise,False,True,False,,,0.191595679779,0.170454662737,False,False,False,1.3,synthetic,True
MLCC_C007764,MLCC_B056,MLCC_X7R,leakage_ua,SIM_X7R_4U7_16V,healthy_settling,healthy_settling,False,True,False,,,0.0940338387421,0.0969681561265,False,False,False,1.3,synthetic,True
MLCC_C007805,MLCC_B056,MLCC_X7R,leakage_ua,SIM_X7R_4U7_16V,healthy_settling,healthy_settling,False,True,False,,,0.140781376165,0.133710345795,False,False,False,1.3,synthetic,True
MLCC_C007866,MLCC_B056,MLCC_X7R,leakage_ua,SIM_X7R_4U7_16V,healthy_settling,healthy_settling,False,True,False,,,0.142126238201,0.139196077534,False,False,False,1.3,synthetic,True
MLCC_C007874,MLCC_B056,MLCC_X7R,leakage_ua,SIM_X7R_4U7_16V,healthy_settling,healthy_settling,False,True,False,,,0.295808089034,0.292930908941,False,False,False,1.3,synthetic,True
MLCC_C007905,MLCC_B056,MLCC_X7R,leakage_ua,SIM_X7R_4U7_16V,healthy_settling,healthy_settling,False,True,False,,,0.104930000297,0.104368284163,False,False,False,1.3,synthetic,True
MLCC_C008068,MLCC_B056,MLCC_X7R,leakage_ua,SIM_X7R_4U7_16V,healthy_settling,healthy_settling,False,True,False,,,0.105106396706,0.105821585135,False,False,False,1.3,synthetic,True
MLCC_C008094,MLCC_B056,MLCC_X7R,leakage_ua,SIM_X7R_4U7_16V,healthy_settling,healthy_settling,False,True,False,,,0.120776752328,0.123799046971,False,False,False,1.3,synthetic,True
MLCC_C008235,MLCC_B056,MLCC_X7R,leakage_ua,SIM_X7R_4U7_16V,healthy_settling,healthy_settling,False,True,False,,,0.223162726861,0.22648334482,False,False,False,1.3,synthetic,True
MLCC_C008236,MLCC_B056,MLCC_X7R,leakage_ua,SIM_X7R_4U7_16V,healthy_settling,healthy_settling,False,True,False,,,0.0936662937133,0.0929250974807,False,False,False,1.3,synthetic,True
MLCC_C008281,MLCC_B056,MLCC_X7R,leakage_ua,SIM_X7R_4U7_16V,ordinary_noise,ordinary_noise,False,True,False,,,0.259977005715,0.239810171616,False,False,False,1.3,synthetic,True
MLCC_C008321,MLCC_B056,MLCC_X7R,leakage_ua,SIM_X7R_4U7_16V,healthy_settling,healthy_settling,False,True,False,,,0.154346499665,0.156129225897,False,False,False,1.3,synthetic,True
MLCC_C008477,MLCC_B056,MLCC_X7R,leakage_ua,SIM_X7R_4U7_16V,healthy_settling,healthy_settling,False,True,False,,,0.159323928671,0.156093812743,False,False,False,1.3,synthetic,True
MLCC_C008574,MLCC_B056,MLCC_X7R,leakage_ua,SIM_X7R_4U7_16V,healthy_settling,healthy_settling,False,True,False,,,0.0922201730609,0.0913735545753,False,False,False,1.3,synthetic,True
MLCC_C008672,MLCC_B056,MLCC_X7R,leakage_ua,SIM_X7R_4U7_16V,healthy_settling,healthy_settling,False,True,False,,,0.10202174196,0.0974027394365,False,False,False,1.3,synthetic,True
MLCC_C008761,MLCC_B056,MLCC_X7R,leakage_ua,SIM_X7R_4U7_16V,ordinary_noise,ordinary_noise,False,True,False,,,0.149239149217,0.154878144849,False,False,False,1.3,synthetic,True
MLCC_C008783,MLCC_B056,MLCC_X7R,leakage_ua,SIM_X7R_4U7_16V,ordinary_noise,ordinary_noise,False,True,False,,,0.164677107646,0.164380455523,False,False,False,1.3,synthetic,True
MLCC_C008918,MLCC_B056,MLCC_X7R,leakage_ua,SIM_X7R_4U7_16V,intermittent_leakage,intermittent_leakage,True,False,False,6,,1.27580020434,1.27078596904,False,False,True,1.3,synthetic,True
MLCC_C008940,MLCC_B056,MLCC_X7R,leakage_ua,SIM_X7R_4U7_16V,healthy_settling,healthy_settling,False,True,False,,,0.233028404358,0.223259601195,False,False,False,1.3,synthetic,True
MLCC_C008957,MLCC_B056,MLCC_X7R,leakage_ua,SIM_X7R_4U7_16V,moisture_associated_history,moisture_associated_history,True,False,False,24,,1.04061596422,1.07599503021,False,False,False,1.3,synthetic,True
MLCC_C009002,MLCC_B056,MLCC_X7R,leakage_ua,SIM_X7R_4U7_16V,healthy_settling,healthy_settling,False,True,False,,,0.254485118054,0.243927659613,False,False,False,1.3,synthetic,True
MLCC_C009056,MLCC_B056,MLCC_X7R,leakage_ua,SIM_X7R_4U7_16V,moisture_associated_history,moisture_associated_history,True,False,False,0,,0.840807654468,0.826730072458,False,False,False,1.3,synthetic,True
MLCC_C009141,MLCC_B056,MLCC_X7R,leakage_ua,SIM_X7R_4U7_16V,moisture_associated_history,moisture_associated_history,True,False,False,12,,1.97204063868,2.014234591,True,True,True,1.3,synthetic,True
MLCC_C009158,MLCC_B056,MLCC_X7R,leakage_ua,SIM_X7R_4U7_16V,healthy_settling,healthy_settling,False,True,False,,,0.163878418677,0.167522924604,False,False,False,1.3,synthetic,True
MLCC_C009176,MLCC_B056,MLCC_X7R,leakage_ua,SIM_X7R_4U7_16V,healthy_settling,healthy_settling,False,True,False,,,0.102978351691,0.10139756555,False,False,False,1.3,synthetic,True
MLCC_C009278,MLCC_B056,MLCC_X7R,leakage_ua,SIM_X7R_4U7_16V,late_abrupt_onset,late_abrupt_onset,True,False,False,120,,1.11600718019,1.11272420572,False,False,False,1.3,synthetic,True
MLCC_C009328,MLCC_B056,MLCC_X7R,leakage_ua,SIM_X7R_4U7_16V,healthy_settling,healthy_settling,False,True,False,,,0.141122555815,0.14603400736,False,False,False,1.3,synthetic,True
MLCC_C009340,MLCC_B056,MLCC_X7R,leakage_ua,SIM_X7R_4U7_16V,healthy_settling,healthy_settling,False,True,False,,,0.117032400432,0.120834843675,False,False,False,1.3,synthetic,True
MLCC_C009354,MLCC_B056,MLCC_X7R,leakage_ua,SIM_X7R_4U7_16V,ordinary_noise,ordinary_noise,False,True,False,,,0.0919160706031,0.09362852396,False,False,False,1.3,synthetic,True
MLCC_C009355,MLCC_B056,MLCC_X7R,leakage_ua,SIM_X7R_4U7_16V,healthy_settling,healthy_settling,False,True,False,,,0.0982886318925,0.099737864044,False,False,False,1.3,synthetic,True
MLCC_C009393,MLCC_B056,MLCC_X7R,leakage_ua,SIM_X7R_4U7_16V,healthy_settling,healthy_settling,False,True,False,,,0.209397039697,0.218812777195,False,False,False,1.3,synthetic,True
MLCC_C009504,MLCC_B056,MLCC_X7R,leakage_ua,SIM_X7R_4U7_16V,ordinary_noise,ordinary_noise,False,True,False,,,0.166523680487,0.13754986248,False,False,False,1.3,synthetic,True
MLCC_C009534,MLCC_B056,MLCC_X7R,leakage_ua,SIM_X7R_4U7_16V,gradual_drift,gradual_drift,True,False,False,6,,2.00150638102,2.05497105154,True,True,True,1.3,synthetic,True
MLCC_C009644,MLCC_B056,MLCC_X7R,leakage_ua,SIM_X7R_4U7_16V,healthy_settling,healthy_settling,False,True,False,,,0.156132182476,0.158580978232,False,False,False,1.3,synthetic,True
MLCC_C009663,MLCC_B056,MLCC_X7R,leakage_ua,SIM_X7R_4U7_16V,moisture_associated_history,moisture_associated_history,True,False,False,48,,2.08085050217,2.14006227436,True,True,True,1.3,synthetic,True
MLCC_C009692,MLCC_B056,MLCC_X7R,leakage_ua,SIM_X7R_4U7_16V,gradual_drift,gradual_drift,True,False,False,0,,0.805893948639,0.8081313942,False,False,False,1.3,synthetic,True
MLCC_C009803,MLCC_B056,MLCC_X7R,leakage_ua,SIM_X7R_4U7_16V,ordinary_noise,ordinary_noise,False,True,False,,,0.137062479947,0.121944512751,False,False,False,1.3,synthetic,True
MLCC_C009842,MLCC_B056,MLCC_X7R,leakage_ua,SIM_X7R_4U7_16V,healthy_settling,healthy_settling,False,True,False,,,0.0960412209788,0.0920359326061,False,False,False,1.3,synthetic,True
MLCC_C009849,MLCC_B056,MLCC_X7R,leakage_ua,SIM_X7R_4U7_16V,healthy_settling,healthy_settling,False,True,False,,,0.190626696217,0.170821403873,False,False,False,1.3,synthetic,True
MLCC_C009882,MLCC_B056,MLCC_X7R,leakage_ua,SIM_X7R_4U7_16V,gradual_drift,gradual_drift,True,False,False,12,,1.26029788778,1.27539859666,False,False,False,1.3,synthetic,True
MLCC_C009948,MLCC_B056,MLCC_X7R,leakage_ua,SIM_X7R_4U7_16V,late_abrupt_onset,late_abrupt_onset,True,False,False,144,,0.672991031501,0.684155579537,False,False,False,1.3,synthetic,True
MLCC_C009997,MLCC_B056,MLCC_X7R,leakage_ua,SIM_X7R_4U7_16V,healthy_settling,healthy_settling,False,True,False,,,0.20623912267,0.205147534654,False,False,False,1.3,synthetic,True
MLCC_C010113,MLCC_B056,MLCC_X7R,leakage_ua,SIM_X7R_4U7_16V,healthy_settling,healthy_settling,False,True,False,,,0.195665446263,0.196213058951,False,False,False,1.3,synthetic,True
MLCC_C010153,MLCC_B056,MLCC_X7R,leakage_ua,SIM_X7R_4U7_16V,healthy_settling,healthy_settling,False,True,False,,,0.18852401083,0.185643933296,False,False,False,1.3,synthetic,True
MLCC_C010190,MLCC_B056,MLCC_X7R,leakage_ua,SIM_X7R_4U7_16V,healthy_settling,healthy_settling,False,True,False,,,0.148516229177,0.15103793209,False,False,False,1.3,synthetic,True
MLCC_C010234,MLCC_B056,MLCC_X7R,leakage_ua,SIM_X7R_4U7_16V,healthy_settling,healthy_settling,False,True,False,,,0.193134465329,0.191921512133,False,False,False,1.3,synthetic,True
MLCC_C010248,MLCC_B056,MLCC_X7R,leakage_ua,SIM_X7R_4U7_16V,healthy_settling,healthy_settling,False,True,False,,,0.13290357483,0.129386042351,False,False,False,1.3,synthetic,True
MLCC_C010608,MLCC_B056,MLCC_X7R,leakage_ua,SIM_X7R_4U7_16V,healthy_settling,healthy_settling,False,True,False,,,0.151975183208,0.147945052693,False,False,False,1.3,synthetic,True
MLCC_C010695,MLCC_B056,MLCC_X7R,leakage_ua,SIM_X7R_4U7_16V,healthy_settling,healthy_settling,False,True,False,,,0.168801149602,0.167263932557,False,False,False,1.3,synthetic,True
MLCC_C010781,MLCC_B056,MLCC_X7R,leakage_ua,SIM_X7R_4U7_16V,healthy_settling,healthy_settling,False,True,False,,,0.118076719888,0.117873879904,False,False,False,1.3,synthetic,True
MLCC_C010793,MLCC_B056,MLCC_X7R,leakage_ua,SIM_X7R_4U7_16V,ordinary_noise,ordinary_noise,False,True,False,,,0.152339665306,0.155984317033,False,False,False,1.3,synthetic,True
MLCC_C010825,MLCC_B056,MLCC_X7R,leakage_ua,SIM_X7R_4U7_16V,healthy_settling,healthy_settling,False,True,False,,,0.138062051363,0.133815762824,False,False,False,1.3,synthetic,True
MLCC_C010942,MLCC_B056,MLCC_X7R,leakage_ua,SIM_X7R_4U7_16V,healthy_settling,healthy_settling,False,True,False,,,0.192017182897,0.190533821117,False,False,False,1.3,synthetic,True
MLCC_C011005,MLCC_B056,MLCC_X7R,leakage_ua,SIM_X7R_4U7_16V,intermittent_leakage,intermittent_leakage,True,False,False,12,,0.170331160109,0.188004695368,False,False,True,1.3,synthetic,True
MLCC_C011107,MLCC_B056,MLCC_X7R,leakage_ua,SIM_X7R_4U7_16V,healthy_settling,healthy_settling,False,True,False,,,0.100420514689,0.0986624519989,False,False,False,1.3,synthetic,True
MLCC_C011319,MLCC_B056,MLCC_X7R,leakage_ua,SIM_X7R_4U7_16V,ordinary_noise,ordinary_noise,False,True,False,,,0.116432692723,0.146409136607,False,False,False,1.3,synthetic,True
MLCC_C011418,MLCC_B056,MLCC_X7R,leakage_ua,SIM_X7R_4U7_16V,late_abrupt_onset,late_abrupt_onset,True,False,False,120,,0.384484537743,0.384568593336,False,False,False,1.3,synthetic,True
MLCC_C011424,MLCC_B056,MLCC_X7R,leakage_ua,SIM_X7R_4U7_16V,healthy_settling,healthy_settling,False,True,False,,,0.116495802733,0.114530937381,False,False,False,1.3,synthetic,True
MLCC_C011442,MLCC_B056,MLCC_X7R,leakage_ua,SIM_X7R_4U7_16V,healthy_settling,healthy_settling,False,True,False,,,0.117778503738,0.122497795076,False,False,False,1.3,synthetic,True
MLCC_C011532,MLCC_B056,MLCC_X7R,leakage_ua,SIM_X7R_4U7_16V,healthy_settling,healthy_settling,False,True,False,,,0.127207554289,0.128819776173,False,False,False,1.3,synthetic,True
MLCC_C011539,MLCC_B056,MLCC_X7R,leakage_ua,SIM_X7R_4U7_16V,healthy_settling,healthy_settling,False,True,False,,,0.21555066885,0.21658627162,False,False,False,1.3,synthetic,True
MLCC_C011541,MLCC_B056,MLCC_X7R,leakage_ua,SIM_X7R_4U7_16V,ordinary_noise,ordinary_noise,False,True,False,,,0.0966218270381,0.112694241588,False,False,False,1.3,synthetic,True
MLCC_C011597,MLCC_B056,MLCC_X7R,leakage_ua,SIM_X7R_4U7_16V,moisture_associated_history,moisture_associated_history,True,False,False,48,,0.475519300248,0.471967718045,False,False,False,1.3,synthetic,True
MLCC_C011658,MLCC_B056,MLCC_X7R,leakage_ua,SIM_X7R_4U7_16V,healthy_settling,healthy_settling,False,True,False,,,0.129551441758,0.131458876045,False,False,False,1.3,synthetic,True
MLCC_C011705,MLCC_B056,MLCC_X7R,leakage_ua,SIM_X7R_4U7_16V,accelerating_drift,accelerating_drift,True,False,False,0,,1.41151903038,1.41289792624,True,True,True,1.3,synthetic,True
MLCC_C011779,MLCC_B056,MLCC_X7R,leakage_ua,SIM_X7R_4U7_16V,healthy_settling,healthy_settling,False,True,False,,,0.1214359241,0.125693368339,False,False,False,1.3,synthetic,True
MLCC_C011919,MLCC_B056,MLCC_X7R,leakage_ua,SIM_X7R_4U7_16V,healthy_settling,healthy_settling,False,True,False,,,0.168557601796,0.181596267414,False,False,False,1.3,synthetic,True
MLCC_C011997,MLCC_B056,MLCC_X7R,leakage_ua,SIM_X7R_4U7_16V,healthy_settling,healthy_settling,False,True,False,,,0.123354349549,0.118827248982,False,False,False,1.3,synthetic,True
