component_id,batch_id,component_family,measurement_name,profile_id,scenario,component_scenario,is_defect,is_healthy,is_tester_fault,anomaly_onset_hour,tester_fault_onset_hour,final_value,true_final_value,is_future_failure,is_observed_final_exceedance,ever_latent_exceedance,upper_limit,data_source,is_synthetic
MLCC_C000062,MLCC_B002,MLCC_X7R,leakage_ua,SIM_X7R_100N_50V,healthy_settling,healthy_settling,False,True,False,,,0.0181822601635,0.0182804830206,False,False,False,0.25,synthetic,True
MLCC_C000090,MLCC_B002,MLCC_X7R,leakage_ua,SIM_X7R_100N_50V,healthy_settling,healthy_settling,False,True,False,,,0.0194406469978,0.0196872803509,False,False,False,0.25,synthetic,True
MLCC_C000097,MLCC_B002,MLCC_X7R,leakage_ua,SIM_X7R_100N_50V,moisture_associated_history,moisture_associated_history,True,False,False,0,,0.143645277654,0.145637912815,False,False,False,0.25,synthetic,True
MLCC_C000114,MLCC_B002,MLCC_X7R,leakage_ua,SIM_X7R_100N_50V,healthy_settling,healthy_settling,False,True,False,,,0.0275575117065,0.0276284246394,False,False,False,0.25,synthetic,True
MLCC_C000273,MLCC_B002,MLCC_X7R,leakage_ua,SIM_X7R_100N_50V,ordinary_noise,ordinary_noise,False,True,False,,,0.0217792781646,0.021850607852,False,False,False,0.25,synthetic,True
MLCC_C000285,MLCC_B002,MLCC_X7R,leakage_ua,SIM_X7R_100N_50V,accelerating_drift,accelerating_drift,True,False,False,0,,0.0646205370548,0.0633749758987,False,False,False,0.25,synthetic,True
MLCC_C000395,MLCC_B002,MLCC_X7R,leakage_ua,SIM_X7R_100N_50V,ordinary_noise,ordinary_noise,False,True,False,,,0.0319705155665,0.0342710257392,False,False,False,0.25,synthetic,True
MLCC_C000434,MLCC_B002,MLCC_X7R,leakage_ua,SIM_X7R_100N_50V,healthy_settling,healthy_settling,False,True,False,,,0.0237548766046,0.0239656680186,False,False,False,0.25,synthetic,True
MLCC_C000591,MLCC_B002,MLCC_X7R,leakage_ua,SIM_X7R_100N_50V,ordinary_noise,ordinary_noise,False,True,False,,,0.0223623533902,0.0245320890944,False,False,False,0.25,synthetic,True
MLCC_C000732,MLCC_B002,MLCC_X7R,leakage_ua,SIM_X7R_100N_50V,gradual_drift,gradual_drift,True,False,False,6,,0.121528567348,0.122380417217,False,False,False,0.25,synthetic,True
MLCC_C000733,MLCC_B002,MLCC_X7R,leakage_ua,SIM_X7R_100N_50V,ordinary_noise,ordinary_noise,False,True,False,,,0.0174469209979,0.021186796025,False,False,False,0.25,synthetic,True
MLCC_C000810,MLCC_B002,MLCC_X7R,leakage_ua,SIM_X7R_100N_50V,ordinary_noise,ordinary_noise,False,True,False,,,0.0257261634277,0.0267795999279,False,False,False,0.25,synthetic,True
MLCC_C000954,MLCC_B002,MLCC_X7R,leakage_ua,SIM_X7R_100N_50V,ordinary_noise,ordinary_noise,False,True,False,,,0.0172886893701,0.0192596363559,False,False,False,0.25,synthetic,True
MLCC_C000990,MLCC_B002,MLCC_X7R,leakage_ua,SIM_X7R_100N_50V,healthy_settling,healthy_settling,False,True,False,,,0.020307852181,0.019402569177,False,False,False,0.25,synthetic,True
MLCC_C001055,MLCC_B002,MLCC_X7R,leakage_ua,SIM_X7R_100N_50V,late_abrupt_onset,late_abrupt_onset,True,False,False,120,,0.263834353079,0.261444665516,True,True,True,0.25,synthetic,True
MLCC_C001093,MLCC_B002,MLCC_X7R,leakage_ua,SIM_X7R_100N_50V,healthy_settling,healthy_settling,False,True,False,,,0.0225116890314,0.0223921638457,False,False,False,0.25,synthetic,True
MLCC_C001317,MLCC_B002,MLCC_X7R,leakage_ua,SIM_X7R_100N_50V,intermittent_leakage,intermittent_leakage,True,False,False,24,,0.164261570017,0.164540463854,False,False,False,0.25,synthetic,True
MLCC_C001367,MLCC_B002,MLCC_X7R,leakage_ua,SIM_X7R_100N_50V,healthy_settling,healthy_settling,False,True,False,,,0.0177988688493,0.0178236449672,False,False,False,0.25,synthetic,True
MLCC_C001487,MLCC_B002,MLCC_X7R,leakage_ua,SIM_X7R_100N_50V,moisture_associated_history,moisture_associated_history,True,False,False,12,,0.154428268364,0.168212887359,False,False,False,0.25,synthetic,True
MLCC_C001539,MLCC_B002,MLCC_X7R,leakage_ua,SIM_X7R_100N_50V,intermittent_leakage,intermittent_leakage,True,False,False,12,,0.118120627196,0.119308785248,False,False,False,0.25,synthetic,True
MLCC_C001548,MLCC_B002,MLCC_X7R,leakage_ua,SIM_X7R_100N_50V,healthy_settling,healthy_settling,False,True,False,,,0.0223512266583,0.02303636594,False,False,False,0.25,synthetic,True
MLCC_C001625,MLCC_B002,MLCC_X7R,leakage_ua,SIM_X7R_100N_50V,healthy_settling,healthy_settling,False,True,False,,,0.0314844169794,0.031837520407,False,False,False,0.25,synthetic,True
MLCC_C001652,MLCC_B002,MLCC_X7R,leakage_ua,SIM_X7R_100N_50V,healthy_settling,healthy_settling,False,True,False,,,0.0266333834558,0.0268592928901,False,False,False,0.25,synthetic,True
MLCC_C001733,MLCC_B002,MLCC_X7R,leakage_ua,SIM_X7R_100N_50V,gradual_drift,gradual_drift,True,False,False,6,,0.311501201,0.31582899141,True,True,True,0.25,synthetic,True
MLCC_C001851,MLCC_B002,MLCC_X7R,leakage_ua,SIM_X7R_100N_50V,healthy_settling,healthy_settling,False,True,False,,,0.0392739241215,0.0388923717926,False,False,False,0.25,synthetic,True
MLCC_C001872,MLCC_B002,MLCC_X7R,leakage_ua,SIM_X7R_100N_50V,healthy_settling,healthy_settling,False,True,False,,,0.0196397110106,0.0200200071109,False,False,False,0.25,synthetic,True
MLCC_C001944,MLCC_B002,MLCC_X7R,leakage_ua,SIM_X7R_100N_50V,healthy_settling,healthy_settling,False,True,False,,,0.0497560445489,0.0503260644784,False,False,False,0.25,synthetic,True
MLCC_C001994,MLCC_B002,MLCC_X7R,leakage_ua,SIM_X7R_100N_50V,healthy_settling,healthy_settling,False,True,False,,,0.0207436945521,0.0202751124489,False,False,False,0.25,synthetic,True
MLCC_C002008,MLCC_B002,MLCC_X7R,leakage_ua,SIM_X7R_100N_50V,healthy_settling,healthy_settling,False,True,False,,,0.0257757821904,0.0264422255202,False,False,False,0.25,synthetic,True
MLCC_C002096,MLCC_B002,MLCC_X7R,leakage_ua,SIM_X7R_100N_50V,moisture_associated_history,moisture_associated_history,True,False,False,48,,0.114050408283,0.11591832723,False,False,False,0.25,synthetic,True
MLCC_C002146,MLCC_B002,MLCC_X7R,leakage_ua,SIM_X7R_100N_50V,ordinary_noise,ordinary_noise,False,True,False,,,0.0233135887303,0.0253779819752,False,False,False,0.25,synthetic,True
MLCC_C002227,MLCC_B002,MLCC_X7R,leakage_ua,SIM_X7R_100N_50V,healthy_settling,healthy_settling,False,True,False,,,0.0305738056008,0.0306853246748,False,False,False,0.25,synthetic,True
MLCC_C002228,MLCC_B002,MLCC_X7R,leakage_ua,SIM_X7R_100N_50V,ordinary_noise,ordinary_noise,False,True,False,,,0.0288813232428,0.0294123956648,False,False,False,0.25,synthetic,True
MLCC_C002298,MLCC_B002,MLCC_X7R,leakage_ua,SIM_X7R_100N_50V,healthy_settling,healthy_settling,False,True,False,,,0.0313670378689,0.0333406109301,False,False,False,0.25,synthetic,True
MLCC_C002314,MLCC_B002,MLCC_X7R,leakage_ua,SIM_X7R_100N_50V,ordinary_noise,ordinary_noise,False,True,False,,,0.0231159010183,0.0244089914317,False,False,False,0.25,synthetic,True
MLCC_C002321,MLCC_B002,MLCC_X7R,leakage_ua,SIM_X7R_100N_50V,healthy_settling,healthy_settling,False,True,False,,,0.0263656521602,0.0261733796421,False,False,False,0.25,synthetic,True
MLCC_C002322,MLCC_B002,MLCC_X7R,leakage_ua,SIM_X7R_100N_50V,accelerating_drift,accelerating_drift,True,False,False,12,,0.14918593996,0.153862287665,False,False,False,0.25,synthetic,True
MLCC_C002329,MLCC_B002,MLCC_X7R,leakage_ua,SIM_X7R_100N_50V,accelerating_drift,accelerating_drift,True,False,False,6,,0.099487068828,0.107317692157,False,False,False,0.25,synthetic,True
MLCC_C002529,MLCC_B002,MLCC_X7R,leakage_ua,SIM_X7R_100N_50V,accelerating_drift,accelerating_drift,True,False,False,12,,0.0863020983404,0.0897889702094,False,False,False,0.25,synthetic,True
MLCC_C002587,MLCC_B002,MLCC_X7R,leakage_ua,SIM_X7R_100N_50V,healthy_settling,healthy_settling,False,True,False,,,0.0304999537413,0.0304603738819,False,False,False,0.25,synthetic,True
MLCC_C002704,MLCC_B002,MLCC_X7R,leakage_ua,SIM_X7R_100N_50V,healthy_settling,healthy_settling,False,True,False,,,0.0571781293965,0.0585998669864,False,False,False,0.25,synthetic,True
MLCC_C002710,MLCC_B002,MLCC_X7R,leakage_ua,SIM_X7R_100N_50V,healthy_settling,healthy_settling,False,True,False,,,0.0311170133734,0.0309885283265,False,False,False,0.25,synthetic,True
MLCC_C002810,MLCC_B002,MLCC_X7R,leakage_ua,SIM_X7R_100N_50V,healthy_settling,healthy_settling,False,True,False,,,0.0344864695156,0.0338410716343,False,False,False,0.25,synthetic,True
MLCC_C002930,MLCC_B002,MLCC_X7R,leakage_ua,SIM_X7R_100N_50V,healthy_settling,healthy_settling,False,True,False,,,0.0506491658358,0.0516077081387,False,False,False,0.25,synthetic,True
MLCC_C002952,MLCC_B002,MLCC_X7R,leakage_ua,SIM_X7R_100N_50V,late_abrupt_onset,late_abrupt_onset,True,False,False,48,,0.246577135121,0.247083599709,False,False,False,0.25,synthetic,True
MLCC_C002989,MLCC_B002,MLCC_X7R,leakage_ua,SIM_X7R_100N_50V,gradual_drift,gradual_drift,True,False,False,6,,0.135124865106,0.132428864568,False,False,False,0.25,synthetic,True
MLCC_C002998,MLCC_B002,MLCC_X7R,leakage_ua,SIM_X7R_100N_50V,healthy_settling,healthy_settling,False,True,False,,,0.0320260435417,0.0314723587112,False,False,False,0.25,synthetic,True
MLCC_C003083,MLCC_B002,MLCC_X7R,leakage_ua,SIM_X7R_100N_50V,healthy_settling,healthy_settling,False,True,False,,,0.0270831043361,0.0255401038324,False,False,False,0.25,synthetic,True
MLCC_C003085,MLCC_B002,MLCC_X7R,leakage_ua,SIM_X7R_100N_50V,moisture_associated_history,moisture_associated_history,True,False,False,12,,0.204266277476,0.202500800362,False,False,False,0.25,synthetic,True
MLCC_C003134,MLCC_B002,MLCC_X7R,leakage_ua,SIM_X7R_100N_50V,healthy_settling,healthy_settling,False,True,False,,,0.0251424043689,0.023593185187,False,False,False,0.25,synthetic,True
MLCC_C003149,MLCC_B002,MLCC_X7R,leakage_ua,SIM_X7R_100N_50V,healthy_settling,healthy_settling,False,True,False,,,0.033707981266,0.0338271003368,False,False,False,0.25,synthetic,True
MLCC_C003207,MLCC_B002,MLCC_X7R,leakage_ua,SIM_X7R_100N_50V,intermittent_leakage,intermittent_leakage,True,False,False,12,,0.0186332954956,0.018881178865,False,False,False,0.25,synthetic,True
MLCC_C003226,MLCC_B002,MLCC_X7R,leakage_ua,SIM_X7R_100N_50V,healthy_settling,healthy_settling,False,True,False,,,0.0200655810664,0.0180482927613,False,False,False,0.25,synthetic,True
MLCC_C003245,MLCC_B002,MLCC_X7R,leakage_ua,SIM_X7R_100N_50V,healthy_settling,healthy_settling,False,True,False,,,0.0336609030457,0.0346602574673,False,False,False,0.25,synthetic,True
MLCC_C003266,MLCC_B002,MLCC_X7R,leakage_ua,SIM_X7R_100N_50V,healthy_settling,healthy_settling,False,True,False,,,0.024492444368,0.0256547286192,False,False,False,0.25,synthetic,True
MLCC_C003293,MLCC_B002,MLCC_X7R,leakage_ua,SIM_X7R_100N_50V,healthy_settling,healthy_settling,False,True,False,,,0.0221508003196,0.0223656551213,False,False,False,0.25,synthetic,True
MLCC_C003438,MLCC_B002,MLCC_X7R,leakage_ua,SIM_X7R_100N_50V,ordinary_noise,ordinary_noise,False,True,False,,,0.0214845651354,0.0198498613759,False,False,False,0.25,synthetic,True
MLCC_C003614,MLCC_B002,MLCC_X7R,leakage_ua,SIM_X7R_100N_50V,moisture_associated_history,moisture_associated_history,True,False,False,0,,0.243724221729,0.246015104728,False,False,False,0.25,synthetic,True
MLCC_C003661,MLCC_B002,MLCC_X7R,leakage_ua,SIM_X7R_100N_50V,gradual_drift,gradual_drift,True,False,False,12,,0.0991214406302,0.0917817333543,False,False,False,0.25,synthetic,True
MLCC_C003701,MLCC_B002,MLCC_X7R,leakage_ua,SIM_X7R_100N_50V,intermittent_leakage,intermittent_leakage,True,False,False,6,,0.0160424207289,0.0161596686217,False,False,False,0.25,synthetic,True
MLCC_C003742,MLCC_B002,MLCC_X7R,leakage_ua,SIM_X7R_100N_50V,late_abrupt_onset,late_abrupt_onset,True,False,False,144,,0.205561975709,0.203259872709,False,False,False,0.25,synthetic,True
MLCC_C003800,MLCC_B002,MLCC_X7R,leakage_ua,SIM_X7R_100N_50V,healthy_settling,healthy_settling,False,True,False,,,0.021230118434,0.0213155069882,False,False,False,0.25,synthetic,True
MLCC_C003959,MLCC_B002,MLCC_X7R,leakage_ua,SIM_X7R_100N_50V,late_abrupt_onset,late_abrupt_onset,True,False,False,120,,0.19362998163,0.191646158439,False,False,False,0.25,synthetic,True
MLCC_C003981,MLCC_B002,MLCC_X7R,leakage_ua,SIM_X7R_100N_50V,healthy_settling,healthy_settling,False,True,False,,,0.0200963841516,0.0206815265635,False,False,False,0.25,synthetic,True
MLCC_C003991,MLCC_B002,MLCC_X7R,leakage_ua,SIM_X7R_100N_50V,healthy_settling,healthy_settling,False,True,False,,,0.0430243744252,0.0435495663976,False,False,False,0.25,synthetic,True
MLCC_C003995,MLCC_B002,MLCC_X7R,leakage_ua,SIM_X7R_100N_50V,healthy_settling,healthy_settling,False,True,False,,,0.0261257524119,0.0267726808293,False,False,False,0.25,synthetic,True
MLCC_C004083,MLCC_B002,MLCC_X7R,leakage_ua,SIM_X7R_100N_50V,ordinary_noise,ordinary_noise,False,True,False,,,0.0398211536191,0.0362772638996,False,False,False,0.25,synthetic,True
MLCC_C004091,MLCC_B002,MLCC_X7R,leakage_ua,SIM_X7R_100N_50V,ordinary_noise,ordinary_noise,False,True,False,,,0.0211775610855,0.0198780655936,False,False,False,0.25,synthetic,True
MLCC_C004164,MLCC_B002,MLCC_X7R,leakage_ua,SIM_X7R_100N_50V,healthy_settling,healthy_settling,False,True,False,,,0.0188274573229,0.0193940485189,False,False,False,0.25,synthetic,True
MLCC_C004191,MLCC_B002,MLCC_X7R,leakage_ua,SIM_X7R_100N_50V,healthy_settling,healthy_settling,False,True,False,,,0.0190208933785,0.0194186335425,False,False,False,0.25,synthetic,True
MLCC_C004210,MLCC_B002,MLCC_X7R,leakage_ua,SIM_X7R_100N_50V,healthy_settling,healthy_settling,False,True,False,,,0.0154230935569,0.0157047874197,False,False,False,0.25,synthetic,True
MLCC_C004284,MLCC_B002,MLCC_X7R,leakage_ua,SIM_X7R_100N_50V,healthy_settling,healthy_settling,False,True,False,,,0.0267505296872,0.0268882618649,False,False,False,0.25,synthetic,True
MLCC_C004295,MLCC_B002,MLCC_X7R,leakage_ua,SIM_X7R_100N_50V,healthy_settling,healthy_settling,False,True,False,,,0.0283192582043,0.0284641847268,False,False,False,0.25,synthetic,True
MLCC_C004346,MLCC_B002,MLCC_X7R,leakage_ua,SIM_X7R_100N_50V,healthy_settling,healthy_settling,False,True,False,,,0.0164276686594,0.0161829285618,False,False,False,0.25,synthetic,True
MLCC_C004417,MLCC_B002,MLCC_X7R,leakage_ua,SIM_X7R_100N_50V,accelerating_drift,accelerating_drift,True,False,False,0,,0.367285012615,0.383717508188,True,True,True,0.25,synthetic,True
MLCC_C004466,MLCC_B002,MLCC_X7R,leakage_ua,SIM_X7R_100N_50V,healthy_settling,healthy_settling,False,True,False,,,0.0251936514889,0.0250106646279,False,False,False,0.25,synthetic,True
MLCC_C004528,MLCC_B002,MLCC_X7R,leakage_ua,SIM_X7R_100N_50V,accelerating_drift,accelerating_drift,True,False,False,0,,0.10765402342,0.107741014662,False,False,False,0.25,synthetic,True
MLCC_C004548,MLCC_B002,MLCC_X7R,leakage_ua,SIM_X7R_100N_50V,ordinary_noise,ordinary_noise,False,True,False,,,0.017187326829,0.0182596026481,False,False,False,0.25,synthetic,True
MLCC_C004603,MLCC_B002,MLCC_X7R,leakage_ua,SIM_X7R_100N_50V,ordinary_noise,ordinary_noise,False,True,False,,,0.0384103966933,0.0363768770106,False,False,False,0.25,synthetic,True
MLCC_C004630,MLCC_B002,MLCC_X7R,leakage_ua,SIM_X7R_100N_50V,healthy_settling,healthy_settling,False,True,False,,,0.0431433449856,0.0428478061383,False,False,False,0.25,synthetic,True
MLCC_C004662,MLCC_B002,MLCC_X7R,leakage_ua,SIM_X7R_100N_50V,healthy_settling,healthy_settling,False,True,False,,,0.0398502447536,0.0392064284203,False,False,False,0.25,synthetic,True
MLCC_C004709,MLCC_B002,MLCC_X7R,leakage_ua,SIM_X7R_100N_50V,healthy_settling,healthy_settling,False,True,False,,,0.0259742729681,0.0263356941388,False,False,False,0.25,synthetic,True
MLCC_C004741,MLCC_B002,MLCC_X7R,leakage_ua,SIM_X7R_100N_50V,accelerating_drift,accelerating_drift,True,False,False,24,,0.21989847231,0.221176973341,False,False,False,0.25,synthetic,True
MLCC_C004755,MLCC_B002,MLCC_X7R,leakage_ua,SIM_X7R_100N_50V,healthy_settling,healthy_settling,False,True,False,,,0.0255559856095,0.0257180997803,False,False,False,0.25,synthetic,True
MLCC_C004790,MLCC_B002,MLCC_X7R,leakage_ua,SIM_X7R_100N_50V,moisture_associated_history,moisture_associated_history,True,False,False,0,,0.260853474013,0.273049958884,True,True,True,0.25,synthetic,True
MLCC_C004941,MLCC_B002,MLCC_X7R,leakage_ua,SIM_X7R_100N_50V,healthy_settling,healthy_settling,False,True,False,,,0.0268711651163,0.0259848381115,False,False,False,0.25,synthetic,True
MLCC_C005051,MLCC_B002,MLCC_X7R,leakage_ua,SIM_X7R_100N_50V,healthy_settling,healthy_settling,False,True,False,,,0.0390641774751,0.0395066602817,False,False,False,0.25,synthetic,True
MLCC_C005135,MLCC_B002,MLCC_X7R,leakage_ua,SIM_X7R_100N_50V,accelerating_drift,accelerating_drift,True,False,False,0,,0.235636436903,0.240276563744,False,False,False,0.25,synthetic,True
MLCC_C005159,MLCC_B002,MLCC_X7R,leakage_ua,SIM_X7R_100N_50V,gradual_drift,gradual_drift,True,False,False,12,,0.123685071532,0.128692317483,False,False,False,0.25,synthetic,True
MLCC_C005223,MLCC_B002,MLCC_X7R,leakage_ua,SIM_X7R_100N_50V,ordinary_noise,ordinary_noise,False,True,False,,,0.0218251899969,0.0224123050846,False,False,False,0.25,synthetic,True
MLCC_C005305,MLCC_B002,MLCC_X7R,leakage_ua,SIM_X7R_100N_50V,healthy_settling,healthy_settling,False,True,False,,,0.0295509339425,0.0301656048028,False,False,False,0.25,synthetic,True
MLCC_C005424,MLCC_B002,MLCC_X7R,leakage_ua,SIM_X7R_100N_50V,healthy_settling,healthy_settling,False,True,False,,,0.0207473496426,0.0208510503382,False,False,False,0.25,synthetic,True
MLCC_C005463,MLCC_B002,MLCC_X7R,leakage_ua,SIM_X7R_100N_50V,healthy_settling,healthy_settling,False,True,False,,,0.0358593793259,0.0358399964799,False,False,False,0.25,synthetic,True
MLCC_C005475,MLCC_B002,MLCC_X7R,leakage_ua,SIM_X7R_100N_50V,healthy_settling,healthy_settling,False,True,False,,,0.0294440305379,0.0297539165167,False,False,False,0.25,synthetic,True
MLCC_C005507,MLCC_B002,MLCC_X7R,leakage_ua,SIM_X7R_100N_50V,healthy_settling,healthy_settling,False,True,False,,,0.0194488260147,0.0193500361365,False,False,False,0.25,synthetic,True
MLCC_C005548,MLCC_B002,MLCC_X7R,leakage_ua,SIM_X7R_100N_50V,healthy_settling,healthy_settling,False,True,False,,,0.035886237675,0.035093798543,False,False,False,0.25,synthetic,True
MLCC_C005616,MLCC_B002,MLCC_X7R,leakage_ua,SIM_X7R_100N_50V,healthy_settling,healthy_settling,False,True,False,,,0.0245242772123,0.0251950852981,False,False,False,0.25,synthetic,True
MLCC_C005747,MLCC_B002,MLCC_X7R,leakage_ua,SIM_X7R_100N_50V,ordinary_noise,ordinary_noise,False,True,False,,,0.0165791971625,0.0217543054794,False,False,False,0.25,synthetic,True
MLCC_C005887,MLCC_B002,MLCC_X7R,leakage_ua,SIM_X7R_100N_50V,late_abrupt_onset,late_abrupt_onset,True,False,False,144,,1.02299718537,1.0244025465,True,True,True,0.25,synthetic,True
MLCC_C005898,MLCC_B002,MLCC_X7R,leakage_ua,SIM_X7R_100N_50V,healthy_settling,healthy_settling,False,True,False,,,0.0129874071411,0.0129452987315,False,False,False,0.25,synthetic,True
MLCC_C005909,MLCC_B002,MLCC_X7R,leakage_ua,SIM_X7R_100N_50V,healthy_settling,healthy_settling,False,True,False,,,0.0233227008143,0.0232076255547,False,False,False,0.25,synthetic,True
MLCC_C005917,MLCC_B002,MLCC_X7R,leakage_ua,SIM_X7R_100N_50V,healthy_settling,healthy_settling,False,True,False,,,0.0287395630081,0.0280617420789,False,False,False,0.25,synthetic,True
MLCC_C006147,MLCC_B002,MLCC_X7R,leakage_ua,SIM_X7R_100N_50V,accelerating_drift,accelerating_drift,True,False,False,0,,0.2746190966,0.297488382562,True,True,True,0.25,synthetic,True
MLCC_C006369,MLCC_B002,MLCC_X7R,leakage_ua,SIM_X7R_100N_50V,ordinary_noise,ordinary_noise,False,True,False,,,0.0258199222496,0.0301686431104,False,False,False,0.25,synthetic,True
MLCC_C006373,MLCC_B002,MLCC_X7R,leakage_ua,SIM_X7R_100N_50V,healthy_settling,healthy_settling,False,True,False,,,0.0222022611388,0.0228247790916,False,False,False,0.25,synthetic,True
MLCC_C006427,MLCC_B002,MLCC_X7R,leakage_ua,SIM_X7R_100N_50V,ordinary_noise,ordinary_noise,False,True,False,,,0.0330095750441,0.0309830926533,False,False,False,0.25,synthetic,True
MLCC_C006431,MLCC_B002,MLCC_X7R,leakage_ua,SIM_X7R_100N_50V,healthy_settling,healthy_settling,False,True,False,,,0.0271547908532,0.0261169193894,False,False,False,0.25,synthetic,True
MLCC_C006482,MLCC_B002,MLCC_X7R,leakage_ua,SIM_X7R_100N_50V,healthy_settling,healthy_settling,False,True,False,,,0.0438760250134,0.0443889623597,False,False,False,0.25,synthetic,True
MLCC_C006491,MLCC_B002,MLCC_X7R,leakage_ua,SIM_X7R_100N_50V,healthy_settling,healthy_settling,False,True,False,,,0.0279556341787,0.0283488897449,False,False,False,0.25,synthetic,True
MLCC_C006525,MLCC_B002,MLCC_X7R,leakage_ua,SIM_X7R_100N_50V,healthy_settling,healthy_settling,False,True,False,,,0.0255247858144,0.0253297954711,False,False,False,0.25,synthetic,True
MLCC_C006632,MLCC_B002,MLCC_X7R,leakage_ua,SIM_X7R_100N_50V,healthy_settling,healthy_settling,False,True,False,,,0.0239028222507,0.0232507972868,False,False,False,0.25,synthetic,True
MLCC_C006654,MLCC_B002,MLCC_X7R,leakage_ua,SIM_X7R_100N_50V,healthy_settling,healthy_settling,False,True,False,,,0.0190956823195,0.018823713436,False,False,False,0.25,synthetic,True
MLCC_C006656,MLCC_B002,MLCC_X7R,leakage_ua,SIM_X7R_100N_50V,healthy_settling,healthy_settling,False,True,False,,,0.0275350919837,0.0283478684226,False,False,False,0.25,synthetic,True
MLCC_C006688,MLCC_B002,MLCC_X7R,leakage_ua,SIM_X7R_100N_50V,healthy_settling,healthy_settling,False,True,False,,,0.0193432963266,0.0190319489444,False,False,False,0.25,synthetic,True
MLCC_C006696,MLCC_B002,MLCC_X7R,leakage_ua,SIM_X7R_100N_50V,healthy_settling,healthy_settling,False,True,False,,,0.030502966564,0.0311779191338,False,False,False,0.25,synthetic,True
MLCC_C006775,MLCC_B002,MLCC_X7R,leakage_ua,SIM_X7R_100N_50V,healthy_settling,healthy_settling,False,True,False,,,0.0305247947956,0.0302484088431,False,False,False,0.25,synthetic,True
MLCC_C006801,MLCC_B002,MLCC_X7R,leakage_ua,SIM_X7R_100N_50V,healthy_settling,healthy_settling,False,True,False,,,0.0286807305731,0.0283100120551,False,False,False,0.25,synthetic,True
MLCC_C006808,MLCC_B002,MLCC_X7R,leakage_ua,SIM_X7R_100N_50V,healthy_settling,healthy_settling,False,True,False,,,0.0257015863562,0.0259227870214,False,False,False,0.25,synthetic,True
MLCC_C007033,MLCC_B002,MLCC_X7R,leakage_ua,SIM_X7R_100N_50V,healthy_settling,healthy_settling,False,True,False,,,0.0347020044962,0.034143720116,False,False,False,0.25,synthetic,True
MLCC_C007077,MLCC_B002,MLCC_X7R,leakage_ua,SIM_X7R_100N_50V,ordinary_noise,ordinary_noise,False,True,False,,,0.0259664253406,0.0314752136439,False,False,False,0.25,synthetic,True
MLCC_C007194,MLCC_B002,MLCC_X7R,leakage_ua,SIM_X7R_100N_50V,accelerating_drift,accelerating_drift,True,False,False,6,,0.2255019154,0.226781258093,False,False,False,0.25,synthetic,True
MLCC_C007210,MLCC_B002,MLCC_X7R,leakage_ua,SIM_X7R_100N_50V,healthy_settling,healthy_settling,False,True,False,,,0.0271942158314,0.0274795066962,False,False,False,0.25,synthetic,True
MLCC_C007325,MLCC_B002,MLCC_X7R,leakage_ua,SIM_X7R_100N_50V,gradual_drift,gradual_drift,True,False,False,12,,0.232267953308,0.227439728956,False,False,False,0.25,synthetic,True
MLCC_C007333,MLCC_B002,MLCC_X7R,leakage_ua,SIM_X7R_100N_50V,accelerating_drift,accelerating_drift,True,False,False,6,,0.149350816189,0.152062120186,False,False,False,0.25,synthetic,True
MLCC_C007377,MLCC_B002,MLCC_X7R,leakage_ua,SIM_X7R_100N_50V,healthy_settling,healthy_settling,False,True,False,,,0.0349101607037,0.0358576826989,False,False,False,0.25,synthetic,True
MLCC_C007433,MLCC_B002,MLCC_X7R,leakage_ua,SIM_X7R_100N_50V,ordinary_noise,ordinary_noise,False,True,False,,,0.0358024705038,0.0373776758048,False,False,False,0.25,synthetic,True
MLCC_C007640,MLCC_B002,MLCC_X7R,leakage_ua,SIM_X7R_100N_50V,healthy_settling,healthy_settling,False,True,False,,,0.0429551803949,0.0453279788179,False,False,False,0.25,synthetic,True
MLCC_C007714,MLCC_B002,MLCC_X7R,leakage_ua,SIM_X7R_100N_50V,healthy_settling,healthy_settling,False,True,False,,,0.0297144321694,0.0294846036556,False,False,False,0.25,synthetic,True
MLCC_C007782,MLCC_B002,MLCC_X7R,leakage_ua,SIM_X7R_100N_50V,healthy_settling,healthy_settling,False,True,False,,,0.0253420445757,0.025408883488,False,False,False,0.25,synthetic,True
MLCC_C007793,MLCC_B002,MLCC_X7R,leakage_ua,SIM_X7R_100N_50V,healthy_settling,healthy_settling,False,True,False,,,0.0255651542221,0.0262374670368,False,False,False,0.25,synthetic,True
MLCC_C007850,MLCC_B002,MLCC_X7R,leakage_ua,SIM_X7R_100N_50V,healthy_settling,healthy_settling,False,True,False,,,0.0259805673878,0.027530408107,False,False,False,0.25,synthetic,True
MLCC_C007915,MLCC_B002,MLCC_X7R,leakage_ua,SIM_X7R_100N_50V,healthy_settling,healthy_settling,False,True,False,,,0.040734633267,0.0403178289681,False,False,False,0.25,synthetic,True
MLCC_C007966,MLCC_B002,MLCC_X7R,leakage_ua,SIM_X7R_100N_50V,healthy_settling,healthy_settling,False,True,False,,,0.0296461597413,0.0290960359439,False,False,False,0.25,synthetic,True
MLCC_C008028,MLCC_B002,MLCC_X7R,leakage_ua,SIM_X7R_100N_50V,healthy_settling,healthy_settling,False,True,False,,,0.0356567369005,0.0368540723538,False,False,False,0.25,synthetic,True
MLCC_C008080,MLCC_B002,MLCC_X7R,leakage_ua,SIM_X7R_100N_50V,healthy_settling,healthy_settling,False,True,False,,,0.0320578056302,0.0320992552015,False,False,False,0.25,synthetic,True
MLCC_C008148,MLCC_B002,MLCC_X7R,leakage_ua,SIM_X7R_100N_50V,healthy_settling,healthy_settling,False,True,False,,,0.0206400322814,0.0208103960003,False,False,False,0.25,synthetic,True
MLCC_C008295,MLCC_B002,MLCC_X7R,leakage_ua,SIM_X7R_100N_50V,healthy_settling,healthy_settling,False,True,False,,,0.0289155894077,0.0290405481262,False,False,False,0.25,synthetic,True
MLCC_C008296,MLCC_B002,MLCC_X7R,leakage_ua,SIM_X7R_100N_50V,ordinary_noise,ordinary_noise,False,True,False,,,0.0231930814365,0.0259367675241,False,False,False,0.25,synthetic,True
MLCC_C008342,MLCC_B002,MLCC_X7R,leakage_ua,SIM_X7R_100N_50V,gradual_drift,gradual_drift,True,False,False,0,,0.0787374897114,0.0827396229409,False,False,False,0.25,synthetic,True
MLCC_C008370,MLCC_B002,MLCC_X7R,leakage_ua,SIM_X7R_100N_50V,healthy_settling,healthy_settling,False,True,False,,,0.0232142179726,0.0237323110397,False,False,False,0.25,synthetic,True
MLCC_C008386,MLCC_B002,MLCC_X7R,leakage_ua,SIM_X7R_100N_50V,ordinary_noise,ordinary_noise,False,True,False,,,0.0238074143535,0.0294450438232,False,False,False,0.25,synthetic,True
MLCC_C008549,MLCC_B002,MLCC_X7R,leakage_ua,SIM_X7R_100N_50V,healthy_settling,healthy_settling,False,True,False,,,0.0222868681304,0.0213737192026,False,False,False,0.25,synthetic,True
MLCC_C008710,MLCC_B002,MLCC_X7R,leakage_ua,SIM_X7R_100N_50V,healthy_settling,healthy_settling,False,True,False,,,0.0247816187256,0.024429404728,False,False,False,0.25,synthetic,True
MLCC_C008753,MLCC_B002,MLCC_X7R,leakage_ua,SIM_X7R_100N_50V,accelerating_drift,accelerating_drift,True,False,False,0,,0.261853286614,0.270093787559,True,True,True,0.25,synthetic,True
MLCC_C008772,MLCC_B002,MLCC_X7R,leakage_ua,SIM_X7R_100N_50V,ordinary_noise,ordinary_noise,False,True,False,,,0.0173255977276,0.015188232163,False,False,False,0.25,synthetic,True
MLCC_C008987,MLCC_B002,MLCC_X7R,leakage_ua,SIM_X7R_100N_50V,gradual_drift,gradual_drift,True,False,False,6,,0.229465292668,0.225380901228,False,False,False,0.25,synthetic,True
MLCC_C008992,MLCC_B002,MLCC_X7R,leakage_ua,SIM_X7R_100N_50V,healthy_settling,healthy_settling,False,True,False,,,0.0248106185843,0.024840422754,False,False,False,0.25,synthetic,True
MLCC_C009044,MLCC_B002,MLCC_X7R,leakage_ua,SIM_X7R_100N_50V,ordinary_noise,ordinary_noise,False,True,False,,,0.0374342816809,0.0427561005759,False,False,False,0.25,synthetic,True
MLCC_C009068,MLCC_B002,MLCC_X7R,leakage_ua,SIM_X7R_100N_50V,ordinary_noise,ordinary_noise,False,True,False,,,0.0453404115017,0.0498488939209,False,False,False,0.25,synthetic,True
MLCC_C009107,MLCC_B002,MLCC_X7R,leakage_ua,SIM_X7R_100N_50V,healthy_settling,healthy_settling,False,True,False,,,0.0330292159326,0.0305903503727,False,False,False,0.25,synthetic,True
MLCC_C009149,MLCC_B002,MLCC_X7R,leakage_ua,SIM_X7R_100N_50V,healthy_settling,healthy_settling,False,True,False,,,0.0210506523979,0.0215781245832,False,False,False,0.25,synthetic,True
MLCC_C009165,MLCC_B002,MLCC_X7R,leakage_ua,SIM_X7R_100N_50V,accelerating_drift,accelerating_drift,True,False,False,0,,0.104893112649,0.101164817954,False,False,False,0.25,synthetic,True
MLCC_C009203,MLCC_B002,MLCC_X7R,leakage_ua,SIM_X7R_100N_50V,healthy_settling,healthy_settling,False,True,False,,,0.0202007323954,0.0216150199203,False,False,False,0.25,synthetic,True
MLCC_C009244,MLCC_B002,MLCC_X7R,leakage_ua,SIM_X7R_100N_50V,ordinary_noise,ordinary_noise,False,True,False,,,0.0420108440858,0.0359404792231,False,False,False,0.25,synthetic,True
MLCC_C009247,MLCC_B002,MLCC_X7R,leakage_ua,SIM_X7R_100N_50V,healthy_settling,healthy_settling,False,True,False,,,0.045292894323,0.0456110124228,False,False,False,0.25,synthetic,True
MLCC_C009301,MLCC_B002,MLCC_X7R,leakage_ua,SIM_X7R_100N_50V,healthy_settling,healthy_settling,False,True,False,,,0.0270787773835,0.0272919632154,False,False,False,0.25,synthetic,True
MLCC_C009352,MLCC_B002,MLCC_X7R,leakage_ua,SIM_X7R_100N_50V,healthy_settling,healthy_settling,False,True,False,,,0.0340722946043,0.0355218834409,False,False,False,0.25,synthetic,True
MLCC_C009364,MLCC_B002,MLCC_X7R,leakage_ua,SIM_X7R_100N_50V,healthy_settling,healthy_settling,False,True,False,,,0.0450378239645,0.0449266799497,False,False,False,0.25,synthetic,True
MLCC_C009491,MLCC_B002,MLCC_X7R,leakage_ua,SIM_X7R_100N_50V,healthy_settling,healthy_settling,False,True,False,,,0.0289728874534,0.0293085153898,False,False,False,0.25,synthetic,True
MLCC_C009509,MLCC_B002,MLCC_X7R,leakage_ua,SIM_X7R_100N_50V,healthy_settling,healthy_settling,False,True,False,,,0.0396172572024,0.0379846581803,False,False,False,0.25,synthetic,True
MLCC_C009597,MLCC_B002,MLCC_X7R,leakage_ua,SIM_X7R_100N_50V,healthy_settling,healthy_settling,False,True,False,,,0.0363253559016,0.0356997867652,False,False,False,0.25,synthetic,True
MLCC_C009646,MLCC_B002,MLCC_X7R,leakage_ua,SIM_X7R_100N_50V,healthy_settling,healthy_settling,False,True,False,,,0.0262686890697,0.0264045327362,False,False,False,0.25,synthetic,True
MLCC_C009752,MLCC_B002,MLCC_X7R,leakage_ua,SIM_X7R_100N_50V,healthy_settling,healthy_settling,False,True,False,,,0.0255112835863,0.0257119919707,False,False,False,0.25,synthetic,True
MLCC_C009841,MLCC_B002,MLCC_X7R,leakage_ua,SIM_X7R_100N_50V,gradual_drift,gradual_drift,True,False,False,0,,0.194138233583,0.192258698803,False,False,False,0.25,synthetic,True
MLCC_C009857,MLCC_B002,MLCC_X7R,leakage_ua,SIM_X7R_100N_50V,healthy_settling,healthy_settling,False,True,False,,,0.0193884529321,0.0192112028989,False,False,False,0.25,synthetic,True
MLCC_C009873,MLCC_B002,MLCC_X7R,leakage_ua,SIM_X7R_100N_50V,healthy_settling,healthy_settling,False,True,False,,,0.0209461135119,0.021366023333,False,False,False,0.25,synthetic,True
MLCC_C009893,MLCC_B002,MLCC_X7R,leakage_ua,SIM_X7R_100N_50V,ordinary_noise,ordinary_noise,False,True,False,,,0.0314492309531,0.0318341868183,False,False,False,0.25,synthetic,True
MLCC_C010039,MLCC_B002,MLCC_X7R,leakage_ua,SIM_X7R_100N_50V,moisture_associated_history,moisture_associated_history,True,False,False,48,,0.0966859395658,0.0942039584225,False,False,False,0.25,synthetic,True
MLCC_C010047,MLCC_B002,MLCC_X7R,leakage_ua,SIM_X7R_100N_50V,healthy_settling,healthy_settling,False,True,False,,,0.0250578397707,0.0257284008337,False,False,False,0.25,synthetic,True
MLCC_C010067,MLCC_B002,MLCC_X7R,leakage_ua,SIM_X7R_100N_50V,ordinary_noise,ordinary_noise,False,True,False,,,0.0248810352246,0.024543966217,False,False,False,0.25,synthetic,True
MLCC_C010195,MLCC_B002,MLCC_X7R,leakage_ua,SIM_X7R_100N_50V,moisture_associated_history,moisture_associated_history,True,False,False,12,,0.0408632398354,0.0418632887544,False,False,False,0.25,synthetic,True
MLCC_C010270,MLCC_B002,MLCC_X7R,leakage_ua,SIM_X7R_100N_50V,healthy_settling,healthy_settling,False,True,False,,,0.0302012225727,0.0294009860939,False,False,False,0.25,synthetic,True
MLCC_C010334,MLCC_B002,MLCC_X7R,leakage_ua,SIM_X7R_100N_50V,healthy_settling,healthy_settling,False,True,False,,,0.0348725709516,0.0333720729837,False,False,False,0.25,synthetic,True
MLCC_C010420,MLCC_B002,MLCC_X7R,leakage_ua,SIM_X7R_100N_50V,ordinary_noise,ordinary_noise,False,True,False,,,0.0415469625485,0.0351861067022,False,False,False,0.25,synthetic,True
MLCC_C010559,MLCC_B002,MLCC_X7R,leakage_ua,SIM_X7R_100N_50V,moisture_associated_history,moisture_associated_history,True,False,False,24,,0.0584230900743,0.0582619238512,False,False,False,0.25,synthetic,True
MLCC_C010582,MLCC_B002,MLCC_X7R,leakage_ua,SIM_X7R_100N_50V,ordinary_noise,ordinary_noise,False,True,False,,,0.0455684146525,0.0482115358329,False,False,False,0.25,synthetic,True
MLCC_C010619,MLCC_B002,MLCC_X7R,leakage_ua,SIM_X7R_100N_50V,ordinary_noise,ordinary_noise,False,True,False,,,0.023587759176,0.0278010966718,False,False,False,0.25,synthetic,True
MLCC_C010680,MLCC_B002,MLCC_X7R,leakage_ua,SIM_X7R_100N_50V,ordinary_noise,ordinary_noise,False,True,False,,,0.0197541562042,0.019663604122,False,False,False,0.25,synthetic,True
MLCC_C010705,MLCC_B002,MLCC_X7R,leakage_ua,SIM_X7R_100N_50V,ordinary_noise,ordinary_noise,False,True,False,,,0.0183765877369,0.0196894865699,False,False,False,0.25,synthetic,True
MLCC_C010772,MLCC_B002,MLCC_X7R,leakage_ua,SIM_X7R_100N_50V,gradual_drift,gradual_drift,True,False,False,6,,0.119942344776,0.1235579045,False,False,False,0.25,synthetic,True
MLCC_C010824,MLCC_B002,MLCC_X7R,leakage_ua,SIM_X7R_100N_50V,healthy_settling,healthy_settling,False,True,False,,,0.0189752343216,0.0191319072034,False,False,False,0.25,synthetic,True
MLCC_C010832,MLCC_B002,MLCC_X7R,leakage_ua,SIM_X7R_100N_50V,moisture_associated_history,moisture_associated_history,True,False,False,12,,0.454024167118,0.44753699863,True,True,True,0.25,synthetic,True
MLCC_C011014,MLCC_B002,MLCC_X7R,leakage_ua,SIM_X7R_100N_50V,ordinary_noise,ordinary_noise,False,True,False,,,0.0236267102085,0.0231834078398,False,False,False,0.25,synthetic,True
MLCC_C011034,MLCC_B002,MLCC_X7R,leakage_ua,SIM_X7R_100N_50V,ordinary_noise,ordinary_noise,False,True,False,,,0.0199019789292,0.0207148738715,False,False,False,0.25,synthetic,True
MLCC_C011071,MLCC_B002,MLCC_X7R,leakage_ua,SIM_X7R_100N_50V,healthy_settling,healthy_settling,False,True,False,,,0.0435172954232,0.0437646057461,False,False,False,0.25,synthetic,True
MLCC_C011073,MLCC_B002,MLCC_X7R,leakage_ua,SIM_X7R_100N_50V,healthy_settling,healthy_settling,False,True,False,,,0.0310144361899,0.0320114919243,False,False,False,0.25,synthetic,True
MLCC_C011082,MLCC_B002,MLCC_X7R,leakage_ua,SIM_X7R_100N_50V,healthy_settling,healthy_settling,False,True,False,,,0.0338201693766,0.0352052970578,False,False,False,0.25,synthetic,True
MLCC_C011194,MLCC_B002,MLCC_X7R,leakage_ua,SIM_X7R_100N_50V,moisture_associated_history,moisture_associated_history,True,False,False,12,,0.911037228568,0.922830014431,True,True,True,0.25,synthetic,True
MLCC_C011223,MLCC_B002,MLCC_X7R,leakage_ua,SIM_X7R_100N_50V,healthy_settling,healthy_settling,False,True,False,,,0.0221038112665,0.0224062278443,False,False,False,0.25,synthetic,True
MLCC_C011246,MLCC_B002,MLCC_X7R,leakage_ua,SIM_X7R_100N_50V,ordinary_noise,ordinary_noise,False,True,False,,,0.0206755238144,0.0192387976317,False,False,False,0.25,synthetic,True
MLCC_C011311,MLCC_B002,MLCC_X7R,leakage_ua,SIM_X7R_100N_50V,healthy_settling,healthy_settling,False,True,False,,,0.0451289688168,0.0450152633955,False,False,False,0.25,synthetic,True
MLCC_C011331,MLCC_B002,MLCC_X7R,leakage_ua,SIM_X7R_100N_50V,late_abrupt_onset,late_abrupt_onset,True,False,False,144,,0.428685879583,0.415504699312,True,True,True,0.25,synthetic,True
MLCC_C011394,MLCC_B002,MLCC_X7R,leakage_ua,SIM_X7R_100N_50V,moisture_associated_history,moisture_associated_history,True,False,False,6,,0.437419754272,0.447888749949,True,True,True,0.25,synthetic,True
MLCC_C011428,MLCC_B002,MLCC_X7R,leakage_ua,SIM_X7R_100N_50V,healthy_settling,healthy_settling,False,True,False,,,0.0273149000782,0.0274704667682,False,False,False,0.25,synthetic,True
MLCC_C011511,MLCC_B002,MLCC_X7R,leakage_ua,SIM_X7R_100N_50V,healthy_settling,healthy_settling,False,True,False,,,0.0288684820426,0.0282524296763,False,False,False,0.25,synthetic,True
MLCC_C011524,MLCC_B002,MLCC_X7R,leakage_ua,SIM_X7R_100N_50V,healthy_settling,healthy_settling,False,True,False,,,0.0246752707077,0.0257081872955,False,False,False,0.25,synthetic,True
MLCC_C011577,MLCC_B002,MLCC_X7R,leakage_ua,SIM_X7R_100N_50V,healthy_settling,healthy_settling,False,True,False,,,0.0228458171504,0.0235662957858,False,False,False,0.25,synthetic,True
MLCC_C011660,MLCC_B002,MLCC_X7R,leakage_ua,SIM_X7R_100N_50V,ordinary_noise,ordinary_noise,False,True,False,,,0.0158731390185,0.0152780907865,False,False,False,0.25,synthetic,True
MLCC_C011860,MLCC_B002,MLCC_X7R,leakage_ua,SIM_X7R_100N_50V,healthy_settling,healthy_settling,False,True,False,,,0.0350630094144,0.0343694835521,False,False,False,0.25,synthetic,True
MLCC_C011989,MLCC_B002,MLCC_X7R,leakage_ua,SIM_X7R_100N_50V,healthy_settling,healthy_settling,False,True,False,,,0.0161294870907,0.0165275871501,False,False,False,0.25,synthetic,True
MLCC_C000082,MLCC_B018,MLCC_X7R,leakage_ua,SIM_X7R_1U_25V,healthy_settling,healthy_settling,False,True,False,,,0.0726962286716,0.0717503601126,False,False,False,0.7,synthetic,True
MLCC_C000128,MLCC_B018,MLCC_X7R,leakage_ua,SIM_X7R_1U_25V,healthy_settling,healthy_settling,False,True,False,,,0.0816720368741,0.0858263148445,False,False,False,0.7,synthetic,True
MLCC_C000147,MLCC_B018,MLCC_X7R,leakage_ua,SIM_X7R_1U_25V,intermittent_leakage,intermittent_leakage,True,False,False,12,,0.250681068165,0.247260978748,False,False,False,0.7,synthetic,True
MLCC_C000178,MLCC_B018,MLCC_X7R,leakage_ua,SIM_X7R_1U_25V,healthy_settling,healthy_settling,False,True,False,,,0.061377356679,0.0592620101055,False,False,False,0.7,synthetic,True
MLCC_C000184,MLCC_B018,MLCC_X7R,leakage_ua,SIM_X7R_1U_25V,ordinary_noise,ordinary_noise,False,True,False,,,0.0668327523631,0.0557704604346,False,False,False,0.7,synthetic,True
MLCC_C000318,MLCC_B018,MLCC_X7R,leakage_ua,SIM_X7R_1U_25V,healthy_settling,healthy_settling,False,True,False,,,0.0406216586417,0.0415576219729,False,False,False,0.7,synthetic,True
MLCC_C000346,MLCC_B018,MLCC_X7R,leakage_ua,SIM_X7R_1U_25V,healthy_settling,healthy_settling,False,True,False,,,0.0513413867069,0.049858548812,False,False,False,0.7,synthetic,True
MLCC_C000478,MLCC_B018,MLCC_X7R,leakage_ua,SIM_X7R_1U_25V,healthy_settling,healthy_settling,False,True,False,,,0.0944931533835,0.0912871249761,False,False,False,0.7,synthetic,True
MLCC_C000506,MLCC_B018,MLCC_X7R,leakage_ua,SIM_X7R_1U_25V,moisture_associated_history,moisture_associated_history,True,False,False,24,,0.393660065776,0.408778868081,False,False,False,0.7,synthetic,True
MLCC_C000573,MLCC_B018,MLCC_X7R,leakage_ua,SIM_X7R_1U_25V,healthy_settling,healthy_settling,False,True,False,,,0.116069861636,0.113479964335,False,False,False,0.7,synthetic,True
MLCC_C000683,MLCC_B018,MLCC_X7R,leakage_ua,SIM_X7R_1U_25V,healthy_settling,healthy_settling,False,True,False,,,0.0411184524227,0.0408200550012,False,False,False,0.7,synthetic,True
MLCC_C000765,MLCC_B018,MLCC_X7R,leakage_ua,SIM_X7R_1U_25V,ordinary_noise,ordinary_noise,False,True,False,,,0.0600227693449,0.0671827454928,False,False,False,0.7,synthetic,True
MLCC_C000968,MLCC_B018,MLCC_X7R,leakage_ua,SIM_X7R_1U_25V,healthy_settling,healthy_settling,False,True,False,,,0.0950619932649,0.093721192129,False,False,False,0.7,synthetic,True
MLCC_C001002,MLCC_B018,MLCC_X7R,leakage_ua,SIM_X7R_1U_25V,healthy_settling,healthy_settling,False,True,False,,,0.0355599799438,0.0367811052703,False,False,False,0.7,synthetic,True
MLCC_C001045,MLCC_B018,MLCC_X7R,leakage_ua,SIM_X7R_1U_25V,gradual_drift,gradual_drift,True,False,False,6,,0.191545133175,0.196241900071,False,False,False,0.7,synthetic,True
MLCC_C001088,MLCC_B018,MLCC_X7R,leakage_ua,SIM_X7R_1U_25V,healthy_settling,healthy_settling,False,True,False,,,0.0697737412906,0.0669188556404,False,False,False,0.7,synthetic,True
MLCC_C001100,MLCC_B018,MLCC_X7R,leakage_ua,SIM_X7R_1U_25V,ordinary_noise,ordinary_noise,False,True,False,,,0.0776621059647,0.0892890559318,False,False,False,0.7,synthetic,True
MLCC_C001276,MLCC_B018,MLCC_X7R,leakage_ua,SIM_X7R_1U_25V,healthy_settling,healthy_settling,False,True,False,,,0.082397902771,0.0831193335669,False,False,False,0.7,synthetic,True
MLCC_C001497,MLCC_B018,MLCC_X7R,leakage_ua,SIM_X7R_1U_25V,healthy_settling,healthy_settling,False,True,False,,,0.0619941548182,0.062312165806,False,False,False,0.7,synthetic,True
MLCC_C001536,MLCC_B018,MLCC_X7R,leakage_ua,SIM_X7R_1U_25V,healthy_settling,healthy_settling,False,True,False,,,0.0556487066621,0.0572093921224,False,False,False,0.7,synthetic,True
MLCC_C001650,MLCC_B018,MLCC_X7R,leakage_ua,SIM_X7R_1U_25V,intermittent_leakage,intermittent_leakage,True,False,False,12,,0.0704655377138,0.0713326419055,False,False,True,0.7,synthetic,True
MLCC_C001669,MLCC_B018,MLCC_X7R,leakage_ua,SIM_X7R_1U_25V,healthy_settling,healthy_settling,False,True,False,,,0.0694734244084,0.0655444286123,False,False,False,0.7,synthetic,True
MLCC_C001675,MLCC_B018,MLCC_X7R,leakage_ua,SIM_X7R_1U_25V,healthy_settling,healthy_settling,False,True,False,,,0.0696509439871,0.0743496790281,False,False,False,0.7,synthetic,True
MLCC_C001683,MLCC_B018,MLCC_X7R,leakage_ua,SIM_X7R_1U_25V,healthy_settling,healthy_settling,False,True,False,,,0.0730658120253,0.0759489069544,False,False,False,0.7,synthetic,True
MLCC_C001799,MLCC_B018,MLCC_X7R,leakage_ua,SIM_X7R_1U_25V,ordinary_noise,ordinary_noise,False,True,False,,,0.0738575452713,0.0583355539708,False,False,False,0.7,synthetic,True
MLCC_C001895,MLCC_B018,MLCC_X7R,leakage_ua,SIM_X7R_1U_25V,healthy_settling,healthy_settling,False,True,False,,,0.0775633939397,0.0745518658403,False,False,False,0.7,synthetic,True
MLCC_C001908,MLCC_B018,MLCC_X7R,leakage_ua,SIM_X7R_1U_25V,healthy_settling,healthy_settling,False,True,False,,,0.0514223817948,0.0508301890916,False,False,False,0.7,synthetic,True
MLCC_C001921,MLCC_B018,MLCC_X7R,leakage_ua,SIM_X7R_1U_25V,healthy_settling,healthy_settling,False,True,False,,,0.0500728818818,0.0491765115985,False,False,False,0.7,synthetic,True
MLCC_C001979,MLCC_B018,MLCC_X7R,leakage_ua,SIM_X7R_1U_25V,healthy_settling,healthy_settling,False,True,False,,,0.052359735422,0.0534554313152,False,False,False,0.7,synthetic,True
MLCC_C002002,MLCC_B018,MLCC_X7R,leakage_ua,SIM_X7R_1U_25V,healthy_settling,healthy_settling,False,True,False,,,0.0551776725234,0.0550246160135,False,False,False,0.7,synthetic,True
MLCC_C002039,MLCC_B018,MLCC_X7R,leakage_ua,SIM_X7R_1U_25V,ordinary_noise,ordinary_noise,False,True,False,,,0.125211121608,0.126828866585,False,False,False,0.7,synthetic,True
MLCC_C002117,MLCC_B018,MLCC_X7R,leakage_ua,SIM_X7R_1U_25V,healthy_settling,healthy_settling,False,True,False,,,0.0761032846796,0.0751958595719,False,False,False,0.7,synthetic,True
MLCC_C002297,MLCC_B018,MLCC_X7R,leakage_ua,SIM_X7R_1U_25V,healthy_settling,healthy_settling,False,True,False,,,0.0717132169106,0.0686555639144,False,False,False,0.7,synthetic,True
MLCC_C002437,MLCC_B018,MLCC_X7R,leakage_ua,SIM_X7R_1U_25V,healthy_settling,healthy_settling,False,True,False,,,0.0771519573506,0.0753720006157,False,False,False,0.7,synthetic,True
MLCC_C002683,MLCC_B018,MLCC_X7R,leakage_ua,SIM_X7R_1U_25V,healthy_settling,healthy_settling,False,True,False,,,0.0844313266819,0.0805617942631,False,False,False,0.7,synthetic,True
MLCC_C002684,MLCC_B018,MLCC_X7R,leakage_ua,SIM_X7R_1U_25V,healthy_settling,healthy_settling,False,True,False,,,0.0802521372299,0.0777197133075,False,False,False,0.7,synthetic,True
MLCC_C002700,MLCC_B018,MLCC_X7R,leakage_ua,SIM_X7R_1U_25V,gradual_drift,gradual_drift,True,False,False,0,,0.413773494148,0.409493803304,False,False,False,0.7,synthetic,True
MLCC_C002701,MLCC_B018,MLCC_X7R,leakage_ua,SIM_X7R_1U_25V,healthy_settling,healthy_settling,False,True,False,,,0.0463762037569,0.0466816328895,False,False,False,0.7,synthetic,True
MLCC_C002822,MLCC_B018,MLCC_X7R,leakage_ua,SIM_X7R_1U_25V,healthy_settling,healthy_settling,False,True,False,,,0.0703799837685,0.0686184561009,False,False,False,0.7,synthetic,True
MLCC_C002860,MLCC_B018,MLCC_X7R,leakage_ua,SIM_X7R_1U_25V,healthy_settling,healthy_settling,False,True,False,,,0.0593007809714,0.0565933365494,False,False,False,0.7,synthetic,True
MLCC_C002931,MLCC_B018,MLCC_X7R,leakage_ua,SIM_X7R_1U_25V,healthy_settling,healthy_settling,False,True,False,,,0.0795744633887,0.080343345541,False,False,False,0.7,synthetic,True
MLCC_C002942,MLCC_B018,MLCC_X7R,leakage_ua,SIM_X7R_1U_25V,healthy_settling,healthy_settling,False,True,False,,,0.0491401818803,0.0520107356546,False,False,False,0.7,synthetic,True
MLCC_C002970,MLCC_B018,MLCC_X7R,leakage_ua,SIM_X7R_1U_25V,ordinary_noise,ordinary_noise,False,True,False,,,0.0549000623336,0.0582453560685,False,False,False,0.7,synthetic,True
MLCC_C002978,MLCC_B018,MLCC_X7R,leakage_ua,SIM_X7R_1U_25V,healthy_settling,healthy_settling,False,True,False,,,0.0651964585837,0.0672134900128,False,False,False,0.7,synthetic,True
MLCC_C002993,MLCC_B018,MLCC_X7R,leakage_ua,SIM_X7R_1U_25V,healthy_settling,healthy_settling,False,True,False,,,0.0824014474118,0.0776816952423,False,False,False,0.7,synthetic,True
MLCC_C003031,MLCC_B018,MLCC_X7R,leakage_ua,SIM_X7R_1U_25V,healthy_settling,healthy_settling,False,True,False,,,0.0568814995147,0.0577489854664,False,False,False,0.7,synthetic,True
MLCC_C003039,MLCC_B018,MLCC_X7R,leakage_ua,SIM_X7R_1U_25V,healthy_settling,healthy_settling,False,True,False,,,0.112870203174,0.11949599059,False,False,False,0.7,synthetic,True
MLCC_C003151,MLCC_B018,MLCC_X7R,leakage_ua,SIM_X7R_1U_25V,gradual_drift,gradual_drift,True,False,False,12,,0.354467292348,0.33791043761,False,False,False,0.7,synthetic,True
MLCC_C003171,MLCC_B018,MLCC_X7R,leakage_ua,SIM_X7R_1U_25V,healthy_settling,healthy_settling,False,True,False,,,0.0548334179054,0.0553312601319,False,False,False,0.7,synthetic,True
MLCC_C003254,MLCC_B018,MLCC_X7R,leakage_ua,SIM_X7R_1U_25V,ordinary_noise,ordinary_noise,False,True,False,,,0.0752347420086,0.0718332412609,False,False,False,0.7,synthetic,True
MLCC_C003373,MLCC_B018,MLCC_X7R,leakage_ua,SIM_X7R_1U_25V,ordinary_noise,ordinary_noise,False,True,False,,,0.101253592864,0.0986490848125,False,False,False,0.7,synthetic,True
MLCC_C003387,MLCC_B018,MLCC_X7R,leakage_ua,SIM_X7R_1U_25V,healthy_settling,healthy_settling,False,True,False,,,0.0630147926187,0.0635301602805,False,False,False,0.7,synthetic,True
MLCC_C003391,MLCC_B018,MLCC_X7R,leakage_ua,SIM_X7R_1U_25V,healthy_settling,healthy_settling,False,True,False,,,0.0526945926799,0.0523236804631,False,False,False,0.7,synthetic,True
MLCC_C003516,MLCC_B018,MLCC_X7R,leakage_ua,SIM_X7R_1U_25V,accelerating_drift,accelerating_drift,True,False,False,24,,0.555663168224,0.542273024652,False,False,False,0.7,synthetic,True
MLCC_C003602,MLCC_B018,MLCC_X7R,leakage_ua,SIM_X7R_1U_25V,healthy_settling,healthy_settling,False,True,False,,,0.0601066982587,0.0592842664011,False,False,False,0.7,synthetic,True
MLCC_C003650,MLCC_B018,MLCC_X7R,leakage_ua,SIM_X7R_1U_25V,healthy_settling,healthy_settling,False,True,False,,,0.0819889524641,0.0831592230035,False,False,False,0.7,synthetic,True
MLCC_C003668,MLCC_B018,MLCC_X7R,leakage_ua,SIM_X7R_1U_25V,healthy_settling,healthy_settling,False,True,False,,,0.0689732469738,0.0700992978924,False,False,False,0.7,synthetic,True
MLCC_C003769,MLCC_B018,MLCC_X7R,leakage_ua,SIM_X7R_1U_25V,healthy_settling,healthy_settling,False,True,False,,,0.0429516618206,0.0449089222329,False,False,False,0.7,synthetic,True
MLCC_C003829,MLCC_B018,MLCC_X7R,leakage_ua,SIM_X7R_1U_25V,healthy_settling,healthy_settling,False,True,False,,,0.0821025044517,0.0810705842707,False,False,False,0.7,synthetic,True
MLCC_C003938,MLCC_B018,MLCC_X7R,leakage_ua,SIM_X7R_1U_25V,healthy_settling,healthy_settling,False,True,False,,,0.0372135318238,0.0360530557343,False,False,False,0.7,synthetic,True
MLCC_C003941,MLCC_B018,MLCC_X7R,leakage_ua,SIM_X7R_1U_25V,healthy_settling,healthy_settling,False,True,False,,,0.0816936954039,0.0814881161253,False,False,False,0.7,synthetic,True
MLCC_C003954,MLCC_B018,MLCC_X7R,leakage_ua,SIM_X7R_1U_25V,healthy_settling,healthy_settling,False,True,False,,,0.0688358532444,0.0672263711912,False,False,False,0.7,synthetic,True
MLCC_C003986,MLCC_B018,MLCC_X7R,leakage_ua,SIM_X7R_1U_25V,healthy_settling,healthy_settling,False,True,False,,,0.0404593049975,0.0441293639209,False,False,False,0.7,synthetic,True
MLCC_C003989,MLCC_B018,MLCC_X7R,leakage_ua,SIM_X7R_1U_25V,ordinary_noise,ordinary_noise,False,True,False,,,0.0596007059128,0.0615780380217,False,False,False,0.7,synthetic,True
MLCC_C004034,MLCC_B018,MLCC_X7R,leakage_ua,SIM_X7R_1U_25V,healthy_settling,healthy_settling,False,True,False,,,0.0669435094553,0.0662298940092,False,False,False,0.7,synthetic,True
MLCC_C004044,MLCC_B018,MLCC_X7R,leakage_ua,SIM_X7R_1U_25V,healthy_settling,healthy_settling,False,True,False,,,0.0481387469272,0.047878398539,False,False,False,0.7,synthetic,True
MLCC_C004053,MLCC_B018,MLCC_X7R,leakage_ua,SIM_X7R_1U_25V,healthy_settling,healthy_settling,False,True,False,,,0.0766682295744,0.0774793028839,False,False,False,0.7,synthetic,True
MLCC_C004071,MLCC_B018,MLCC_X7R,leakage_ua,SIM_X7R_1U_25V,healthy_settling,healthy_settling,False,True,False,,,0.109911574183,0.109069441675,False,False,False,0.7,synthetic,True
MLCC_C004159,MLCC_B018,MLCC_X7R,leakage_ua,SIM_X7R_1U_25V,gradual_drift,gradual_drift,True,False,False,6,,0.717507328804,0.664787354113,False,True,False,0.7,synthetic,True
MLCC_C004291,MLCC_B018,MLCC_X7R,leakage_ua,SIM_X7R_1U_25V,ordinary_noise,ordinary_noise,False,True,False,,,0.0654100445906,0.0725722184148,False,False,False,0.7,synthetic,True
MLCC_C004347,MLCC_B018,MLCC_X7R,leakage_ua,SIM_X7R_1U_25V,healthy_settling,healthy_settling,False,True,False,,,0.0677656468104,0.0688647796092,False,False,False,0.7,synthetic,True
MLCC_C004463,MLCC_B018,MLCC_X7R,leakage_ua,SIM_X7R_1U_25V,late_abrupt_onset,late_abrupt_onset,True,False,False,48,,1.36713651023,1.37355987225,True,True,True,0.7,synthetic,True
MLCC_C004490,MLCC_B018,MLCC_X7R,leakage_ua,SIM_X7R_1U_25V,ordinary_noise,ordinary_noise,False,True,False,,,0.0664787710811,0.0624490356561,False,False,False,0.7,synthetic,True
MLCC_C004587,MLCC_B018,MLCC_X7R,leakage_ua,SIM_X7R_1U_25V,accelerating_drift,accelerating_drift,True,False,False,12,,1.37209911069,1.30006749549,True,True,True,0.7,synthetic,True
MLCC_C004661,MLCC_B018,MLCC_X7R,leakage_ua,SIM_X7R_1U_25V,healthy_settling,healthy_settling,False,True,False,,,0.0553371024281,0.0545061717378,False,False,False,0.7,synthetic,True
MLCC_C004686,MLCC_B018,MLCC_X7R,leakage_ua,SIM_X7R_1U_25V,healthy_settling,healthy_settling,False,True,False,,,0.0951936900754,0.095139878215,False,False,False,0.7,synthetic,True
MLCC_C004702,MLCC_B018,MLCC_X7R,leakage_ua,SIM_X7R_1U_25V,healthy_settling,healthy_settling,False,True,False,,,0.0747459253,0.0749010883633,False,False,False,0.7,synthetic,True
MLCC_C004854,MLCC_B018,MLCC_X7R,leakage_ua,SIM_X7R_1U_25V,healthy_settling,healthy_settling,False,True,False,,,0.0781793793168,0.0780774762168,False,False,False,0.7,synthetic,True
MLCC_C004904,MLCC_B018,MLCC_X7R,leakage_ua,SIM_X7R_1U_25V,healthy_settling,healthy_settling,False,True,False,,,0.0673890905617,0.0672219791312,False,False,False,0.7,synthetic,True
MLCC_C004921,MLCC_B018,MLCC_X7R,leakage_ua,SIM_X7R_1U_25V,healthy_settling,healthy_settling,False,True,False,,,0.0868899075436,0.0898238228393,False,False,False,0.7,synthetic,True
MLCC_C004930,MLCC_B018,MLCC_X7R,leakage_ua,SIM_X7R_1U_25V,ordinary_noise,ordinary_noise,False,True,False,,,0.0757588057671,0.0805817632268,False,False,False,0.7,synthetic,True
MLCC_C004943,MLCC_B018,MLCC_X7R,leakage_ua,SIM_X7R_1U_25V,moisture_associated_history,moisture_associated_history,True,False,False,0,,0.423179794792,0.434092535737,False,False,False,0.7,synthetic,True
MLCC_C005066,MLCC_B018,MLCC_X7R,leakage_ua,SIM_X7R_1U_25V,healthy_settling,healthy_settling,False,True,False,,,0.0807382014595,0.0780258747393,False,False,False,0.7,synthetic,True
MLCC_C005069,MLCC_B018,MLCC_X7R,leakage_ua,SIM_X7R_1U_25V,healthy_settling,healthy_settling,False,True,False,,,0.0571131590748,0.0601575832556,False,False,False,0.7,synthetic,True
MLCC_C005111,MLCC_B018,MLCC_X7R,leakage_ua,SIM_X7R_1U_25V,healthy_settling,healthy_settling,False,True,False,,,0.0578849757525,0.0581715812908,False,False,False,0.7,synthetic,True
MLCC_C005123,MLCC_B018,MLCC_X7R,leakage_ua,SIM_X7R_1U_25V,healthy_settling,healthy_settling,False,True,False,,,0.0875749700235,0.0898245501584,False,False,False,0.7,synthetic,True
MLCC_C005219,MLCC_B018,MLCC_X7R,leakage_ua,SIM_X7R_1U_25V,ordinary_noise,ordinary_noise,False,True,False,,,0.0868769687109,0.103754682872,False,False,False,0.7,synthetic,True
MLCC_C005333,MLCC_B018,MLCC_X7R,leakage_ua,SIM_X7R_1U_25V,healthy_settling,healthy_settling,False,True,False,,,0.0488063361759,0.0481394340916,False,False,False,0.7,synthetic,True
MLCC_C005388,MLCC_B018,MLCC_X7R,leakage_ua,SIM_X7R_1U_25V,gradual_drift,gradual_drift,True,False,False,0,,0.222450583835,0.221519550928,False,False,False,0.7,synthetic,True
MLCC_C005457,MLCC_B018,MLCC_X7R,leakage_ua,SIM_X7R_1U_25V,healthy_settling,healthy_settling,False,True,False,,,0.101584233519,0.0968952214082,False,False,False,0.7,synthetic,True
MLCC_C005501,MLCC_B018,MLCC_X7R,leakage_ua,SIM_X7R_1U_25V,healthy_settling,healthy_settling,False,True,False,,,0.046765346059,0.0464871746647,False,False,False,0.7,synthetic,True
MLCC_C005546,MLCC_B018,MLCC_X7R,leakage_ua,SIM_X7R_1U_25V,healthy_settling,healthy_settling,False,True,False,,,0.0937105603228,0.0914682447224,False,False,False,0.7,synthetic,True
MLCC_C005581,MLCC_B018,MLCC_X7R,leakage_ua,SIM_X7R_1U_25V,healthy_settling,healthy_settling,False,True,False,,,0.0551119295355,0.054816759414,False,False,False,0.7,synthetic,True
MLCC_C005733,MLCC_B018,MLCC_X7R,leakage_ua,SIM_X7R_1U_25V,ordinary_noise,ordinary_noise,False,True,False,,,0.0756327815988,0.0725466326918,False,False,False,0.7,synthetic,True
MLCC_C005780,MLCC_B018,MLCC_X7R,leakage_ua,SIM_X7R_1U_25V,accelerating_drift,accelerating_drift,True,False,False,6,,0.280783283948,0.283266870392,False,False,False,0.7,synthetic,True
MLCC_C005858,MLCC_B018,MLCC_X7R,leakage_ua,SIM_X7R_1U_25V,moisture_associated_history,moisture_associated_history,True,False,False,48,,1.43358668226,1.45391547437,True,True,True,0.7,synthetic,True
MLCC_C005978,MLCC_B018,MLCC_X7R,leakage_ua,SIM_X7R_1U_25V,healthy_settling,healthy_settling,False,True,False,,,0.0943411420152,0.0927989467211,False,False,False,0.7,synthetic,True
MLCC_C005996,MLCC_B018,MLCC_X7R,leakage_ua,SIM_X7R_1U_25V,healthy_settling,healthy_settling,False,True,False,,,0.0399979180599,0.0398638016713,False,False,False,0.7,synthetic,True
MLCC_C006091,MLCC_B018,MLCC_X7R,leakage_ua,SIM_X7R_1U_25V,ordinary_noise,ordinary_noise,False,True,False,,,0.0453436618012,0.0472534073113,False,False,False,0.7,synthetic,True
MLCC_C006101,MLCC_B018,MLCC_X7R,leakage_ua,SIM_X7R_1U_25V,late_abrupt_onset,late_abrupt_onset,True,False,False,144,,0.422064169402,0.434130680027,False,False,False,0.7,synthetic,True
MLCC_C006103,MLCC_B018,MLCC_X7R,leakage_ua,SIM_X7R_1U_25V,healthy_settling,healthy_settling,False,True,False,,,0.0746605595518,0.0749027245697,False,False,False,0.7,synthetic,True
MLCC_C006213,MLCC_B018,MLCC_X7R,leakage_ua,SIM_X7R_1U_25V,healthy_settling,healthy_settling,False,True,False,,,0.0889684028881,0.0903788447148,False,False,False,0.7,synthetic,True
MLCC_C006230,MLCC_B018,MLCC_X7R,leakage_ua,SIM_X7R_1U_25V,healthy_settling,healthy_settling,False,True,False,,,0.127029738032,0.12510403951,False,False,False,0.7,synthetic,True
MLCC_C006249,MLCC_B018,MLCC_X7R,leakage_ua,SIM_X7R_1U_25V,healthy_settling,healthy_settling,False,True,False,,,0.0697594283741,0.0682065460741,False,False,False,0.7,synthetic,True
MLCC_C006270,MLCC_B018,MLCC_X7R,leakage_ua,SIM_X7R_1U_25V,healthy_settling,healthy_settling,False,True,False,,,0.0498315510741,0.0469605824846,False,False,False,0.7,synthetic,True
MLCC_C006280,MLCC_B018,MLCC_X7R,leakage_ua,SIM_X7R_1U_25V,late_abrupt_onset,late_abrupt_onset,True,False,False,48,,0.498496669828,0.499024901534,False,False,False,0.7,synthetic,True
MLCC_C006305,MLCC_B018,MLCC_X7R,leakage_ua,SIM_X7R_1U_25V,healthy_settling,healthy_settling,False,True,False,,,0.0922857488884,0.0900557978581,False,False,False,0.7,synthetic,True
MLCC_C006471,MLCC_B018,MLCC_X7R,leakage_ua,SIM_X7R_1U_25V,ordinary_noise,ordinary_noise,False,True,False,,,0.0991153827771,0.0946030335261,False,False,False,0.7,synthetic,True
MLCC_C006513,MLCC_B018,MLCC_X7R,leakage_ua,SIM_X7R_1U_25V,healthy_settling,healthy_settling,False,True,False,,,0.0641696501111,0.0642965579172,False,False,False,0.7,synthetic,True
MLCC_C006567,MLCC_B018,MLCC_X7R,leakage_ua,SIM_X7R_1U_25V,accelerating_drift,accelerating_drift,True,False,False,12,,0.794235176026,0.792084818571,True,True,True,0.7,synthetic,True
MLCC_C006625,MLCC_B018,MLCC_X7R,leakage_ua,SIM_X7R_1U_25V,healthy_settling,healthy_settling,False,True,False,,,0.0751018731255,0.0741261468307,False,False,False,0.7,synthetic,True
MLCC_C006676,MLCC_B018,MLCC_X7R,leakage_ua,SIM_X7R_1U_25V,ordinary_noise,ordinary_noise,False,True,False,,,0.0891798933074,0.0827938935444,False,False,False,0.7,synthetic,True
MLCC_C006685,MLCC_B018,MLCC_X7R,leakage_ua,SIM_X7R_1U_25V,healthy_settling,healthy_settling,False,True,False,,,0.0656670665697,0.062843118401,False,False,False,0.7,synthetic,True
MLCC_C006827,MLCC_B018,MLCC_X7R,leakage_ua,SIM_X7R_1U_25V,healthy_settling,healthy_settling,False,True,False,,,0.0804523824782,0.0796008420025,False,False,False,0.7,synthetic,True
MLCC_C006917,MLCC_B018,MLCC_X7R,leakage_ua,SIM_X7R_1U_25V,moisture_associated_history,moisture_associated_history,True,False,False,6,,0.330015822668,0.329731489119,False,False,False,0.7,synthetic,True
MLCC_C006931,MLCC_B018,MLCC_X7R,leakage_ua,SIM_X7R_1U_25V,healthy_settling,healthy_settling,False,True,False,,,0.0617835744786,0.0607156583898,False,False,False,0.7,synthetic,True
MLCC_C007010,MLCC_B018,MLCC_X7R,leakage_ua,SIM_X7R_1U_25V,accelerating_drift,accelerating_drift,True,False,False,6,,0.804500825328,0.85590393697,True,True,True,0.7,synthetic,True
MLCC_C007177,MLCC_B018,MLCC_X7R,leakage_ua,SIM_X7R_1U_25V,healthy_settling,healthy_settling,False,True,False,,,0.0390407097182,0.0379229096576,False,False,False,0.7,synthetic,True
MLCC_C007217,MLCC_B018,MLCC_X7R,leakage_ua,SIM_X7R_1U_25V,moisture_associated_history,moisture_associated_history,True,False,False,0,,0.500222716256,0.47620604319,False,False,False,0.7,synthetic,True
MLCC_C007295,MLCC_B018,MLCC_X7R,leakage_ua,SIM_X7R_1U_25V,healthy_settling,healthy_settling,False,True,False,,,0.0746699967936,0.0757332141594,False,False,False,0.7,synthetic,True
MLCC_C007302,MLCC_B018,MLCC_X7R,leakage_ua,SIM_X7R_1U_25V,healthy_settling,healthy_settling,False,True,False,,,0.0696249229688,0.0679366999477,False,False,False,0.7,synthetic,True
MLCC_C007316,MLCC_B018,MLCC_X7R,leakage_ua,SIM_X7R_1U_25V,gradual_drift,gradual_drift,True,False,False,6,,0.440492747789,0.43413406507,False,False,False,0.7,synthetic,True
MLCC_C007351,MLCC_B018,MLCC_X7R,leakage_ua,SIM_X7R_1U_25V,healthy_settling,healthy_settling,False,True,False,,,0.0994336651348,0.100325925517,False,False,False,0.7,synthetic,True
MLCC_C007389,MLCC_B018,MLCC_X7R,leakage_ua,SIM_X7R_1U_25V,ordinary_noise,ordinary_noise,False,True,False,,,0.124003903045,0.116705083263,False,False,False,0.7,synthetic,True
MLCC_C007463,MLCC_B018,MLCC_X7R,leakage_ua,SIM_X7R_1U_25V,healthy_settling,healthy_settling,False,True,False,,,0.0490914590186,0.0492261393502,False,False,False,0.7,synthetic,True
MLCC_C007547,MLCC_B018,MLCC_X7R,leakage_ua,SIM_X7R_1U_25V,healthy_settling,healthy_settling,False,True,False,,,0.0921731937859,0.0922309042633,False,False,False,0.7,synthetic,True
MLCC_C007568,MLCC_B018,MLCC_X7R,leakage_ua,SIM_X7R_1U_25V,ordinary_noise,ordinary_noise,False,True,False,,,0.0913722202012,0.0887015181348,False,False,False,0.7,synthetic,True
MLCC_C007569,MLCC_B018,MLCC_X7R,leakage_ua,SIM_X7R_1U_25V,healthy_settling,healthy_settling,False,True,False,,,0.0499733451603,0.0495987792695,False,False,False,0.7,synthetic,True
MLCC_C007803,MLCC_B018,MLCC_X7R,leakage_ua,SIM_X7R_1U_25V,ordinary_noise,ordinary_noise,False,True,False,,,0.051973222148,0.0573540870385,False,False,False,0.7,synthetic,True
MLCC_C007947,MLCC_B018,MLCC_X7R,leakage_ua,SIM_X7R_1U_25V,ordinary_noise,ordinary_noise,False,True,False,,,0.100055614229,0.0934385604833,False,False,False,0.7,synthetic,True
MLCC_C008060,MLCC_B018,MLCC_X7R,leakage_ua,SIM_X7R_1U_25V,healthy_settling,healthy_settling,False,True,False,,,0.0876894320219,0.0878955989648,False,False,False,0.7,synthetic,True
MLCC_C008238,MLCC_B018,MLCC_X7R,leakage_ua,SIM_X7R_1U_25V,healthy_settling,healthy_settling,False,True,False,,,0.0928635730623,0.0875719290006,False,False,False,0.7,synthetic,True
MLCC_C008265,MLCC_B018,MLCC_X7R,leakage_ua,SIM_X7R_1U_25V,healthy_settling,healthy_settling,False,True,False,,,0.0904882850561,0.0892735595167,False,False,False,0.7,synthetic,True
MLCC_C008344,MLCC_B018,MLCC_X7R,leakage_ua,SIM_X7R_1U_25V,ordinary_noise,ordinary_noise,False,True,False,,,0.0626801711243,0.0635127939797,False,False,False,0.7,synthetic,True
MLCC_C008450,MLCC_B018,MLCC_X7R,leakage_ua,SIM_X7R_1U_25V,healthy_settling,healthy_settling,False,True,False,,,0.0630544664183,0.0638961852916,False,False,False,0.7,synthetic,True
MLCC_C008457,MLCC_B018,MLCC_X7R,leakage_ua,SIM_X7R_1U_25V,healthy_settling,healthy_settling,False,True,False,,,0.0636294810851,0.0592615561239,False,False,False,0.7,synthetic,True
MLCC_C008520,MLCC_B018,MLCC_X7R,leakage_ua,SIM_X7R_1U_25V,healthy_settling,healthy_settling,False,True,False,,,0.0932791238659,0.091622563709,False,False,False,0.7,synthetic,True
MLCC_C008523,MLCC_B018,MLCC_X7R,leakage_ua,SIM_X7R_1U_25V,healthy_settling,healthy_settling,False,True,False,,,0.0778225454753,0.0805346582851,False,False,False,0.7,synthetic,True
MLCC_C008537,MLCC_B018,MLCC_X7R,leakage_ua,SIM_X7R_1U_25V,healthy_settling,healthy_settling,False,True,False,,,0.0838556858706,0.0881037357173,False,False,False,0.7,synthetic,True
MLCC_C008585,MLCC_B018,MLCC_X7R,leakage_ua,SIM_X7R_1U_25V,gradual_drift,gradual_drift,True,False,False,0,,0.425858300526,0.409387206838,False,False,False,0.7,synthetic,True
MLCC_C008627,MLCC_B018,MLCC_X7R,leakage_ua,SIM_X7R_1U_25V,healthy_settling,healthy_settling,False,True,False,,,0.0499788566526,0.0495448806112,False,False,False,0.7,synthetic,True
MLCC_C008632,MLCC_B018,MLCC_X7R,leakage_ua,SIM_X7R_1U_25V,ordinary_noise,ordinary_noise,False,True,False,,,0.0961259659938,0.100361692396,False,False,False,0.7,synthetic,True
MLCC_C008639,MLCC_B018,MLCC_X7R,leakage_ua,SIM_X7R_1U_25V,healthy_settling,healthy_settling,False,True,False,,,0.0493005244891,0.0481042040668,False,False,False,0.7,synthetic,True
MLCC_C008684,MLCC_B018,MLCC_X7R,leakage_ua,SIM_X7R_1U_25V,healthy_settling,healthy_settling,False,True,False,,,0.0903749648843,0.0916282249488,False,False,False,0.7,synthetic,True
MLCC_C008746,MLCC_B018,MLCC_X7R,leakage_ua,SIM_X7R_1U_25V,healthy_settling,healthy_settling,False,True,False,,,0.0462274112908,0.0477603425203,False,False,False,0.7,synthetic,True
MLCC_C008781,MLCC_B018,MLCC_X7R,leakage_ua,SIM_X7R_1U_25V,healthy_settling,healthy_settling,False,True,False,,,0.0718434800393,0.0719593446249,False,False,False,0.7,synthetic,True
MLCC_C009051,MLCC_B018,MLCC_X7R,leakage_ua,SIM_X7R_1U_25V,healthy_settling,healthy_settling,False,True,False,,,0.0669498971908,0.0679785659903,False,False,False,0.7,synthetic,True
MLCC_C009115,MLCC_B018,MLCC_X7R,leakage_ua,SIM_X7R_1U_25V,ordinary_noise,ordinary_noise,False,True,False,,,0.0559091008945,0.0524060965779,False,False,False,0.7,synthetic,True
MLCC_C009198,MLCC_B018,MLCC_X7R,leakage_ua,SIM_X7R_1U_25V,healthy_settling,healthy_settling,False,True,False,,,0.0855737624552,0.0848736116868,False,False,False,0.7,synthetic,True
MLCC_C009363,MLCC_B018,MLCC_X7R,leakage_ua,SIM_X7R_1U_25V,healthy_settling,healthy_settling,False,True,False,,,0.0740355018867,0.0712864784675,False,False,False,0.7,synthetic,True
MLCC_C009492,MLCC_B018,MLCC_X7R,leakage_ua,SIM_X7R_1U_25V,healthy_settling,healthy_settling,False,True,False,,,0.0650393892172,0.0653420507325,False,False,False,0.7,synthetic,True
MLCC_C009551,MLCC_B018,MLCC_X7R,leakage_ua,SIM_X7R_1U_25V,late_abrupt_onset,late_abrupt_onset,True,False,False,48,,0.284877893215,0.280530562191,False,False,False,0.7,synthetic,True
MLCC_C009589,MLCC_B018,MLCC_X7R,leakage_ua,SIM_X7R_1U_25V,healthy_settling,healthy_settling,False,True,False,,,0.0828788385624,0.0815775061984,False,False,False,0.7,synthetic,True
MLCC_C009737,MLCC_B018,MLCC_X7R,leakage_ua,SIM_X7R_1U_25V,healthy_settling,healthy_settling,False,True,False,,,0.0768429400662,0.0747489846847,False,False,False,0.7,synthetic,True
MLCC_C009815,MLCC_B018,MLCC_X7R,leakage_ua,SIM_X7R_1U_25V,healthy_settling,healthy_settling,False,True,False,,,0.0505000148696,0.0496156987851,False,False,False,0.7,synthetic,True
MLCC_C009819,MLCC_B018,MLCC_X7R,leakage_ua,SIM_X7R_1U_25V,healthy_settling,healthy_settling,False,True,False,,,0.0843125865922,0.0875828515739,False,False,False,0.7,synthetic,True
MLCC_C009825,MLCC_B018,MLCC_X7R,leakage_ua,SIM_X7R_1U_25V,healthy_settling,healthy_settling,False,True,False,,,0.0968688800955,0.0960363658988,False,False,False,0.7,synthetic,True
MLCC_C009894,MLCC_B018,MLCC_X7R,leakage_ua,SIM_X7R_1U_25V,healthy_settling,healthy_settling,False,True,False,,,0.0635312018155,0.0663405437794,False,False,False,0.7,synthetic,True
MLCC_C009980,MLCC_B018,MLCC_X7R,leakage_ua,SIM_X7R_1U_25V,accelerating_drift,accelerating_drift,True,False,False,6,,1.11077709172,1.13594667004,True,True,True,0.7,synthetic,True
MLCC_C010221,MLCC_B018,MLCC_X7R,leakage_ua,SIM_X7R_1U_25V,healthy_settling,healthy_settling,False,True,False,,,0.051678301653,0.0508121087293,False,False,False,0.7,synthetic,True
MLCC_C010243,MLCC_B018,MLCC_X7R,leakage_ua,SIM_X7R_1U_25V,moisture_associated_history,moisture_associated_history,True,False,False,12,,0.374898113403,0.372457341995,False,False,False,0.7,synthetic,True
MLCC_C010319,MLCC_B018,MLCC_X7R,leakage_ua,SIM_X7R_1U_25V,gradual_drift,gradual_drift,True,False,False,0,,0.826483711241,0.810924318721,True,True,True,0.7,synthetic,True
MLCC_C010469,MLCC_B018,MLCC_X7R,leakage_ua,SIM_X7R_1U_25V,healthy_settling,healthy_settling,False,True,False,,,0.0732430329343,0.0731662581792,False,False,False,0.7,synthetic,True
MLCC_C010496,MLCC_B018,MLCC_X7R,leakage_ua,SIM_X7R_1U_25V,ordinary_noise,ordinary_noise,False,True,False,,,0.0698699660644,0.0836266809184,False,False,False,0.7,synthetic,True
MLCC_C010531,MLCC_B018,MLCC_X7R,leakage_ua,SIM_X7R_1U_25V,ordinary_noise,ordinary_noise,False,True,False,,,0.0702352725297,0.0894750437974,False,False,False,0.7,synthetic,True
MLCC_C010557,MLCC_B018,MLCC_X7R,leakage_ua,SIM_X7R_1U_25V,healthy_settling,healthy_settling,False,True,False,,,0.0487367199669,0.048629687716,False,False,False,0.7,synthetic,True
MLCC_C010596,MLCC_B018,MLCC_X7R,leakage_ua,SIM_X7R_1U_25V,healthy_settling,healthy_settling,False,True,False,,,0.112729170965,0.109304392367,False,False,False,0.7,synthetic,True
MLCC_C010648,MLCC_B018,MLCC_X7R,leakage_ua,SIM_X7R_1U_25V,intermittent_leakage,intermittent_leakage,True,False,False,24,,0.117116628641,0.120735666333,False,False,False,0.7,synthetic,True
MLCC_C010678,MLCC_B018,MLCC_X7R,leakage_ua,SIM_X7R_1U_25V,gradual_drift,gradual_drift,True,False,False,0,,0.221505420681,0.222190908344,False,False,False,0.7,synthetic,True
MLCC_C010739,MLCC_B018,MLCC_X7R,leakage_ua,SIM_X7R_1U_25V,healthy_settling,healthy_settling,False,True,False,,,0.0757590863209,0.0715091010492,False,False,False,0.7,synthetic,True
MLCC_C010747,MLCC_B018,MLCC_X7R,leakage_ua,SIM_X7R_1U_25V,healthy_settling,healthy_settling,False,True,False,,,0.0774596595193,0.079299135939,False,False,False,0.7,synthetic,True
MLCC_C010827,MLCC_B018,MLCC_X7R,leakage_ua,SIM_X7R_1U_25V,ordinary_noise,ordinary_noise,False,True,False,,,0.107441509214,0.108086095933,False,False,False,0.7,synthetic,True
MLCC_C010854,MLCC_B018,MLCC_X7R,leakage_ua,SIM_X7R_1U_25V,intermittent_leakage,intermittent_leakage,True,False,False,12,,0.0816735328327,0.0825731346806,False,False,False,0.7,synthetic,True
MLCC_C010864,MLCC_B018,MLCC_X7R,leakage_ua,SIM_X7R_1U_25V,healthy_settling,healthy_settling,False,True,False,,,0.0474459421212,0.0475544067956,False,False,False,0.7,synthetic,True
MLCC_C010896,MLCC_B018,MLCC_X7R,leakage_ua,SIM_X7R_1U_25V,healthy_settling,healthy_settling,False,True,False,,,0.0533456577122,0.05415174615,False,False,False,0.7,synthetic,True
MLCC_C010926,MLCC_B018,MLCC_X7R,leakage_ua,SIM_X7R_1U_25V,healthy_settling,healthy_settling,False,True,False,,,0.0577070343203,0.0551585047419,False,False,False,0.7,synthetic,True
MLCC_C011018,MLCC_B018,MLCC_X7R,leakage_ua,SIM_X7R_1U_25V,healthy_settling,healthy_settling,False,True,False,,,0.0572941437656,0.0562364225971,False,False,False,0.7,synthetic,True
MLCC_C011051,MLCC_B018,MLCC_X7R,leakage_ua,SIM_X7R_1U_25V,healthy_settling,healthy_settling,False,True,False,,,0.0460510235402,0.0477440046462,False,False,False,0.7,synthetic,True
MLCC_C011057,MLCC_B018,MLCC_X7R,leakage_ua,SIM_X7R_1U_25V,healthy_settling,healthy_settling,False,True,False,,,0.0509345460966,0.0536611584941,False,False,False,0.7,synthetic,True
MLCC_C011096,MLCC_B018,MLCC_X7R,leakage_ua,SIM_X7R_1U_25V,healthy_settling,healthy_settling,False,True,False,,,0.088117239269,0.0881615308471,False,False,False,0.7,synthetic,True
MLCC_C011106,MLCC_B018,MLCC_X7R,leakage_ua,SIM_X7R_1U_25V,healthy_settling,healthy_settling,False,True,False,,,0.0708099325078,0.0691559474643,False,False,False,0.7,synthetic,True
MLCC_C011143,MLCC_B018,MLCC_X7R,leakage_ua,SIM_X7R_1U_25V,healthy_settling,healthy_settling,False,True,False,,,0.162260338742,0.159072653274,False,False,False,0.7,synthetic,True
MLCC_C011225,MLCC_B018,MLCC_X7R,leakage_ua,SIM_X7R_1U_25V,healthy_settling,healthy_settling,False,True,False,,,0.0558859309384,0.0562403270818,False,False,False,0.7,synthetic,True
MLCC_C011298,MLCC_B018,MLCC_X7R,leakage_ua,SIM_X7R_1U_25V,ordinary_noise,ordinary_noise,False,True,False,,,0.0976198248459,0.0880180686877,False,False,False,0.7,synthetic,True
MLCC_C011340,MLCC_B018,MLCC_X7R,leakage_ua,SIM_X7R_1U_25V,healthy_settling,healthy_settling,False,True,False,,,0.0834499079795,0.0849052049104,False,False,False,0.7,synthetic,True
MLCC_C011363,MLCC_B018,MLCC_X7R,leakage_ua,SIM_X7R_1U_25V,moisture_associated_history,moisture_associated_history,True,False,False,48,,0.290102408783,0.283669681662,False,False,False,0.7,synthetic,True
MLCC_C011378,MLCC_B018,MLCC_X7R,leakage_ua,SIM_X7R_1U_25V,healthy_settling,healthy_settling,False,True,False,,,0.0965252050399,0.096544341352,False,False,False,0.7,synthetic,True
MLCC_C011403,MLCC_B018,MLCC_X7R,leakage_ua,SIM_X7R_1U_25V,healthy_settling,healthy_settling,False,True,False,,,0.0596050320899,0.0608461309749,False,False,False,0.7,synthetic,True
MLCC_C011450,MLCC_B018,MLCC_X7R,leakage_ua,SIM_X7R_1U_25V,gradual_drift,gradual_drift,True,False,False,12,,0.392989364713,0.390239957892,False,False,False,0.7,synthetic,True
MLCC_C011521,MLCC_B018,MLCC_X7R,leakage_ua,SIM_X7R_1U_25V,healthy_settling,healthy_settling,False,True,False,,,0.0695588555781,0.0713671036825,False,False,False,0.7,synthetic,True
MLCC_C011535,MLCC_B018,MLCC_X7R,leakage_ua,SIM_X7R_1U_25V,healthy_settling,healthy_settling,False,True,False,,,0.0547897675986,0.0538888125605,False,False,False,0.7,synthetic,True
MLCC_C011795,MLCC_B018,MLCC_X7R,leakage_ua,SIM_X7R_1U_25V,ordinary_noise,ordinary_noise,False,True,False,,,0.0753999759584,0.0714948261374,False,False,False,0.7,synthetic,True
MLCC_C011808,MLCC_B018,MLCC_X7R,leakage_ua,SIM_X7R_1U_25V,healthy_settling,healthy_settling,False,True,False,,,0.110101459648,0.109118120037,False,False,False,0.7,synthetic,True
MLCC_C011853,MLCC_B018,MLCC_X7R,leakage_ua,SIM_X7R_1U_25V,healthy_settling,healthy_settling,False,True,False,,,0.0519508592422,0.0525794557828,False,False,False,0.7,synthetic,True
MLCC_C011889,MLCC_B018,MLCC_X7R,leakage_ua,SIM_X7R_1U_25V,healthy_settling,healthy_settling,False,True,False,,,0.046041019154,0.0454861055206,False,False,False,0.7,synthetic,True
MLCC_C011908,MLCC_B018,MLCC_X7R,leakage_ua,SIM_X7R_1U_25V,healthy_settling,healthy_settling,False,True,False,,,0.0605878198618,0.0580696346081,False,False,False,0.7,synthetic,True
MLCC_C011928,MLCC_B018,MLCC_X7R,leakage_ua,SIM_X7R_1U_25V,late_abrupt_onset,late_abrupt_onset,True,False,False,120,,0.394308197517,0.402003325016,False,False,False,0.7,synthetic,True
MLCC_C011961,MLCC_B018,MLCC_X7R,leakage_ua,SIM_X7R_1U_25V,moisture_associated_history,moisture_associated_history,True,False,False,12,,0.299361940193,0.297695462142,False,False,False,0.7,synthetic,True
MLCC_C011971,MLCC_B018,MLCC_X7R,leakage_ua,SIM_X7R_1U_25V,healthy_settling,healthy_settling,False,True,False,,,0.0542489107668,0.05221171374,False,False,False,0.7,synthetic,True
MLCC_C011999,MLCC_B018,MLCC_X7R,leakage_ua,SIM_X7R_1U_25V,healthy_settling,healthy_settling,False,True,False,,,0.119370075977,0.118099981902,False,False,False,0.7,synthetic,True
MLCC_C000005,MLCC_B023,MLCC_X7R,leakage_ua,SIM_X7R_4U7_16V,healthy_settling,healthy_settling,False,True,False,,,0.0834552251674,0.0826576440649,False,False,False,1.3,synthetic,True
MLCC_C000068,MLCC_B023,MLCC_X7R,leakage_ua,SIM_X7R_4U7_16V,ordinary_noise,ordinary_noise,False,True,False,,,0.220727871195,0.170766126449,False,False,False,1.3,synthetic,True
MLCC_C000107,MLCC_B023,MLCC_X7R,leakage_ua,SIM_X7R_4U7_16V,healthy_settling,healthy_settling,False,True,False,,,0.180964520295,0.18019124358,False,False,False,1.3,synthetic,True
MLCC_C000157,MLCC_B023,MLCC_X7R,leakage_ua,SIM_X7R_4U7_16V,healthy_settling,healthy_settling,False,True,False,,,0.105708220199,0.104100685093,False,False,False,1.3,synthetic,True
MLCC_C000197,MLCC_B023,MLCC_X7R,leakage_ua,SIM_X7R_4U7_16V,healthy_settling,healthy_settling,False,True,False,,,0.109903217614,0.105290369221,False,False,False,1.3,synthetic,True
MLCC_C000203,MLCC_B023,MLCC_X7R,leakage_ua,SIM_X7R_4U7_16V,ordinary_noise,ordinary_noise,False,True,False,,,0.103839888995,0.114827992034,False,False,False,1.3,synthetic,True
MLCC_C000281,MLCC_B023,MLCC_X7R,leakage_ua,SIM_X7R_4U7_16V,ordinary_noise,ordinary_noise,False,True,False,,,0.180792201345,0.165549175882,False,False,False,1.3,synthetic,True
MLCC_C000302,MLCC_B023,MLCC_X7R,leakage_ua,SIM_X7R_4U7_16V,ordinary_noise,ordinary_noise,False,True,False,,,0.137068498809,0.136580473285,False,False,False,1.3,synthetic,True
MLCC_C000327,MLCC_B023,MLCC_X7R,leakage_ua,SIM_X7R_4U7_16V,healthy_settling,healthy_settling,False,True,False,,,0.141332629174,0.141223193475,False,False,False,1.3,synthetic,True
MLCC_C000458,MLCC_B023,MLCC_X7R,leakage_ua,SIM_X7R_4U7_16V,accelerating_drift,accelerating_drift,True,False,False,12,,1.27875428292,1.30351332324,True,False,True,1.3,synthetic,True
MLCC_C000561,MLCC_B023,MLCC_X7R,leakage_ua,SIM_X7R_4U7_16V,ordinary_noise,ordinary_noise,False,True,False,,,0.180825939038,0.170603712395,False,False,False,1.3,synthetic,True
MLCC_C000571,MLCC_B023,MLCC_X7R,leakage_ua,SIM_X7R_4U7_16V,ordinary_noise,ordinary_noise,False,True,False,,,0.111768589056,0.150214921448,False,False,False,1.3,synthetic,True
MLCC_C000628,MLCC_B023,MLCC_X7R,leakage_ua,SIM_X7R_4U7_16V,healthy_settling,healthy_settling,False,True,False,,,0.120628211415,0.123900375003,False,False,False,1.3,synthetic,True
MLCC_C000669,MLCC_B023,MLCC_X7R,leakage_ua,SIM_X7R_4U7_16V,healthy_settling,healthy_settling,False,True,False,,,0.173503137066,0.17459695808,False,False,False,1.3,synthetic,True
MLCC_C000685,MLCC_B023,MLCC_X7R,leakage_ua,SIM_X7R_4U7_16V,healthy_settling,healthy_settling,False,True,False,,,0.177040473028,0.181916295841,False,False,False,1.3,synthetic,True
MLCC_C000708,MLCC_B023,MLCC_X7R,leakage_ua,SIM_X7R_4U7_16V,healthy_settling,healthy_settling,False,True,False,,,0.211492406119,0.205886035548,False,False,False,1.3,synthetic,True
MLCC_C000933,MLCC_B023,MLCC_X7R,leakage_ua,SIM_X7R_4U7_16V,healthy_settling,healthy_settling,False,True,False,,,0.240692940333,0.246789580279,False,False,False,1.3,synthetic,True
MLCC_C000950,MLCC_B023,MLCC_X7R,leakage_ua,SIM_X7R_4U7_16V,healthy_settling,healthy_settling,False,True,False,,,0.293381902462,0.275336964808,False,False,False,1.3,synthetic,True
MLCC_C000955,MLCC_B023,MLCC_X7R,leakage_ua,SIM_X7R_4U7_16V,healthy_settling,healthy_settling,False,True,False,,,0.123400347055,0.126993377185,False,False,False,1.3,synthetic,True
MLCC_C001009,MLCC_B023,MLCC_X7R,leakage_ua,SIM_X7R_4U7_16V,ordinary_noise,ordinary_noise,False,True,False,,,0.251894060448,0.282970564206,False,False,False,1.3,synthetic,True
MLCC_C001046,MLCC_B023,MLCC_X7R,leakage_ua,SIM_X7R_4U7_16V,intermittent_leakage,intermittent_leakage,True,False,False,6,,0.948195887041,0.916327747869,False,False,True,1.3,synthetic,True
MLCC_C001091,MLCC_B023,MLCC_X7R,leakage_ua,SIM_X7R_4U7_16V,ordinary_noise,ordinary_noise,False,True,False,,,0.120192827921,0.124409315824,False,False,False,1.3,synthetic,True
MLCC_C001106,MLCC_B023,MLCC_X7R,leakage_ua,SIM_X7R_4U7_16V,healthy_settling,healthy_settling,False,True,False,,,0.0852432664624,0.0863217160819,False,False,False,1.3,synthetic,True
MLCC_C001265,MLCC_B023,MLCC_X7R,leakage_ua,SIM_X7R_4U7_16V,healthy_settling,healthy_settling,False,True,False,,,0.0962794247236,0.0967238254886,False,False,False,1.3,synthetic,True
MLCC_C001281,MLCC_B023,MLCC_X7R,leakage_ua,SIM_X7R_4U7_16V,healthy_settling,healthy_settling,False,True,False,,,0.126332058955,0.125349013141,False,False,False,1.3,synthetic,True
MLCC_C001359,MLCC_B023,MLCC_X7R,leakage_ua,SIM_X7R_4U7_16V,moisture_associated_history,moisture_associated_history,True,False,False,12,,1.02482223441,1.0369691976,False,False,False,1.3,synthetic,True
MLCC_C001402,MLCC_B023,MLCC_X7R,leakage_ua,SIM_X7R_4U7_16V,healthy_settling,healthy_settling,False,True,False,,,0.172627619692,0.175414919315,False,False,False,1.3,synthetic,True
MLCC_C001443,MLCC_B023,MLCC_X7R,leakage_ua,SIM_X7R_4U7_16V,healthy_settling,healthy_settling,False,True,False,,,0.107543094278,0.11091377326,False,False,False,1.3,synthetic,True
MLCC_C001591,MLCC_B023,MLCC_X7R,leakage_ua,SIM_X7R_4U7_16V,healthy_settling,healthy_settling,False,True,False,,,0.0820867122271,0.0827170841786,False,False,False,1.3,synthetic,True
MLCC_C001654,MLCC_B023,MLCC_X7R,leakage_ua,SIM_X7R_4U7_16V,healthy_settling,healthy_settling,False,True,False,,,0.14422924625,0.130343706014,False,False,False,1.3,synthetic,True
MLCC_C001663,MLCC_B023,MLCC_X7R,leakage_ua,SIM_X7R_4U7_16V,ordinary_noise,ordinary_noise,False,True,False,,,0.263199623673,0.225809243109,False,False,False,1.3,synthetic,True
MLCC_C001666,MLCC_B023,MLCC_X7R,leakage_ua,SIM_X7R_4U7_16V,intermittent_leakage,intermittent_leakage,True,False,False,24,,0.187659523283,0.180836007601,False,False,True,1.3,synthetic,True
MLCC_C001699,MLCC_B023,MLCC_X7R,leakage_ua,SIM_X7R_4U7_16V,healthy_settling,healthy_settling,False,True,False,,,0.128006010673,0.12486287135,False,False,False,1.3,synthetic,True
MLCC_C001763,MLCC_B023,MLCC_X7R,leakage_ua,SIM_X7R_4U7_16V,healthy_settling,healthy_settling,False,True,False,,,0.12375438749,0.124940533238,False,False,False,1.3,synthetic,True
MLCC_C001775,MLCC_B023,MLCC_X7R,leakage_ua,SIM_X7R_4U7_16V,ordinary_noise,ordinary_noise,False,True,False,,,0.119990131063,0.100108860392,False,False,False,1.3,synthetic,True
MLCC_C001779,MLCC_B023,MLCC_X7R,leakage_ua,SIM_X7R_4U7_16V,healthy_settling,healthy_settling,False,True,False,,,0.161411947336,0.16439289092,False,False,False,1.3,synthetic,True
MLCC_C001800,MLCC_B023,MLCC_X7R,leakage_ua,SIM_X7R_4U7_16V,healthy_settling,healthy_settling,False,True,False,,,0.145159358107,0.14500786019,False,False,False,1.3,synthetic,True
MLCC_C001863,MLCC_B023,MLCC_X7R,leakage_ua,SIM_X7R_4U7_16V,healthy_settling,healthy_settling,False,True,False,,,0.111286879778,0.113636324487,False,False,False,1.3,synthetic,True
MLCC_C001874,MLCC_B023,MLCC_X7R,leakage_ua,SIM_X7R_4U7_16V,gradual_drift,gradual_drift,True,False,False,0,,1.51303694603,1.59366044062,True,True,True,1.3,synthetic,True
MLCC_C001912,MLCC_B023,MLCC_X7R,leakage_ua,SIM_X7R_4U7_16V,healthy_settling,healthy_settling,False,True,False,,,0.159004989217,0.158369340293,False,False,False,1.3,synthetic,True
MLCC_C001990,MLCC_B023,MLCC_X7R,leakage_ua,SIM_X7R_4U7_16V,healthy_settling,healthy_settling,False,True,False,,,0.156999266245,0.156678381504,False,False,False,1.3,synthetic,True
MLCC_C001998,MLCC_B023,MLCC_X7R,leakage_ua,SIM_X7R_4U7_16V,healthy_settling,healthy_settling,False,True,False,,,0.0987201280311,0.0984540307498,False,False,False,1.3,synthetic,True
MLCC_C002103,MLCC_B023,MLCC_X7R,leakage_ua,SIM_X7R_4U7_16V,healthy_settling,healthy_settling,False,True,False,,,0.183363889534,0.171747353914,False,False,False,1.3,synthetic,True
MLCC_C002166,MLCC_B023,MLCC_X7R,leakage_ua,SIM_X7R_4U7_16V,intermittent_leakage,intermittent_leakage,True,False,False,24,,0.20994425489,0.214814796763,False,False,False,1.3,synthetic,True
MLCC_C002171,MLCC_B023,MLCC_X7R,leakage_ua,SIM_X7R_4U7_16V,healthy_settling,healthy_settling,False,True,False,,,0.0862298192214,0.0870296288432,False,False,False,1.3,synthetic,True
MLCC_C002230,MLCC_B023,MLCC_X7R,leakage_ua,SIM_X7R_4U7_16V,healthy_settling,healthy_settling,False,True,False,,,0.179102013956,0.183552131512,False,False,False,1.3,synthetic,True
MLCC_C002281,MLCC_B023,MLCC_X7R,leakage_ua,SIM_X7R_4U7_16V,accelerating_drift,accelerating_drift,True,False,False,12,,0.35469447694,0.368999941319,False,False,False,1.3,synthetic,True
MLCC_C002296,MLCC_B023,MLCC_X7R,leakage_ua,SIM_X7R_4U7_16V,ordinary_noise,ordinary_noise,False,True,False,,,0.129955326417,0.145764972599,False,False,False,1.3,synthetic,True
MLCC_C002344,MLCC_B023,MLCC_X7R,leakage_ua,SIM_X7R_4U7_16V,intermittent_leakage,intermittent_leakage,True,False,False,48,,1.11039109228,1.13500294922,False,False,True,1.3,synthetic,True
MLCC_C002368,MLCC_B023,MLCC_X7R,leakage_ua,SIM_X7R_4U7_16V,healthy_settling,healthy_settling,False,True,False,,,0.163148060989,0.161987856577,False,False,False,1.3,synthetic,True
MLCC_C002411,MLCC_B023,MLCC_X7R,leakage_ua,SIM_X7R_4U7_16V,accelerating_drift,accelerating_drift,True,False,False,12,,0.59836380025,0.598210044892,False,False,False,1.3,synthetic,True
MLCC_C002511,MLCC_B023,MLCC_X7R,leakage_ua,SIM_X7R_4U7_16V,healthy_settling,healthy_settling,False,True,False,,,0.121051529245,0.126178585461,False,False,False,1.3,synthetic,True
MLCC_C002624,MLCC_B023,MLCC_X7R,leakage_ua,SIM_X7R_4U7_16V,healthy_settling,healthy_settling,False,True,False,,,0.112391496441,0.109817025718,False,False,False,1.3,synthetic,True
MLCC_C003052,MLCC_B023,MLCC_X7R,leakage_ua,SIM_X7R_4U7_16V,late_abrupt_onset,late_abrupt_onset,True,False,False,144,,0.509545730289,0.513313126838,False,False,False,1.3,synthetic,True
MLCC_C003288,MLCC_B023,MLCC_X7R,leakage_ua,SIM_X7R_4U7_16V,healthy_settling,healthy_settling,False,True,False,,,0.119347029856,0.12151864307,False,False,False,1.3,synthetic,True
MLCC_C003380,MLCC_B023,MLCC_X7R,leakage_ua,SIM_X7R_4U7_16V,healthy_settling,healthy_settling,False,True,False,,,0.194079404278,0.196296711826,False,False,False,1.3,synthetic,True
MLCC_C003413,MLCC_B023,MLCC_X7R,leakage_ua,SIM_X7R_4U7_16V,ordinary_noise,ordinary_noise,False,True,False,,,0.227638665221,0.196036543656,False,False,False,1.3,synthetic,True
MLCC_C003513,MLCC_B023,MLCC_X7R,leakage_ua,SIM_X7R_4U7_16V,healthy_settling,healthy_settling,False,True,False,,,0.18450621302,0.188383904976,False,False,False,1.3,synthetic,True
MLCC_C003552,MLCC_B023,MLCC_X7R,leakage_ua,SIM_X7R_4U7_16V,healthy_settling,healthy_settling,False,True,False,,,0.193399741127,0.185571925338,False,False,False,1.3,synthetic,True
MLCC_C003564,MLCC_B023,MLCC_X7R,leakage_ua,SIM_X7R_4U7_16V,healthy_settling,healthy_settling,False,True,False,,,0.102630535985,0.106311846327,False,False,False,1.3,synthetic,True
MLCC_C003613,MLCC_B023,MLCC_X7R,leakage_ua,SIM_X7R_4U7_16V,healthy_settling,healthy_settling,False,True,False,,,0.110843351042,0.11645113381,False,False,False,1.3,synthetic,True
MLCC_C003720,MLCC_B023,MLCC_X7R,leakage_ua,SIM_X7R_4U7_16V,healthy_settling,healthy_settling,False,True,False,,,0.124845391656,0.114619960691,False,False,False,1.3,synthetic,True
MLCC_C003730,MLCC_B023,MLCC_X7R,leakage_ua,SIM_X7R_4U7_16V,healthy_settling,healthy_settling,False,True,False,,,0.236929362483,0.237300245755,False,False,False,1.3,synthetic,True
MLCC_C003752,MLCC_B023,MLCC_X7R,leakage_ua,SIM_X7R_4U7_16V,healthy_settling,healthy_settling,False,True,False,,,0.106704747891,0.105724051312,False,False,False,1.3,synthetic,True
MLCC_C003776,MLCC_B023,MLCC_X7R,leakage_ua,SIM_X7R_4U7_16V,healthy_settling,healthy_settling,False,True,False,,,0.170241661455,0.165501555995,False,False,False,1.3,synthetic,True
MLCC_C004097,MLCC_B023,MLCC_X7R,leakage_ua,SIM_X7R_4U7_16V,healthy_settling,healthy_settling,False,True,False,,,0.128897784048,0.129342259625,False,False,False,1.3,synthetic,True
MLCC_C004148,MLCC_B023,MLCC_X7R,leakage_ua,SIM_X7R_4U7_16V,accelerating_drift,accelerating_drift,True,False,False,24,,0.498593824332,0.490167796898,False,False,False,1.3,synthetic,True
MLCC_C004172,MLCC_B023,MLCC_X7R,leakage_ua,SIM_X7R_4U7_16V,healthy_settling,healthy_settling,False,True,False,,,0.154763238323,0.149873223606,False,False,False,1.3,synthetic,True
MLCC_C004231,MLCC_B023,MLCC_X7R,leakage_ua,SIM_X7R_4U7_16V,ordinary_noise,ordinary_noise,False,True,False,,,0.118238558005,0.11551083757,False,False,False,1.3,synthetic,True
MLCC_C004436,MLCC_B023,MLCC_X7R,leakage_ua,SIM_X7R_4U7_16V,healthy_settling,healthy_settling,False,True,False,,,0.23012075672,0.22427023317,False,False,False,1.3,synthetic,True
MLCC_C004499,MLCC_B023,MLCC_X7R,leakage_ua,SIM_X7R_4U7_16V,healthy_settling,healthy_settling,False,True,False,,,0.203502277309,0.201376486432,False,False,False,1.3,synthetic,True
MLCC_C004544,MLCC_B023,MLCC_X7R,leakage_ua,SIM_X7R_4U7_16V,ordinary_noise,ordinary_noise,False,True,False,,,0.198942111563,0.188385912217,False,False,False,1.3,synthetic,True
MLCC_C004609,MLCC_B023,MLCC_X7R,leakage_ua,SIM_X7R_4U7_16V,healthy_settling,healthy_settling,False,True,False,,,0.0721649397126,0.0724900279827,False,False,False,1.3,synthetic,True
MLCC_C004660,MLCC_B023,MLCC_X7R,leakage_ua,SIM_X7R_4U7_16V,late_abrupt_onset,late_abrupt_onset,True,False,False,120,,0.958104572231,0.959613201595,False,False,False,1.3,synthetic,True
MLCC_C004692,MLCC_B023,MLCC_X7R,leakage_ua,SIM_X7R_4U7_16V,moisture_associated_history,moisture_associated_history,True,False,False,6,,1.61998959136,1.56885803542,True,True,True,1.3,synthetic,True
MLCC_C004739,MLCC_B023,MLCC_X7R,leakage_ua,SIM_X7R_4U7_16V,late_abrupt_onset,late_abrupt_onset,True,False,False,72,,0.575008203495,0.567800141666,False,False,False,1.3,synthetic,True
MLCC_C004768,MLCC_B023,MLCC_X7R,leakage_ua,SIM_X7R_4U7_16V,healthy_settling,healthy_settling,False,True,False,,,0.117291057359,0.113029160288,False,False,False,1.3,synthetic,True
MLCC_C004897,MLCC_B023,MLCC_X7R,leakage_ua,SIM_X7R_4U7_16V,accelerating_drift,accelerating_drift,True,False,False,12,,1.01858915638,1.0346610769,False,False,False,1.3,synthetic,True
MLCC_C004909,MLCC_B023,MLCC_X7R,leakage_ua,SIM_X7R_4U7_16V,accelerating_drift,accelerating_drift,True,False,False,12,,2.02289200377,2.04571293337,True,True,True,1.3,synthetic,True
MLCC_C004927,MLCC_B023,MLCC_X7R,leakage_ua,SIM_X7R_4U7_16V,healthy_settling,healthy_settling,False,True,False,,,0.141988366773,0.139134798768,False,False,False,1.3,synthetic,True
MLCC_C005044,MLCC_B023,MLCC_X7R,leakage_ua,SIM_X7R_4U7_16V,healthy_settling,healthy_settling,False,True,False,,,0.175759272068,0.18018309573,False,False,False,1.3,synthetic,True
MLCC_C005112,MLCC_B023,MLCC_X7R,leakage_ua,SIM_X7R_4U7_16V,accelerating_drift,accelerating_drift,True,False,False,24,,2.8077593184,2.85489279423,True,True,True,1.3,synthetic,True
MLCC_C005195,MLCC_B023,MLCC_X7R,leakage_ua,SIM_X7R_4U7_16V,healthy_settling,healthy_settling,False,True,False,,,0.243943760656,0.24108384248,False,False,False,1.3,synthetic,True
MLCC_C005351,MLCC_B023,MLCC_X7R,leakage_ua,SIM_X7R_4U7_16V,healthy_settling,healthy_settling,False,True,False,,,0.167074338178,0.167355753528,False,False,False,1.3,synthetic,True
MLCC_C005387,MLCC_B023,MLCC_X7R,leakage_ua,SIM_X7R_4U7_16V,healthy_settling,healthy_settling,False,True,False,,,0.0618657733886,0.058782056857,False,False,False,1.3,synthetic,True
MLCC_C005422,MLCC_B023,MLCC_X7R,leakage_ua,SIM_X7R_4U7_16V,ordinary_noise,ordinary_noise,False,True,False,,,0.106732577879,0.111223089292,False,False,False,1.3,synthetic,True
MLCC_C005436,MLCC_B023,MLCC_X7R,leakage_ua,SIM_X7R_4U7_16V,healthy_settling,healthy_settling,False,True,False,,,0.124691627254,0.121242834218,False,False,False,1.3,synthetic,True
MLCC_C005496,MLCC_B023,MLCC_X7R,leakage_ua,SIM_X7R_4U7_16V,ordinary_noise,ordinary_noise,False,True,False,,,0.149154584739,0.161676373286,False,False,False,1.3,synthetic,True
MLCC_C005635,MLCC_B023,MLCC_X7R,leakage_ua,SIM_X7R_4U7_16V,healthy_settling,healthy_settling,False,True,False,,,0.138737814194,0.138644303519,False,False,False,1.3,synthetic,True
MLCC_C005674,MLCC_B023,MLCC_X7R,leakage_ua,SIM_X7R_4U7_16V,ordinary_noise,ordinary_noise,False,True,False,,,0.129858250021,0.121982492576,False,False,False,1.3,synthetic,True
MLCC_C005763,MLCC_B023,MLCC_X7R,leakage_ua,SIM_X7R_4U7_16V,gradual_drift,gradual_drift,True,False,False,6,,1.44549772864,1.35205446404,True,True,True,1.3,synthetic,True
MLCC_C005873,MLCC_B023,MLCC_X7R,leakage_ua,SIM_X7R_4U7_16V,healthy_settling,healthy_settling,False,True,False,,,0.157726032112,0.156751791658,False,False,False,1.3,synthetic,True
MLCC_C005895,MLCC_B023,MLCC_X7R,leakage_ua,SIM_X7R_4U7_16V,ordinary_noise,ordinary_noise,False,True,False,,,0.115530505238,0.119419301811,False,False,False,1.3,synthetic,True
MLCC_C005908,MLCC_B023,MLCC_X7R,leakage_ua,SIM_X7R_4U7_16V,moisture_associated_history,moisture_associated_history,True,False,False,12,,0.457326957968,0.455701121827,False,False,False,1.3,synthetic,True
MLCC_C005972,MLCC_B023,MLCC_X7R,leakage_ua,SIM_X7R_4U7_16V,healthy_settling,healthy_settling,False,True,False,,,0.191790867307,0.193159210496,False,False,False,1.3,synthetic,True
MLCC_C006107,MLCC_B023,MLCC_X7R,leakage_ua,SIM_X7R_4U7_16V,healthy_settling,healthy_settling,False,True,False,,,0.196633674409,0.195780561125,False,False,False,1.3,synthetic,True
MLCC_C006120,MLCC_B023,MLCC_X7R,leakage_ua,SIM_X7R_4U7_16V,healthy_settling,healthy_settling,False,True,False,,,0.21195705437,0.214994368268,False,False,False,1.3,synthetic,True
MLCC_C006170,MLCC_B023,MLCC_X7R,leakage_ua,SIM_X7R_4U7_16V,healthy_settling,healthy_settling,False,True,False,,,0.199371947518,0.199992961443,False,False,False,1.3,synthetic,True
MLCC_C006178,MLCC_B023,MLCC_X7R,leakage_ua,SIM_X7R_4U7_16V,healthy_settling,healthy_settling,False,True,False,,,0.114165287294,0.115402531936,False,False,False,1.3,synthetic,True
MLCC_C006210,MLCC_B023,MLCC_X7R,leakage_ua,SIM_X7R_4U7_16V,intermittent_leakage,intermittent_leakage,True,False,False,12,,0.180056634285,0.170251627266,False,False,False,1.3,synthetic,True
MLCC_C006244,MLCC_B023,MLCC_X7R,leakage_ua,SIM_X7R_4U7_16V,healthy_settling,healthy_settling,False,True,False,,,0.082477331428,0.0853523663333,False,False,False,1.3,synthetic,True
MLCC_C006344,MLCC_B023,MLCC_X7R,leakage_ua,SIM_X7R_4U7_16V,moisture_associated_history,moisture_associated_history,True,False,False,24,,0.678095097506,0.675501959956,False,False,False,1.3,synthetic,True
MLCC_C006363,MLCC_B023,MLCC_X7R,leakage_ua,SIM_X7R_4U7_16V,healthy_settling,healthy_settling,False,True,False,,,0.120323950899,0.117355498931,False,False,False,1.3,synthetic,True
MLCC_C006393,MLCC_B023,MLCC_X7R,leakage_ua,SIM_X7R_4U7_16V,ordinary_noise,ordinary_noise,False,True,False,,,0.112009465527,0.118029604118,False,False,False,1.3,synthetic,True
MLCC_C006406,MLCC_B023,MLCC_X7R,leakage_ua,SIM_X7R_4U7_16V,healthy_settling,healthy_settling,False,True,False,,,0.107249278403,0.102073193348,False,False,False,1.3,synthetic,True
MLCC_C006541,MLCC_B023,MLCC_X7R,leakage_ua,SIM_X7R_4U7_16V,healthy_settling,healthy_settling,False,True,False,,,0.12776995488,0.128412165064,False,False,False,1.3,synthetic,True
MLCC_C006572,MLCC_B023,MLCC_X7R,leakage_ua,SIM_X7R_4U7_16V,healthy_settling,healthy_settling,False,True,False,,,0.1379543556,0.1446743382,False,False,False,1.3,synthetic,True
MLCC_C006605,MLCC_B023,MLCC_X7R,leakage_ua,SIM_X7R_4U7_16V,intermittent_leakage,intermittent_leakage,True,False,False,6,,0.14210246023,0.144188535314,False,False,False,1.3,synthetic,True
MLCC_C006606,MLCC_B023,MLCC_X7R,leakage_ua,SIM_X7R_4U7_16V,accelerating_drift,accelerating_drift,True,False,False,12,,1.05920087878,1.03525475783,False,False,False,1.3,synthetic,True
MLCC_C006668,MLCC_B023,MLCC_X7R,leakage_ua,SIM_X7R_4U7_16V,healthy_settling,healthy_settling,False,True,False,,,0.116246966777,0.118006371687,False,False,False,1.3,synthetic,True
MLCC_C006734,MLCC_B023,MLCC_X7R,leakage_ua,SIM_X7R_4U7_16V,healthy_settling,healthy_settling,False,True,False,,,0.123444309937,0.125907610529,False,False,False,1.3,synthetic,True
MLCC_C006778,MLCC_B023,MLCC_X7R,leakage_ua,SIM_X7R_4U7_16V,healthy_settling,healthy_settling,False,True,False,,,0.106532763953,0.108572008393,False,False,False,1.3,synthetic,True
MLCC_C006887,MLCC_B023,MLCC_X7R,leakage_ua,SIM_X7R_4U7_16V,healthy_settling,healthy_settling,False,True,False,,,0.133039965345,0.131070439846,False,False,False,1.3,synthetic,True
MLCC_C006949,MLCC_B023,MLCC_X7R,leakage_ua,SIM_X7R_4U7_16V,healthy_settling,healthy_settling,False,True,False,,,0.185124010852,0.182275387274,False,False,False,1.3,synthetic,True
MLCC_C007032,MLCC_B023,MLCC_X7R,leakage_ua,SIM_X7R_4U7_16V,ordinary_noise,ordinary_noise,False,True,False,,,0.125432720326,0.122023232993,False,False,False,1.3,synthetic,True
MLCC_C007158,MLCC_B023,MLCC_X7R,leakage_ua,SIM_X7R_4U7_16V,healthy_settling,healthy_settling,False,True,False,,,0.142949192668,0.141569592841,False,False,False,1.3,synthetic,True
MLCC_C007208,MLCC_B023,MLCC_X7R,leakage_ua,SIM_X7R_4U7_16V,healthy_settling,healthy_settling,False,True,False,,,0.175254094792,0.170451721439,False,False,False,1.3,synthetic,True
MLCC_C007361,MLCC_B023,MLCC_X7R,leakage_ua,SIM_X7R_4U7_16V,ordinary_noise,ordinary_noise,False,True,False,,,0.153741262256,0.176253914342,False,False,False,1.3,synthetic,True
MLCC_C007368,MLCC_B023,MLCC_X7R,leakage_ua,SIM_X7R_4U7_16V,healthy_settling,healthy_settling,False,True,False,,,0.109984940727,0.107889632092,False,False,False,1.3,synthetic,True
MLCC_C007397,MLCC_B023,MLCC_X7R,leakage_ua,SIM_X7R_4U7_16V,healthy_settling,healthy_settling,False,True,False,,,0.183413091825,0.188313758184,False,False,False,1.3,synthetic,True
MLCC_C007479,MLCC_B023,MLCC_X7R,leakage_ua,SIM_X7R_4U7_16V,healthy_settling,healthy_settling,False,True,False,,,0.163487690906,0.168572596101,False,False,False,1.3,synthetic,True
MLCC_C007484,MLCC_B023,MLCC_X7R,leakage_ua,SIM_X7R_4U7_16V,ordinary_noise,ordinary_noise,False,True,False,,,0.154621644196,0.185826589925,False,False,False,1.3,synthetic,True
MLCC_C007508,MLCC_B023,MLCC_X7R,leakage_ua,SIM_X7R_4U7_16V,healthy_settling,healthy_settling,False,True,False,,,0.191547992003,0.18780186841,False,False,False,1.3,synthetic,True
MLCC_C007554,MLCC_B023,MLCC_X7R,leakage_ua,SIM_X7R_4U7_16V,healthy_settling,healthy_settling,False,True,False,,,0.139307319192,0.132689110745,False,False,False,1.3,synthetic,True
MLCC_C007621,MLCC_B023,MLCC_X7R,leakage_ua,SIM_X7R_4U7_16V,healthy_settling,healthy_settling,False,True,False,,,0.120154883984,0.119374226552,False,False,False,1.3,synthetic,True
MLCC_C007681,MLCC_B023,MLCC_X7R,leakage_ua,SIM_X7R_4U7_16V,healthy_settling,healthy_settling,False,True,False,,,0.387611140559,0.395592810853,False,False,False,1.3,synthetic,True
MLCC_C007755,MLCC_B023,MLCC_X7R,leakage_ua,SIM_X7R_4U7_16V,ordinary_noise,ordinary_noise,False,True,False,,,0.142863218823,0.126953670221,False,False,False,1.3,synthetic,True
MLCC_C007897,MLCC_B023,MLCC_X7R,leakage_ua,SIM_X7R_4U7_16V,healthy_settling,healthy_settling,False,True,False,,,0.163960009573,0.162424492302,False,False,False,1.3,synthetic,True
MLCC_C007928,MLCC_B023,MLCC_X7R,leakage_ua,SIM_X7R_4U7_16V,intermittent_leakage,intermittent_leakage,True,False,False,24,,0.573754171688,0.563682937551,False,False,False,1.3,synthetic,True
MLCC_C007938,MLCC_B023,MLCC_X7R,leakage_ua,SIM_X7R_4U7_16V,healthy_settling,healthy_settling,False,True,False,,,0.138063553903,0.134166384998,False,False,False,1.3,synthetic,True
MLCC_C007972,MLCC_B023,MLCC_X7R,leakage_ua,SIM_X7R_4U7_16V,healthy_settling,healthy_settling,False,True,False,,,0.200409474092,0.205211728708,False,False,False,1.3,synthetic,True
MLCC_C008087,MLCC_B023,MLCC_X7R,leakage_ua,SIM_X7R_4U7_16V,healthy_settling,healthy_settling,False,True,False,,,0.127424056897,0.128383205384,False,False,False,1.3,synthetic,True
MLCC_C008160,MLCC_B023,MLCC_X7R,leakage_ua,SIM_X7R_4U7_16V,ordinary_noise,ordinary_noise,False,True,False,,,0.182761647657,0.136209374296,False,False,False,1.3,synthetic,True
MLCC_C008165,MLCC_B023,MLCC_X7R,leakage_ua,SIM_X7R_4U7_16V,healthy_settling,healthy_settling,False,True,False,,,0.141744480803,0.14446207905,False,False,False,1.3,synthetic,True
MLCC_C008227,MLCC_B023,MLCC_X7R,leakage_ua,SIM_X7R_4U7_16V,accelerating_drift,accelerating_drift,True,False,False,12,,2.07878079666,2.1008487912,True,True,True,1.3,synthetic,True
MLCC_C008259,MLCC_B023,MLCC_X7R,leakage_ua,SIM_X7R_4U7_16V,healthy_settling,healthy_settling,False,True,False,,,0.140564369598,0.136663604177,False,False,False,1.3,synthetic,True
MLCC_C008320,MLCC_B023,MLCC_X7R,leakage_ua,SIM_X7R_4U7_16V,healthy_settling,healthy_settling,False,True,False,,,0.0946549544757,0.0951950997401,False,False,False,1.3,synthetic,True
MLCC_C008417,MLCC_B023,MLCC_X7R,leakage_ua,SIM_X7R_4U7_16V,healthy_settling,healthy_settling,False,True,False,,,0.125396725464,0.132562644049,False,False,False,1.3,synthetic,True
MLCC_C008463,MLCC_B023,MLCC_X7R,leakage_ua,SIM_X7R_4U7_16V,healthy_settling,healthy_settling,False,True,False,,,0.138847380904,0.134905434447,False,False,False,1.3,synthetic,True
MLCC_C008471,MLCC_B023,MLCC_X7R,leakage_ua,SIM_X7R_4U7_16V,healthy_settling,healthy_settling,False,True,False,,,0.125196039176,0.120647655247,False,False,False,1.3,synthetic,True
MLCC_C008580,MLCC_B023,MLCC_X7R,leakage_ua,SIM_X7R_4U7_16V,healthy_settling,healthy_settling,False,True,False,,,0.0880689652847,0.0864770340623,False,False,False,1.3,synthetic,True
MLCC_C008588,MLCC_B023,MLCC_X7R,leakage_ua,SIM_X7R_4U7_16V,healthy_settling,healthy_settling,False,True,False,,,0.202314839038,0.199406581399,False,False,False,1.3,synthetic,True
MLCC_C008594,MLCC_B023,MLCC_X7R,leakage_ua,SIM_X7R_4U7_16V,healthy_settling,healthy_settling,False,True,False,,,0.227986605589,0.242082431411,False,False,False,1.3,synthetic,True
MLCC_C008758,MLCC_B023,MLCC_X7R,leakage_ua,SIM_X7R_4U7_16V,healthy_settling,healthy_settling,False,True,False,,,0.163289349677,0.163616439617,False,False,False,1.3,synthetic,True
MLCC_C008827,MLCC_B023,MLCC_X7R,leakage_ua,SIM_X7R_4U7_16V,healthy_settling,healthy_settling,False,True,False,,,0.115635778642,0.11426393264,False,False,False,1.3,synthetic,True
MLCC_C008828,MLCC_B023,MLCC_X7R,leakage_ua,SIM_X7R_4U7_16V,healthy_settling,healthy_settling,False,True,False,,,0.152885612722,0.140473104906,False,False,False,1.3,synthetic,True
MLCC_C008870,MLCC_B023,MLCC_X7R,leakage_ua,SIM_X7R_4U7_16V,accelerating_drift,accelerating_drift,True,False,False,12,,1.92861089304,1.96189299103,True,True,True,1.3,synthetic,True
MLCC_C008887,MLCC_B023,MLCC_X7R,leakage_ua,SIM_X7R_4U7_16V,healthy_settling,healthy_settling,False,True,False,,,0.167225316997,0.167930058452,False,False,False,1.3,synthetic,True
MLCC_C008978,MLCC_B023,MLCC_X7R,leakage_ua,SIM_X7R_4U7_16V,healthy_settling,healthy_settling,False,True,False,,,0.197975750961,0.200015006923,False,False,False,1.3,synthetic,True
MLCC_C009005,MLCC_B023,MLCC_X7R,leakage_ua,SIM_X7R_4U7_16V,healthy_settling,healthy_settling,False,True,False,,,0.140117436625,0.132573407517,False,False,False,1.3,synthetic,True
MLCC_C009025,MLCC_B023,MLCC_X7R,leakage_ua,SIM_X7R_4U7_16V,healthy_settling,healthy_settling,False,True,False,,,0.232116172932,0.225011626974,False,False,False,1.3,synthetic,True
MLCC_C009058,MLCC_B023,MLCC_X7R,leakage_ua,SIM_X7R_4U7_16V,healthy_settling,healthy_settling,False,True,False,,,0.158039501258,0.153850393984,False,False,False,1.3,synthetic,True
MLCC_C009127,MLCC_B023,MLCC_X7R,leakage_ua,SIM_X7R_4U7_16V,late_abrupt_onset,late_abrupt_onset,True,False,False,144,,0.734175217924,0.757578901418,False,False,False,1.3,synthetic,True
MLCC_C009153,MLCC_B023,MLCC_X7R,leakage_ua,SIM_X7R_4U7_16V,ordinary_noise,ordinary_noise,False,True,False,,,0.113596069926,0.107238803664,False,False,False,1.3,synthetic,True
MLCC_C009177,MLCC_B023,MLCC_X7R,leakage_ua,SIM_X7R_4U7_16V,late_abrupt_onset,late_abrupt_onset,True,False,False,72,,0.977540371635,0.929819158235,False,False,False,1.3,synthetic,True
MLCC_C009249,MLCC_B023,MLCC_X7R,leakage_ua,SIM_X7R_4U7_16V,late_abrupt_onset,late_abrupt_onset,True,False,False,120,,1.61089926352,1.52576614516,True,True,True,1.3,synthetic,True
MLCC_C009506,MLCC_B023,MLCC_X7R,leakage_ua,SIM_X7R_4U7_16V,healthy_settling,healthy_settling,False,True,False,,,0.16874365989,0.163695412879,False,False,False,1.3,synthetic,True
MLCC_C009564,MLCC_B023,MLCC_X7R,leakage_ua,SIM_X7R_4U7_16V,healthy_settling,healthy_settling,False,True,False,,,0.184541524948,0.181452205566,False,False,False,1.3,synthetic,True
MLCC_C009566,MLCC_B023,MLCC_X7R,leakage_ua,SIM_X7R_4U7_16V,healthy_settling,healthy_settling,False,True,False,,,0.158481668337,0.152965442577,False,False,False,1.3,synthetic,True
MLCC_C009567,MLCC_B023,MLCC_X7R,leakage_ua,SIM_X7R_4U7_16V,moisture_associated_history,moisture_associated_history,True,False,False,0,,0.925044510066,0.928557152204,False,False,False,1.3,synthetic,True
MLCC_C009574,MLCC_B023,MLCC_X7R,leakage_ua,SIM_X7R_4U7_16V,healthy_settling,healthy_settling,False,True,False,,,0.115479600312,0.112354066268,False,False,False,1.3,synthetic,True
MLCC_C009620,MLCC_B023,MLCC_X7R,leakage_ua,SIM_X7R_4U7_16V,healthy_settling,healthy_settling,False,True,False,,,0.108921879827,0.110010472824,False,False,False,1.3,synthetic,True
MLCC_C009661,MLCC_B023,MLCC_X7R,leakage_ua,SIM_X7R_4U7_16V,healthy_settling,healthy_settling,False,True,False,,,0.121203755976,0.12030699096,False,False,False,1.3,synthetic,True
MLCC_C009735,MLCC_B023,MLCC_X7R,leakage_ua,SIM_X7R_4U7_16V,ordinary_noise,ordinary_noise,False,True,False,,,0.172216274686,0.137360511248,False,False,False,1.3,synthetic,True
MLCC_C009876,MLCC_B023,MLCC_X7R,leakage_ua,SIM_X7R_4U7_16V,accelerating_drift,accelerating_drift,True,False,False,12,,0.793568305175,0.834524126502,False,False,False,1.3,synthetic,True
MLCC_C010041,MLCC_B023,MLCC_X7R,leakage_ua,SIM_X7R_4U7_16V,healthy_settling,healthy_settling,False,True,False,,,0.22364678504,0.228402004082,False,False,False,1.3,synthetic,True
MLCC_C010064,MLCC_B023,MLCC_X7R,leakage_ua,SIM_X7R_4U7_16V,healthy_settling,healthy_settling,False,True,False,,,0.150289256014,0.14396185452,False,False,False,1.3,synthetic,True
MLCC_C010080,MLCC_B023,MLCC_X7R,leakage_ua,SIM_X7R_4U7_16V,healthy_settling,healthy_settling,False,True,False,,,0.160900583435,0.158422501473,False,False,False,1.3,synthetic,True
MLCC_C010138,MLCC_B023,MLCC_X7R,leakage_ua,SIM_X7R_4U7_16V,ordinary_noise,ordinary_noise,False,True,False,,,0.0983441639872,0.0924775106822,False,False,False,1.3,synthetic,True
MLCC_C010142,MLCC_B023,MLCC_X7R,leakage_ua,SIM_X7R_4U7_16V,healthy_settling,healthy_settling,False,True,False,,,0.124743983095,0.123315342334,False,False,False,1.3,synthetic,True
MLCC_C010150,MLCC_B023,MLCC_X7R,leakage_ua,SIM_X7R_4U7_16V,ordinary_noise,ordinary_noise,False,True,False,,,0.137188507339,0.132747594456,False,False,False,1.3,synthetic,True
MLCC_C010255,MLCC_B023,MLCC_X7R,leakage_ua,SIM_X7R_4U7_16V,healthy_settling,healthy_settling,False,True,False,,,0.116568100936,0.112601102343,False,False,False,1.3,synthetic,True
MLCC_C010324,MLCC_B023,MLCC_X7R,leakage_ua,SIM_X7R_4U7_16V,intermittent_leakage,intermittent_leakage,True,False,False,6,,0.154240381446,0.146568610434,False,False,True,1.3,synthetic,True
MLCC_C010352,MLCC_B023,MLCC_X7R,leakage_ua,SIM_X7R_4U7_16V,healthy_settling,healthy_settling,False,True,False,,,0.111769299514,0.114364633856,False,False,False,1.3,synthetic,True
MLCC_C010464,MLCC_B023,MLCC_X7R,leakage_ua,SIM_X7R_4U7_16V,healthy_settling,healthy_settling,False,True,False,,,0.1467774962,0.149054476584,False,False,False,1.3,synthetic,True
MLCC_C010509,MLCC_B023,MLCC_X7R,leakage_ua,SIM_X7R_4U7_16V,healthy_settling,healthy_settling,False,True,False,,,0.123707790853,0.123366344984,False,False,False,1.3,synthetic,True
MLCC_C010548,MLCC_B023,MLCC_X7R,leakage_ua,SIM_X7R_4U7_16V,healthy_settling,healthy_settling,False,True,False,,,0.152771023755,0.152510141834,False,False,False,1.3,synthetic,True
MLCC_C010628,MLCC_B023,MLCC_X7R,leakage_ua,SIM_X7R_4U7_16V,late_abrupt_onset,late_abrupt_onset,True,False,False,48,,1.32501331427,1.31302417802,True,True,True,1.3,synthetic,True
MLCC_C010633,MLCC_B023,MLCC_X7R,leakage_ua,SIM_X7R_4U7_16V,healthy_settling,healthy_settling,False,True,False,,,0.183845301874,0.182170098662,False,False,False,1.3,synthetic,True
MLCC_C010661,MLCC_B023,MLCC_X7R,leakage_ua,SIM_X7R_4U7_16V,healthy_settling,healthy_settling,False,True,False,,,0.151743311941,0.143206929704,False,False,False,1.3,synthetic,True
MLCC_C010805,MLCC_B023,MLCC_X7R,leakage_ua,SIM_X7R_4U7_16V,gradual_drift,gradual_drift,True,False,False,12,,0.688437342539,0.714701485427,False,False,False,1.3,synthetic,True
MLCC_C010833,MLCC_B023,MLCC_X7R,leakage_ua,SIM_X7R_4U7_16V,healthy_settling,healthy_settling,False,True,False,,,0.184495208772,0.189498767064,False,False,False,1.3,synthetic,True
MLCC_C010835,MLCC_B023,MLCC_X7R,leakage_ua,SIM_X7R_4U7_16V,healthy_settling,healthy_settling,False,True,False,,,0.149511841804,0.142376601788,False,False,False,1.3,synthetic,True
MLCC_C010867,MLCC_B023,MLCC_X7R,leakage_ua,SIM_X7R_4U7_16V,healthy_settling,healthy_settling,False,True,False,,,0.174565128918,0.170289459433,False,False,False,1.3,synthetic,True
MLCC_C010881,MLCC_B023,MLCC_X7R,leakage_ua,SIM_X7R_4U7_16V,healthy_settling,healthy_settling,False,True,False,,,0.0968024037585,0.0982885570138,False,False,False,1.3,synthetic,True
MLCC_C010965,MLCC_B023,MLCC_X7R,leakage_ua,SIM_X7R_4U7_16V,healthy_settling,healthy_settling,False,True,False,,,0.208062314362,0.206414278551,False,False,False,1.3,synthetic,True
MLCC_C011124,MLCC_B023,MLCC_X7R,leakage_ua,SIM_X7R_4U7_16V,ordinary_noise,ordinary_noise,False,True,False,,,0.243315185809,0.20892765375,False,False,False,1.3,synthetic,True
MLCC_C011132,MLCC_B023,MLCC_X7R,leakage_ua,SIM_X7R_4U7_16V,healthy_settling,healthy_settling,False,True,False,,,0.144019236348,0.138396149983,False,False,False,1.3,synthetic,True
MLCC_C011171,MLCC_B023,MLCC_X7R,leakage_ua,SIM_X7R_4U7_16V,healthy_settling,healthy_settling,False,True,False,,,0.145461953469,0.13901599546,False,False,False,1.3,synthetic,True
MLCC_C011326,MLCC_B023,MLCC_X7R,leakage_ua,SIM_X7R_4U7_16V,healthy_settling,healthy_settling,False,True,False,,,0.178075776145,0.176311833875,False,False,False,1.3,synthetic,True
MLCC_C011393,MLCC_B023,MLCC_X7R,leakage_ua,SIM_X7R_4U7_16V,accelerating_drift,accelerating_drift,True,False,False,12,,0.518754632611,0.480911817885,False,False,False,1.3,synthetic,True
MLCC_C011569,MLCC_B023,MLCC_X7R,leakage_ua,SIM_X7R_4U7_16V,gradual_drift,gradual_drift,True,False,False,0,,1.27063286451,1.31501875849,True,False,True,1.3,synthetic,True
MLCC_C011659,MLCC_B023,MLCC_X7R,leakage_ua,SIM_X7R_4U7_16V,healthy_settling,healthy_settling,False,True,False,,,0.231843920619,0.231339932008,False,False,False,1.3,synthetic,True
MLCC_C011673,MLCC_B023,MLCC_X7R,leakage_ua,SIM_X7R_4U7_16V,healthy_settling,healthy_settling,False,True,False,,,0.125669449997,0.126806508584,False,False,False,1.3,synthetic,True
MLCC_C011685,MLCC_B023,MLCC_X7R,leakage_ua,SIM_X7R_4U7_16V,healthy_settling,healthy_settling,False,True,False,,,0.105688535306,0.107550195372,False,False,False,1.3,synthetic,True
MLCC_C011698,MLCC_B023,MLCC_X7R,leakage_ua,SIM_X7R_4U7_16V,healthy_settling,healthy_settling,False,True,False,,,0.114476746057,0.112961620879,False,False,False,1.3,synthetic,True
MLCC_C011700,MLCC_B023,MLCC_X7R,leakage_ua,SIM_X7R_4U7_16V,healthy_settling,healthy_settling,False,True,False,,,0.295656028581,0.271526747687,False,False,False,1.3,synthetic,True
MLCC_C011807,MLCC_B023,MLCC_X7R,leakage_ua,SIM_X7R_4U7_16V,intermittent_leakage,intermittent_leakage,True,False,False,24,,0.152122561701,0.149756143623,False,False,True,1.3,synthetic,True
MLCC_C011895,MLCC_B023,MLCC_X7R,leakage_ua,SIM_X7R_4U7_16V,healthy_settling,healthy_settling,False,True,False,,,0.107105428859,0.109650428408,False,False,False,1.3,synthetic,True
MLCC_C011933,MLCC_B023,MLCC_X7R,leakage_ua,SIM_X7R_4U7_16V,healthy_settling,healthy_settling,False,True,False,,,0.203773194725,0.200385179498,False,False,False,1.3,synthetic,True
MLCC_C000039,MLCC_B029,MLCC_X7R,leakage_ua,SIM_X7R_10N_50V,healthy_settling,healthy_settling,False,True,False,,,0.00860592760481,0.00834584466822,False,False,False,0.12,synthetic,True
MLCC_C000125,MLCC_B029,MLCC_X7R,leakage_ua,SIM_X7R_10N_50V,healthy_settling,healthy_settling,False,True,False,,,0.0147778488391,0.0135154497368,False,False,False,0.12,synthetic,True
MLCC_C000287,MLCC_B029,MLCC_X7R,leakage_ua,SIM_X7R_10N_50V,gradual_drift,gradual_drift,True,False,False,6,,0.0930447474017,0.0926417836424,False,False,False,0.12,synthetic,True
MLCC_C000372,MLCC_B029,MLCC_X7R,leakage_ua,SIM_X7R_10N_50V,gradual_drift,gradual_drift,True,False,False,0,,0.0365552285833,0.0366868263386,False,False,False,0.12,synthetic,True
MLCC_C000397,MLCC_B029,MLCC_X7R,leakage_ua,SIM_X7R_10N_50V,healthy_settling,healthy_settling,False,True,False,,,0.0120526223144,0.0122927947431,False,False,False,0.12,synthetic,True
MLCC_C000413,MLCC_B029,MLCC_X7R,leakage_ua,SIM_X7R_10N_50V,healthy_settling,healthy_settling,False,True,False,,,0.00741631286848,0.0076757490038,False,False,False,0.12,synthetic,True
MLCC_C000484,MLCC_B029,MLCC_X7R,leakage_ua,SIM_X7R_10N_50V,healthy_settling,healthy_settling,False,True,False,,,0.0135733159272,0.0127379484104,False,False,False,0.12,synthetic,True
MLCC_C000597,MLCC_B029,MLCC_X7R,leakage_ua,SIM_X7R_10N_50V,healthy_settling,healthy_settling,False,True,False,,,0.00591026989864,0.0057296423595,False,False,False,0.12,synthetic,True
MLCC_C000729,MLCC_B029,MLCC_X7R,leakage_ua,SIM_X7R_10N_50V,ordinary_noise,ordinary_noise,False,True,False,,,0.00876288956941,0.00921213734898,False,False,False,0.12,synthetic,True
MLCC_C000747,MLCC_B029,MLCC_X7R,leakage_ua,SIM_X7R_10N_50V,healthy_settling,healthy_settling,False,True,False,,,0.00999007615088,0.0109183870534,False,False,False,0.12,synthetic,True
MLCC_C000764,MLCC_B029,MLCC_X7R,leakage_ua,SIM_X7R_10N_50V,accelerating_drift,accelerating_drift,True,False,False,6,,0.0539746218099,0.0526007554005,False,False,False,0.12,synthetic,True
MLCC_C000828,MLCC_B029,MLCC_X7R,leakage_ua,SIM_X7R_10N_50V,healthy_settling,healthy_settling,False,True,False,,,0.0126624839346,0.0122536077077,False,False,False,0.12,synthetic,True
MLCC_C000873,MLCC_B029,MLCC_X7R,leakage_ua,SIM_X7R_10N_50V,ordinary_noise,ordinary_noise,False,True,False,,,0.01468958661,0.0115802605337,False,False,False,0.12,synthetic,True
MLCC_C000889,MLCC_B029,MLCC_X7R,leakage_ua,SIM_X7R_10N_50V,gradual_drift,gradual_drift,True,False,False,6,,0.146183274812,0.143638851205,True,True,True,0.12,synthetic,True
MLCC_C000957,MLCC_B029,MLCC_X7R,leakage_ua,SIM_X7R_10N_50V,accelerating_drift,accelerating_drift,True,False,False,0,,0.0453217113372,0.0475008046429,False,False,False,0.12,synthetic,True
MLCC_C000982,MLCC_B029,MLCC_X7R,leakage_ua,SIM_X7R_10N_50V,ordinary_noise,ordinary_noise,False,True,False,,,0.00795419499936,0.00758941032316,False,False,False,0.12,synthetic,True
MLCC_C000989,MLCC_B029,MLCC_X7R,leakage_ua,SIM_X7R_10N_50V,healthy_settling,healthy_settling,False,True,False,,,0.0120008438803,0.0118275698652,False,False,False,0.12,synthetic,True
MLCC_C001052,MLCC_B029,MLCC_X7R,leakage_ua,SIM_X7R_10N_50V,late_abrupt_onset,late_abrupt_onset,True,False,False,144,,0.0620521543851,0.0625700052982,False,False,False,0.12,synthetic,True
MLCC_C001071,MLCC_B029,MLCC_X7R,leakage_ua,SIM_X7R_10N_50V,healthy_settling,healthy_settling,False,True,False,,,0.0171327348119,0.0168579474035,False,False,False,0.12,synthetic,True
MLCC_C001074,MLCC_B029,MLCC_X7R,leakage_ua,SIM_X7R_10N_50V,healthy_settling,healthy_settling,False,True,False,,,0.00775265649937,0.00765987083413,False,False,False,0.12,synthetic,True
MLCC_C001095,MLCC_B029,MLCC_X7R,leakage_ua,SIM_X7R_10N_50V,healthy_settling,healthy_settling,False,True,False,,,0.0101445316539,0.0102611940345,False,False,False,0.12,synthetic,True
MLCC_C001131,MLCC_B029,MLCC_X7R,leakage_ua,SIM_X7R_10N_50V,healthy_settling,healthy_settling,False,True,False,,,0.0108008532268,0.0105456470138,False,False,False,0.12,synthetic,True
MLCC_C001249,MLCC_B029,MLCC_X7R,leakage_ua,SIM_X7R_10N_50V,healthy_settling,healthy_settling,False,True,False,,,0.0201695119655,0.0206816334611,False,False,False,0.12,synthetic,True
MLCC_C001324,MLCC_B029,MLCC_X7R,leakage_ua,SIM_X7R_10N_50V,healthy_settling,healthy_settling,False,True,False,,,0.0105678883261,0.0106649612661,False,False,False,0.12,synthetic,True
MLCC_C001417,MLCC_B029,MLCC_X7R,leakage_ua,SIM_X7R_10N_50V,ordinary_noise,ordinary_noise,False,True,False,,,0.00703542185552,0.00726325566121,False,False,False,0.12,synthetic,True
MLCC_C001441,MLCC_B029,MLCC_X7R,leakage_ua,SIM_X7R_10N_50V,healthy_settling,healthy_settling,False,True,False,,,0.00984988720448,0.00957004290764,False,False,False,0.12,synthetic,True
MLCC_C001472,MLCC_B029,MLCC_X7R,leakage_ua,SIM_X7R_10N_50V,healthy_settling,healthy_settling,False,True,False,,,0.00949897821704,0.00939922092137,False,False,False,0.12,synthetic,True
MLCC_C001583,MLCC_B029,MLCC_X7R,leakage_ua,SIM_X7R_10N_50V,healthy_settling,healthy_settling,False,True,False,,,0.0108729704425,0.0101478963456,False,False,False,0.12,synthetic,True
MLCC_C001684,MLCC_B029,MLCC_X7R,leakage_ua,SIM_X7R_10N_50V,ordinary_noise,ordinary_noise,False,True,False,,,0.0149124974527,0.0141887953024,False,False,False,0.12,synthetic,True
MLCC_C001703,MLCC_B029,MLCC_X7R,leakage_ua,SIM_X7R_10N_50V,gradual_drift,gradual_drift,True,False,False,0,,0.0624600246796,0.0625154367502,False,False,False,0.12,synthetic,True
MLCC_C001740,MLCC_B029,MLCC_X7R,leakage_ua,SIM_X7R_10N_50V,accelerating_drift,accelerating_drift,True,False,False,12,,0.0568123268349,0.0560684583505,False,False,False,0.12,synthetic,True
MLCC_C001826,MLCC_B029,MLCC_X7R,leakage_ua,SIM_X7R_10N_50V,healthy_settling,healthy_settling,False,True,False,,,0.00907121997215,0.00881413527572,False,False,False,0.12,synthetic,True
MLCC_C001843,MLCC_B029,MLCC_X7R,leakage_ua,SIM_X7R_10N_50V,healthy_settling,healthy_settling,False,True,False,,,0.00705289070793,0.00711036816627,False,False,False,0.12,synthetic,True
MLCC_C001859,MLCC_B029,MLCC_X7R,leakage_ua,SIM_X7R_10N_50V,healthy_settling,healthy_settling,False,True,False,,,0.00976559253101,0.00989795627587,False,False,False,0.12,synthetic,True
MLCC_C002005,MLCC_B029,MLCC_X7R,leakage_ua,SIM_X7R_10N_50V,healthy_settling,healthy_settling,False,True,False,,,0.0134054144627,0.0140600010511,False,False,False,0.12,synthetic,True
MLCC_C002142,MLCC_B029,MLCC_X7R,leakage_ua,SIM_X7R_10N_50V,healthy_settling,healthy_settling,False,True,False,,,0.0135007933517,0.0139154371394,False,False,False,0.12,synthetic,True
MLCC_C002259,MLCC_B029,MLCC_X7R,leakage_ua,SIM_X7R_10N_50V,healthy_settling,healthy_settling,False,True,False,,,0.0101216256568,0.0104333620249,False,False,False,0.12,synthetic,True
MLCC_C002316,MLCC_B029,MLCC_X7R,leakage_ua,SIM_X7R_10N_50V,healthy_settling,healthy_settling,False,True,False,,,0.00778011074559,0.00801783553689,False,False,False,0.12,synthetic,True
MLCC_C002453,MLCC_B029,MLCC_X7R,leakage_ua,SIM_X7R_10N_50V,healthy_settling,healthy_settling,False,True,False,,,0.00627145374609,0.00632402574767,False,False,False,0.12,synthetic,True
MLCC_C002517,MLCC_B029,MLCC_X7R,leakage_ua,SIM_X7R_10N_50V,healthy_settling,healthy_settling,False,True,False,,,0.014401563255,0.0149547066497,False,False,False,0.12,synthetic,True
MLCC_C002551,MLCC_B029,MLCC_X7R,leakage_ua,SIM_X7R_10N_50V,healthy_settling,healthy_settling,False,True,False,,,0.00821610342101,0.0078742906783,False,False,False,0.12,synthetic,True
MLCC_C002639,MLCC_B029,MLCC_X7R,leakage_ua,SIM_X7R_10N_50V,healthy_settling,healthy_settling,False,True,False,,,0.0194871629306,0.0201441512542,False,False,False,0.12,synthetic,True
MLCC_C002643,MLCC_B029,MLCC_X7R,leakage_ua,SIM_X7R_10N_50V,accelerating_drift,accelerating_drift,True,False,False,12,,0.113045654399,0.111081923504,False,False,False,0.12,synthetic,True
MLCC_C002749,MLCC_B029,MLCC_X7R,leakage_ua,SIM_X7R_10N_50V,healthy_settling,healthy_settling,False,True,False,,,0.00844234873882,0.00807096627602,False,False,False,0.12,synthetic,True
MLCC_C002798,MLCC_B029,MLCC_X7R,leakage_ua,SIM_X7R_10N_50V,accelerating_drift,accelerating_drift,True,False,False,6,,0.133055422419,0.13031225652,True,True,True,0.12,synthetic,True
MLCC_C002922,MLCC_B029,MLCC_X7R,leakage_ua,SIM_X7R_10N_50V,healthy_settling,healthy_settling,False,True,False,,,0.0117764601436,0.0114721642594,False,False,False,0.12,synthetic,True
MLCC_C002945,MLCC_B029,MLCC_X7R,leakage_ua,SIM_X7R_10N_50V,accelerating_drift,accelerating_drift,True,False,False,0,,0.0624219400992,0.0631729766454,False,False,False,0.12,synthetic,True
MLCC_C003230,MLCC_B029,MLCC_X7R,leakage_ua,SIM_X7R_10N_50V,ordinary_noise,ordinary_noise,False,True,False,,,0.00607304650114,0.00729145641426,False,False,False,0.12,synthetic,True
MLCC_C003296,MLCC_B029,MLCC_X7R,leakage_ua,SIM_X7R_10N_50V,late_abrupt_onset,late_abrupt_onset,True,False,False,72,,0.163923051109,0.16079744795,True,True,True,0.12,synthetic,True
MLCC_C003334,MLCC_B029,MLCC_X7R,leakage_ua,SIM_X7R_10N_50V,moisture_associated_history,moisture_associated_history,True,False,False,24,,0.198849546745,0.199239051091,True,True,True,0.12,synthetic,True
MLCC_C003335,MLCC_B029,MLCC_X7R,leakage_ua,SIM_X7R_10N_50V,healthy_settling,healthy_settling,False,True,False,,,0.0113490605037,0.0112831416037,False,False,False,0.12,synthetic,True
MLCC_C003360,MLCC_B029,MLCC_X7R,leakage_ua,SIM_X7R_10N_50V,gradual_drift,gradual_drift,True,False,False,0,,0.0803173166962,0.0813965996614,False,False,False,0.12,synthetic,True
MLCC_C003411,MLCC_B029,MLCC_X7R,leakage_ua,SIM_X7R_10N_50V,healthy_settling,healthy_settling,False,True,False,,,0.00771432298362,0.00759523896843,False,False,False,0.12,synthetic,True
MLCC_C003461,MLCC_B029,MLCC_X7R,leakage_ua,SIM_X7R_10N_50V,healthy_settling,healthy_settling,False,True,False,,,0.00834009331297,0.00795007741192,False,False,False,0.12,synthetic,True
MLCC_C003490,MLCC_B029,MLCC_X7R,leakage_ua,SIM_X7R_10N_50V,intermittent_leakage,intermittent_leakage,True,False,False,6,,0.00810536484449,0.00795424017874,False,False,True,0.12,synthetic,True
MLCC_C003514,MLCC_B029,MLCC_X7R,leakage_ua,SIM_X7R_10N_50V,gradual_drift,gradual_drift,True,False,False,0,,0.0337718747891,0.0343329878506,False,False,False,0.12,synthetic,True
MLCC_C003536,MLCC_B029,MLCC_X7R,leakage_ua,SIM_X7R_10N_50V,healthy_settling,healthy_settling,False,True,False,,,0.0111380381483,0.0106044408906,False,False,False,0.12,synthetic,True
MLCC_C003574,MLCC_B029,MLCC_X7R,leakage_ua,SIM_X7R_10N_50V,moisture_associated_history,moisture_associated_history,True,False,False,24,,0.0453085416342,0.045237949754,False,False,False,0.12,synthetic,True
MLCC_C003577,MLCC_B029,MLCC_X7R,leakage_ua,SIM_X7R_10N_50V,ordinary_noise,ordinary_noise,False,True,False,,,0.00800458655767,0.0106116320846,False,False,False,0.12,synthetic,True
MLCC_C003618,MLCC_B029,MLCC_X7R,leakage_ua,SIM_X7R_10N_50V,healthy_settling,healthy_settling,False,True,False,,,0.0163648219216,0.0160912798354,False,False,False,0.12,synthetic,True
MLCC_C003637,MLCC_B029,MLCC_X7R,leakage_ua,SIM_X7R_10N_50V,healthy_settling,healthy_settling,False,True,False,,,0.0159884637264,0.0148626392673,False,False,False,0.12,synthetic,True
MLCC_C003738,MLCC_B029,MLCC_X7R,leakage_ua,SIM_X7R_10N_50V,healthy_settling,healthy_settling,False,True,False,,,0.0110236884821,0.0113111587809,False,False,False,0.12,synthetic,True
MLCC_C003777,MLCC_B029,MLCC_X7R,leakage_ua,SIM_X7R_10N_50V,healthy_settling,healthy_settling,False,True,False,,,0.0184188593757,0.0185796133931,False,False,False,0.12,synthetic,True
MLCC_C003849,MLCC_B029,MLCC_X7R,leakage_ua,SIM_X7R_10N_50V,gradual_drift,gradual_drift,True,False,False,0,,0.133854090948,0.133143203027,True,True,True,0.12,synthetic,True
MLCC_C003862,MLCC_B029,MLCC_X7R,leakage_ua,SIM_X7R_10N_50V,accelerating_drift,accelerating_drift,True,False,False,12,,0.123651430387,0.122305403729,True,True,True,0.12,synthetic,True
MLCC_C004000,MLCC_B029,MLCC_X7R,leakage_ua,SIM_X7R_10N_50V,healthy_settling,healthy_settling,False,True,False,,,0.0146380810809,0.0146116698727,False,False,False,0.12,synthetic,True
MLCC_C004063,MLCC_B029,MLCC_X7R,leakage_ua,SIM_X7R_10N_50V,healthy_settling,healthy_settling,False,True,False,,,0.00740726479265,0.00762059092693,False,False,False,0.12,synthetic,True
MLCC_C004089,MLCC_B029,MLCC_X7R,leakage_ua,SIM_X7R_10N_50V,healthy_settling,healthy_settling,False,True,False,,,0.0164504645799,0.0166286299531,False,False,False,0.12,synthetic,True
MLCC_C004100,MLCC_B029,MLCC_X7R,leakage_ua,SIM_X7R_10N_50V,healthy_settling,healthy_settling,False,True,False,,,0.0126679446875,0.0134110890833,False,False,False,0.12,synthetic,True
MLCC_C004121,MLCC_B029,MLCC_X7R,leakage_ua,SIM_X7R_10N_50V,gradual_drift,gradual_drift,True,False,False,0,,0.0994285064806,0.100749437969,False,False,False,0.12,synthetic,True
MLCC_C004124,MLCC_B029,MLCC_X7R,leakage_ua,SIM_X7R_10N_50V,ordinary_noise,ordinary_noise,False,True,False,,,0.0108931368195,0.0109833187844,False,False,False,0.12,synthetic,True
MLCC_C004157,MLCC_B029,MLCC_X7R,leakage_ua,SIM_X7R_10N_50V,healthy_settling,healthy_settling,False,True,False,,,0.0093736581305,0.00975950200562,False,False,False,0.12,synthetic,True
MLCC_C004214,MLCC_B029,MLCC_X7R,leakage_ua,SIM_X7R_10N_50V,healthy_settling,healthy_settling,False,True,False,,,0.00708495654325,0.00715917996994,False,False,False,0.12,synthetic,True
MLCC_C004272,MLCC_B029,MLCC_X7R,leakage_ua,SIM_X7R_10N_50V,accelerating_drift,accelerating_drift,True,False,False,24,,0.115104163607,0.113306079936,False,False,False,0.12,synthetic,True
MLCC_C004286,MLCC_B029,MLCC_X7R,leakage_ua,SIM_X7R_10N_50V,healthy_settling,healthy_settling,False,True,False,,,0.0140787952362,0.0136515543008,False,False,False,0.12,synthetic,True
MLCC_C004398,MLCC_B029,MLCC_X7R,leakage_ua,SIM_X7R_10N_50V,moisture_associated_history,moisture_associated_history,True,False,False,24,,0.0847878439883,0.0849952949983,False,False,False,0.12,synthetic,True
MLCC_C004472,MLCC_B029,MLCC_X7R,leakage_ua,SIM_X7R_10N_50V,healthy_settling,healthy_settling,False,True,False,,,0.0117218136364,0.0111108502582,False,False,False,0.12,synthetic,True
MLCC_C004533,MLCC_B029,MLCC_X7R,leakage_ua,SIM_X7R_10N_50V,healthy_settling,healthy_settling,False,True,False,,,0.0120137558885,0.0122848299675,False,False,False,0.12,synthetic,True
MLCC_C004542,MLCC_B029,MLCC_X7R,leakage_ua,SIM_X7R_10N_50V,healthy_settling,healthy_settling,False,True,False,,,0.00896599486458,0.00921939477776,False,False,False,0.12,synthetic,True
MLCC_C004554,MLCC_B029,MLCC_X7R,leakage_ua,SIM_X7R_10N_50V,healthy_settling,healthy_settling,False,True,False,,,0.0107886123794,0.0114119069352,False,False,False,0.12,synthetic,True
MLCC_C004556,MLCC_B029,MLCC_X7R,leakage_ua,SIM_X7R_10N_50V,late_abrupt_onset,late_abrupt_onset,True,False,False,120,,0.244460612354,0.244524852496,True,True,True,0.12,synthetic,True
MLCC_C004579,MLCC_B029,MLCC_X7R,leakage_ua,SIM_X7R_10N_50V,late_abrupt_onset,late_abrupt_onset,True,False,False,48,,0.133370559364,0.13481788714,True,True,True,0.12,synthetic,True
MLCC_C004617,MLCC_B029,MLCC_X7R,leakage_ua,SIM_X7R_10N_50V,healthy_settling,healthy_settling,False,True,False,,,0.00711803355309,0.00682614531657,False,False,False,0.12,synthetic,True
MLCC_C004639,MLCC_B029,MLCC_X7R,leakage_ua,SIM_X7R_10N_50V,healthy_settling,healthy_settling,False,True,False,,,0.0113497901946,0.0113122046465,False,False,False,0.12,synthetic,True
MLCC_C004669,MLCC_B029,MLCC_X7R,leakage_ua,SIM_X7R_10N_50V,ordinary_noise,ordinary_noise,False,True,False,,,0.0112651513956,0.0117057136354,False,False,False,0.12,synthetic,True
MLCC_C004703,MLCC_B029,MLCC_X7R,leakage_ua,SIM_X7R_10N_50V,healthy_settling,healthy_settling,False,True,False,,,0.0100261715561,0.00975685203262,False,False,False,0.12,synthetic,True
MLCC_C004711,MLCC_B029,MLCC_X7R,leakage_ua,SIM_X7R_10N_50V,healthy_settling,healthy_settling,False,True,False,,,0.0102841759219,0.0108390801574,False,False,False,0.12,synthetic,True
MLCC_C004732,MLCC_B029,MLCC_X7R,leakage_ua,SIM_X7R_10N_50V,intermittent_leakage,intermittent_leakage,True,False,False,24,,0.0110393790702,0.0110210600888,False,False,True,0.12,synthetic,True
MLCC_C004797,MLCC_B029,MLCC_X7R,leakage_ua,SIM_X7R_10N_50V,healthy_settling,healthy_settling,False,True,False,,,0.00992968771945,0.00970808941396,False,False,False,0.12,synthetic,True
MLCC_C004856,MLCC_B029,MLCC_X7R,leakage_ua,SIM_X7R_10N_50V,healthy_settling,healthy_settling,False,True,False,,,0.00621986686746,0.00638941566978,False,False,False,0.12,synthetic,True
MLCC_C004895,MLCC_B029,MLCC_X7R,leakage_ua,SIM_X7R_10N_50V,healthy_settling,healthy_settling,False,True,False,,,0.0093432251591,0.00929204246284,False,False,False,0.12,synthetic,True
MLCC_C004902,MLCC_B029,MLCC_X7R,leakage_ua,SIM_X7R_10N_50V,moisture_associated_history,moisture_associated_history,True,False,False,0,,0.0860503529676,0.0860854768286,False,False,False,0.12,synthetic,True
MLCC_C004903,MLCC_B029,MLCC_X7R,leakage_ua,SIM_X7R_10N_50V,intermittent_leakage,intermittent_leakage,True,False,False,12,,0.0220268094325,0.0239177310893,False,False,False,0.12,synthetic,True
MLCC_C004906,MLCC_B029,MLCC_X7R,leakage_ua,SIM_X7R_10N_50V,healthy_settling,healthy_settling,False,True,False,,,0.0114099731022,0.0116471653699,False,False,False,0.12,synthetic,True
MLCC_C004948,MLCC_B029,MLCC_X7R,leakage_ua,SIM_X7R_10N_50V,moisture_associated_history,moisture_associated_history,True,False,False,6,,0.128373272317,0.131017450178,True,True,True,0.12,synthetic,True
MLCC_C004971,MLCC_B029,MLCC_X7R,leakage_ua,SIM_X7R_10N_50V,ordinary_noise,ordinary_noise,False,True,False,,,0.0104341921548,0.0107153045323,False,False,False,0.12,synthetic,True
MLCC_C005020,MLCC_B029,MLCC_X7R,leakage_ua,SIM_X7R_10N_50V,accelerating_drift,accelerating_drift,True,False,False,24,,0.0709966143214,0.0705336378697,False,False,False,0.12,synthetic,True
MLCC_C005090,MLCC_B029,MLCC_X7R,leakage_ua,SIM_X7R_10N_50V,healthy_settling,healthy_settling,False,True,False,,,0.00940769625889,0.00941498385834,False,False,False,0.12,synthetic,True
MLCC_C005154,MLCC_B029,MLCC_X7R,leakage_ua,SIM_X7R_10N_50V,healthy_settling,healthy_settling,False,True,False,,,0.0141645232907,0.013758008166,False,False,False,0.12,synthetic,True
MLCC_C005210,MLCC_B029,MLCC_X7R,leakage_ua,SIM_X7R_10N_50V,healthy_settling,healthy_settling,False,True,False,,,0.00944615268935,0.00891371564483,False,False,False,0.12,synthetic,True
MLCC_C005282,MLCC_B029,MLCC_X7R,leakage_ua,SIM_X7R_10N_50V,intermittent_leakage,intermittent_leakage,True,False,False,24,,0.0136330974233,0.0135661640434,False,False,False,0.12,synthetic,True
MLCC_C005316,MLCC_B029,MLCC_X7R,leakage_ua,SIM_X7R_10N_50V,ordinary_noise,ordinary_noise,False,True,False,,,0.0083774646692,0.00873617530339,False,False,False,0.12,synthetic,True
MLCC_C005335,MLCC_B029,MLCC_X7R,leakage_ua,SIM_X7R_10N_50V,healthy_settling,healthy_settling,False,True,False,,,0.0100267267708,0.00982065302534,False,False,False,0.12,synthetic,True
MLCC_C005354,MLCC_B029,MLCC_X7R,leakage_ua,SIM_X7R_10N_50V,healthy_settling,healthy_settling,False,True,False,,,0.00903550555695,0.00872585967853,False,False,False,0.12,synthetic,True
MLCC_C005428,MLCC_B029,MLCC_X7R,leakage_ua,SIM_X7R_10N_50V,gradual_drift,gradual_drift,True,False,False,6,,0.0278728540076,0.0277127334372,False,False,False,0.12,synthetic,True
MLCC_C005430,MLCC_B029,MLCC_X7R,leakage_ua,SIM_X7R_10N_50V,healthy_settling,healthy_settling,False,True,False,,,0.0118235489779,0.0119187412644,False,False,False,0.12,synthetic,True
MLCC_C005443,MLCC_B029,MLCC_X7R,leakage_ua,SIM_X7R_10N_50V,healthy_settling,healthy_settling,False,True,False,,,0.0161364936691,0.0157770628385,False,False,False,0.12,synthetic,True
MLCC_C005675,MLCC_B029,MLCC_X7R,leakage_ua,SIM_X7R_10N_50V,ordinary_noise,ordinary_noise,False,True,False,,,0.0101460917982,0.009818861893,False,False,False,0.12,synthetic,True
MLCC_C005725,MLCC_B029,MLCC_X7R,leakage_ua,SIM_X7R_10N_50V,healthy_settling,healthy_settling,False,True,False,,,0.0121371825541,0.0124682645564,False,False,False,0.12,synthetic,True
MLCC_C005809,MLCC_B029,MLCC_X7R,leakage_ua,SIM_X7R_10N_50V,gradual_drift,gradual_drift,True,False,False,12,,0.102011034407,0.0977034855027,False,False,False,0.12,synthetic,True
MLCC_C005818,MLCC_B029,MLCC_X7R,leakage_ua,SIM_X7R_10N_50V,gradual_drift,gradual_drift,True,False,False,12,,0.108632652472,0.112727537909,False,False,False,0.12,synthetic,True
MLCC_C005840,MLCC_B029,MLCC_X7R,leakage_ua,SIM_X7R_10N_50V,healthy_settling,healthy_settling,False,True,False,,,0.0133126819768,0.0139309887782,False,False,False,0.12,synthetic,True
MLCC_C005852,MLCC_B029,MLCC_X7R,leakage_ua,SIM_X7R_10N_50V,healthy_settling,healthy_settling,False,True,False,,,0.01484637174,0.0153508176904,False,False,False,0.12,synthetic,True
MLCC_C005854,MLCC_B029,MLCC_X7R,leakage_ua,SIM_X7R_10N_50V,gradual_drift,gradual_drift,True,False,False,0,,0.0493266703483,0.0486767453065,False,False,False,0.12,synthetic,True
MLCC_C006157,MLCC_B029,MLCC_X7R,leakage_ua,SIM_X7R_10N_50V,intermittent_leakage,intermittent_leakage,True,False,False,24,,0.0110319462969,0.0118051684277,False,False,False,0.12,synthetic,True
MLCC_C006349,MLCC_B029,MLCC_X7R,leakage_ua,SIM_X7R_10N_50V,healthy_settling,healthy_settling,False,True,False,,,0.0152983558739,0.0149902492261,False,False,False,0.12,synthetic,True
MLCC_C006397,MLCC_B029,MLCC_X7R,leakage_ua,SIM_X7R_10N_50V,accelerating_drift,accelerating_drift,True,False,False,24,,0.0195790557334,0.0196271280725,False,False,False,0.12,synthetic,True
MLCC_C006441,MLCC_B029,MLCC_X7R,leakage_ua,SIM_X7R_10N_50V,late_abrupt_onset,late_abrupt_onset,True,False,False,96,,0.0686807938764,0.0695237183306,False,False,False,0.12,synthetic,True
MLCC_C006579,MLCC_B029,MLCC_X7R,leakage_ua,SIM_X7R_10N_50V,healthy_settling,healthy_settling,False,True,False,,,0.0109820671398,0.0106810686301,False,False,False,0.12,synthetic,True
MLCC_C006659,MLCC_B029,MLCC_X7R,leakage_ua,SIM_X7R_10N_50V,late_abrupt_onset,late_abrupt_onset,True,False,False,72,,0.117046890071,0.118264242523,False,False,False,0.12,synthetic,True
MLCC_C006749,MLCC_B029,MLCC_X7R,leakage_ua,SIM_X7R_10N_50V,late_abrupt_onset,late_abrupt_onset,True,False,False,72,,0.0356737150838,0.0350430646333,False,False,False,0.12,synthetic,True
MLCC_C006755,MLCC_B029,MLCC_X7R,leakage_ua,SIM_X7R_10N_50V,ordinary_noise,ordinary_noise,False,True,False,,,0.0146955918355,0.0159314605769,False,False,False,0.12,synthetic,True
MLCC_C006767,MLCC_B029,MLCC_X7R,leakage_ua,SIM_X7R_10N_50V,ordinary_noise,ordinary_noise,False,True,False,,,0.0118413643532,0.0120842535106,False,False,False,0.12,synthetic,True
MLCC_C006868,MLCC_B029,MLCC_X7R,leakage_ua,SIM_X7R_10N_50V,healthy_settling,healthy_settling,False,True,False,,,0.00892074142834,0.00893914460012,False,False,False,0.12,synthetic,True
MLCC_C006918,MLCC_B029,MLCC_X7R,leakage_ua,SIM_X7R_10N_50V,late_abrupt_onset,late_abrupt_onset,True,False,False,144,,0.0999269042064,0.0940229595809,False,False,False,0.12,synthetic,True
MLCC_C006927,MLCC_B029,MLCC_X7R,leakage_ua,SIM_X7R_10N_50V,healthy_settling,healthy_settling,False,True,False,,,0.0080254023914,0.00800626084057,False,False,False,0.12,synthetic,True
MLCC_C007098,MLCC_B029,MLCC_X7R,leakage_ua,SIM_X7R_10N_50V,healthy_settling,healthy_settling,False,True,False,,,0.00800472277872,0.00820258315866,False,False,False,0.12,synthetic,True
MLCC_C007113,MLCC_B029,MLCC_X7R,leakage_ua,SIM_X7R_10N_50V,healthy_settling,healthy_settling,False,True,False,,,0.00739789221559,0.00728451616565,False,False,False,0.12,synthetic,True
MLCC_C007139,MLCC_B029,MLCC_X7R,leakage_ua,SIM_X7R_10N_50V,moisture_associated_history,moisture_associated_history,True,False,False,0,,0.0504974464274,0.053693504036,False,False,False,0.12,synthetic,True
MLCC_C007372,MLCC_B029,MLCC_X7R,leakage_ua,SIM_X7R_10N_50V,intermittent_leakage,intermittent_leakage,True,False,False,48,,0.00908781887094,0.00958652073866,False,False,False,0.12,synthetic,True
MLCC_C007528,MLCC_B029,MLCC_X7R,leakage_ua,SIM_X7R_10N_50V,late_abrupt_onset,late_abrupt_onset,True,False,False,144,,0.169930270085,0.162083660151,True,True,True,0.12,synthetic,True
MLCC_C007602,MLCC_B029,MLCC_X7R,leakage_ua,SIM_X7R_10N_50V,ordinary_noise,ordinary_noise,False,True,False,,,0.00967403183095,0.00986573241793,False,False,False,0.12,synthetic,True
MLCC_C007631,MLCC_B029,MLCC_X7R,leakage_ua,SIM_X7R_10N_50V,healthy_settling,healthy_settling,False,True,False,,,0.0175510552627,0.0174914851298,False,False,False,0.12,synthetic,True
MLCC_C007672,MLCC_B029,MLCC_X7R,leakage_ua,SIM_X7R_10N_50V,late_abrupt_onset,late_abrupt_onset,True,False,False,96,,0.125918187465,0.119344602237,False,True,False,0.12,synthetic,True
MLCC_C007737,MLCC_B029,MLCC_X7R,leakage_ua,SIM_X7R_10N_50V,ordinary_noise,ordinary_noise,False,True,False,,,0.00762163737342,0.00636676477064,False,False,False,0.12,synthetic,True
MLCC_C007756,MLCC_B029,MLCC_X7R,leakage_ua,SIM_X7R_10N_50V,healthy_settling,healthy_settling,False,True,False,,,0.024551817818,0.0235708552813,False,False,False,0.12,synthetic,True
MLCC_C007784,MLCC_B029,MLCC_X7R,leakage_ua,SIM_X7R_10N_50V,healthy_settling,healthy_settling,False,True,False,,,0.00872958964845,0.00819519873905,False,False,False,0.12,synthetic,True
MLCC_C007820,MLCC_B029,MLCC_X7R,leakage_ua,SIM_X7R_10N_50V,healthy_settling,healthy_settling,False,True,False,,,0.00812595046574,0.00812220398063,False,False,False,0.12,synthetic,True
MLCC_C007884,MLCC_B029,MLCC_X7R,leakage_ua,SIM_X7R_10N_50V,healthy_settling,healthy_settling,False,True,False,,,0.00863188597193,0.0086665596056,False,False,False,0.12,synthetic,True
MLCC_C007911,MLCC_B029,MLCC_X7R,leakage_ua,SIM_X7R_10N_50V,healthy_settling,healthy_settling,False,True,False,,,0.0153686674987,0.0148522630243,False,False,False,0.12,synthetic,True
MLCC_C008021,MLCC_B029,MLCC_X7R,leakage_ua,SIM_X7R_10N_50V,healthy_settling,healthy_settling,False,True,False,,,0.0180005891492,0.0178835591957,False,False,False,0.12,synthetic,True
MLCC_C008061,MLCC_B029,MLCC_X7R,leakage_ua,SIM_X7R_10N_50V,healthy_settling,healthy_settling,False,True,False,,,0.00938980922007,0.00932188534415,False,False,False,0.12,synthetic,True
MLCC_C008069,MLCC_B029,MLCC_X7R,leakage_ua,SIM_X7R_10N_50V,healthy_settling,healthy_settling,False,True,False,,,0.0161331324688,0.0166506840668,False,False,False,0.12,synthetic,True
MLCC_C008113,MLCC_B029,MLCC_X7R,leakage_ua,SIM_X7R_10N_50V,gradual_drift,gradual_drift,True,False,False,6,,0.0819522379729,0.086117835442,False,False,False,0.12,synthetic,True
MLCC_C008186,MLCC_B029,MLCC_X7R,leakage_ua,SIM_X7R_10N_50V,healthy_settling,healthy_settling,False,True,False,,,0.0155023122635,0.0157005667351,False,False,False,0.12,synthetic,True
MLCC_C008220,MLCC_B029,MLCC_X7R,leakage_ua,SIM_X7R_10N_50V,ordinary_noise,ordinary_noise,False,True,False,,,0.0168067924587,0.0151429980201,False,False,False,0.12,synthetic,True
MLCC_C008240,MLCC_B029,MLCC_X7R,leakage_ua,SIM_X7R_10N_50V,ordinary_noise,ordinary_noise,False,True,False,,,0.0104373330693,0.0105951021003,False,False,False,0.12,synthetic,True
MLCC_C008241,MLCC_B029,MLCC_X7R,leakage_ua,SIM_X7R_10N_50V,healthy_settling,healthy_settling,False,True,False,,,0.0113321560618,0.0112877186301,False,False,False,0.12,synthetic,True
MLCC_C008325,MLCC_B029,MLCC_X7R,leakage_ua,SIM_X7R_10N_50V,healthy_settling,healthy_settling,False,True,False,,,0.00957303152393,0.00912466011855,False,False,False,0.12,synthetic,True
MLCC_C008359,MLCC_B029,MLCC_X7R,leakage_ua,SIM_X7R_10N_50V,healthy_settling,healthy_settling,False,True,False,,,0.00933352031564,0.00935883922333,False,False,False,0.12,synthetic,True
MLCC_C008402,MLCC_B029,MLCC_X7R,leakage_ua,SIM_X7R_10N_50V,gradual_drift,gradual_drift,True,False,False,12,,0.191588761294,0.191132537423,True,True,True,0.12,synthetic,True
MLCC_C008437,MLCC_B029,MLCC_X7R,leakage_ua,SIM_X7R_10N_50V,healthy_settling,healthy_settling,False,True,False,,,0.0161267243109,0.0154111118076,False,False,False,0.12,synthetic,True
MLCC_C008612,MLCC_B029,MLCC_X7R,leakage_ua,SIM_X7R_10N_50V,healthy_settling,healthy_settling,False,True,False,,,0.0145810047481,0.0146832463766,False,False,False,0.12,synthetic,True
MLCC_C008682,MLCC_B029,MLCC_X7R,leakage_ua,SIM_X7R_10N_50V,late_abrupt_onset,late_abrupt_onset,True,False,False,144,,0.283585217134,0.278917247363,True,True,True,0.12,synthetic,True
MLCC_C008689,MLCC_B029,MLCC_X7R,leakage_ua,SIM_X7R_10N_50V,late_abrupt_onset,late_abrupt_onset,True,False,False,144,,0.0390332006258,0.0392659951297,False,False,False,0.12,synthetic,True
MLCC_C008698,MLCC_B029,MLCC_X7R,leakage_ua,SIM_X7R_10N_50V,healthy_settling,healthy_settling,False,True,False,,,0.00972805652285,0.00913203017527,False,False,False,0.12,synthetic,True
MLCC_C008982,MLCC_B029,MLCC_X7R,leakage_ua,SIM_X7R_10N_50V,healthy_settling,healthy_settling,False,True,False,,,0.0104399537953,0.0105632824315,False,False,False,0.12,synthetic,True
MLCC_C008999,MLCC_B029,MLCC_X7R,leakage_ua,SIM_X7R_10N_50V,healthy_settling,healthy_settling,False,True,False,,,0.0192632068671,0.0198811601538,False,False,False,0.12,synthetic,True
MLCC_C009032,MLCC_B029,MLCC_X7R,leakage_ua,SIM_X7R_10N_50V,healthy_settling,healthy_settling,False,True,False,,,0.0141965504868,0.0142443418345,False,False,False,0.12,synthetic,True
MLCC_C009061,MLCC_B029,MLCC_X7R,leakage_ua,SIM_X7R_10N_50V,ordinary_noise,ordinary_noise,False,True,False,,,0.0247574372108,0.0199392666031,False,False,False,0.12,synthetic,True
MLCC_C009086,MLCC_B029,MLCC_X7R,leakage_ua,SIM_X7R_10N_50V,healthy_settling,healthy_settling,False,True,False,,,0.00410529970207,0.00414939015861,False,False,False,0.12,synthetic,True
MLCC_C009147,MLCC_B029,MLCC_X7R,leakage_ua,SIM_X7R_10N_50V,ordinary_noise,ordinary_noise,False,True,False,,,0.0190411534196,0.015240021581,False,False,False,0.12,synthetic,True
MLCC_C009238,MLCC_B029,MLCC_X7R,leakage_ua,SIM_X7R_10N_50V,ordinary_noise,ordinary_noise,False,True,False,,,0.00758789004939,0.00919199788924,False,False,False,0.12,synthetic,True
MLCC_C009304,MLCC_B029,MLCC_X7R,leakage_ua,SIM_X7R_10N_50V,healthy_settling,healthy_settling,False,True,False,,,0.00686168280102,0.00698874830245,False,False,False,0.12,synthetic,True
MLCC_C009325,MLCC_B029,MLCC_X7R,leakage_ua,SIM_X7R_10N_50V,healthy_settling,healthy_settling,False,True,False,,,0.0174219984031,0.0172943640232,False,False,False,0.12,synthetic,True
MLCC_C009372,MLCC_B029,MLCC_X7R,leakage_ua,SIM_X7R_10N_50V,healthy_settling,healthy_settling,False,True,False,,,0.0139773826667,0.0141935441162,False,False,False,0.12,synthetic,True
MLCC_C009449,MLCC_B029,MLCC_X7R,leakage_ua,SIM_X7R_10N_50V,ordinary_noise,ordinary_noise,False,True,False,,,0.00842349345459,0.00944918713685,False,False,False,0.12,synthetic,True
MLCC_C009671,MLCC_B029,MLCC_X7R,leakage_ua,SIM_X7R_10N_50V,healthy_settling,healthy_settling,False,True,False,,,0.0127111881726,0.0126907180634,False,False,False,0.12,synthetic,True
MLCC_C009706,MLCC_B029,MLCC_X7R,leakage_ua,SIM_X7R_10N_50V,healthy_settling,healthy_settling,False,True,False,,,0.0202853794504,0.020348098117,False,False,False,0.12,synthetic,True
MLCC_C009885,MLCC_B029,MLCC_X7R,leakage_ua,SIM_X7R_10N_50V,intermittent_leakage,intermittent_leakage,True,False,False,12,,0.0108139003327,0.0106112495875,False,False,False,0.12,synthetic,True
MLCC_C009907,MLCC_B029,MLCC_X7R,leakage_ua,SIM_X7R_10N_50V,healthy_settling,healthy_settling,False,True,False,,,0.0111879863378,0.0111554277486,False,False,False,0.12,synthetic,True
MLCC_C010077,MLCC_B029,MLCC_X7R,leakage_ua,SIM_X7R_10N_50V,healthy_settling,healthy_settling,False,True,False,,,0.00961978833716,0.0101217441001,False,False,False,0.12,synthetic,True
MLCC_C010157,MLCC_B029,MLCC_X7R,leakage_ua,SIM_X7R_10N_50V,healthy_settling,healthy_settling,False,True,False,,,0.00958259600387,0.00966860320196,False,False,False,0.12,synthetic,True
MLCC_C010266,MLCC_B029,MLCC_X7R,leakage_ua,SIM_X7R_10N_50V,accelerating_drift,accelerating_drift,True,False,False,6,,0.0932909835162,0.0903622663499,False,False,False,0.12,synthetic,True
MLCC_C010283,MLCC_B029,MLCC_X7R,leakage_ua,SIM_X7R_10N_50V,healthy_settling,healthy_settling,False,True,False,,,0.00711684144939,0.00728104780108,False,False,False,0.12,synthetic,True
MLCC_C010315,MLCC_B029,MLCC_X7R,leakage_ua,SIM_X7R_10N_50V,moisture_associated_history,moisture_associated_history,True,False,False,12,,0.244542633752,0.241644462396,True,True,True,0.12,synthetic,True
MLCC_C010323,MLCC_B029,MLCC_X7R,leakage_ua,SIM_X7R_10N_50V,accelerating_drift,accelerating_drift,True,False,False,12,,0.171704530055,0.171043811971,True,True,True,0.12,synthetic,True
MLCC_C010403,MLCC_B029,MLCC_X7R,leakage_ua,SIM_X7R_10N_50V,healthy_settling,healthy_settling,False,True,False,,,0.0132619823135,0.0131457039466,False,False,False,0.12,synthetic,True
MLCC_C010457,MLCC_B029,MLCC_X7R,leakage_ua,SIM_X7R_10N_50V,healthy_settling,healthy_settling,False,True,False,,,0.00818119139387,0.00834943568328,False,False,False,0.12,synthetic,True
MLCC_C010510,MLCC_B029,MLCC_X7R,leakage_ua,SIM_X7R_10N_50V,healthy_settling,healthy_settling,False,True,False,,,0.00819570416665,0.00824191542332,False,False,False,0.12,synthetic,True
MLCC_C010511,MLCC_B029,MLCC_X7R,leakage_ua,SIM_X7R_10N_50V,healthy_settling,healthy_settling,False,True,False,,,0.00616504369576,0.0063094484483,False,False,False,0.12,synthetic,True
MLCC_C010584,MLCC_B029,MLCC_X7R,leakage_ua,SIM_X7R_10N_50V,intermittent_leakage,intermittent_leakage,True,False,False,6,,0.013209738236,0.0125766027303,False,False,False,0.12,synthetic,True
MLCC_C010631,MLCC_B029,MLCC_X7R,leakage_ua,SIM_X7R_10N_50V,healthy_settling,healthy_settling,False,True,False,,,0.00997622381449,0.00983873293756,False,False,False,0.12,synthetic,True
MLCC_C010687,MLCC_B029,MLCC_X7R,leakage_ua,SIM_X7R_10N_50V,healthy_settling,healthy_settling,False,True,False,,,0.00884595351545,0.00875253395331,False,False,False,0.12,synthetic,True
MLCC_C010731,MLCC_B029,MLCC_X7R,leakage_ua,SIM_X7R_10N_50V,healthy_settling,healthy_settling,False,True,False,,,0.0142942680832,0.0145191699511,False,False,False,0.12,synthetic,True
MLCC_C010733,MLCC_B029,MLCC_X7R,leakage_ua,SIM_X7R_10N_50V,healthy_settling,healthy_settling,False,True,False,,,0.0100756168221,0.00975785024208,False,False,False,0.12,synthetic,True
MLCC_C010791,MLCC_B029,MLCC_X7R,leakage_ua,SIM_X7R_10N_50V,accelerating_drift,accelerating_drift,True,False,False,24,,0.0956572800786,0.100421182382,False,False,False,0.12,synthetic,True
MLCC_C010843,MLCC_B029,MLCC_X7R,leakage_ua,SIM_X7R_10N_50V,healthy_settling,healthy_settling,False,True,False,,,0.00911542868634,0.00943782562791,False,False,False,0.12,synthetic,True
MLCC_C010847,MLCC_B029,MLCC_X7R,leakage_ua,SIM_X7R_10N_50V,healthy_settling,healthy_settling,False,True,False,,,0.00732123596078,0.00730271625159,False,False,False,0.12,synthetic,True
MLCC_C010862,MLCC_B029,MLCC_X7R,leakage_ua,SIM_X7R_10N_50V,healthy_settling,healthy_settling,False,True,False,,,0.0135796690296,0.0130799302365,False,False,False,0.12,synthetic,True
MLCC_C010908,MLCC_B029,MLCC_X7R,leakage_ua,SIM_X7R_10N_50V,ordinary_noise,ordinary_noise,False,True,False,,,0.0158132116928,0.0178226780467,False,False,False,0.12,synthetic,True
MLCC_C011090,MLCC_B029,MLCC_X7R,leakage_ua,SIM_X7R_10N_50V,healthy_settling,healthy_settling,False,True,False,,,0.0115690107282,0.0110408774912,False,False,False,0.12,synthetic,True
MLCC_C011099,MLCC_B029,MLCC_X7R,leakage_ua,SIM_X7R_10N_50V,intermittent_leakage,intermittent_leakage,True,False,False,6,,0.0116667737095,0.0118923088434,False,False,False,0.12,synthetic,True
MLCC_C011290,MLCC_B029,MLCC_X7R,leakage_ua,SIM_X7R_10N_50V,ordinary_noise,ordinary_noise,False,True,False,,,0.0203329127853,0.0175606958348,False,False,False,0.12,synthetic,True
MLCC_C011536,MLCC_B029,MLCC_X7R,leakage_ua,SIM_X7R_10N_50V,ordinary_noise,ordinary_noise,False,True,False,,,0.0148443463127,0.0141764358593,False,False,False,0.12,synthetic,True
MLCC_C011574,MLCC_B029,MLCC_X7R,leakage_ua,SIM_X7R_10N_50V,healthy_settling,healthy_settling,False,True,False,,,0.00813602595883,0.008886652425,False,False,False,0.12,synthetic,True
MLCC_C011575,MLCC_B029,MLCC_X7R,leakage_ua,SIM_X7R_10N_50V,late_abrupt_onset,late_abrupt_onset,True,False,False,96,,0.0684364431549,0.0697044094964,False,False,False,0.12,synthetic,True
MLCC_C011815,MLCC_B029,MLCC_X7R,leakage_ua,SIM_X7R_10N_50V,healthy_settling,healthy_settling,False,True,False,,,0.0135861650646,0.0128358872691,False,False,False,0.12,synthetic,True
MLCC_C011824,MLCC_B029,MLCC_X7R,leakage_ua,SIM_X7R_10N_50V,gradual_drift,gradual_drift,True,False,False,6,,0.0770731915369,0.0790526227732,False,False,False,0.12,synthetic,True
MLCC_C011992,MLCC_B029,MLCC_X7R,leakage_ua,SIM_X7R_10N_50V,healthy_settling,healthy_settling,False,True,False,,,0.00914741261918,0.00978584668199,False,False,False,0.12,synthetic,True
