component_id,batch_id,component_family,measurement_name,upper_limit,profile_id,part_number,nominal_capacitance_nf,rated_voltage_v,package_code,dielectric,applied_voltage_v,voltage_stress_ratio,measurement_voltage_v,prior_storage_humidity_pct,tester_id,tester_channel,board_position,data_source,is_synthetic,generator_version,hours,measurement_value,temperature_c,measurement_temperature_c,capacitance_nf,dissipation_factor_pct,insulation_resistance_gohm
MLCC_C000062,MLCC_B002,MLCC_X7R,leakage_ua,0.25,SIM_X7R_100N_50V,FICTIONAL-MLCC-02,100,50,0805,X7R,45.6771751333,0.913543502666,49.292016065,55.6920622591,TESTER_3,11,165,synthetic,True,mlcc-synthetic-1.0.0,0,0.0194675427263,122.627761371,26.5854332302,95.4836186438,0.58255620036,2.53201016471
MLCC_C000062,MLCC_B002,MLCC_X7R,leakage_ua,0.25,SIM_X7R_100N_50V,FICTIONAL-MLCC-02,100,50,0805,X7R,45.6771751333,0.913543502666,49.292016065,55.6920622591,TESTER_3,11,165,synthetic,True,mlcc-synthetic-1.0.0,24,0.0176940511935,122.602667763,26.5854332302,94.7479062165,0.605505144599,2.78579594498
MLCC_C000090,MLCC_B002,MLCC_X7R,leakage_ua,0.25,SIM_X7R_100N_50V,FICTIONAL-MLCC-02,100,50,0805,X7R,45.6771751333,0.913543502666,49.292016065,56.6246159261,TESTER_3,8,123,synthetic,True,mlcc-synthetic-1.0.0,0,0.0215320121717,122.797934396,26.5854332302,97.8673226308,0.658127138751,2.28924336806
MLCC_C000090,MLCC_B002,MLCC_X7R,leakage_ua,0.25,SIM_X7R_100N_50V,FICTIONAL-MLCC-02,100,50,0805,X7R,45.6771751333,0.913543502666,49.292016065,56.6246159261,TESTER_3,8,123,synthetic,True,mlcc-synthetic-1.0.0,24,0.0182785928325,122.886544413,26.5854332302,97.153622779,0.63183933406,2.6967073733
MLCC_C000097,MLCC_B002,MLCC_X7R,leakage_ua,0.25,SIM_X7R_100N_50V,FICTIONAL-MLCC-02,100,50,0805,X7R,45.6771751333,0.913543502666,49.292016065,55.3750534389,TESTER_3,7,26,synthetic,True,mlcc-synthetic-1.0.0,0,0.0309906511693,122.633707007,26.5854332302,94.3334538824,0.814179688687,1.59054470316
MLCC_C000097,MLCC_B002,MLCC_X7R,leakage_ua,0.25,SIM_X7R_100N_50V,FICTIONAL-MLCC-02,100,50,0805,X7R,45.6771751333,0.913543502666,49.292016065,55.3750534389,TESTER_3,7,26,synthetic,True,mlcc-synthetic-1.0.0,24,0.0344677445288,122.866994077,26.5854332302,93.2131401682,0.899118017261,1.43009113996
MLCC_C000114,MLCC_B002,MLCC_X7R,leakage_ua,0.25,SIM_X7R_100N_50V,FICTIONAL-MLCC-02,100,50,0805,X7R,45.6771751333,0.913543502666,49.292016065,50.1369856847,TESTER_3,2,118,synthetic,True,mlcc-synthetic-1.0.0,0,0.0301385723632,122.767478764,26.5854332302,105.21620703,0.701890802501,1.63551264044
MLCC_C000114,MLCC_B002,MLCC_X7R,leakage_ua,0.25,SIM_X7R_100N_50V,FICTIONAL-MLCC-02,100,50,0805,X7R,45.6771751333,0.913543502666,49.292016065,50.1369856847,TESTER_3,2,118,synthetic,True,mlcc-synthetic-1.0.0,24,0.0286665350342,122.701061946,26.5854332302,104.830649783,0.663725992727,1.71949682814
MLCC_C000273,MLCC_B002,MLCC_X7R,leakage_ua,0.25,SIM_X7R_100N_50V,FICTIONAL-MLCC-02,100,50,0805,X7R,45.6771751333,0.913543502666,49.292016065,61.6964958881,TESTER_3,2,47,synthetic,True,mlcc-synthetic-1.0.0,0,0.0232878888496,122.741792487,26.5854332302,100.753003988,0.576708842607,2.11663738106
MLCC_C000273,MLCC_B002,MLCC_X7R,leakage_ua,0.25,SIM_X7R_100N_50V,FICTIONAL-MLCC-02,100,50,0805,X7R,45.6771751333,0.913543502666,49.292016065,61.6964958881,TESTER_3,2,47,synthetic,True,mlcc-synthetic-1.0.0,24,0.02392168774,122.806809609,26.5854332302,99.9693194698,0.633728023389,2.06055762456
MLCC_C000285,MLCC_B002,MLCC_X7R,leakage_ua,0.25,SIM_X7R_100N_50V,FICTIONAL-MLCC-02,100,50,0805,X7R,45.6771751333,0.913543502666,49.292016065,71.74382685,TESTER_3,1,44,synthetic,True,mlcc-synthetic-1.0.0,0,0.0220158078438,122.815196204,26.5854332302,102.008636841,0.604617411269,2.23893742236
MLCC_C000285,MLCC_B002,MLCC_X7R,leakage_ua,0.25,SIM_X7R_100N_50V,FICTIONAL-MLCC-02,100,50,0805,X7R,45.6771751333,0.913543502666,49.292016065,71.74382685,TESTER_3,1,44,synthetic,True,mlcc-synthetic-1.0.0,24,0.0224635837404,122.687674377,26.5854332302,101.209367851,0.575194975514,2.19430775759
MLCC_C000395,MLCC_B002,MLCC_X7R,leakage_ua,0.25,SIM_X7R_100N_50V,FICTIONAL-MLCC-02,100,50,0805,X7R,45.6771751333,0.913543502666,49.292016065,47.5991259498,TESTER_3,6,197,synthetic,True,mlcc-synthetic-1.0.0,0,0.0361397574029,122.721294277,26.5854332302,99.5558327299,0.723513814902,1.36392769645
MLCC_C000395,MLCC_B002,MLCC_X7R,leakage_ua,0.25,SIM_X7R_100N_50V,FICTIONAL-MLCC-02,100,50,0805,X7R,45.6771751333,0.913543502666,49.292016065,47.5991259498,TESTER_3,6,197,synthetic,True,mlcc-synthetic-1.0.0,24,0.0380330024321,122.848294809,26.5854332302,99.234167679,0.759037485806,1.29603273244
MLCC_C000434,MLCC_B002,MLCC_X7R,leakage_ua,0.25,SIM_X7R_100N_50V,FICTIONAL-MLCC-02,100,50,0805,X7R,45.6771751333,0.913543502666,49.292016065,52.0270493021,TESTER_3,1,97,synthetic,True,mlcc-synthetic-1.0.0,0,0.0255674982272,122.689960306,26.5854332302,97.0640805947,0.763082887598,1.927917062
MLCC_C000434,MLCC_B002,MLCC_X7R,leakage_ua,0.25,SIM_X7R_100N_50V,FICTIONAL-MLCC-02,100,50,0805,X7R,45.6771751333,0.913543502666,49.292016065,52.0270493021,TESTER_3,1,97,synthetic,True,mlcc-synthetic-1.0.0,24,0.0233334953836,122.589592487,26.5854332302,96.4023576497,0.70855586474,2.11250030288
MLCC_C000591,MLCC_B002,MLCC_X7R,leakage_ua,0.25,SIM_X7R_100N_50V,FICTIONAL-MLCC-02,100,50,0805,X7R,45.6771751333,0.913543502666,49.292016065,44.0640236174,TESTER_3,7,24,synthetic,True,mlcc-synthetic-1.0.0,0,0.0268713236678,122.715536263,26.5854332302,97.3582598364,0.698833387579,1.8343724587
MLCC_C000591,MLCC_B002,MLCC_X7R,leakage_ua,0.25,SIM_X7R_100N_50V,FICTIONAL-MLCC-02,100,50,0805,X7R,45.6771751333,0.913543502666,49.292016065,44.0640236174,TESTER_3,7,24,synthetic,True,mlcc-synthetic-1.0.0,24,0.0170629034331,122.831952963,26.5854332302,97.1363903308,0.686705404409,2.88884106145
MLCC_C000732,MLCC_B002,MLCC_X7R,leakage_ua,0.25,SIM_X7R_100N_50V,FICTIONAL-MLCC-02,100,50,0805,X7R,45.6771751333,0.913543502666,49.292016065,43.3486967757,TESTER_3,8,37,synthetic,True,mlcc-synthetic-1.0.0,0,0.0389555738955,122.851541866,26.5854332302,101.558218829,0.68161088528,1.26533923482
MLCC_C000732,MLCC_B002,MLCC_X7R,leakage_ua,0.25,SIM_X7R_100N_50V,FICTIONAL-MLCC-02,100,50,0805,X7R,45.6771751333,0.913543502666,49.292016065,43.3486967757,TESTER_3,8,37,synthetic,True,mlcc-synthetic-1.0.0,24,0.0464430844501,122.83226221,26.5854332302,101.498163832,0.698898643166,1.06134242909
MLCC_C000733,MLCC_B002,MLCC_X7R,leakage_ua,0.25,SIM_X7R_100N_50V,FICTIONAL-MLCC-02,100,50,0805,X7R,45.6771751333,0.913543502666,49.292016065,64.2005815026,TESTER_3,13,51,synthetic,True,mlcc-synthetic-1.0.0,0,0.0194819955717,122.668013374,26.5854332302,106.235407602,0.567629017216,2.53013177647
MLCC_C000733,MLCC_B002,MLCC_X7R,leakage_ua,0.25,SIM_X7R_100N_50V,FICTIONAL-MLCC-02,100,50,0805,X7R,45.6771751333,0.913543502666,49.292016065,64.2005815026,TESTER_3,13,51,synthetic,True,mlcc-synthetic-1.0.0,24,0.0257909165169,122.808317477,26.5854332302,105.296175854,0.591694774621,1.91121614591
MLCC_C000810,MLCC_B002,MLCC_X7R,leakage_ua,0.25,SIM_X7R_100N_50V,FICTIONAL-MLCC-02,100,50,0805,X7R,45.6771751333,0.913543502666,49.292016065,33.7282618559,TESTER_3,3,32,synthetic,True,mlcc-synthetic-1.0.0,0,0.0345973110919,122.494274886,26.5854332302,97.5207232646,0.735441228402,1.42473546381
MLCC_C000810,MLCC_B002,MLCC_X7R,leakage_ua,0.25,SIM_X7R_100N_50V,FICTIONAL-MLCC-02,100,50,0805,X7R,45.6771751333,0.913543502666,49.292016065,33.7282618559,TESTER_3,3,32,synthetic,True,mlcc-synthetic-1.0.0,24,0.0243617078104,122.77129422,26.5854332302,96.5831852048,0.727135777765,2.02333992545
MLCC_C000954,MLCC_B002,MLCC_X7R,leakage_ua,0.25,SIM_X7R_100N_50V,FICTIONAL-MLCC-02,100,50,0805,X7R,45.6771751333,0.913543502666,49.292016065,54.4856336084,TESTER_3,13,156,synthetic,True,mlcc-synthetic-1.0.0,0,0.0190881311984,122.841695073,26.5854332302,105.178438262,0.937296479168,2.58233849886
MLCC_C000954,MLCC_B002,MLCC_X7R,leakage_ua,0.25,SIM_X7R_100N_50V,FICTIONAL-MLCC-02,100,50,0805,X7R,45.6771751333,0.913543502666,49.292016065,54.4856336084,TESTER_3,13,156,synthetic,True,mlcc-synthetic-1.0.0,24,0.0169036285071,122.696953012,26.5854332302,104.331792842,0.990258088755,2.91606124946
MLCC_C000990,MLCC_B002,MLCC_X7R,leakage_ua,0.25,SIM_X7R_100N_50V,FICTIONAL-MLCC-02,100,50,0805,X7R,45.6771751333,0.913543502666,49.292016065,57.0089871747,TESTER_3,3,150,synthetic,True,mlcc-synthetic-1.0.0,0,0.0223303914609,122.840680308,26.5854332302,104.016391805,0.897527332511,2.20739596756
MLCC_C000990,MLCC_B002,MLCC_X7R,leakage_ua,0.25,SIM_X7R_100N_50V,FICTIONAL-MLCC-02,100,50,0805,X7R,45.6771751333,0.913543502666,49.292016065,57.0089871747,TESTER_3,3,150,synthetic,True,mlcc-synthetic-1.0.0,24,0.0203209982915,122.809726151,26.5854332302,103.587030793,0.848220336872,2.42566902265
MLCC_C001055,MLCC_B002,MLCC_X7R,leakage_ua,0.25,SIM_X7R_100N_50V,FICTIONAL-MLCC-02,100,50,0805,X7R,45.6771751333,0.913543502666,49.292016065,57.7300666082,TESTER_3,10,169,synthetic,True,mlcc-synthetic-1.0.0,0,0.0311200481866,122.895784725,26.5854332302,94.5193583664,0.679473003569,1.5839312256
MLCC_C001055,MLCC_B002,MLCC_X7R,leakage_ua,0.25,SIM_X7R_100N_50V,FICTIONAL-MLCC-02,100,50,0805,X7R,45.6771751333,0.913543502666,49.292016065,57.7300666082,TESTER_3,10,169,synthetic,True,mlcc-synthetic-1.0.0,24,0.0276547693886,122.552679515,26.5854332302,93.9483360954,0.64015106084,1.78240560868
MLCC_C001093,MLCC_B002,MLCC_X7R,leakage_ua,0.25,SIM_X7R_100N_50V,FICTIONAL-MLCC-02,100,50,0805,X7R,45.6771751333,0.913543502666,49.292016065,47.989104766,TESTER_3,5,100,synthetic,True,mlcc-synthetic-1.0.0,0,0.024895101058,123.206515086,26.5854332302,97.3110503368,0.531441740119,1.97998859094
MLCC_C001093,MLCC_B002,MLCC_X7R,leakage_ua,0.25,SIM_X7R_100N_50V,FICTIONAL-MLCC-02,100,50,0805,X7R,45.6771751333,0.913543502666,49.292016065,47.989104766,TESTER_3,5,100,synthetic,True,mlcc-synthetic-1.0.0,24,0.0235645943534,122.786578718,26.5854332302,96.0596537048,0.476160814599,2.09178292339
MLCC_C001317,MLCC_B002,MLCC_X7R,leakage_ua,0.25,SIM_X7R_100N_50V,FICTIONAL-MLCC-02,100,50,0805,X7R,45.6771751333,0.913543502666,49.292016065,46.6624252794,TESTER_3,8,174,synthetic,True,mlcc-synthetic-1.0.0,0,0.0369980520677,122.706673319,26.5854332302,105.786730621,0.809210053998,1.33228679106
MLCC_C001317,MLCC_B002,MLCC_X7R,leakage_ua,0.25,SIM_X7R_100N_50V,FICTIONAL-MLCC-02,100,50,0805,X7R,45.6771751333,0.913543502666,49.292016065,46.6624252794,TESTER_3,8,174,synthetic,True,mlcc-synthetic-1.0.0,24,0.034423217568,122.288469409,26.5854332302,105.62630145,0.659619170687,1.43194098482
MLCC_C001367,MLCC_B002,MLCC_X7R,leakage_ua,0.25,SIM_X7R_100N_50V,FICTIONAL-MLCC-02,100,50,0805,X7R,45.6771751333,0.913543502666,49.292016065,67.3554417096,TESTER_3,12,154,synthetic,True,mlcc-synthetic-1.0.0,0,0.0202897248086,122.730921711,26.5854332302,102.233939775,0.729439030482,2.42940781751
MLCC_C001367,MLCC_B002,MLCC_X7R,leakage_ua,0.25,SIM_X7R_100N_50V,FICTIONAL-MLCC-02,100,50,0805,X7R,45.6771751333,0.913543502666,49.292016065,67.3554417096,TESTER_3,12,154,synthetic,True,mlcc-synthetic-1.0.0,24,0.0186854136408,122.810972861,26.5854332302,101.606398316,0.658919409023,2.63799437425
MLCC_C001487,MLCC_B002,MLCC_X7R,leakage_ua,0.25,SIM_X7R_100N_50V,FICTIONAL-MLCC-02,100,50,0805,X7R,45.6771751333,0.913543502666,49.292016065,68.3729310594,TESTER_3,2,78,synthetic,True,mlcc-synthetic-1.0.0,0,0.0356552038021,122.729440897,26.5854332302,100.0687079,0.698148284948,1.38246345018
MLCC_C001487,MLCC_B002,MLCC_X7R,leakage_ua,0.25,SIM_X7R_100N_50V,FICTIONAL-MLCC-02,100,50,0805,X7R,45.6771751333,0.913543502666,49.292016065,68.3729310594,TESTER_3,2,78,synthetic,True,mlcc-synthetic-1.0.0,24,0.042163779656,122.751881743,26.5854332302,99.8437046197,0.668055740751,1.16906065982
MLCC_C001539,MLCC_B002,MLCC_X7R,leakage_ua,0.25,SIM_X7R_100N_50V,FICTIONAL-MLCC-02,100,50,0805,X7R,45.6771751333,0.913543502666,49.292016065,55.9222863656,TESTER_3,14,46,synthetic,True,mlcc-synthetic-1.0.0,0,0.0306337438184,123.146024856,26.5854332302,107.559961876,0.715236871216,1.60907580729
MLCC_C001539,MLCC_B002,MLCC_X7R,leakage_ua,0.25,SIM_X7R_100N_50V,FICTIONAL-MLCC-02,100,50,0805,X7R,45.6771751333,0.913543502666,49.292016065,55.9222863656,TESTER_3,14,46,synthetic,True,mlcc-synthetic-1.0.0,24,0.124094971131,122.50729646,26.5854332302,106.623031152,0.704721007335,0.397212035392
MLCC_C001548,MLCC_B002,MLCC_X7R,leakage_ua,0.25,SIM_X7R_100N_50V,FICTIONAL-MLCC-02,100,50,0805,X7R,45.6771751333,0.913543502666,49.292016065,50.0796112571,TESTER_3,3,14,synthetic,True,mlcc-synthetic-1.0.0,0,0.024040444594,122.759134084,26.5854332302,102.837518842,0.689012237332,2.05037872208
MLCC_C001548,MLCC_B002,MLCC_X7R,leakage_ua,0.25,SIM_X7R_100N_50V,FICTIONAL-MLCC-02,100,50,0805,X7R,45.6771751333,0.913543502666,49.292016065,50.0796112571,TESTER_3,3,14,synthetic,True,mlcc-synthetic-1.0.0,24,0.021911957805,123.045337972,26.5854332302,102.753553552,0.654695974986,2.24954869408
MLCC_C001625,MLCC_B002,MLCC_X7R,leakage_ua,0.25,SIM_X7R_100N_50V,FICTIONAL-MLCC-02,100,50,0805,X7R,45.6771751333,0.913543502666,49.292016065,55.3554643726,TESTER_3,4,4,synthetic,True,mlcc-synthetic-1.0.0,0,0.0380167778519,122.773047693,26.5854332302,91.1034713793,0.758734415983,1.29658584578
MLCC_C001625,MLCC_B002,MLCC_X7R,leakage_ua,0.25,SIM_X7R_100N_50V,FICTIONAL-MLCC-02,100,50,0805,X7R,45.6771751333,0.913543502666,49.292016065,55.3554643726,TESTER_3,4,4,synthetic,True,mlcc-synthetic-1.0.0,24,0.0317495148711,122.821367531,26.5854332302,90.668461278,0.716185552689,1.55252816508
MLCC_C001652,MLCC_B002,MLCC_X7R,leakage_ua,0.25,SIM_X7R_100N_50V,FICTIONAL-MLCC-02,100,50,0805,X7R,45.6771751333,0.913543502666,49.292016065,57.2812388185,TESTER_3,15,130,synthetic,True,mlcc-synthetic-1.0.0,0,0.0308354637587,122.777680878,26.5854332302,97.39343483,0.851844972941,1.5985495289
MLCC_C001652,MLCC_B002,MLCC_X7R,leakage_ua,0.25,SIM_X7R_100N_50V,FICTIONAL-MLCC-02,100,50,0805,X7R,45.6771751333,0.913543502666,49.292016065,57.2812388185,TESTER_3,15,130,synthetic,True,mlcc-synthetic-1.0.0,24,0.0275441977468,122.885613299,26.5854332302,96.2522664671,0.829706276301,1.78956078221
MLCC_C001733,MLCC_B002,MLCC_X7R,leakage_ua,0.25,SIM_X7R_100N_50V,FICTIONAL-MLCC-02,100,50,0805,X7R,45.6771751333,0.913543502666,49.292016065,58.9281130483,TESTER_3,7,83,synthetic,True,mlcc-synthetic-1.0.0,0,0.0404879985727,122.867242794,26.5854332302,99.1540315027,0.653129023864,1.21744758454
MLCC_C001733,MLCC_B002,MLCC_X7R,leakage_ua,0.25,SIM_X7R_100N_50V,FICTIONAL-MLCC-02,100,50,0805,X7R,45.6771751333,0.913543502666,49.292016065,58.9281130483,TESTER_3,7,83,synthetic,True,mlcc-synthetic-1.0.0,24,0.0658195924992,122.757377847,26.5854332302,98.1349237828,0.656177662824,0.748895795208
MLCC_C001851,MLCC_B002,MLCC_X7R,leakage_ua,0.25,SIM_X7R_100N_50V,FICTIONAL-MLCC-02,100,50,0805,X7R,45.6771751333,0.913543502666,49.292016065,53.9470543617,TESTER_3,5,121,synthetic,True,mlcc-synthetic-1.0.0,0,0.0429099523226,123.024480066,26.5854332302,92.5219794389,0.83581304924,1.14873155054
MLCC_C001851,MLCC_B002,MLCC_X7R,leakage_ua,0.25,SIM_X7R_100N_50V,FICTIONAL-MLCC-02,100,50,0805,X7R,45.6771751333,0.913543502666,49.292016065,53.9470543617,TESTER_3,5,121,synthetic,True,mlcc-synthetic-1.0.0,24,0.0421811207366,122.845654506,26.5854332302,92.5513810887,0.853019784165,1.16858004729
MLCC_C001872,MLCC_B002,MLCC_X7R,leakage_ua,0.25,SIM_X7R_100N_50V,FICTIONAL-MLCC-02,100,50,0805,X7R,45.6771751333,0.913543502666,49.292016065,60.4006449373,TESTER_3,1,3,synthetic,True,mlcc-synthetic-1.0.0,0,0.0252381324774,122.798039546,26.5854332302,98.5369226534,0.558780160824,1.95307700001
MLCC_C001872,MLCC_B002,MLCC_X7R,leakage_ua,0.25,SIM_X7R_100N_50V,FICTIONAL-MLCC-02,100,50,0805,X7R,45.6771751333,0.913543502666,49.292016065,60.4006449373,TESTER_3,1,3,synthetic,True,mlcc-synthetic-1.0.0,24,0.0209942398396,123.069074569,26.5854332302,98.8910308523,0.59436985564,2.3478828689
MLCC_C001944,MLCC_B002,MLCC_X7R,leakage_ua,0.25,SIM_X7R_100N_50V,FICTIONAL-MLCC-02,100,50,0805,X7R,45.6771751333,0.913543502666,49.292016065,55.4642077989,TESTER_3,6,157,synthetic,True,mlcc-synthetic-1.0.0,0,0.061719228358,122.877828169,26.5854332302,97.4497779002,0.642297028177,0.798649260147
MLCC_C001944,MLCC_B002,MLCC_X7R,leakage_ua,0.25,SIM_X7R_100N_50V,FICTIONAL-MLCC-02,100,50,0805,X7R,45.6771751333,0.913543502666,49.292016065,55.4642077989,TESTER_3,6,157,synthetic,True,mlcc-synthetic-1.0.0,24,0.0545854834711,122.702116475,26.5854332302,97.4124842553,0.632023111255,0.903024264521
MLCC_C001994,MLCC_B002,MLCC_X7R,leakage_ua,0.25,SIM_X7R_100N_50V,FICTIONAL-MLCC-02,100,50,0805,X7R,45.6771751333,0.913543502666,49.292016065,52.1382948831,TESTER_3,9,38,synthetic,True,mlcc-synthetic-1.0.0,0,0.0221315027575,122.745920886,26.5854332302,102.017402783,0.607506750072,2.22723312579
MLCC_C001994,MLCC_B002,MLCC_X7R,leakage_ua,0.25,SIM_X7R_100N_50V,FICTIONAL-MLCC-02,100,50,0805,X7R,45.6771751333,0.913543502666,49.292016065,52.1382948831,TESTER_3,9,38,synthetic,True,mlcc-synthetic-1.0.0,24,0.0196328162379,122.794433216,26.5854332302,101.862716053,0.700319998857,2.51069512737
MLCC_C002008,MLCC_B002,MLCC_X7R,leakage_ua,0.25,SIM_X7R_100N_50V,FICTIONAL-MLCC-02,100,50,0805,X7R,45.6771751333,0.913543502666,49.292016065,51.1736603822,TESTER_3,10,129,synthetic,True,mlcc-synthetic-1.0.0,0,0.0284521711075,122.767857413,26.5854332302,98.5823515255,0.742680755399,1.7324518357
MLCC_C002008,MLCC_B002,MLCC_X7R,leakage_ua,0.25,SIM_X7R_100N_50V,FICTIONAL-MLCC-02,100,50,0805,X7R,45.6771751333,0.913543502666,49.292016065,51.1736603822,TESTER_3,10,129,synthetic,True,mlcc-synthetic-1.0.0,24,0.0268411911836,123.204592779,26.5854332302,97.3060163981,0.746316507332,1.83643176369
MLCC_C002096,MLCC_B002,MLCC_X7R,leakage_ua,0.25,SIM_X7R_100N_50V,FICTIONAL-MLCC-02,100,50,0805,X7R,45.6771751333,0.913543502666,49.292016065,62.684039413,TESTER_3,2,115,synthetic,True,mlcc-synthetic-1.0.0,0,0.0284418790353,122.815277508,26.5854332302,103.559589879,1.02281596954,1.73307874644
MLCC_C002096,MLCC_B002,MLCC_X7R,leakage_ua,0.25,SIM_X7R_100N_50V,FICTIONAL-MLCC-02,100,50,0805,X7R,45.6771751333,0.913543502666,49.292016065,62.684039413,TESTER_3,2,115,synthetic,True,mlcc-synthetic-1.0.0,24,0.0244721433194,122.761716906,26.5854332302,103.038775927,1.05854862639,2.01420919376
MLCC_C002146,MLCC_B002,MLCC_X7R,leakage_ua,0.25,SIM_X7R_100N_50V,FICTIONAL-MLCC-02,100,50,0805,X7R,45.6771751333,0.913543502666,49.292016065,63.1816674837,TESTER_3,15,36,synthetic,True,mlcc-synthetic-1.0.0,0,0.0264792649192,122.745660785,26.5854332302,100.731025277,0.700726593505,1.86153264509
MLCC_C002146,MLCC_B002,MLCC_X7R,leakage_ua,0.25,SIM_X7R_100N_50V,FICTIONAL-MLCC-02,100,50,0805,X7R,45.6771751333,0.913543502666,49.292016065,63.1816674837,TESTER_3,15,36,synthetic,True,mlcc-synthetic-1.0.0,24,0.0266074650517,122.644754293,26.5854332302,99.7449416394,0.721623888015,1.85256340539
MLCC_C002227,MLCC_B002,MLCC_X7R,leakage_ua,0.25,SIM_X7R_100N_50V,FICTIONAL-MLCC-02,100,50,0805,X7R,45.6771751333,0.913543502666,49.292016065,68.6186603976,TESTER_3,4,133,synthetic,True,mlcc-synthetic-1.0.0,0,0.0391565674752,122.499672954,26.5854332302,92.8831921501,0.745106637145,1.25884415421
MLCC_C002227,MLCC_B002,MLCC_X7R,leakage_ua,0.25,SIM_X7R_100N_50V,FICTIONAL-MLCC-02,100,50,0805,X7R,45.6771751333,0.913543502666,49.292016065,68.6186603976,TESTER_3,4,133,synthetic,True,mlcc-synthetic-1.0.0,24,0.0298500219593,122.657354431,26.5854332302,92.0211604643,0.672509940601,1.65132260647
MLCC_C002228,MLCC_B002,MLCC_X7R,leakage_ua,0.25,SIM_X7R_100N_50V,FICTIONAL-MLCC-02,100,50,0805,X7R,45.6771751333,0.913543502666,49.292016065,50.131683061,TESTER_3,4,71,synthetic,True,mlcc-synthetic-1.0.0,0,0.0308338684315,123.050942295,26.5854332302,99.6082632462,0.892740019836,1.59863223697
MLCC_C002228,MLCC_B002,MLCC_X7R,leakage_ua,0.25,SIM_X7R_100N_50V,FICTIONAL-MLCC-02,100,50,0805,X7R,45.6771751333,0.913543502666,49.292016065,50.131683061,TESTER_3,4,71,synthetic,True,mlcc-synthetic-1.0.0,24,0.0230912115042,122.888393049,26.5854332302,99.3704360785,0.876828984382,2.13466565217
MLCC_C002298,MLCC_B002,MLCC_X7R,leakage_ua,0.25,SIM_X7R_100N_50V,FICTIONAL-MLCC-02,100,50,0805,X7R,45.6771751333,0.913543502666,49.292016065,55.9220703053,TESTER_3,9,194,synthetic,True,mlcc-synthetic-1.0.0,0,0.0374293846827,122.653089888,26.5854332302,103.589820789,0.811910942751,1.31693364673
MLCC_C002298,MLCC_B002,MLCC_X7R,leakage_ua,0.25,SIM_X7R_100N_50V,FICTIONAL-MLCC-02,100,50,0805,X7R,45.6771751333,0.913543502666,49.292016065,55.9220703053,TESTER_3,9,194,synthetic,True,mlcc-synthetic-1.0.0,24,0.034645029745,122.634562004,26.5854332302,103.48080944,0.845246157968,1.4227730912
MLCC_C002314,MLCC_B002,MLCC_X7R,leakage_ua,0.25,SIM_X7R_100N_50V,FICTIONAL-MLCC-02,100,50,0805,X7R,45.6771751333,0.913543502666,49.292016065,32.536243965,TESTER_3,11,190,synthetic,True,mlcc-synthetic-1.0.0,0,0.0355106662933,122.853731117,26.5854332302,100.908690443,0.893061568092,1.38809043057
MLCC_C002314,MLCC_B002,MLCC_X7R,leakage_ua,0.25,SIM_X7R_100N_50V,FICTIONAL-MLCC-02,100,50,0805,X7R,45.6771751333,0.913543502666,49.292016065,32.536243965,TESTER_3,11,190,synthetic,True,mlcc-synthetic-1.0.0,24,0.0221366744588,122.719870128,26.5854332302,100.440035612,0.77077215402,2.22671278636
MLCC_C002321,MLCC_B002,MLCC_X7R,leakage_ua,0.25,SIM_X7R_100N_50V,FICTIONAL-MLCC-02,100,50,0805,X7R,45.6771751333,0.913543502666,49.292016065,67.2509572968,TESTER_3,5,63,synthetic,True,mlcc-synthetic-1.0.0,0,0.0293428499002,122.908901409,26.5854332302,101.209768683,0.73072544651,1.67986464275
MLCC_C002321,MLCC_B002,MLCC_X7R,leakage_ua,0.25,SIM_X7R_100N_50V,FICTIONAL-MLCC-02,100,50,0805,X7R,45.6771751333,0.913543502666,49.292016065,67.2509572968,TESTER_3,5,63,synthetic,True,mlcc-synthetic-1.0.0,24,0.0279420646864,122.708447037,26.5854332302,101.26619243,0.700190616736,1.76407923388
MLCC_C002322,MLCC_B002,MLCC_X7R,leakage_ua,0.25,SIM_X7R_100N_50V,FICTIONAL-MLCC-02,100,50,0805,X7R,45.6771751333,0.913543502666,49.292016065,60.3753545568,TESTER_3,12,12,synthetic,True,mlcc-synthetic-1.0.0,0,0.0343165920836,122.65061926,26.5854332302,102.184450843,0.796039495026,1.43639018539
MLCC_C002322,MLCC_B002,MLCC_X7R,leakage_ua,0.25,SIM_X7R_100N_50V,FICTIONAL-MLCC-02,100,50,0805,X7R,45.6771751333,0.913543502666,49.292016065,60.3753545568,TESTER_3,12,12,synthetic,True,mlcc-synthetic-1.0.0,24,0.0289062772493,122.759899771,26.5854332302,101.748661404,0.77039025648,1.70523570503
MLCC_C002329,MLCC_B002,MLCC_X7R,leakage_ua,0.25,SIM_X7R_100N_50V,FICTIONAL-MLCC-02,100,50,0805,X7R,45.6771751333,0.913543502666,49.292016065,40.2252382129,TESTER_3,10,21,synthetic,True,mlcc-synthetic-1.0.0,0,0.0249679657992,122.969923108,26.5854332302,99.9452563534,0.403256663414,1.97421033261
MLCC_C002329,MLCC_B002,MLCC_X7R,leakage_ua,0.25,SIM_X7R_100N_50V,FICTIONAL-MLCC-02,100,50,0805,X7R,45.6771751333,0.913543502666,49.292016065,40.2252382129,TESTER_3,10,21,synthetic,True,mlcc-synthetic-1.0.0,24,0.0235827995653,122.840450278,26.5854332302,100.0528686,0.423830872449,2.09016812989
MLCC_C002529,MLCC_B002,MLCC_X7R,leakage_ua,0.25,SIM_X7R_100N_50V,FICTIONAL-MLCC-02,100,50,0805,X7R,45.6771751333,0.913543502666,49.292016065,44.9733138006,TESTER_3,10,48,synthetic,True,mlcc-synthetic-1.0.0,0,0.0483359444259,123.075472801,26.5854332302,99.4559944674,0.853903914534,1.01977972398
MLCC_C002529,MLCC_B002,MLCC_X7R,leakage_ua,0.25,SIM_X7R_100N_50V,FICTIONAL-MLCC-02,100,50,0805,X7R,45.6771751333,0.913543502666,49.292016065,44.9733138006,TESTER_3,10,48,synthetic,True,mlcc-synthetic-1.0.0,24,0.041286213798,122.773322275,26.5854332302,98.8485523181,0.826113724684,1.19390981954
MLCC_C002587,MLCC_B002,MLCC_X7R,leakage_ua,0.25,SIM_X7R_100N_50V,FICTIONAL-MLCC-02,100,50,0805,X7R,45.6771751333,0.913543502666,49.292016065,24.7715846556,TESTER_3,12,56,synthetic,True,mlcc-synthetic-1.0.0,0,0.0347493370678,122.575054629,26.5854332302,95.1960173324,0.343911238806,1.41850234348
MLCC_C002587,MLCC_B002,MLCC_X7R,leakage_ua,0.25,SIM_X7R_100N_50V,FICTIONAL-MLCC-02,100,50,0805,X7R,45.6771751333,0.913543502666,49.292016065,24.7715846556,TESTER_3,12,56,synthetic,True,mlcc-synthetic-1.0.0,24,0.0337201391457,122.64844097,26.5854332302,94.2945517929,0.458711954988,1.46179752853
MLCC_C002704,MLCC_B002,MLCC_X7R,leakage_ua,0.25,SIM_X7R_100N_50V,FICTIONAL-MLCC-02,100,50,0805,X7R,45.6771751333,0.913543502666,49.292016065,46.1210555228,TESTER_3,10,34,synthetic,True,mlcc-synthetic-1.0.0,0,0.0600215003718,122.682563045,26.5854332302,96.4147040291,0.641793150803,0.821239318572
MLCC_C002704,MLCC_B002,MLCC_X7R,leakage_ua,0.25,SIM_X7R_100N_50V,FICTIONAL-MLCC-02,100,50,0805,X7R,45.6771751333,0.913543502666,49.292016065,46.1210555228,TESTER_3,10,34,synthetic,True,mlcc-synthetic-1.0.0,24,0.0631946055811,122.773276249,26.5854332302,95.7874903901,0.71661794743,0.780003540044
MLCC_C002710,MLCC_B002,MLCC_X7R,leakage_ua,0.25,SIM_X7R_100N_50V,FICTIONAL-MLCC-02,100,50,0805,X7R,45.6771751333,0.913543502666,49.292016065,48.8864533471,TESTER_3,5,188,synthetic,True,mlcc-synthetic-1.0.0,0,0.0354885905631,122.508407225,26.5854332302,94.700539999,0.910266391202,1.38895389428
MLCC_C002710,MLCC_B002,MLCC_X7R,leakage_ua,0.25,SIM_X7R_100N_50V,FICTIONAL-MLCC-02,100,50,0805,X7R,45.6771751333,0.913543502666,49.292016065,48.8864533471,TESTER_3,5,188,synthetic,True,mlcc-synthetic-1.0.0,24,0.0323426923815,122.743708437,26.5854332302,95.1021305576,0.901516183731,1.52405419696
MLCC_C002810,MLCC_B002,MLCC_X7R,leakage_ua,0.25,SIM_X7R_100N_50V,FICTIONAL-MLCC-02,100,50,0805,X7R,45.6771751333,0.913543502666,49.292016065,44.7269550263,TESTER_3,12,181,synthetic,True,mlcc-synthetic-1.0.0,0,0.0355395969567,122.501650223,26.5854332302,97.7161153419,0.680890584103,1.38696046905
MLCC_C002810,MLCC_B002,MLCC_X7R,leakage_ua,0.25,SIM_X7R_100N_50V,FICTIONAL-MLCC-02,100,50,0805,X7R,45.6771751333,0.913543502666,49.292016065,44.7269550263,TESTER_3,12,181,synthetic,True,mlcc-synthetic-1.0.0,24,0.0342546917677,122.861173439,26.5854332302,96.8911680572,0.733869342985,1.43898583001
MLCC_C002930,MLCC_B002,MLCC_X7R,leakage_ua,0.25,SIM_X7R_100N_50V,FICTIONAL-MLCC-02,100,50,0805,X7R,45.6771751333,0.913543502666,49.292016065,47.1179800491,TESTER_3,9,42,synthetic,True,mlcc-synthetic-1.0.0,0,0.052492715294,122.741826754,26.5854332302,97.6703018265,0.94871109395,0.93902583985
MLCC_C002930,MLCC_B002,MLCC_X7R,leakage_ua,0.25,SIM_X7R_100N_50V,FICTIONAL-MLCC-02,100,50,0805,X7R,45.6771751333,0.913543502666,49.292016065,47.1179800491,TESTER_3,9,42,synthetic,True,mlcc-synthetic-1.0.0,24,0.0548968296735,122.73895972,26.5854332302,96.5052757487,0.933985128452,0.897902781603
MLCC_C002952,MLCC_B002,MLCC_X7R,leakage_ua,0.25,SIM_X7R_100N_50V,FICTIONAL-MLCC-02,100,50,0805,X7R,45.6771751333,0.913543502666,49.292016065,78.2784061868,TESTER_3,13,64,synthetic,True,mlcc-synthetic-1.0.0,0,0.040635922386,122.923893265,26.5854332302,100.223838075,0.576065587872,1.21301580402
MLCC_C002952,MLCC_B002,MLCC_X7R,leakage_ua,0.25,SIM_X7R_100N_50V,FICTIONAL-MLCC-02,100,50,0805,X7R,45.6771751333,0.913543502666,49.292016065,78.2784061868,TESTER_3,13,64,synthetic,True,mlcc-synthetic-1.0.0,24,0.0410274388553,122.713671466,26.5854332302,98.7024692766,0.55800679785,1.20144024195
MLCC_C002989,MLCC_B002,MLCC_X7R,leakage_ua,0.25,SIM_X7R_100N_50V,FICTIONAL-MLCC-02,100,50,0805,X7R,45.6771751333,0.913543502666,49.292016065,58.8986530008,TESTER_3,16,164,synthetic,True,mlcc-synthetic-1.0.0,0,0.0377968959753,122.898590032,26.5854332302,96.3798425801,0.626053300758,1.30412868023
MLCC_C002989,MLCC_B002,MLCC_X7R,leakage_ua,0.25,SIM_X7R_100N_50V,FICTIONAL-MLCC-02,100,50,0805,X7R,45.6771751333,0.913543502666,49.292016065,58.8986530008,TESTER_3,16,164,synthetic,True,mlcc-synthetic-1.0.0,24,0.0511290607855,122.708478468,26.5854332302,96.3068813028,0.630640953862,0.964070438762
MLCC_C002998,MLCC_B002,MLCC_X7R,leakage_ua,0.25,SIM_X7R_100N_50V,FICTIONAL-MLCC-02,100,50,0805,X7R,45.6771751333,0.913543502666,49.292016065,41.4962432022,TESTER_3,6,54,synthetic,True,mlcc-synthetic-1.0.0,0,0.0373119554574,122.887468395,26.5854332302,102.174159779,0.614789040536,1.32107833698
MLCC_C002998,MLCC_B002,MLCC_X7R,leakage_ua,0.25,SIM_X7R_100N_50V,FICTIONAL-MLCC-02,100,50,0805,X7R,45.6771751333,0.913543502666,49.292016065,41.4962432022,TESTER_3,6,54,synthetic,True,mlcc-synthetic-1.0.0,24,0.0353835649326,122.86976132,26.5854332302,101.84639201,0.664971775795,1.39307659245
MLCC_C003083,MLCC_B002,MLCC_X7R,leakage_ua,0.25,SIM_X7R_100N_50V,FICTIONAL-MLCC-02,100,50,0805,X7R,45.6771751333,0.913543502666,49.292016065,57.0086683586,TESTER_3,6,81,synthetic,True,mlcc-synthetic-1.0.0,0,0.0292693132741,122.630516249,26.5854332302,109.281741911,0.566858634697,1.68408515784
MLCC_C003083,MLCC_B002,MLCC_X7R,leakage_ua,0.25,SIM_X7R_100N_50V,FICTIONAL-MLCC-02,100,50,0805,X7R,45.6771751333,0.913543502666,49.292016065,57.0086683586,TESTER_3,6,81,synthetic,True,mlcc-synthetic-1.0.0,24,0.0261609118262,122.741815611,26.5854332302,108.955890408,0.559180684477,1.88418570394
MLCC_C003085,MLCC_B002,MLCC_X7R,leakage_ua,0.25,SIM_X7R_100N_50V,FICTIONAL-MLCC-02,100,50,0805,X7R,45.6771751333,0.913543502666,49.292016065,65.2816540874,TESTER_3,5,198,synthetic,True,mlcc-synthetic-1.0.0,0,0.0298003046526,122.652981149,26.5854332302,100.671039849,0.485393189976,1.65407758879
MLCC_C003085,MLCC_B002,MLCC_X7R,leakage_ua,0.25,SIM_X7R_100N_50V,FICTIONAL-MLCC-02,100,50,0805,X7R,45.6771751333,0.913543502666,49.292016065,65.2816540874,TESTER_3,5,198,synthetic,True,mlcc-synthetic-1.0.0,24,0.0370265439964,122.925495816,26.5854332302,100.498425495,0.497527655075,1.33126159627
MLCC_C003134,MLCC_B002,MLCC_X7R,leakage_ua,0.25,SIM_X7R_100N_50V,FICTIONAL-MLCC-02,100,50,0805,X7R,45.6771751333,0.913543502666,49.292016065,60.7731822255,TESTER_3,11,187,synthetic,True,mlcc-synthetic-1.0.0,0,0.027289011361,123.017400064,26.5854332302,98.9493079086,0.625394363355,1.80629541367
MLCC_C003134,MLCC_B002,MLCC_X7R,leakage_ua,0.25,SIM_X7R_100N_50V,FICTIONAL-MLCC-02,100,50,0805,X7R,45.6771751333,0.913543502666,49.292016065,60.7731822255,TESTER_3,11,187,synthetic,True,mlcc-synthetic-1.0.0,24,0.026025612314,122.771765544,26.5854332302,98.7399591204,0.725848985641,1.89398103185
MLCC_C003149,MLCC_B002,MLCC_X7R,leakage_ua,0.25,SIM_X7R_100N_50V,FICTIONAL-MLCC-02,100,50,0805,X7R,45.6771751333,0.913543502666,49.292016065,61.9894343066,TESTER_3,15,177,synthetic,True,mlcc-synthetic-1.0.0,0,0.0336572927794,122.601506623,26.5854332302,102.239339166,0.850345203562,1.46452706069
MLCC_C003149,MLCC_B002,MLCC_X7R,leakage_ua,0.25,SIM_X7R_100N_50V,FICTIONAL-MLCC-02,100,50,0805,X7R,45.6771751333,0.913543502666,49.292016065,61.9894343066,TESTER_3,15,177,synthetic,True,mlcc-synthetic-1.0.0,24,0.0338165600354,122.889055882,26.5854332302,102.592408708,0.8701857778,1.45762951682
MLCC_C003207,MLCC_B002,MLCC_X7R,leakage_ua,0.25,SIM_X7R_100N_50V,FICTIONAL-MLCC-02,100,50,0805,X7R,45.6771751333,0.913543502666,49.292016065,55.840229239,TESTER_3,13,178,synthetic,True,mlcc-synthetic-1.0.0,0,0.0222769269069,122.732584229,26.5854332302,101.198329264,0.850926502245,2.2126937109
MLCC_C003207,MLCC_B002,MLCC_X7R,leakage_ua,0.25,SIM_X7R_100N_50V,FICTIONAL-MLCC-02,100,50,0805,X7R,45.6771751333,0.913543502666,49.292016065,55.840229239,TESTER_3,13,178,synthetic,True,mlcc-synthetic-1.0.0,24,0.0705715047413,122.550337553,26.5854332302,101.31701926,0.851629989209,0.69846910939
MLCC_C003226,MLCC_B002,MLCC_X7R,leakage_ua,0.25,SIM_X7R_100N_50V,FICTIONAL-MLCC-02,100,50,0805,X7R,45.6771751333,0.913543502666,49.292016065,43.8029069574,TESTER_3,8,143,synthetic,True,mlcc-synthetic-1.0.0,0,0.0213145923105,122.647881646,26.5854332302,100.570670113,0.549687292786,2.31259483395
MLCC_C003226,MLCC_B002,MLCC_X7R,leakage_ua,0.25,SIM_X7R_100N_50V,FICTIONAL-MLCC-02,100,50,0805,X7R,45.6771751333,0.913543502666,49.292016065,43.8029069574,TESTER_3,8,143,synthetic,True,mlcc-synthetic-1.0.0,24,0.0199436532119,122.895517001,26.5854332302,100.012341337,0.631923783368,2.471564038
MLCC_C003245,MLCC_B002,MLCC_X7R,leakage_ua,0.25,SIM_X7R_100N_50V,FICTIONAL-MLCC-02,100,50,0805,X7R,45.6771751333,0.913543502666,49.292016065,45.1289096117,TESTER_3,16,73,synthetic,True,mlcc-synthetic-1.0.0,0,0.0418292741812,122.73589749,26.5854332302,101.120884484,0.733620707991,1.17840954762
MLCC_C003245,MLCC_B002,MLCC_X7R,leakage_ua,0.25,SIM_X7R_100N_50V,FICTIONAL-MLCC-02,100,50,0805,X7R,45.6771751333,0.913543502666,49.292016065,45.1289096117,TESTER_3,16,73,synthetic,True,mlcc-synthetic-1.0.0,24,0.0347050932348,122.764131466,26.5854332302,100.86904784,0.640868891526,1.42031072303
MLCC_C003266,MLCC_B002,MLCC_X7R,leakage_ua,0.25,SIM_X7R_100N_50V,FICTIONAL-MLCC-02,100,50,0805,X7R,45.6771751333,0.913543502666,49.292016065,50.2239678248,TESTER_3,2,120,synthetic,True,mlcc-synthetic-1.0.0,0,0.0275433139774,122.969624479,26.5854332302,96.3555077599,0.75947015657,1.789618203
MLCC_C003266,MLCC_B002,MLCC_X7R,leakage_ua,0.25,SIM_X7R_100N_50V,FICTIONAL-MLCC-02,100,50,0805,X7R,45.6771751333,0.913543502666,49.292016065,50.2239678248,TESTER_3,2,120,synthetic,True,mlcc-synthetic-1.0.0,24,0.0265150403616,122.704033719,26.5854332302,95.7315834427,0.812329709512,1.85902097047
MLCC_C003293,MLCC_B002,MLCC_X7R,leakage_ua,0.25,SIM_X7R_100N_50V,FICTIONAL-MLCC-02,100,50,0805,X7R,45.6771751333,0.913543502666,49.292016065,50.7353599986,TESTER_3,2,180,synthetic,True,mlcc-synthetic-1.0.0,0,0.0246624667634,122.945928292,26.5854332302,107.101021656,0.417046870893,1.99866528104
MLCC_C003293,MLCC_B002,MLCC_X7R,leakage_ua,0.25,SIM_X7R_100N_50V,FICTIONAL-MLCC-02,100,50,0805,X7R,45.6771751333,0.913543502666,49.292016065,50.7353599986,TESTER_3,2,180,synthetic,True,mlcc-synthetic-1.0.0,24,0.0228342189915,122.65607748,26.5854332302,106.675208907,0.48167452821,2.15869069502
MLCC_C003438,MLCC_B002,MLCC_X7R,leakage_ua,0.25,SIM_X7R_100N_50V,FICTIONAL-MLCC-02,100,50,0805,X7R,45.6771751333,0.913543502666,49.292016065,55.4630959485,TESTER_3,6,30,synthetic,True,mlcc-synthetic-1.0.0,0,0.0209612088712,123.116435895,26.5854332302,96.3229463677,0.896945781539,2.35158269582
MLCC_C003438,MLCC_B002,MLCC_X7R,leakage_ua,0.25,SIM_X7R_100N_50V,FICTIONAL-MLCC-02,100,50,0805,X7R,45.6771751333,0.913543502666,49.292016065,55.4630959485,TESTER_3,6,30,synthetic,True,mlcc-synthetic-1.0.0,24,0.0196120870688,122.822170355,26.5854332302,95.491671314,0.778958771226,2.51334882882
MLCC_C003614,MLCC_B002,MLCC_X7R,leakage_ua,0.25,SIM_X7R_100N_50V,FICTIONAL-MLCC-02,100,50,0805,X7R,45.6771751333,0.913543502666,49.292016065,70.2046771408,TESTER_3,11,166,synthetic,True,mlcc-synthetic-1.0.0,0,0.0336355114118,122.771214217,26.5854332302,100.481582561,0.88875780464,1.46547544533
MLCC_C003614,MLCC_B002,MLCC_X7R,leakage_ua,0.25,SIM_X7R_100N_50V,FICTIONAL-MLCC-02,100,50,0805,X7R,45.6771751333,0.913543502666,49.292016065,70.2046771408,TESTER_3,11,166,synthetic,True,mlcc-synthetic-1.0.0,24,0.0411606199589,122.616929215,26.5854332302,99.5330648779,0.894409953777,1.19755280932
MLCC_C003661,MLCC_B002,MLCC_X7R,leakage_ua,0.25,SIM_X7R_100N_50V,FICTIONAL-MLCC-02,100,50,0805,X7R,45.6771751333,0.913543502666,49.292016065,51.2829686843,TESTER_3,6,172,synthetic,True,mlcc-synthetic-1.0.0,0,0.0250138244281,122.880735731,26.5854332302,101.975013382,0.890540528438,1.97059095088
MLCC_C003661,MLCC_B002,MLCC_X7R,leakage_ua,0.25,SIM_X7R_100N_50V,FICTIONAL-MLCC-02,100,50,0805,X7R,45.6771751333,0.913543502666,49.292016065,51.2829686843,TESTER_3,6,172,synthetic,True,mlcc-synthetic-1.0.0,24,0.0268552389155,122.829907123,26.5854332302,101.344778879,0.858669333623,1.8354711429
MLCC_C003701,MLCC_B002,MLCC_X7R,leakage_ua,0.25,SIM_X7R_100N_50V,FICTIONAL-MLCC-02,100,50,0805,X7R,45.6771751333,0.913543502666,49.292016065,42.7685256542,TESTER_3,9,134,synthetic,True,mlcc-synthetic-1.0.0,0,0.0178821085968,122.965403942,26.5854332302,92.0518217003,0.771194046407,2.75649908947
MLCC_C003701,MLCC_B002,MLCC_X7R,leakage_ua,0.25,SIM_X7R_100N_50V,FICTIONAL-MLCC-02,100,50,0805,X7R,45.6771751333,0.913543502666,49.292016065,42.7685256542,TESTER_3,9,134,synthetic,True,mlcc-synthetic-1.0.0,24,0.10916029863,122.942259543,26.5854332302,91.4791889399,0.763763788566,0.451556258856
MLCC_C003742,MLCC_B002,MLCC_X7R,leakage_ua,0.25,SIM_X7R_100N_50V,FICTIONAL-MLCC-02,100,50,0805,X7R,45.6771751333,0.913543502666,49.292016065,65.0921498899,TESTER_3,13,104,synthetic,True,mlcc-synthetic-1.0.0,0,0.0372682572713,122.87516717,26.5854332302,97.5139051906,0.878390428363,1.32262734225
MLCC_C003742,MLCC_B002,MLCC_X7R,leakage_ua,0.25,SIM_X7R_100N_50V,FICTIONAL-MLCC-02,100,50,0805,X7R,45.6771751333,0.913543502666,49.292016065,65.0921498899,TESTER_3,13,104,synthetic,True,mlcc-synthetic-1.0.0,24,0.0336778374775,122.627419283,26.5854332302,97.3020766385,0.842794717957,1.46363364625
MLCC_C003800,MLCC_B002,MLCC_X7R,leakage_ua,0.25,SIM_X7R_100N_50V,FICTIONAL-MLCC-02,100,50,0805,X7R,45.6771751333,0.913543502666,49.292016065,57.8787409932,TESTER_3,3,145,synthetic,True,mlcc-synthetic-1.0.0,0,0.0265889320377,122.977206977,26.5854332302,104.259441403,0.675293336594,1.8538546789
MLCC_C003800,MLCC_B002,MLCC_X7R,leakage_ua,0.25,SIM_X7R_100N_50V,FICTIONAL-MLCC-02,100,50,0805,X7R,45.6771751333,0.913543502666,49.292016065,57.8787409932,TESTER_3,3,145,synthetic,True,mlcc-synthetic-1.0.0,24,0.0212624593404,122.701261764,26.5854332302,103.637946385,0.721468726073,2.31826503585
MLCC_C003959,MLCC_B002,MLCC_X7R,leakage_ua,0.25,SIM_X7R_100N_50V,FICTIONAL-MLCC-02,100,50,0805,X7R,45.6771751333,0.913543502666,49.292016065,53.3814609938,TESTER_3,7,117,synthetic,True,mlcc-synthetic-1.0.0,0,0.0210300599951,122.730838861,26.5854332302,101.9001413,1.02698930128,2.34388375861
MLCC_C003959,MLCC_B002,MLCC_X7R,leakage_ua,0.25,SIM_X7R_100N_50V,FICTIONAL-MLCC-02,100,50,0805,X7R,45.6771751333,0.913543502666,49.292016065,53.3814609938,TESTER_3,7,117,synthetic,True,mlcc-synthetic-1.0.0,24,0.0211854933721,122.886332786,26.5854332302,101.562385626,0.929799831575,2.32668719105
MLCC_C003981,MLCC_B002,MLCC_X7R,leakage_ua,0.25,SIM_X7R_100N_50V,FICTIONAL-MLCC-02,100,50,0805,X7R,45.6771751333,0.913543502666,49.292016065,59.1250845689,TESTER_3,14,87,synthetic,True,mlcc-synthetic-1.0.0,0,0.0236316664835,122.641957518,26.5854332302,98.4846693558,0.6627046577,2.08584596009
MLCC_C003981,MLCC_B002,MLCC_X7R,leakage_ua,0.25,SIM_X7R_100N_50V,FICTIONAL-MLCC-02,100,50,0805,X7R,45.6771751333,0.913543502666,49.292016065,59.1250845689,TESTER_3,14,87,synthetic,True,mlcc-synthetic-1.0.0,24,0.0208854963582,122.902419745,26.5854332302,97.0714934586,0.684900103938,2.36010747456
MLCC_C003991,MLCC_B002,MLCC_X7R,leakage_ua,0.25,SIM_X7R_100N_50V,FICTIONAL-MLCC-02,100,50,0805,X7R,45.6771751333,0.913543502666,49.292016065,55.8651715283,TESTER_3,6,98,synthetic,True,mlcc-synthetic-1.0.0,0,0.0510135404385,122.687052009,26.5854332302,101.473869174,0.715273150364,0.966253579762
MLCC_C003991,MLCC_B002,MLCC_X7R,leakage_ua,0.25,SIM_X7R_100N_50V,FICTIONAL-MLCC-02,100,50,0805,X7R,45.6771751333,0.913543502666,49.292016065,55.8651715283,TESTER_3,6,98,synthetic,True,mlcc-synthetic-1.0.0,24,0.0466746430848,122.694649116,26.5854332302,101.510199648,0.754941888509,1.056076979
MLCC_C003995,MLCC_B002,MLCC_X7R,leakage_ua,0.25,SIM_X7R_100N_50V,FICTIONAL-MLCC-02,100,50,0805,X7R,45.6771751333,0.913543502666,49.292016065,50.9604634182,TESTER_3,12,111,synthetic,True,mlcc-synthetic-1.0.0,0,0.0264982634367,122.577049694,26.5854332302,105.029031993,0.66272747794,1.86019797798
MLCC_C003995,MLCC_B002,MLCC_X7R,leakage_ua,0.25,SIM_X7R_100N_50V,FICTIONAL-MLCC-02,100,50,0805,X7R,45.6771751333,0.913543502666,49.292016065,50.9604634182,TESTER_3,12,111,synthetic,True,mlcc-synthetic-1.0.0,24,0.0256891596657,122.996892755,26.5854332302,104.724462749,0.642314587239,1.91878662854
MLCC_C004083,MLCC_B002,MLCC_X7R,leakage_ua,0.25,SIM_X7R_100N_50V,FICTIONAL-MLCC-02,100,50,0805,X7R,45.6771751333,0.913543502666,49.292016065,67.1515578198,TESTER_3,11,6,synthetic,True,mlcc-synthetic-1.0.0,0,0.0410257175664,122.707596871,26.5854332302,96.5286007844,0.666388091842,1.20149064998
MLCC_C004083,MLCC_B002,MLCC_X7R,leakage_ua,0.25,SIM_X7R_100N_50V,FICTIONAL-MLCC-02,100,50,0805,X7R,45.6771751333,0.913543502666,49.292016065,67.1515578198,TESTER_3,11,6,synthetic,True,mlcc-synthetic-1.0.0,24,0.0358937176983,122.558606355,26.5854332302,96.5629716212,0.77050779502,1.37327697508
MLCC_C004091,MLCC_B002,MLCC_X7R,leakage_ua,0.25,SIM_X7R_100N_50V,FICTIONAL-MLCC-02,100,50,0805,X7R,45.6771751333,0.913543502666,49.292016065,51.1413854799,TESTER_3,8,173,synthetic,True,mlcc-synthetic-1.0.0,0,0.0190025110234,122.87466365,26.5854332302,96.3546107493,0.601041675519,2.59397381769
MLCC_C004091,MLCC_B002,MLCC_X7R,leakage_ua,0.25,SIM_X7R_100N_50V,FICTIONAL-MLCC-02,100,50,0805,X7R,45.6771751333,0.913543502666,49.292016065,51.1413854799,TESTER_3,8,173,synthetic,True,mlcc-synthetic-1.0.0,24,0.0226187599293,122.797442911,26.5854332302,95.8858193343,0.658199520464,2.17925369114
MLCC_C004164,MLCC_B002,MLCC_X7R,leakage_ua,0.25,SIM_X7R_100N_50V,FICTIONAL-MLCC-02,100,50,0805,X7R,45.6771751333,0.913543502666,49.292016065,43.1174803162,TESTER_3,10,95,synthetic,True,mlcc-synthetic-1.0.0,0,0.0197265080143,122.647132221,26.5854332302,101.651523434,0.767285373229,2.49877048838
MLCC_C004164,MLCC_B002,MLCC_X7R,leakage_ua,0.25,SIM_X7R_100N_50V,FICTIONAL-MLCC-02,100,50,0805,X7R,45.6771751333,0.913543502666,49.292016065,43.1174803162,TESTER_3,10,95,synthetic,True,mlcc-synthetic-1.0.0,24,0.0196864439049,122.953167328,26.5854332302,100.976464334,0.700863512629,2.50385576507
MLCC_C004191,MLCC_B002,MLCC_X7R,leakage_ua,0.25,SIM_X7R_100N_50V,FICTIONAL-MLCC-02,100,50,0805,X7R,45.6771751333,0.913543502666,49.292016065,55.7885992913,TESTER_3,9,69,synthetic,True,mlcc-synthetic-1.0.0,0,0.0230284170099,123.119415219,26.5854332302,98.9841568256,1.15566011702,2.14048651472
MLCC_C004191,MLCC_B002,MLCC_X7R,leakage_ua,0.25,SIM_X7R_100N_50V,FICTIONAL-MLCC-02,100,50,0805,X7R,45.6771751333,0.913543502666,49.292016065,55.7885992913,TESTER_3,9,69,synthetic,True,mlcc-synthetic-1.0.0,24,0.0206974157437,122.903919736,26.5854332302,98.6982784073,1.15880827852,2.38155413581
MLCC_C004210,MLCC_B002,MLCC_X7R,leakage_ua,0.25,SIM_X7R_100N_50V,FICTIONAL-MLCC-02,100,50,0805,X7R,45.6771751333,0.913543502666,49.292016065,51.7681144178,TESTER_3,10,167,synthetic,True,mlcc-synthetic-1.0.0,0,0.0179954888097,122.700970721,26.5854332302,99.3210354517,0.882516519661,2.73913182276
MLCC_C004210,MLCC_B002,MLCC_X7R,leakage_ua,0.25,SIM_X7R_100N_50V,FICTIONAL-MLCC-02,100,50,0805,X7R,45.6771751333,0.913543502666,49.292016065,51.7681144178,TESTER_3,10,167,synthetic,True,mlcc-synthetic-1.0.0,24,0.0159808423386,122.737159481,26.5854332302,98.8347390126,0.792509617533,3.08444417514
MLCC_C004284,MLCC_B002,MLCC_X7R,leakage_ua,0.25,SIM_X7R_100N_50V,FICTIONAL-MLCC-02,100,50,0805,X7R,45.6771751333,0.913543502666,49.292016065,40.5131175036,TESTER_3,2,58,synthetic,True,mlcc-synthetic-1.0.0,0,0.0288941235953,122.599933211,26.5854332302,101.577180725,0.577258442008,1.70595297353
MLCC_C004284,MLCC_B002,MLCC_X7R,leakage_ua,0.25,SIM_X7R_100N_50V,FICTIONAL-MLCC-02,100,50,0805,X7R,45.6771751333,0.913543502666,49.292016065,40.5131175036,TESTER_3,2,58,synthetic,True,mlcc-synthetic-1.0.0,24,0.0273088674306,122.766674667,26.5854332302,101.931770322,0.604778494373,1.80498207003
MLCC_C004295,MLCC_B002,MLCC_X7R,leakage_ua,0.25,SIM_X7R_100N_50V,FICTIONAL-MLCC-02,100,50,0805,X7R,45.6771751333,0.913543502666,49.292016065,40.4773299879,TESTER_3,4,2,synthetic,True,mlcc-synthetic-1.0.0,0,0.0364970444001,122.612091209,26.5854332302,99.5838235766,0.647516931696,1.35057555687
MLCC_C004295,MLCC_B002,MLCC_X7R,leakage_ua,0.25,SIM_X7R_100N_50V,FICTIONAL-MLCC-02,100,50,0805,X7R,45.6771751333,0.913543502666,49.292016065,40.4773299879,TESTER_3,4,2,synthetic,True,mlcc-synthetic-1.0.0,24,0.0269922965486,122.842093957,26.5854332302,98.7250165943,0.606929852075,1.82615124934
MLCC_C004346,MLCC_B002,MLCC_X7R,leakage_ua,0.25,SIM_X7R_100N_50V,FICTIONAL-MLCC-02,100,50,0805,X7R,45.6771751333,0.913543502666,49.292016065,77.8226629007,TESTER_3,7,136,synthetic,True,mlcc-synthetic-1.0.0,0,0.0203540200707,122.685674971,26.5854332302,102.548875756,0.478255113182,2.4217336867
MLCC_C004346,MLCC_B002,MLCC_X7R,leakage_ua,0.25,SIM_X7R_100N_50V,FICTIONAL-MLCC-02,100,50,0805,X7R,45.6771751333,0.913543502666,49.292016065,77.8226629007,TESTER_3,7,136,synthetic,True,mlcc-synthetic-1.0.0,24,0.0186156960903,122.871316874,26.5854332302,101.537628073,0.596815116162,2.64787391381
MLCC_C004417,MLCC_B002,MLCC_X7R,leakage_ua,0.25,SIM_X7R_100N_50V,FICTIONAL-MLCC-02,100,50,0805,X7R,45.6771751333,0.913543502666,49.292016065,44.2671234892,TESTER_3,12,84,synthetic,True,mlcc-synthetic-1.0.0,0,0.0226888904626,122.784405887,26.5854332302,96.4433783014,0.749049773774,2.17251769743
MLCC_C004417,MLCC_B002,MLCC_X7R,leakage_ua,0.25,SIM_X7R_100N_50V,FICTIONAL-MLCC-02,100,50,0805,X7R,45.6771751333,0.913543502666,49.292016065,44.2671234892,TESTER_3,12,84,synthetic,True,mlcc-synthetic-1.0.0,24,0.0319432486707,122.67315434,26.5854332302,96.1660899106,0.806551572323,1.54311217914
MLCC_C004466,MLCC_B002,MLCC_X7R,leakage_ua,0.25,SIM_X7R_100N_50V,FICTIONAL-MLCC-02,100,50,0805,X7R,45.6771751333,0.913543502666,49.292016065,57.728742024,TESTER_3,15,35,synthetic,True,mlcc-synthetic-1.0.0,0,0.0297210332082,122.837898232,26.5854332302,98.8907849121,0.720737126222,1.65848931697
MLCC_C004466,MLCC_B002,MLCC_X7R,leakage_ua,0.25,SIM_X7R_100N_50V,FICTIONAL-MLCC-02,100,50,0805,X7R,45.6771751333,0.913543502666,49.292016065,57.728742024,TESTER_3,15,35,synthetic,True,mlcc-synthetic-1.0.0,24,0.0264853823951,122.869734845,26.5854332302,98.4671872525,0.764860811245,1.86110267655
MLCC_C004528,MLCC_B002,MLCC_X7R,leakage_ua,0.25,SIM_X7R_100N_50V,FICTIONAL-MLCC-02,100,50,0805,X7R,45.6771751333,0.913543502666,49.292016065,51.2994812414,TESTER_3,5,139,synthetic,True,mlcc-synthetic-1.0.0,0,0.0252205279108,122.976783425,26.5854332302,100.165869862,0.829473127192,1.95444029718
MLCC_C004528,MLCC_B002,MLCC_X7R,leakage_ua,0.25,SIM_X7R_100N_50V,FICTIONAL-MLCC-02,100,50,0805,X7R,45.6771751333,0.913543502666,49.292016065,51.2994812414,TESTER_3,5,139,synthetic,True,mlcc-synthetic-1.0.0,24,0.0290615866017,122.855643303,26.5854332302,100.084218574,0.802132725253,1.69612267701
MLCC_C004548,MLCC_B002,MLCC_X7R,leakage_ua,0.25,SIM_X7R_100N_50V,FICTIONAL-MLCC-02,100,50,0805,X7R,45.6771751333,0.913543502666,49.292016065,48.7603439387,TESTER_3,16,53,synthetic,True,mlcc-synthetic-1.0.0,0,0.0173627825216,122.895471726,26.5854332302,97.9286234983,0.679704898941,2.83894681073
MLCC_C004548,MLCC_B002,MLCC_X7R,leakage_ua,0.25,SIM_X7R_100N_50V,FICTIONAL-MLCC-02,100,50,0805,X7R,45.6771751333,0.913543502666,49.292016065,48.7603439387,TESTER_3,16,53,synthetic,True,mlcc-synthetic-1.0.0,24,0.0169254462504,122.74051826,26.5854332302,97.6089393591,0.672754255312,2.91230230126
MLCC_C004603,MLCC_B002,MLCC_X7R,leakage_ua,0.25,SIM_X7R_100N_50V,FICTIONAL-MLCC-02,100,50,0805,X7R,45.6771751333,0.913543502666,49.292016065,60.5912313731,TESTER_3,2,116,synthetic,True,mlcc-synthetic-1.0.0,0,0.0377542765386,122.697086198,26.5854332302,96.3868152296,0.782333812919,1.30560086391
MLCC_C004603,MLCC_B002,MLCC_X7R,leakage_ua,0.25,SIM_X7R_100N_50V,FICTIONAL-MLCC-02,100,50,0805,X7R,45.6771751333,0.913543502666,49.292016065,60.5912313731,TESTER_3,2,116,synthetic,True,mlcc-synthetic-1.0.0,24,0.0335871573457,122.618232634,26.5854332302,95.3650696127,0.844890892008,1.4675852308
MLCC_C004630,MLCC_B002,MLCC_X7R,leakage_ua,0.25,SIM_X7R_100N_50V,FICTIONAL-MLCC-02,100,50,0805,X7R,45.6771751333,0.913543502666,49.292016065,51.8694292321,TESTER_3,1,189,synthetic,True,mlcc-synthetic-1.0.0,0,0.0446984869611,122.941895604,26.5854332302,101.954336048,0.581500836608,1.10276699316
MLCC_C004630,MLCC_B002,MLCC_X7R,leakage_ua,0.25,SIM_X7R_100N_50V,FICTIONAL-MLCC-02,100,50,0805,X7R,45.6771751333,0.913543502666,49.292016065,51.8694292321,TESTER_3,1,189,synthetic,True,mlcc-synthetic-1.0.0,24,0.0415625388051,123.190171317,26.5854332302,101.661151053,0.692626717355,1.18597221156
MLCC_C004662,MLCC_B002,MLCC_X7R,leakage_ua,0.25,SIM_X7R_100N_50V,FICTIONAL-MLCC-02,100,50,0805,X7R,45.6771751333,0.913543502666,49.292016065,51.2829662684,TESTER_3,12,160,synthetic,True,mlcc-synthetic-1.0.0,0,0.0478927111823,123.049114704,26.5854332302,101.423462012,0.396382277389,1.02921749152
MLCC_C004662,MLCC_B002,MLCC_X7R,leakage_ua,0.25,SIM_X7R_100N_50V,FICTIONAL-MLCC-02,100,50,0805,X7R,45.6771751333,0.913543502666,49.292016065,51.2829662684,TESTER_3,12,160,synthetic,True,mlcc-synthetic-1.0.0,24,0.0369345179125,123.115939031,26.5854332302,101.090908316,0.475739457552,1.33457856907
MLCC_C004709,MLCC_B002,MLCC_X7R,leakage_ua,0.25,SIM_X7R_100N_50V,FICTIONAL-MLCC-02,100,50,0805,X7R,45.6771751333,0.913543502666,49.292016065,49.9655759464,TESTER_3,14,107,synthetic,True,mlcc-synthetic-1.0.0,0,0.0300892388165,122.978955093,26.5854332302,98.3377975568,0.858484142702,1.63819418515
MLCC_C004709,MLCC_B002,MLCC_X7R,leakage_ua,0.25,SIM_X7R_100N_50V,FICTIONAL-MLCC-02,100,50,0805,X7R,45.6771751333,0.913543502666,49.292016065,49.9655759464,TESTER_3,14,107,synthetic,True,mlcc-synthetic-1.0.0,24,0.0269482371505,123.00483031,26.5854332302,98.1963815564,0.818497392176,1.82913694093
MLCC_C004741,MLCC_B002,MLCC_X7R,leakage_ua,0.25,SIM_X7R_100N_50V,FICTIONAL-MLCC-02,100,50,0805,X7R,45.6771751333,0.913543502666,49.292016065,64.9569894927,TESTER_3,15,52,synthetic,True,mlcc-synthetic-1.0.0,0,0.0413719519857,123.083494478,26.5854332302,94.7231136483,0.899112196159,1.191435591
MLCC_C004741,MLCC_B002,MLCC_X7R,leakage_ua,0.25,SIM_X7R_100N_50V,FICTIONAL-MLCC-02,100,50,0805,X7R,45.6771751333,0.913543502666,49.292016065,64.9569894927,TESTER_3,15,52,synthetic,True,mlcc-synthetic-1.0.0,24,0.0361027666134,122.737239886,26.5854332302,94.7008236451,0.885216939586,1.3653251728
MLCC_C004755,MLCC_B002,MLCC_X7R,leakage_ua,0.25,SIM_X7R_100N_50V,FICTIONAL-MLCC-02,100,50,0805,X7R,45.6771751333,0.913543502666,49.292016065,62.0647694422,TESTER_3,2,182,synthetic,True,mlcc-synthetic-1.0.0,0,0.029790201757,122.691650956,26.5854332302,97.4084900698,0.414753162262,1.65463854414
MLCC_C004755,MLCC_B002,MLCC_X7R,leakage_ua,0.25,SIM_X7R_100N_50V,FICTIONAL-MLCC-02,100,50,0805,X7R,45.6771751333,0.913543502666,49.292016065,62.0647694422,TESTER_3,2,182,synthetic,True,mlcc-synthetic-1.0.0,24,0.0275582652688,123.076776713,26.5854332302,97.1166790085,0.432492573902,1.78864727457
MLCC_C004790,MLCC_B002,MLCC_X7R,leakage_ua,0.25,SIM_X7R_100N_50V,FICTIONAL-MLCC-02,100,50,0805,X7R,45.6771751333,0.913543502666,49.292016065,61.3178798245,TESTER_3,15,186,synthetic,True,mlcc-synthetic-1.0.0,0,0.0200729630915,122.802360541,26.5854332302,105.075045198,0.710410092712,2.45564224077
MLCC_C004790,MLCC_B002,MLCC_X7R,leakage_ua,0.25,SIM_X7R_100N_50V,FICTIONAL-MLCC-02,100,50,0805,X7R,45.6771751333,0.913543502666,49.292016065,61.3178798245,TESTER_3,15,186,synthetic,True,mlcc-synthetic-1.0.0,24,0.0349613748532,123.000533715,26.5854332302,105.477539732,0.719547777362,1.40989924658
MLCC_C004941,MLCC_B002,MLCC_X7R,leakage_ua,0.25,SIM_X7R_100N_50V,FICTIONAL-MLCC-02,100,50,0805,X7R,45.6771751333,0.913543502666,49.292016065,59.7866274511,TESTER_3,15,67,synthetic,True,mlcc-synthetic-1.0.0,0,0.0308787170615,122.784094403,26.5854332302,100.722161436,0.675145507583,1.59631036376
MLCC_C004941,MLCC_B002,MLCC_X7R,leakage_ua,0.25,SIM_X7R_100N_50V,FICTIONAL-MLCC-02,100,50,0805,X7R,45.6771751333,0.913543502666,49.292016065,59.7866274511,TESTER_3,15,67,synthetic,True,mlcc-synthetic-1.0.0,24,0.0273845888911,122.382193606,26.5854332302,100.174251665,0.684313890686,1.79999109211
MLCC_C005051,MLCC_B002,MLCC_X7R,leakage_ua,0.25,SIM_X7R_100N_50V,FICTIONAL-MLCC-02,100,50,0805,X7R,45.6771751333,0.913543502666,49.292016065,47.2948364237,TESTER_3,8,40,synthetic,True,mlcc-synthetic-1.0.0,0,0.0484888009568,122.524731164,26.5854332302,99.8588391391,0.951011818902,1.01656496123
MLCC_C005051,MLCC_B002,MLCC_X7R,leakage_ua,0.25,SIM_X7R_100N_50V,FICTIONAL-MLCC-02,100,50,0805,X7R,45.6771751333,0.913543502666,49.292016065,47.2948364237,TESTER_3,8,40,synthetic,True,mlcc-synthetic-1.0.0,24,0.0383088503824,122.990281037,26.5854332302,100.052186574,0.890970769904,1.28670047712
MLCC_C005135,MLCC_B002,MLCC_X7R,leakage_ua,0.25,SIM_X7R_100N_50V,FICTIONAL-MLCC-02,100,50,0805,X7R,45.6771751333,0.913543502666,49.292016065,54.141838916,TESTER_3,4,77,synthetic,True,mlcc-synthetic-1.0.0,0,0.0304147272782,122.976309822,26.5854332302,95.9769098009,0.692883280016,1.62066276689
MLCC_C005135,MLCC_B002,MLCC_X7R,leakage_ua,0.25,SIM_X7R_100N_50V,FICTIONAL-MLCC-02,100,50,0805,X7R,45.6771751333,0.913543502666,49.292016065,54.141838916,TESTER_3,4,77,synthetic,True,mlcc-synthetic-1.0.0,24,0.0319275327977,122.86811427,26.5854332302,95.7836028408,0.694107800654,1.54387175412
MLCC_C005159,MLCC_B002,MLCC_X7R,leakage_ua,0.25,SIM_X7R_100N_50V,FICTIONAL-MLCC-02,100,50,0805,X7R,45.6771751333,0.913543502666,49.292016065,59.5696709002,TESTER_3,7,59,synthetic,True,mlcc-synthetic-1.0.0,0,0.0240945053884,122.864052345,26.5854332302,104.351473324,0.517745656052,2.04577829138
MLCC_C005159,MLCC_B002,MLCC_X7R,leakage_ua,0.25,SIM_X7R_100N_50V,FICTIONAL-MLCC-02,100,50,0805,X7R,45.6771751333,0.913543502666,49.292016065,59.5696709002,TESTER_3,7,59,synthetic,True,mlcc-synthetic-1.0.0,24,0.0316879219118,122.735587333,26.5854332302,103.663535868,0.556446168812,1.55554587019
MLCC_C005223,MLCC_B002,MLCC_X7R,leakage_ua,0.25,SIM_X7R_100N_50V,FICTIONAL-MLCC-02,100,50,0805,X7R,45.6771751333,0.913543502666,49.292016065,53.6210149228,TESTER_3,9,114,synthetic,True,mlcc-synthetic-1.0.0,0,0.0323567233861,123.049991434,26.5854332302,93.6301116188,0.598185365221,1.52339331387
MLCC_C005223,MLCC_B002,MLCC_X7R,leakage_ua,0.25,SIM_X7R_100N_50V,FICTIONAL-MLCC-02,100,50,0805,X7R,45.6771751333,0.913543502666,49.292016065,53.6210149228,TESTER_3,9,114,synthetic,True,mlcc-synthetic-1.0.0,24,0.0243965678492,122.689547274,26.5854332302,92.6725932093,0.604846758592,2.02044879303
MLCC_C005305,MLCC_B002,MLCC_X7R,leakage_ua,0.25,SIM_X7R_100N_50V,FICTIONAL-MLCC-02,100,50,0805,X7R,45.6771751333,0.913543502666,49.292016065,67.2378657992,TESTER_3,7,62,synthetic,True,mlcc-synthetic-1.0.0,0,0.0370318661737,122.612197086,26.5854332302,100.59593568,1.03783707442,1.33107026888
MLCC_C005305,MLCC_B002,MLCC_X7R,leakage_ua,0.25,SIM_X7R_100N_50V,FICTIONAL-MLCC-02,100,50,0805,X7R,45.6771751333,0.913543502666,49.292016065,67.2378657992,TESTER_3,7,62,synthetic,True,mlcc-synthetic-1.0.0,24,0.0308859757311,122.467763253,26.5854332302,99.6867931098,0.960690227606,1.59593520678
MLCC_C005424,MLCC_B002,MLCC_X7R,leakage_ua,0.25,SIM_X7R_100N_50V,FICTIONAL-MLCC-02,100,50,0805,X7R,45.6771751333,0.913543502666,49.292016065,51.0693015325,TESTER_3,6,162,synthetic,True,mlcc-synthetic-1.0.0,0,0.0218165934163,122.876656341,26.5854332302,101.785444909,0.691217059245,2.25938188994
MLCC_C005424,MLCC_B002,MLCC_X7R,leakage_ua,0.25,SIM_X7R_100N_50V,FICTIONAL-MLCC-02,100,50,0805,X7R,45.6771751333,0.913543502666,49.292016065,51.0693015325,TESTER_3,6,162,synthetic,True,mlcc-synthetic-1.0.0,24,0.0210388709014,122.791834832,26.5854332302,101.784868396,0.762201140879,2.34290215934
MLCC_C005463,MLCC_B002,MLCC_X7R,leakage_ua,0.25,SIM_X7R_100N_50V,FICTIONAL-MLCC-02,100,50,0805,X7R,45.6771751333,0.913543502666,49.292016065,55.6006769651,TESTER_3,8,31,synthetic,True,mlcc-synthetic-1.0.0,0,0.0380377795179,122.671192415,26.5854332302,99.0384169332,0.698407677479,1.29586996638
MLCC_C005463,MLCC_B002,MLCC_X7R,leakage_ua,0.25,SIM_X7R_100N_50V,FICTIONAL-MLCC-02,100,50,0805,X7R,45.6771751333,0.913543502666,49.292016065,55.6006769651,TESTER_3,8,31,synthetic,True,mlcc-synthetic-1.0.0,24,0.037027960395,122.679231126,26.5854332302,98.6871223363,0.687218666526,1.33121067267
MLCC_C005475,MLCC_B002,MLCC_X7R,leakage_ua,0.25,SIM_X7R_100N_50V,FICTIONAL-MLCC-02,100,50,0805,X7R,45.6771751333,0.913543502666,49.292016065,59.2621406265,TESTER_3,11,18,synthetic,True,mlcc-synthetic-1.0.0,0,0.0356048392961,122.837214685,26.5854332302,103.532909423,0.405257682672,1.38441900145
MLCC_C005475,MLCC_B002,MLCC_X7R,leakage_ua,0.25,SIM_X7R_100N_50V,FICTIONAL-MLCC-02,100,50,0805,X7R,45.6771751333,0.913543502666,49.292016065,59.2621406265,TESTER_3,11,18,synthetic,True,mlcc-synthetic-1.0.0,24,0.0310466949873,122.745589801,26.5854332302,103.054135542,0.391668782416,1.58767353772
MLCC_C005507,MLCC_B002,MLCC_X7R,leakage_ua,0.25,SIM_X7R_100N_50V,FICTIONAL-MLCC-02,100,50,0805,X7R,45.6771751333,0.913543502666,49.292016065,63.3076467994,TESTER_3,4,75,synthetic,True,mlcc-synthetic-1.0.0,0,0.0202158024834,122.644047671,26.5854332302,99.8026727748,0.537909934815,2.43829133696
MLCC_C005507,MLCC_B002,MLCC_X7R,leakage_ua,0.25,SIM_X7R_100N_50V,FICTIONAL-MLCC-02,100,50,0805,X7R,45.6771751333,0.913543502666,49.292016065,63.3076467994,TESTER_3,4,75,synthetic,True,mlcc-synthetic-1.0.0,24,0.0201035260845,122.850850782,26.5854332302,98.9682052895,0.566638170932,2.45190897646
MLCC_C005548,MLCC_B002,MLCC_X7R,leakage_ua,0.25,SIM_X7R_100N_50V,FICTIONAL-MLCC-02,100,50,0805,X7R,45.6771751333,0.913543502666,49.292016065,66.5658126009,TESTER_3,13,128,synthetic,True,mlcc-synthetic-1.0.0,0,0.0383589652649,122.668951811,26.5854332302,101.499852957,0.833493519599,1.28501944003
MLCC_C005548,MLCC_B002,MLCC_X7R,leakage_ua,0.25,SIM_X7R_100N_50V,FICTIONAL-MLCC-02,100,50,0805,X7R,45.6771751333,0.913543502666,49.292016065,66.5658126009,TESTER_3,13,128,synthetic,True,mlcc-synthetic-1.0.0,24,0.0345602449794,122.857369728,26.5854332302,100.333422256,0.887315251348,1.42626350289
MLCC_C005616,MLCC_B002,MLCC_X7R,leakage_ua,0.25,SIM_X7R_100N_50V,FICTIONAL-MLCC-02,100,50,0805,X7R,45.6771751333,0.913543502666,49.292016065,51.8346783338,TESTER_3,16,101,synthetic,True,mlcc-synthetic-1.0.0,0,0.0298679413546,122.823432009,26.5854332302,105.230354511,0.826031191065,1.65033188862
MLCC_C005616,MLCC_B002,MLCC_X7R,leakage_ua,0.25,SIM_X7R_100N_50V,FICTIONAL-MLCC-02,100,50,0805,X7R,45.6771751333,0.913543502666,49.292016065,51.8346783338,TESTER_3,16,101,synthetic,True,mlcc-synthetic-1.0.0,24,0.0238156663725,122.961031857,26.5854332302,105.068873645,0.855322181727,2.06973070978
MLCC_C005747,MLCC_B002,MLCC_X7R,leakage_ua,0.25,SIM_X7R_100N_50V,FICTIONAL-MLCC-02,100,50,0805,X7R,45.6771751333,0.913543502666,49.292016065,54.5556906545,TESTER_3,14,179,synthetic,True,mlcc-synthetic-1.0.0,0,0.0268755816104,122.69345114,26.5854332302,99.6620264475,0.521795733769,1.83408183605
MLCC_C005747,MLCC_B002,MLCC_X7R,leakage_ua,0.25,SIM_X7R_100N_50V,FICTIONAL-MLCC-02,100,50,0805,X7R,45.6771751333,0.913543502666,49.292016065,54.5556906545,TESTER_3,14,179,synthetic,True,mlcc-synthetic-1.0.0,24,0.0189793262514,122.786893008,26.5854332302,99.7577880213,0.51737369082,2.59714256513
MLCC_C005887,MLCC_B002,MLCC_X7R,leakage_ua,0.25,SIM_X7R_100N_50V,FICTIONAL-MLCC-02,100,50,0805,X7R,45.6771751333,0.913543502666,49.292016065,52.0510311651,TESTER_3,12,175,synthetic,True,mlcc-synthetic-1.0.0,0,0.0230746978154,122.846556733,26.5854332302,99.2683844474,0.587056537339,2.13619335167
MLCC_C005887,MLCC_B002,MLCC_X7R,leakage_ua,0.25,SIM_X7R_100N_50V,FICTIONAL-MLCC-02,100,50,0805,X7R,45.6771751333,0.913543502666,49.292016065,52.0510311651,TESTER_3,12,175,synthetic,True,mlcc-synthetic-1.0.0,24,0.0193846531437,122.847702289,26.5854332302,99.0568317338,0.529678135041,2.54283714542
MLCC_C005898,MLCC_B002,MLCC_X7R,leakage_ua,0.25,SIM_X7R_100N_50V,FICTIONAL-MLCC-02,100,50,0805,X7R,45.6771751333,0.913543502666,49.292016065,69.7878419101,TESTER_3,11,88,synthetic,True,mlcc-synthetic-1.0.0,0,0.0140648993608,122.789421746,26.5854332302,95.362417354,0.790887575361,3.50461207013
MLCC_C005898,MLCC_B002,MLCC_X7R,leakage_ua,0.25,SIM_X7R_100N_50V,FICTIONAL-MLCC-02,100,50,0805,X7R,45.6771751333,0.913543502666,49.292016065,69.7878419101,TESTER_3,11,88,synthetic,True,mlcc-synthetic-1.0.0,24,0.0133007610717,122.924174407,26.5854332302,94.8953782297,0.746981481793,3.70595455398
MLCC_C005909,MLCC_B002,MLCC_X7R,leakage_ua,0.25,SIM_X7R_100N_50V,FICTIONAL-MLCC-02,100,50,0805,X7R,45.6771751333,0.913543502666,49.292016065,23.1267105189,TESTER_3,14,41,synthetic,True,mlcc-synthetic-1.0.0,0,0.0294441734904,122.792712666,26.5854332302,101.478649843,0.641823475695,1.67408387541
MLCC_C005909,MLCC_B002,MLCC_X7R,leakage_ua,0.25,SIM_X7R_100N_50V,FICTIONAL-MLCC-02,100,50,0805,X7R,45.6771751333,0.913543502666,49.292016065,23.1267105189,TESTER_3,14,41,synthetic,True,mlcc-synthetic-1.0.0,24,0.0230510402017,122.66291943,26.5854332302,100.717960124,0.718459267294,2.13838575759
MLCC_C005917,MLCC_B002,MLCC_X7R,leakage_ua,0.25,SIM_X7R_100N_50V,FICTIONAL-MLCC-02,100,50,0805,X7R,45.6771751333,0.913543502666,49.292016065,74.6122810133,TESTER_3,6,149,synthetic,True,mlcc-synthetic-1.0.0,0,0.0346152846719,122.658892856,26.5854332302,106.919393391,0.557765324249,1.42399568665
MLCC_C005917,MLCC_B002,MLCC_X7R,leakage_ua,0.25,SIM_X7R_100N_50V,FICTIONAL-MLCC-02,100,50,0805,X7R,45.6771751333,0.913543502666,49.292016065,74.6122810133,TESTER_3,6,149,synthetic,True,mlcc-synthetic-1.0.0,24,0.0313018159775,123.056931548,26.5854332302,105.481634787,0.556112249391,1.57473343081
MLCC_C006147,MLCC_B002,MLCC_X7R,leakage_ua,0.25,SIM_X7R_100N_50V,FICTIONAL-MLCC-02,100,50,0805,X7R,45.6771751333,0.913543502666,49.292016065,47.3710984588,TESTER_3,3,49,synthetic,True,mlcc-synthetic-1.0.0,0,0.0377028271842,122.683995307,26.5854332302,105.349778303,1.03338804325,1.30738248949
MLCC_C006147,MLCC_B002,MLCC_X7R,leakage_ua,0.25,SIM_X7R_100N_50V,FICTIONAL-MLCC-02,100,50,0805,X7R,45.6771751333,0.913543502666,49.292016065,47.3710984588,TESTER_3,3,49,synthetic,True,mlcc-synthetic-1.0.0,24,0.0400235383889,122.984565063,26.5854332302,105.210400717,1.07874088125,1.23157566895
MLCC_C006369,MLCC_B002,MLCC_X7R,leakage_ua,0.25,SIM_X7R_100N_50V,FICTIONAL-MLCC-02,100,50,0805,X7R,45.6771751333,0.913543502666,49.292016065,52.6881847689,TESTER_3,14,140,synthetic,True,mlcc-synthetic-1.0.0,0,0.0328853668583,122.817017922,26.5854332302,102.76923961,0.652215799808,1.49890424752
MLCC_C006369,MLCC_B002,MLCC_X7R,leakage_ua,0.25,SIM_X7R_100N_50V,FICTIONAL-MLCC-02,100,50,0805,X7R,45.6771751333,0.913543502666,49.292016065,52.6881847689,TESTER_3,14,140,synthetic,True,mlcc-synthetic-1.0.0,24,0.0285070597277,122.700506981,26.5854332302,102.486126069,0.659303194903,1.72911610443
MLCC_C006373,MLCC_B002,MLCC_X7R,leakage_ua,0.25,SIM_X7R_100N_50V,FICTIONAL-MLCC-02,100,50,0805,X7R,45.6771751333,0.913543502666,49.292016065,47.7546452797,TESTER_3,3,183,synthetic,True,mlcc-synthetic-1.0.0,0,0.0273572176052,122.846356331,26.5854332302,100.163627151,0.564560615216,1.80179200883
MLCC_C006373,MLCC_B002,MLCC_X7R,leakage_ua,0.25,SIM_X7R_100N_50V,FICTIONAL-MLCC-02,100,50,0805,X7R,45.6771751333,0.913543502666,49.292016065,47.7546452797,TESTER_3,3,183,synthetic,True,mlcc-synthetic-1.0.0,24,0.0259157809916,122.665214536,26.5854332302,99.9500499254,0.510125797851,1.90200774119
MLCC_C006427,MLCC_B002,MLCC_X7R,leakage_ua,0.25,SIM_X7R_100N_50V,FICTIONAL-MLCC-02,100,50,0805,X7R,45.6771751333,0.913543502666,49.292016065,44.9330158211,TESTER_3,11,124,synthetic,True,mlcc-synthetic-1.0.0,0,0.0333127249192,122.917029275,26.5854332302,109.250977842,0.698173592116,1.47967529479
MLCC_C006427,MLCC_B002,MLCC_X7R,leakage_ua,0.25,SIM_X7R_100N_50V,FICTIONAL-MLCC-02,100,50,0805,X7R,45.6771751333,0.913543502666,49.292016065,44.9330158211,TESTER_3,11,124,synthetic,True,mlcc-synthetic-1.0.0,24,0.0287998788429,122.818880812,26.5854332302,108.16676153,0.662528206536,1.71153553575
MLCC_C006431,MLCC_B002,MLCC_X7R,leakage_ua,0.25,SIM_X7R_100N_50V,FICTIONAL-MLCC-02,100,50,0805,X7R,45.6771751333,0.913543502666,49.292016065,60.4947082269,TESTER_3,7,126,synthetic,True,mlcc-synthetic-1.0.0,0,0.0322414213424,122.984655872,26.5854332302,99.8349772889,0.801951417414,1.52884128592
MLCC_C006431,MLCC_B002,MLCC_X7R,leakage_ua,0.25,SIM_X7R_100N_50V,FICTIONAL-MLCC-02,100,50,0805,X7R,45.6771751333,0.913543502666,49.292016065,60.4947082269,TESTER_3,7,126,synthetic,True,mlcc-synthetic-1.0.0,24,0.0275358048621,122.547122575,26.5854332302,99.6548232619,0.667247587432,1.79010623847
MLCC_C006482,MLCC_B002,MLCC_X7R,leakage_ua,0.25,SIM_X7R_100N_50V,FICTIONAL-MLCC-02,100,50,0805,X7R,45.6771751333,0.913543502666,49.292016065,71.659986647,TESTER_3,5,65,synthetic,True,mlcc-synthetic-1.0.0,0,0.0537321232081,122.815056058,26.5854332302,95.1286449638,0.654510781375,0.91736587207
MLCC_C006482,MLCC_B002,MLCC_X7R,leakage_ua,0.25,SIM_X7R_100N_50V,FICTIONAL-MLCC-02,100,50,0805,X7R,45.6771751333,0.913543502666,49.292016065,71.659986647,TESTER_3,5,65,synthetic,True,mlcc-synthetic-1.0.0,24,0.0473987295426,123.210509163,26.5854332302,95.3983511744,0.677542568669,1.03994382425
MLCC_C006491,MLCC_B002,MLCC_X7R,leakage_ua,0.25,SIM_X7R_100N_50V,FICTIONAL-MLCC-02,100,50,0805,X7R,45.6771751333,0.913543502666,49.292016065,51.797851701,TESTER_3,11,200,synthetic,True,mlcc-synthetic-1.0.0,0,0.0300688348739,122.685393081,26.5854332302,105.48706945,0.904427092523,1.63930582185
MLCC_C006491,MLCC_B002,MLCC_X7R,leakage_ua,0.25,SIM_X7R_100N_50V,FICTIONAL-MLCC-02,100,50,0805,X7R,45.6771751333,0.913543502666,49.292016065,51.797851701,TESTER_3,11,200,synthetic,True,mlcc-synthetic-1.0.0,24,0.0295957845667,122.952714205,26.5854332302,105.261568855,0.878701625806,1.66550800348
MLCC_C006525,MLCC_B002,MLCC_X7R,leakage_ua,0.25,SIM_X7R_100N_50V,FICTIONAL-MLCC-02,100,50,0805,X7R,45.6771751333,0.913543502666,49.292016065,72.5690577857,TESTER_3,6,151,synthetic,True,mlcc-synthetic-1.0.0,0,0.0289608895482,122.710499535,26.5854332302,101.585725221,0.742953188053,1.70202009793
MLCC_C006525,MLCC_B002,MLCC_X7R,leakage_ua,0.25,SIM_X7R_100N_50V,FICTIONAL-MLCC-02,100,50,0805,X7R,45.6771751333,0.913543502666,49.292016065,72.5690577857,TESTER_3,6,151,synthetic,True,mlcc-synthetic-1.0.0,24,0.0275094575048,123.000330499,26.5854332302,100.931311996,0.778806166061,1.79182072406
MLCC_C006632,MLCC_B002,MLCC_X7R,leakage_ua,0.25,SIM_X7R_100N_50V,FICTIONAL-MLCC-02,100,50,0805,X7R,45.6771751333,0.913543502666,49.292016065,65.7094115291,TESTER_3,12,161,synthetic,True,mlcc-synthetic-1.0.0,0,0.0261212984201,122.689915878,26.5854332302,93.2439471879,0.621603233414,1.88704310453
MLCC_C006632,MLCC_B002,MLCC_X7R,leakage_ua,0.25,SIM_X7R_100N_50V,FICTIONAL-MLCC-02,100,50,0805,X7R,45.6771751333,0.913543502666,49.292016065,65.7094115291,TESTER_3,12,161,synthetic,True,mlcc-synthetic-1.0.0,24,0.0231230647834,122.724012703,26.5854332302,93.2602711492,0.669922040931,2.13172503415
MLCC_C006654,MLCC_B002,MLCC_X7R,leakage_ua,0.25,SIM_X7R_100N_50V,FICTIONAL-MLCC-02,100,50,0805,X7R,45.6771751333,0.913543502666,49.292016065,49.2054702192,TESTER_3,16,29,synthetic,True,mlcc-synthetic-1.0.0,0,0.0230626498812,122.829472745,26.5854332302,95.4084234309,0.513250156103,2.13730929962
MLCC_C006654,MLCC_B002,MLCC_X7R,leakage_ua,0.25,SIM_X7R_100N_50V,FICTIONAL-MLCC-02,100,50,0805,X7R,45.6771751333,0.913543502666,49.292016065,49.2054702192,TESTER_3,16,29,synthetic,True,mlcc-synthetic-1.0.0,24,0.0186641386522,122.713585938,26.5854332302,94.4944263811,0.459480867304,2.64100138685
MLCC_C006656,MLCC_B002,MLCC_X7R,leakage_ua,0.25,SIM_X7R_100N_50V,FICTIONAL-MLCC-02,100,50,0805,X7R,45.6771751333,0.913543502666,49.292016065,57.5627900734,TESTER_3,13,74,synthetic,True,mlcc-synthetic-1.0.0,0,0.0357898320927,122.810432778,26.5854332302,98.4326573204,0.821890709531,1.37726312706
MLCC_C006656,MLCC_B002,MLCC_X7R,leakage_ua,0.25,SIM_X7R_100N_50V,FICTIONAL-MLCC-02,100,50,0805,X7R,45.6771751333,0.913543502666,49.292016065,57.5627900734,TESTER_3,13,74,synthetic,True,mlcc-synthetic-1.0.0,24,0.0306429752925,122.79730832,26.5854332302,98.0418138629,0.706622049612,1.60859105862
MLCC_C006688,MLCC_B002,MLCC_X7R,leakage_ua,0.25,SIM_X7R_100N_50V,FICTIONAL-MLCC-02,100,50,0805,X7R,45.6771751333,0.913543502666,49.292016065,36.3465062143,TESTER_3,7,159,synthetic,True,mlcc-synthetic-1.0.0,0,0.0204405437501,122.754689926,26.5854332302,103.374477907,0.477542226639,2.41148262334
MLCC_C006688,MLCC_B002,MLCC_X7R,leakage_ua,0.25,SIM_X7R_100N_50V,FICTIONAL-MLCC-02,100,50,0805,X7R,45.6771751333,0.913543502666,49.292016065,36.3465062143,TESTER_3,7,159,synthetic,True,mlcc-synthetic-1.0.0,24,0.019479890865,122.585433149,26.5854332302,103.056215974,0.400932153875,2.5304051448
MLCC_C006696,MLCC_B002,MLCC_X7R,leakage_ua,0.25,SIM_X7R_100N_50V,FICTIONAL-MLCC-02,100,50,0805,X7R,45.6771751333,0.913543502666,49.292016065,58.5283110268,TESTER_3,16,27,synthetic,True,mlcc-synthetic-1.0.0,0,0.0360463081507,122.64598909,26.5854332302,99.4936487291,0.673651789705,1.36746364867
MLCC_C006696,MLCC_B002,MLCC_X7R,leakage_ua,0.25,SIM_X7R_100N_50V,FICTIONAL-MLCC-02,100,50,0805,X7R,45.6771751333,0.913543502666,49.292016065,58.5283110268,TESTER_3,16,27,synthetic,True,mlcc-synthetic-1.0.0,24,0.0321823471091,122.799560928,26.5854332302,98.6365664786,0.638363422698,1.53164764204
MLCC_C006775,MLCC_B002,MLCC_X7R,leakage_ua,0.25,SIM_X7R_100N_50V,FICTIONAL-MLCC-02,100,50,0805,X7R,45.6771751333,0.913543502666,49.292016065,54.187417368,TESTER_3,9,11,synthetic,True,mlcc-synthetic-1.0.0,0,0.0336097190732,122.924322061,26.5854332302,98.5831061683,1.09367051382,1.46660006166
MLCC_C006775,MLCC_B002,MLCC_X7R,leakage_ua,0.25,SIM_X7R_100N_50V,FICTIONAL-MLCC-02,100,50,0805,X7R,45.6771751333,0.913543502666,49.292016065,54.187417368,TESTER_3,9,11,synthetic,True,mlcc-synthetic-1.0.0,24,0.0310516659827,122.794805662,26.5854332302,98.3062175172,1.07360887746,1.58741937043
MLCC_C006801,MLCC_B002,MLCC_X7R,leakage_ua,0.25,SIM_X7R_100N_50V,FICTIONAL-MLCC-02,100,50,0805,X7R,45.6771751333,0.913543502666,49.292016065,48.6608609748,TESTER_3,1,132,synthetic,True,mlcc-synthetic-1.0.0,0,0.0307574033822,122.682893716,26.5854332302,96.2477766716,0.493857914081,1.60260654817
MLCC_C006801,MLCC_B002,MLCC_X7R,leakage_ua,0.25,SIM_X7R_100N_50V,FICTIONAL-MLCC-02,100,50,0805,X7R,45.6771751333,0.913543502666,49.292016065,48.6608609748,TESTER_3,1,132,synthetic,True,mlcc-synthetic-1.0.0,24,0.02677755583,122.485692534,26.5854332302,95.8191677701,0.560452035051,1.84079594037
MLCC_C006808,MLCC_B002,MLCC_X7R,leakage_ua,0.25,SIM_X7R_100N_50V,FICTIONAL-MLCC-02,100,50,0805,X7R,45.6771751333,0.913543502666,49.292016065,64.3361302509,TESTER_3,1,55,synthetic,True,mlcc-synthetic-1.0.0,0,0.0279869009218,122.834277103,26.5854332302,99.373686642,0.899785136594,1.76125310204
MLCC_C006808,MLCC_B002,MLCC_X7R,leakage_ua,0.25,SIM_X7R_100N_50V,FICTIONAL-MLCC-02,100,50,0805,X7R,45.6771751333,0.913543502666,49.292016065,64.3361302509,TESTER_3,1,55,synthetic,True,mlcc-synthetic-1.0.0,24,0.0258560084145,122.854208016,26.5854332302,99.3028110536,0.988078999146,1.90640470388
MLCC_C007033,MLCC_B002,MLCC_X7R,leakage_ua,0.25,SIM_X7R_100N_50V,FICTIONAL-MLCC-02,100,50,0805,X7R,45.6771751333,0.913543502666,49.292016065,59.422020559,TESTER_3,12,103,synthetic,True,mlcc-synthetic-1.0.0,0,0.0425881739752,122.56228933,26.5854332302,102.2892514,0.576301867455,1.15741088345
MLCC_C007033,MLCC_B002,MLCC_X7R,leakage_ua,0.25,SIM_X7R_100N_50V,FICTIONAL-MLCC-02,100,50,0805,X7R,45.6771751333,0.913543502666,49.292016065,59.422020559,TESTER_3,12,103,synthetic,True,mlcc-synthetic-1.0.0,24,0.0349423172993,122.679653586,26.5854332302,101.708838055,0.593175930203,1.4106682062
MLCC_C007077,MLCC_B002,MLCC_X7R,leakage_ua,0.25,SIM_X7R_100N_50V,FICTIONAL-MLCC-02,100,50,0805,X7R,45.6771751333,0.913543502666,49.292016065,71.6264526537,TESTER_3,4,96,synthetic,True,mlcc-synthetic-1.0.0,0,0.0398814062261,122.876214492,26.5854332302,100.177649198,0.720484752356,1.23596484501
MLCC_C007077,MLCC_B002,MLCC_X7R,leakage_ua,0.25,SIM_X7R_100N_50V,FICTIONAL-MLCC-02,100,50,0805,X7R,45.6771751333,0.913543502666,49.292016065,71.6264526537,TESTER_3,4,96,synthetic,True,mlcc-synthetic-1.0.0,24,0.0382356601006,122.57730194,26.5854332302,99.5695245793,0.774823222768,1.28916346508
MLCC_C007194,MLCC_B002,MLCC_X7R,leakage_ua,0.25,SIM_X7R_100N_50V,FICTIONAL-MLCC-02,100,50,0805,X7R,45.6771751333,0.913543502666,49.292016065,59.4053926379,TESTER_3,7,79,synthetic,True,mlcc-synthetic-1.0.0,0,0.0181078781802,123.00849242,26.5854332302,89.6043579375,0.745210673285,2.72213097385
MLCC_C007194,MLCC_B002,MLCC_X7R,leakage_ua,0.25,SIM_X7R_100N_50V,FICTIONAL-MLCC-02,100,50,0805,X7R,45.6771751333,0.913543502666,49.292016065,59.4053926379,TESTER_3,7,79,synthetic,True,mlcc-synthetic-1.0.0,24,0.0169946694474,122.740561928,26.5854332302,89.3165162588,0.809908385122,2.90043982424
MLCC_C007210,MLCC_B002,MLCC_X7R,leakage_ua,0.25,SIM_X7R_100N_50V,FICTIONAL-MLCC-02,100,50,0805,X7R,45.6771751333,0.913543502666,49.292016065,59.9248810391,TESTER_3,14,92,synthetic,True,mlcc-synthetic-1.0.0,0,0.0295641329531,122.828188475,26.5854332302,97.7418845044,0.481743304407,1.66729111059
MLCC_C007210,MLCC_B002,MLCC_X7R,leakage_ua,0.25,SIM_X7R_100N_50V,FICTIONAL-MLCC-02,100,50,0805,X7R,45.6771751333,0.913543502666,49.292016065,59.9248810391,TESTER_3,14,92,synthetic,True,mlcc-synthetic-1.0.0,24,0.0285050864741,122.799060587,26.5854332302,96.7227721067,0.428961632079,1.72923580182
MLCC_C007325,MLCC_B002,MLCC_X7R,leakage_ua,0.25,SIM_X7R_100N_50V,FICTIONAL-MLCC-02,100,50,0805,X7R,45.6771751333,0.913543502666,49.292016065,65.0959930403,TESTER_3,1,9,synthetic,True,mlcc-synthetic-1.0.0,0,0.0299532291389,122.817032124,26.5854332302,104.048356415,0.51196097727,1.64563279092
MLCC_C007325,MLCC_B002,MLCC_X7R,leakage_ua,0.25,SIM_X7R_100N_50V,FICTIONAL-MLCC-02,100,50,0805,X7R,45.6771751333,0.913543502666,49.292016065,65.0959930403,TESTER_3,1,9,synthetic,True,mlcc-synthetic-1.0.0,24,0.0448693555615,122.720698244,26.5854332302,103.161034231,0.521364963496,1.09856750667
MLCC_C007333,MLCC_B002,MLCC_X7R,leakage_ua,0.25,SIM_X7R_100N_50V,FICTIONAL-MLCC-02,100,50,0805,X7R,45.6771751333,0.913543502666,49.292016065,62.6184632449,TESTER_3,6,5,synthetic,True,mlcc-synthetic-1.0.0,0,0.0423049961831,122.768267006,26.5854332302,93.3597219376,0.870835892591,1.16515826763
MLCC_C007333,MLCC_B002,MLCC_X7R,leakage_ua,0.25,SIM_X7R_100N_50V,FICTIONAL-MLCC-02,100,50,0805,X7R,45.6771751333,0.913543502666,49.292016065,62.6184632449,TESTER_3,6,5,synthetic,True,mlcc-synthetic-1.0.0,24,0.0394286678068,122.922400967,26.5854332302,92.1181709783,0.864523264468,1.25015677188
MLCC_C007377,MLCC_B002,MLCC_X7R,leakage_ua,0.25,SIM_X7R_100N_50V,FICTIONAL-MLCC-02,100,50,0805,X7R,45.6771751333,0.913543502666,49.292016065,53.0897314963,TESTER_3,3,20,synthetic,True,mlcc-synthetic-1.0.0,0,0.0429796589525,123.036289475,26.5854332302,103.217133643,0.468452562509,1.1468684784
MLCC_C007377,MLCC_B002,MLCC_X7R,leakage_ua,0.25,SIM_X7R_100N_50V,FICTIONAL-MLCC-02,100,50,0805,X7R,45.6771751333,0.913543502666,49.292016065,53.0897314963,TESTER_3,3,20,synthetic,True,mlcc-synthetic-1.0.0,24,0.0377845457644,122.849187204,26.5854332302,102.994004763,0.509281734108,1.30455494615
MLCC_C007433,MLCC_B002,MLCC_X7R,leakage_ua,0.25,SIM_X7R_100N_50V,FICTIONAL-MLCC-02,100,50,0805,X7R,45.6771751333,0.913543502666,49.292016065,53.2240649275,TESTER_3,5,135,synthetic,True,mlcc-synthetic-1.0.0,0,0.0430819144966,122.634430264,26.5854332302,100.4277623,0.432109613635,1.14414636956
MLCC_C007433,MLCC_B002,MLCC_X7R,leakage_ua,0.25,SIM_X7R_100N_50V,FICTIONAL-MLCC-02,100,50,0805,X7R,45.6771751333,0.913543502666,49.292016065,53.2240649275,TESTER_3,5,135,synthetic,True,mlcc-synthetic-1.0.0,24,0.0402032118909,122.816724223,26.5854332302,100.326078613,0.487282028985,1.22607159345
MLCC_C007640,MLCC_B002,MLCC_X7R,leakage_ua,0.25,SIM_X7R_100N_50V,FICTIONAL-MLCC-02,100,50,0805,X7R,45.6771751333,0.913543502666,49.292016065,52.70033842,TESTER_3,8,147,synthetic,True,mlcc-synthetic-1.0.0,0,0.0543105038157,122.578047883,26.5854332302,100.469264397,0.640409344512,0.907596369061
MLCC_C007640,MLCC_B002,MLCC_X7R,leakage_ua,0.25,SIM_X7R_100N_50V,FICTIONAL-MLCC-02,100,50,0805,X7R,45.6771751333,0.913543502666,49.292016065,52.70033842,TESTER_3,8,147,synthetic,True,mlcc-synthetic-1.0.0,24,0.0453395956025,122.931130534,26.5854332302,99.8569626805,0.557131876812,1.08717370347
MLCC_C007714,MLCC_B002,MLCC_X7R,leakage_ua,0.25,SIM_X7R_100N_50V,FICTIONAL-MLCC-02,100,50,0805,X7R,45.6771751333,0.913543502666,49.292016065,46.5796463949,TESTER_3,12,94,synthetic,True,mlcc-synthetic-1.0.0,0,0.0379017433588,122.697200894,26.5854332302,101.122545876,0.675115806781,1.30052107626
MLCC_C007714,MLCC_B002,MLCC_X7R,leakage_ua,0.25,SIM_X7R_100N_50V,FICTIONAL-MLCC-02,100,50,0805,X7R,45.6771751333,0.913543502666,49.292016065,46.5796463949,TESTER_3,12,94,synthetic,True,mlcc-synthetic-1.0.0,24,0.0323331225412,122.979871505,26.5854332302,100.895157916,0.685007083147,1.52450528099
MLCC_C007782,MLCC_B002,MLCC_X7R,leakage_ua,0.25,SIM_X7R_100N_50V,FICTIONAL-MLCC-02,100,50,0805,X7R,45.6771751333,0.913543502666,49.292016065,65.8360034813,TESTER_3,14,17,synthetic,True,mlcc-synthetic-1.0.0,0,0.0269117969056,123.059285961,26.5854332302,107.09690625,0.790601789519,1.83161370599
MLCC_C007782,MLCC_B002,MLCC_X7R,leakage_ua,0.25,SIM_X7R_100N_50V,FICTIONAL-MLCC-02,100,50,0805,X7R,45.6771751333,0.913543502666,49.292016065,65.8360034813,TESTER_3,14,17,synthetic,True,mlcc-synthetic-1.0.0,24,0.0259534164911,123.02796063,26.5854332302,105.788287719,0.876172024747,1.89924960677
MLCC_C007793,MLCC_B002,MLCC_X7R,leakage_ua,0.25,SIM_X7R_100N_50V,FICTIONAL-MLCC-02,100,50,0805,X7R,45.6771751333,0.913543502666,49.292016065,65.4555633132,TESTER_3,13,8,synthetic,True,mlcc-synthetic-1.0.0,0,0.0306090486122,122.711238139,26.5854332302,103.952262904,0.736889796834,1.6103740005
MLCC_C007793,MLCC_B002,MLCC_X7R,leakage_ua,0.25,SIM_X7R_100N_50V,FICTIONAL-MLCC-02,100,50,0805,X7R,45.6771751333,0.913543502666,49.292016065,65.4555633132,TESTER_3,13,8,synthetic,True,mlcc-synthetic-1.0.0,24,0.027245606098,122.764798682,26.5854332302,103.552936665,0.74925199851,1.80917304199
MLCC_C007850,MLCC_B002,MLCC_X7R,leakage_ua,0.25,SIM_X7R_100N_50V,FICTIONAL-MLCC-02,100,50,0805,X7R,45.6771751333,0.913543502666,49.292016065,30.937343762,TESTER_3,2,109,synthetic,True,mlcc-synthetic-1.0.0,0,0.0334548366424,122.858297881,26.5854332302,97.1038477205,0.526391372815,1.47338982975
MLCC_C007850,MLCC_B002,MLCC_X7R,leakage_ua,0.25,SIM_X7R_100N_50V,FICTIONAL-MLCC-02,100,50,0805,X7R,45.6771751333,0.913543502666,49.292016065,30.937343762,TESTER_3,2,109,synthetic,True,mlcc-synthetic-1.0.0,24,0.028745587109,122.478546627,26.5854332302,97.2093935449,0.535375390506,1.71476810956
MLCC_C007915,MLCC_B002,MLCC_X7R,leakage_ua,0.25,SIM_X7R_100N_50V,FICTIONAL-MLCC-02,100,50,0805,X7R,45.6771751333,0.913543502666,49.292016065,47.5614441717,TESTER_3,7,113,synthetic,True,mlcc-synthetic-1.0.0,0,0.0481439122898,122.699503529,26.5854332302,98.0572047014,0.5642203541,1.02384733024
MLCC_C007915,MLCC_B002,MLCC_X7R,leakage_ua,0.25,SIM_X7R_100N_50V,FICTIONAL-MLCC-02,100,50,0805,X7R,45.6771751333,0.913543502666,49.292016065,47.5614441717,TESTER_3,7,113,synthetic,True,mlcc-synthetic-1.0.0,24,0.0402684139668,122.581937275,26.5854332302,98.0495876517,0.577119346916,1.22408635477
MLCC_C007966,MLCC_B002,MLCC_X7R,leakage_ua,0.25,SIM_X7R_100N_50V,FICTIONAL-MLCC-02,100,50,0805,X7R,45.6771751333,0.913543502666,49.292016065,57.5024155504,TESTER_3,15,85,synthetic,True,mlcc-synthetic-1.0.0,0,0.0329232167302,122.503601008,26.5854332302,102.484662323,0.803042714771,1.4971810461
MLCC_C007966,MLCC_B002,MLCC_X7R,leakage_ua,0.25,SIM_X7R_100N_50V,FICTIONAL-MLCC-02,100,50,0805,X7R,45.6771751333,0.913543502666,49.292016065,57.5024155504,TESTER_3,15,85,synthetic,True,mlcc-synthetic-1.0.0,24,0.0305022137685,123.075351526,26.5854332302,102.031430112,0.75725188337,1.61601437978
MLCC_C008028,MLCC_B002,MLCC_X7R,leakage_ua,0.25,SIM_X7R_100N_50V,FICTIONAL-MLCC-02,100,50,0805,X7R,45.6771751333,0.913543502666,49.292016065,58.5511790244,TESTER_3,13,122,synthetic,True,mlcc-synthetic-1.0.0,0,0.0458540302815,123.072857447,26.5854332302,95.9096105035,1.08187912722,1.07497674168
MLCC_C008028,MLCC_B002,MLCC_X7R,leakage_ua,0.25,SIM_X7R_100N_50V,FICTIONAL-MLCC-02,100,50,0805,X7R,45.6771751333,0.913543502666,49.292016065,58.5511790244,TESTER_3,13,122,synthetic,True,mlcc-synthetic-1.0.0,24,0.0384624122006,122.646919752,26.5854332302,96.0428910122,0.975822255376,1.28156330414
MLCC_C008080,MLCC_B002,MLCC_X7R,leakage_ua,0.25,SIM_X7R_100N_50V,FICTIONAL-MLCC-02,100,50,0805,X7R,45.6771751333,0.913543502666,49.292016065,50.2050300305,TESTER_3,15,142,synthetic,True,mlcc-synthetic-1.0.0,0,0.0357042266836,122.810568682,26.5854332302,108.821947772,0.558115668342,1.38056528998
MLCC_C008080,MLCC_B002,MLCC_X7R,leakage_ua,0.25,SIM_X7R_100N_50V,FICTIONAL-MLCC-02,100,50,0805,X7R,45.6771751333,0.913543502666,49.292016065,50.2050300305,TESTER_3,15,142,synthetic,True,mlcc-synthetic-1.0.0,24,0.0321575508194,122.819390602,26.5854332302,108.632989256,0.512209468265,1.53282867659
MLCC_C008148,MLCC_B002,MLCC_X7R,leakage_ua,0.25,SIM_X7R_100N_50V,FICTIONAL-MLCC-02,100,50,0805,X7R,45.6771751333,0.913543502666,49.292016065,53.8730612832,TESTER_3,8,199,synthetic,True,mlcc-synthetic-1.0.0,0,0.0238597157952,122.814966995,26.5854332302,97.0447788368,0.517599775297,2.0659096063
MLCC_C008148,MLCC_B002,MLCC_X7R,leakage_ua,0.25,SIM_X7R_100N_50V,FICTIONAL-MLCC-02,100,50,0805,X7R,45.6771751333,0.913543502666,49.292016065,53.8730612832,TESTER_3,8,199,synthetic,True,mlcc-synthetic-1.0.0,24,0.0214754815188,122.695062879,26.5854332302,96.4881413731,0.521856874632,2.29526942256
MLCC_C008295,MLCC_B002,MLCC_X7R,leakage_ua,0.25,SIM_X7R_100N_50V,FICTIONAL-MLCC-02,100,50,0805,X7R,45.6771751333,0.913543502666,49.292016065,66.8095297098,TESTER_3,7,144,synthetic,True,mlcc-synthetic-1.0.0,0,0.0318036191246,122.722461297,26.5854332302,101.571236427,0.659540352532,1.54988700725
MLCC_C008295,MLCC_B002,MLCC_X7R,leakage_ua,0.25,SIM_X7R_100N_50V,FICTIONAL-MLCC-02,100,50,0805,X7R,45.6771751333,0.913543502666,49.292016065,66.8095297098,TESTER_3,7,144,synthetic,True,mlcc-synthetic-1.0.0,24,0.0295158366664,122.380106787,26.5854332302,101.233060108,0.686456005631,1.6700192721
MLCC_C008296,MLCC_B002,MLCC_X7R,leakage_ua,0.25,SIM_X7R_100N_50V,FICTIONAL-MLCC-02,100,50,0805,X7R,45.6771751333,0.913543502666,49.292016065,59.4121999957,TESTER_3,4,108,synthetic,True,mlcc-synthetic-1.0.0,0,0.0274303471096,122.718609915,26.5854332302,101.983538963,0.979998200721,1.79698841827
MLCC_C008296,MLCC_B002,MLCC_X7R,leakage_ua,0.25,SIM_X7R_100N_50V,FICTIONAL-MLCC-02,100,50,0805,X7R,45.6771751333,0.913543502666,49.292016065,59.4121999957,TESTER_3,4,108,synthetic,True,mlcc-synthetic-1.0.0,24,0.0225922547174,122.741963448,26.5854332302,101.246914674,0.976251668268,2.18181038952
MLCC_C008342,MLCC_B002,MLCC_X7R,leakage_ua,0.25,SIM_X7R_100N_50V,FICTIONAL-MLCC-02,100,50,0805,X7R,45.6771751333,0.913543502666,49.292016065,51.924897536,TESTER_3,1,70,synthetic,True,mlcc-synthetic-1.0.0,0,0.0431606317837,122.880872671,26.5854332302,98.5406020262,0.502222326432,1.14205965084
MLCC_C008342,MLCC_B002,MLCC_X7R,leakage_ua,0.25,SIM_X7R_100N_50V,FICTIONAL-MLCC-02,100,50,0805,X7R,45.6771751333,0.913543502666,49.292016065,51.924897536,TESTER_3,1,70,synthetic,True,mlcc-synthetic-1.0.0,24,0.0452823549156,122.76751077,26.5854332302,98.4053270894,0.459922190447,1.08854798203
MLCC_C008370,MLCC_B002,MLCC_X7R,leakage_ua,0.25,SIM_X7R_100N_50V,FICTIONAL-MLCC-02,100,50,0805,X7R,45.6771751333,0.913543502666,49.292016065,49.0901744962,TESTER_3,3,141,synthetic,True,mlcc-synthetic-1.0.0,0,0.0281907253152,122.906090411,26.5854332302,96.5337660086,0.66410891106,1.74851890165
MLCC_C008370,MLCC_B002,MLCC_X7R,leakage_ua,0.25,SIM_X7R_100N_50V,FICTIONAL-MLCC-02,100,50,0805,X7R,45.6771751333,0.913543502666,49.292016065,49.0901744962,TESTER_3,3,141,synthetic,True,mlcc-synthetic-1.0.0,24,0.0240348960808,122.801476275,26.5854332302,95.8843590721,0.550074374564,2.05085205691
MLCC_C008386,MLCC_B002,MLCC_X7R,leakage_ua,0.25,SIM_X7R_100N_50V,FICTIONAL-MLCC-02,100,50,0805,X7R,45.6771751333,0.913543502666,49.292016065,53.9811705416,TESTER_3,1,184,synthetic,True,mlcc-synthetic-1.0.0,0,0.0285663332237,122.775423634,26.5854332302,103.01230881,0.496503281286,1.72552828811
MLCC_C008386,MLCC_B002,MLCC_X7R,leakage_ua,0.25,SIM_X7R_100N_50V,FICTIONAL-MLCC-02,100,50,0805,X7R,45.6771751333,0.913543502666,49.292016065,53.9811705416,TESTER_3,1,184,synthetic,True,mlcc-synthetic-1.0.0,24,0.0318606035252,122.805915941,26.5854332302,102.536259694,0.448932958773,1.5471149511
MLCC_C008549,MLCC_B002,MLCC_X7R,leakage_ua,0.25,SIM_X7R_100N_50V,FICTIONAL-MLCC-02,100,50,0805,X7R,45.6771751333,0.913543502666,49.292016065,57.0679752377,TESTER_3,11,125,synthetic,True,mlcc-synthetic-1.0.0,0,0.0221370972746,122.639052268,26.5854332302,99.9858885878,0.798750232453,2.22667025643
MLCC_C008549,MLCC_B002,MLCC_X7R,leakage_ua,0.25,SIM_X7R_100N_50V,FICTIONAL-MLCC-02,100,50,0805,X7R,45.6771751333,0.913543502666,49.292016065,57.0679752377,TESTER_3,11,125,synthetic,True,mlcc-synthetic-1.0.0,24,0.0211340668501,122.812002342,26.5854332302,98.9821199667,0.798098714871,2.33234882877
MLCC_C008710,MLCC_B002,MLCC_X7R,leakage_ua,0.25,SIM_X7R_100N_50V,FICTIONAL-MLCC-02,100,50,0805,X7R,45.6771751333,0.913543502666,49.292016065,60.1969888268,TESTER_3,3,25,synthetic,True,mlcc-synthetic-1.0.0,0,0.029331418035,122.694173108,26.5854332302,99.3396840783,0.794833498714,1.68051936685
MLCC_C008710,MLCC_B002,MLCC_X7R,leakage_ua,0.25,SIM_X7R_100N_50V,FICTIONAL-MLCC-02,100,50,0805,X7R,45.6771751333,0.913543502666,49.292016065,60.1969888268,TESTER_3,3,25,synthetic,True,mlcc-synthetic-1.0.0,24,0.0252878538387,122.840854911,26.5854332302,99.342998862,0.785194355034,1.94923683043
MLCC_C008753,MLCC_B002,MLCC_X7R,leakage_ua,0.25,SIM_X7R_100N_50V,FICTIONAL-MLCC-02,100,50,0805,X7R,45.6771751333,0.913543502666,49.292016065,56.282743668,TESTER_3,14,106,synthetic,True,mlcc-synthetic-1.0.0,0,0.05416466734,122.994560431,26.5854332302,101.538422042,0.837602293789,0.910040040597
MLCC_C008753,MLCC_B002,MLCC_X7R,leakage_ua,0.25,SIM_X7R_100N_50V,FICTIONAL-MLCC-02,100,50,0805,X7R,45.6771751333,0.913543502666,49.292016065,56.282743668,TESTER_3,14,106,synthetic,True,mlcc-synthetic-1.0.0,24,0.0466830128813,122.814719878,26.5854332302,101.93172396,0.90404725976,1.05588763498
MLCC_C008772,MLCC_B002,MLCC_X7R,leakage_ua,0.25,SIM_X7R_100N_50V,FICTIONAL-MLCC-02,100,50,0805,X7R,45.6771751333,0.913543502666,49.292016065,68.0052465781,TESTER_3,14,119,synthetic,True,mlcc-synthetic-1.0.0,0,0.0191139348839,122.658687206,26.5854332302,104.964845834,0.667967363035,2.57885235899
MLCC_C008772,MLCC_B002,MLCC_X7R,leakage_ua,0.25,SIM_X7R_100N_50V,FICTIONAL-MLCC-02,100,50,0805,X7R,45.6771751333,0.913543502666,49.292016065,68.0052465781,TESTER_3,14,119,synthetic,True,mlcc-synthetic-1.0.0,24,0.0154666746461,122.828234891,26.5854332302,103.769047006,0.729911534417,3.1869821531
MLCC_C008987,MLCC_B002,MLCC_X7R,leakage_ua,0.25,SIM_X7R_100N_50V,FICTIONAL-MLCC-02,100,50,0805,X7R,45.6771751333,0.913543502666,49.292016065,54.4586545404,TESTER_3,8,22,synthetic,True,mlcc-synthetic-1.0.0,0,0.0497963210846,122.831271336,26.5854332302,99.7256473677,0.597015333825,0.989872645033
MLCC_C008987,MLCC_B002,MLCC_X7R,leakage_ua,0.25,SIM_X7R_100N_50V,FICTIONAL-MLCC-02,100,50,0805,X7R,45.6771751333,0.913543502666,49.292016065,54.4586545404,TESTER_3,8,22,synthetic,True,mlcc-synthetic-1.0.0,24,0.0620976845497,122.757923939,26.5854332302,99.6517200713,0.601233193991,0.793781868397
MLCC_C008992,MLCC_B002,MLCC_X7R,leakage_ua,0.25,SIM_X7R_100N_50V,FICTIONAL-MLCC-02,100,50,0805,X7R,45.6771751333,0.913543502666,49.292016065,49.8704637871,TESTER_3,5,90,synthetic,True,mlcc-synthetic-1.0.0,0,0.0281723865967,122.713379339,26.5854332302,103.616661493,0.910033429473,1.74965709404
MLCC_C008992,MLCC_B002,MLCC_X7R,leakage_ua,0.25,SIM_X7R_100N_50V,FICTIONAL-MLCC-02,100,50,0805,X7R,45.6771751333,0.913543502666,49.292016065,49.8704637871,TESTER_3,5,90,synthetic,True,mlcc-synthetic-1.0.0,24,0.0269316704975,122.857180197,26.5854332302,102.813327613,0.919512133816,1.83026210979
MLCC_C009044,MLCC_B002,MLCC_X7R,leakage_ua,0.25,SIM_X7R_100N_50V,FICTIONAL-MLCC-02,100,50,0805,X7R,45.6771751333,0.913543502666,49.292016065,57.9297946825,TESTER_3,2,196,synthetic,True,mlcc-synthetic-1.0.0,0,0.0589948546985,122.805726285,26.5854332302,102.840564247,0.733318975597,0.83553076479
MLCC_C009044,MLCC_B002,MLCC_X7R,leakage_ua,0.25,SIM_X7R_100N_50V,FICTIONAL-MLCC-02,100,50,0805,X7R,45.6771751333,0.913543502666,49.292016065,57.9297946825,TESTER_3,2,196,synthetic,True,mlcc-synthetic-1.0.0,24,0.0455436074648,122.61166535,26.5854332302,102.090814461,0.814881917389,1.08230372623
MLCC_C009068,MLCC_B002,MLCC_X7R,leakage_ua,0.25,SIM_X7R_100N_50V,FICTIONAL-MLCC-02,100,50,0805,X7R,45.6771751333,0.913543502666,49.292016065,42.9771365169,TESTER_3,4,19,synthetic,True,mlcc-synthetic-1.0.0,0,0.0618154141397,122.686692103,26.5854332302,101.634647647,0.868833691377,0.797406549013
MLCC_C009068,MLCC_B002,MLCC_X7R,leakage_ua,0.25,SIM_X7R_100N_50V,FICTIONAL-MLCC-02,100,50,0805,X7R,45.6771751333,0.913543502666,49.292016065,42.9771365169,TESTER_3,4,19,synthetic,True,mlcc-synthetic-1.0.0,24,0.0578634432611,122.900805224,26.5854332302,101.872878492,0.908800620611,0.851868006585
MLCC_C009107,MLCC_B002,MLCC_X7R,leakage_ua,0.25,SIM_X7R_100N_50V,FICTIONAL-MLCC-02,100,50,0805,X7R,45.6771751333,0.913543502666,49.292016065,38.8278697684,TESTER_3,14,86,synthetic,True,mlcc-synthetic-1.0.0,0,0.030292603802,122.891534019,26.5854332302,102.217455743,0.645875782202,1.62719640699
MLCC_C009107,MLCC_B002,MLCC_X7R,leakage_ua,0.25,SIM_X7R_100N_50V,FICTIONAL-MLCC-02,100,50,0805,X7R,45.6771751333,0.913543502666,49.292016065,38.8278697684,TESTER_3,14,86,synthetic,True,mlcc-synthetic-1.0.0,24,0.0317327247321,122.881524771,26.5854332302,101.88870738,0.606004573183,1.55334962507
MLCC_C009149,MLCC_B002,MLCC_X7R,leakage_ua,0.25,SIM_X7R_100N_50V,FICTIONAL-MLCC-02,100,50,0805,X7R,45.6771751333,0.913543502666,49.292016065,57.7848928274,TESTER_3,7,68,synthetic,True,mlcc-synthetic-1.0.0,0,0.0253082858812,123.048985103,26.5854332302,101.18483038,0.560449600274,1.94766316045
MLCC_C009149,MLCC_B002,MLCC_X7R,leakage_ua,0.25,SIM_X7R_100N_50V,FICTIONAL-MLCC-02,100,50,0805,X7R,45.6771751333,0.913543502666,49.292016065,57.7848928274,TESTER_3,7,68,synthetic,True,mlcc-synthetic-1.0.0,24,0.0236098461092,122.888552206,26.5854332302,101.610657709,0.557810024054,2.08777371258
MLCC_C009165,MLCC_B002,MLCC_X7R,leakage_ua,0.25,SIM_X7R_100N_50V,FICTIONAL-MLCC-02,100,50,0805,X7R,45.6771751333,0.913543502666,49.292016065,53.1338685805,TESTER_3,2,61,synthetic,True,mlcc-synthetic-1.0.0,0,0.0408837943066,122.868084733,26.5854332302,101.776713212,0.742612250714,1.20566148277
MLCC_C009165,MLCC_B002,MLCC_X7R,leakage_ua,0.25,SIM_X7R_100N_50V,FICTIONAL-MLCC-02,100,50,0805,X7R,45.6771751333,0.913543502666,49.292016065,53.1338685805,TESTER_3,2,61,synthetic,True,mlcc-synthetic-1.0.0,24,0.0383661308368,122.717705887,26.5854332302,102.028921194,0.747640340901,1.28477943931
MLCC_C009203,MLCC_B002,MLCC_X7R,leakage_ua,0.25,SIM_X7R_100N_50V,FICTIONAL-MLCC-02,100,50,0805,X7R,45.6771751333,0.913543502666,49.292016065,52.533931035,TESTER_3,6,127,synthetic,True,mlcc-synthetic-1.0.0,0,0.0234194562569,122.698880665,26.5854332302,94.5246068478,0.685128358433,2.10474639224
MLCC_C009203,MLCC_B002,MLCC_X7R,leakage_ua,0.25,SIM_X7R_100N_50V,FICTIONAL-MLCC-02,100,50,0805,X7R,45.6771751333,0.913543502666,49.292016065,52.533931035,TESTER_3,6,127,synthetic,True,mlcc-synthetic-1.0.0,24,0.0203803236328,122.931347059,26.5854332302,94.0769341766,0.666914022428,2.41860811207
MLCC_C009244,MLCC_B002,MLCC_X7R,leakage_ua,0.25,SIM_X7R_100N_50V,FICTIONAL-MLCC-02,100,50,0805,X7R,45.6771751333,0.913543502666,49.292016065,40.2550521892,TESTER_3,6,50,synthetic,True,mlcc-synthetic-1.0.0,0,0.0500859498977,122.761213106,26.5854332302,103.126941933,0.760346742242,0.984148571917
MLCC_C009244,MLCC_B002,MLCC_X7R,leakage_ua,0.25,SIM_X7R_100N_50V,FICTIONAL-MLCC-02,100,50,0805,X7R,45.6771751333,0.913543502666,49.292016065,40.2550521892,TESTER_3,6,50,synthetic,True,mlcc-synthetic-1.0.0,24,0.0371455457029,122.787218099,26.5854332302,102.676217397,0.705256818534,1.32699668647
MLCC_C009247,MLCC_B002,MLCC_X7R,leakage_ua,0.25,SIM_X7R_100N_50V,FICTIONAL-MLCC-02,100,50,0805,X7R,45.6771751333,0.913543502666,49.292016065,39.500111122,TESTER_3,8,60,synthetic,True,mlcc-synthetic-1.0.0,0,0.0488764279579,122.806603336,26.5854332302,104.188289798,0.577473146498,1.00850283305
MLCC_C009247,MLCC_B002,MLCC_X7R,leakage_ua,0.25,SIM_X7R_100N_50V,FICTIONAL-MLCC-02,100,50,0805,X7R,45.6771751333,0.913543502666,49.292016065,39.500111122,TESTER_3,8,60,synthetic,True,mlcc-synthetic-1.0.0,24,0.0455976306631,122.769578567,26.5854332302,104.507671959,0.575526719629,1.08102143353
MLCC_C009301,MLCC_B002,MLCC_X7R,leakage_ua,0.25,SIM_X7R_100N_50V,FICTIONAL-MLCC-02,100,50,0805,X7R,45.6771751333,0.913543502666,49.292016065,50.2588034674,TESTER_3,5,163,synthetic,True,mlcc-synthetic-1.0.0,0,0.0312818753671,122.893274346,26.5854332302,101.669940338,1.00407556563,1.57573724358
MLCC_C009301,MLCC_B002,MLCC_X7R,leakage_ua,0.25,SIM_X7R_100N_50V,FICTIONAL-MLCC-02,100,50,0805,X7R,45.6771751333,0.913543502666,49.292016065,50.2588034674,TESTER_3,5,163,synthetic,True,mlcc-synthetic-1.0.0,24,0.0281401418547,122.65304181,26.5854332302,101.781289409,0.954891972149,1.75166196104
MLCC_C009352,MLCC_B002,MLCC_X7R,leakage_ua,0.25,SIM_X7R_100N_50V,FICTIONAL-MLCC-02,100,50,0805,X7R,45.6771751333,0.913543502666,49.292016065,61.8283521615,TESTER_3,16,110,synthetic,True,mlcc-synthetic-1.0.0,0,0.0442769113339,122.707680546,26.5854332302,99.0333862368,1.16573828013,1.11326681514
MLCC_C009352,MLCC_B002,MLCC_X7R,leakage_ua,0.25,SIM_X7R_100N_50V,FICTIONAL-MLCC-02,100,50,0805,X7R,45.6771751333,0.913543502666,49.292016065,61.8283521615,TESTER_3,16,110,synthetic,True,mlcc-synthetic-1.0.0,24,0.037872594573,122.650506435,26.5854332302,98.9066405889,1.16282395987,1.30152202723
MLCC_C009364,MLCC_B002,MLCC_X7R,leakage_ua,0.25,SIM_X7R_100N_50V,FICTIONAL-MLCC-02,100,50,0805,X7R,45.6771751333,0.913543502666,49.292016065,45.9184903348,TESTER_3,5,33,synthetic,True,mlcc-synthetic-1.0.0,0,0.0464807165374,122.809316662,26.5854332302,101.935764575,0.758615087499,1.0604831366
MLCC_C009364,MLCC_B002,MLCC_X7R,leakage_ua,0.25,SIM_X7R_100N_50V,FICTIONAL-MLCC-02,100,50,0805,X7R,45.6771751333,0.913543502666,49.292016065,45.9184903348,TESTER_3,5,33,synthetic,True,mlcc-synthetic-1.0.0,24,0.0447255954617,122.708675481,26.5854332302,102.140305604,0.790866046139,1.10209859827
MLCC_C009491,MLCC_B002,MLCC_X7R,leakage_ua,0.25,SIM_X7R_100N_50V,FICTIONAL-MLCC-02,100,50,0805,X7R,45.6771751333,0.913543502666,49.292016065,41.339787955,TESTER_3,5,99,synthetic,True,mlcc-synthetic-1.0.0,0,0.0379793851693,122.643673828,26.5854332302,98.4550586485,0.611496926138,1.29786240207
MLCC_C009491,MLCC_B002,MLCC_X7R,leakage_ua,0.25,SIM_X7R_100N_50V,FICTIONAL-MLCC-02,100,50,0805,X7R,45.6771751333,0.913543502666,49.292016065,41.339787955,TESTER_3,5,99,synthetic,True,mlcc-synthetic-1.0.0,24,0.0316480751148,122.879713864,26.5854332302,97.852894497,0.663115172259,1.55750439438
MLCC_C009509,MLCC_B002,MLCC_X7R,leakage_ua,0.25,SIM_X7R_100N_50V,FICTIONAL-MLCC-02,100,50,0805,X7R,45.6771751333,0.913543502666,49.292016065,60.109298693,TESTER_3,10,76,synthetic,True,mlcc-synthetic-1.0.0,0,0.036504923061,122.768882736,26.5854332302,103.505184805,0.517918843332,1.35028406943
MLCC_C009509,MLCC_B002,MLCC_X7R,leakage_ua,0.25,SIM_X7R_100N_50V,FICTIONAL-MLCC-02,100,50,0805,X7R,45.6771751333,0.913543502666,49.292016065,60.109298693,TESTER_3,10,76,synthetic,True,mlcc-synthetic-1.0.0,24,0.0377315768819,123.086936631,26.5854332302,103.606499643,0.439717347364,1.30638632515
MLCC_C009597,MLCC_B002,MLCC_X7R,leakage_ua,0.25,SIM_X7R_100N_50V,FICTIONAL-MLCC-02,100,50,0805,X7R,45.6771751333,0.913543502666,49.292016065,47.7101095328,TESTER_3,16,82,synthetic,True,mlcc-synthetic-1.0.0,0,0.0396147642984,123.058711852,26.5854332302,97.2093703732,0.978244407808,1.2442839668
MLCC_C009597,MLCC_B002,MLCC_X7R,leakage_ua,0.25,SIM_X7R_100N_50V,FICTIONAL-MLCC-02,100,50,0805,X7R,45.6771751333,0.913543502666,49.292016065,47.7101095328,TESTER_3,16,82,synthetic,True,mlcc-synthetic-1.0.0,24,0.0368021691636,122.709116551,26.5854332302,96.3031196287,0.960860871943,1.3393780091
MLCC_C009646,MLCC_B002,MLCC_X7R,leakage_ua,0.25,SIM_X7R_100N_50V,FICTIONAL-MLCC-02,100,50,0805,X7R,45.6771751333,0.913543502666,49.292016065,55.6257465248,TESTER_3,1,158,synthetic,True,mlcc-synthetic-1.0.0,0,0.0291901519572,122.927671469,26.5854332302,99.0338959269,0.659313673757,1.68865225975
MLCC_C009646,MLCC_B002,MLCC_X7R,leakage_ua,0.25,SIM_X7R_100N_50V,FICTIONAL-MLCC-02,100,50,0805,X7R,45.6771751333,0.913543502666,49.292016065,55.6257465248,TESTER_3,1,158,synthetic,True,mlcc-synthetic-1.0.0,24,0.0263037582705,122.737174784,26.5854332302,98.8683132489,0.731122115506,1.87395335519
MLCC_C009752,MLCC_B002,MLCC_X7R,leakage_ua,0.25,SIM_X7R_100N_50V,FICTIONAL-MLCC-02,100,50,0805,X7R,45.6771751333,0.913543502666,49.292016065,43.7668305941,TESTER_3,8,170,synthetic,True,mlcc-synthetic-1.0.0,0,0.0284179007736,122.738818519,26.5854332302,101.759350767,0.721487767549,1.73454107176
MLCC_C009752,MLCC_B002,MLCC_X7R,leakage_ua,0.25,SIM_X7R_100N_50V,FICTIONAL-MLCC-02,100,50,0805,X7R,45.6771751333,0.913543502666,49.292016065,43.7668305941,TESTER_3,8,170,synthetic,True,mlcc-synthetic-1.0.0,24,0.0261387896155,122.782623732,26.5854332302,101.233162491,0.724883247446,1.885780359
MLCC_C009841,MLCC_B002,MLCC_X7R,leakage_ua,0.25,SIM_X7R_100N_50V,FICTIONAL-MLCC-02,100,50,0805,X7R,45.6771751333,0.913543502666,49.292016065,53.1258055664,TESTER_3,14,138,synthetic,True,mlcc-synthetic-1.0.0,0,0.0224441681661,122.921380179,26.5854332302,93.9750809944,0.625012712219,2.19620596763
MLCC_C009841,MLCC_B002,MLCC_X7R,leakage_ua,0.25,SIM_X7R_100N_50V,FICTIONAL-MLCC-02,100,50,0805,X7R,45.6771751333,0.913543502666,49.292016065,53.1258055664,TESTER_3,14,138,synthetic,True,mlcc-synthetic-1.0.0,24,0.0455826614315,122.496635996,26.5854332302,93.9447086469,0.559310541457,1.08137643825
MLCC_C009857,MLCC_B002,MLCC_X7R,leakage_ua,0.25,SIM_X7R_100N_50V,FICTIONAL-MLCC-02,100,50,0805,X7R,45.6771751333,0.913543502666,49.292016065,51.3404109405,TESTER_3,3,43,synthetic,True,mlcc-synthetic-1.0.0,0,0.0207317901292,122.758171402,26.5854332302,97.8798930152,0.657401567516,2.37760539528
MLCC_C009857,MLCC_B002,MLCC_X7R,leakage_ua,0.25,SIM_X7R_100N_50V,FICTIONAL-MLCC-02,100,50,0805,X7R,45.6771751333,0.913543502666,49.292016065,51.3404109405,TESTER_3,3,43,synthetic,True,mlcc-synthetic-1.0.0,24,0.0196137618406,122.871081176,26.5854332302,97.8148978329,0.66210979972,2.51313422002
MLCC_C009873,MLCC_B002,MLCC_X7R,leakage_ua,0.25,SIM_X7R_100N_50V,FICTIONAL-MLCC-02,100,50,0805,X7R,45.6771751333,0.913543502666,49.292016065,57.2978349168,TESTER_3,15,91,synthetic,True,mlcc-synthetic-1.0.0,0,0.0230874769518,122.984318053,26.5854332302,99.6402758207,1.08371851571,2.13501094848
MLCC_C009873,MLCC_B002,MLCC_X7R,leakage_ua,0.25,SIM_X7R_100N_50V,FICTIONAL-MLCC-02,100,50,0805,X7R,45.6771751333,0.913543502666,49.292016065,57.2978349168,TESTER_3,15,91,synthetic,True,mlcc-synthetic-1.0.0,24,0.0217961750404,123.087709249,26.5854332302,98.5373923848,1.1248718564,2.26149844978
MLCC_C009893,MLCC_B002,MLCC_X7R,leakage_ua,0.25,SIM_X7R_100N_50V,FICTIONAL-MLCC-02,100,50,0805,X7R,45.6771751333,0.913543502666,49.292016065,45.2092651745,TESTER_3,9,57,synthetic,True,mlcc-synthetic-1.0.0,0,0.0331395407551,122.717745943,26.5854332302,102.29001824,0.501296699403,1.48740794054
MLCC_C009893,MLCC_B002,MLCC_X7R,leakage_ua,0.25,SIM_X7R_100N_50V,FICTIONAL-MLCC-02,100,50,0805,X7R,45.6771751333,0.913543502666,49.292016065,45.2092651745,TESTER_3,9,57,synthetic,True,mlcc-synthetic-1.0.0,24,0.0329226412122,122.736755018,26.5854332302,101.234474717,0.427166489125,1.49720721819
MLCC_C010039,MLCC_B002,MLCC_X7R,leakage_ua,0.25,SIM_X7R_100N_50V,FICTIONAL-MLCC-02,100,50,0805,X7R,45.6771751333,0.913543502666,49.292016065,49.159037519,TESTER_3,10,155,synthetic,True,mlcc-synthetic-1.0.0,0,0.0309269754479,122.841051637,26.5854332302,99.8032438888,0.835625191279,1.59381948448
MLCC_C010039,MLCC_B002,MLCC_X7R,leakage_ua,0.25,SIM_X7R_100N_50V,FICTIONAL-MLCC-02,100,50,0805,X7R,45.6771751333,0.913543502666,49.292016065,49.159037519,TESTER_3,10,155,synthetic,True,mlcc-synthetic-1.0.0,24,0.0311037722409,123.066700881,26.5854332302,98.92740852,0.844998384037,1.58476006329
MLCC_C010047,MLCC_B002,MLCC_X7R,leakage_ua,0.25,SIM_X7R_100N_50V,FICTIONAL-MLCC-02,100,50,0805,X7R,45.6771751333,0.913543502666,49.292016065,53.8434907268,TESTER_3,15,93,synthetic,True,mlcc-synthetic-1.0.0,0,0.029212134209,122.78780107,26.5854332302,102.013661051,0.621370908346,1.68738154194
MLCC_C010047,MLCC_B002,MLCC_X7R,leakage_ua,0.25,SIM_X7R_100N_50V,FICTIONAL-MLCC-02,100,50,0805,X7R,45.6771751333,0.913543502666,49.292016065,53.8434907268,TESTER_3,15,93,synthetic,True,mlcc-synthetic-1.0.0,24,0.0268981517756,123.053475941,26.5854332302,101.539983233,0.645004980072,1.83254286303
MLCC_C010067,MLCC_B002,MLCC_X7R,leakage_ua,0.25,SIM_X7R_100N_50V,FICTIONAL-MLCC-02,100,50,0805,X7R,45.6771751333,0.913543502666,49.292016065,62.6242756961,TESTER_3,16,105,synthetic,True,mlcc-synthetic-1.0.0,0,0.0275086972515,122.734060527,26.5854332302,97.3109735663,0.479677936048,1.79187024432
MLCC_C010067,MLCC_B002,MLCC_X7R,leakage_ua,0.25,SIM_X7R_100N_50V,FICTIONAL-MLCC-02,100,50,0805,X7R,45.6771751333,0.913543502666,49.292016065,62.6242756961,TESTER_3,16,105,synthetic,True,mlcc-synthetic-1.0.0,24,0.0254054033335,122.754317567,26.5854332302,97.7212546363,0.450906893111,1.94021781185
MLCC_C010195,MLCC_B002,MLCC_X7R,leakage_ua,0.25,SIM_X7R_100N_50V,FICTIONAL-MLCC-02,100,50,0805,X7R,45.6771751333,0.913543502666,49.292016065,62.1413876805,TESTER_3,13,28,synthetic,True,mlcc-synthetic-1.0.0,0,0.0184126447899,122.623998197,26.5854332302,99.6553883525,0.435281494835,2.6770741861
MLCC_C010195,MLCC_B002,MLCC_X7R,leakage_ua,0.25,SIM_X7R_100N_50V,FICTIONAL-MLCC-02,100,50,0805,X7R,45.6771751333,0.913543502666,49.292016065,62.1413876805,TESTER_3,13,28,synthetic,True,mlcc-synthetic-1.0.0,24,0.021661148405,122.498520401,26.5854332302,99.4751609517,0.432207277929,2.27559569527
MLCC_C010270,MLCC_B002,MLCC_X7R,leakage_ua,0.25,SIM_X7R_100N_50V,FICTIONAL-MLCC-02,100,50,0805,X7R,45.6771751333,0.913543502666,49.292016065,57.9796416183,TESTER_3,10,72,synthetic,True,mlcc-synthetic-1.0.0,0,0.0339756950079,122.323862471,26.5854332302,96.077640973,0.562187999558,1.45080228833
MLCC_C010270,MLCC_B002,MLCC_X7R,leakage_ua,0.25,SIM_X7R_100N_50V,FICTIONAL-MLCC-02,100,50,0805,X7R,45.6771751333,0.913543502666,49.292016065,57.9796416183,TESTER_3,10,72,synthetic,True,mlcc-synthetic-1.0.0,24,0.0295365521603,122.605691726,26.5854332302,95.8717384195,0.562780559009,1.66884800221
MLCC_C010334,MLCC_B002,MLCC_X7R,leakage_ua,0.25,SIM_X7R_100N_50V,FICTIONAL-MLCC-02,100,50,0805,X7R,45.6771751333,0.913543502666,49.292016065,52.1616482962,TESTER_3,13,39,synthetic,True,mlcc-synthetic-1.0.0,0,0.0328158468105,122.73537875,26.5854332302,98.1097612589,0.976477678601,1.50207966138
MLCC_C010334,MLCC_B002,MLCC_X7R,leakage_ua,0.25,SIM_X7R_100N_50V,FICTIONAL-MLCC-02,100,50,0805,X7R,45.6771751333,0.913543502666,49.292016065,52.1616482962,TESTER_3,13,39,synthetic,True,mlcc-synthetic-1.0.0,24,0.0332606156312,122.757772785,26.5854332302,97.6295651579,1.00976899883,1.4819934968
MLCC_C010420,MLCC_B002,MLCC_X7R,leakage_ua,0.25,SIM_X7R_100N_50V,FICTIONAL-MLCC-02,100,50,0805,X7R,45.6771751333,0.913543502666,49.292016065,54.0401357218,TESTER_3,4,146,synthetic,True,mlcc-synthetic-1.0.0,0,0.0392367480995,122.89538345,26.5854332302,98.7785692001,0.736546650431,1.2562716956
MLCC_C010420,MLCC_B002,MLCC_X7R,leakage_ua,0.25,SIM_X7R_100N_50V,FICTIONAL-MLCC-02,100,50,0805,X7R,45.6771751333,0.913543502666,49.292016065,54.0401357218,TESTER_3,4,146,synthetic,True,mlcc-synthetic-1.0.0,24,0.0393687915439,122.958563681,26.5854332302,98.4204040694,0.736220244869,1.25205814382
MLCC_C010559,MLCC_B002,MLCC_X7R,leakage_ua,0.25,SIM_X7R_100N_50V,FICTIONAL-MLCC-02,100,50,0805,X7R,45.6771751333,0.913543502666,49.292016065,63.9196340373,TESTER_3,1,195,synthetic,True,mlcc-synthetic-1.0.0,0,0.0243702251545,122.958323855,26.5854332302,98.8228116279,0.67559632496,2.02263277227
MLCC_C010559,MLCC_B002,MLCC_X7R,leakage_ua,0.25,SIM_X7R_100N_50V,FICTIONAL-MLCC-02,100,50,0805,X7R,45.6771751333,0.913543502666,49.292016065,63.9196340373,TESTER_3,1,195,synthetic,True,mlcc-synthetic-1.0.0,24,0.0219234724354,122.932192834,26.5854332302,97.7991830854,0.730829100046,2.24836718774
MLCC_C010582,MLCC_B002,MLCC_X7R,leakage_ua,0.25,SIM_X7R_100N_50V,FICTIONAL-MLCC-02,100,50,0805,X7R,45.6771751333,0.913543502666,49.292016065,68.013145487,TESTER_3,9,7,synthetic,True,mlcc-synthetic-1.0.0,0,0.065239878863,122.585771587,26.5854332302,95.5042240209,0.834522028311,0.755550392245
MLCC_C010582,MLCC_B002,MLCC_X7R,leakage_ua,0.25,SIM_X7R_100N_50V,FICTIONAL-MLCC-02,100,50,0805,X7R,45.6771751333,0.913543502666,49.292016065,68.013145487,TESTER_3,9,7,synthetic,True,mlcc-synthetic-1.0.0,24,0.0435520342895,122.629659686,26.5854332302,95.385578345,0.817537713386,1.13179595096
MLCC_C010619,MLCC_B002,MLCC_X7R,leakage_ua,0.25,SIM_X7R_100N_50V,FICTIONAL-MLCC-02,100,50,0805,X7R,45.6771751333,0.913543502666,49.292016065,57.3814555642,TESTER_3,10,16,synthetic,True,mlcc-synthetic-1.0.0,0,0.0290849059136,122.841563388,26.5854332302,101.071571488,0.69156411254,1.69476278216
MLCC_C010619,MLCC_B002,MLCC_X7R,leakage_ua,0.25,SIM_X7R_100N_50V,FICTIONAL-MLCC-02,100,50,0805,X7R,45.6771751333,0.913543502666,49.292016065,57.3814555642,TESTER_3,10,16,synthetic,True,mlcc-synthetic-1.0.0,24,0.0279490141637,122.885183293,26.5854332302,100.943763951,0.692015627539,1.76364059842
MLCC_C010680,MLCC_B002,MLCC_X7R,leakage_ua,0.25,SIM_X7R_100N_50V,FICTIONAL-MLCC-02,100,50,0805,X7R,45.6771751333,0.913543502666,49.292016065,60.4213876162,TESTER_3,9,153,synthetic,True,mlcc-synthetic-1.0.0,0,0.0204731002539,122.968642913,26.5854332302,101.544289591,0.654818306964,2.4076478625
MLCC_C010680,MLCC_B002,MLCC_X7R,leakage_ua,0.25,SIM_X7R_100N_50V,FICTIONAL-MLCC-02,100,50,0805,X7R,45.6771751333,0.913543502666,49.292016065,60.4213876162,TESTER_3,9,153,synthetic,True,mlcc-synthetic-1.0.0,24,0.0221971718729,122.698956672,26.5854332302,100.659906662,0.640545752707,2.22064397875
MLCC_C010705,MLCC_B002,MLCC_X7R,leakage_ua,0.25,SIM_X7R_100N_50V,FICTIONAL-MLCC-02,100,50,0805,X7R,45.6771751333,0.913543502666,49.292016065,58.1595166632,TESTER_3,11,193,synthetic,True,mlcc-synthetic-1.0.0,0,0.0199301819036,122.758150055,26.5854332302,98.2599368423,0.878503892413,2.47323462994
MLCC_C010705,MLCC_B002,MLCC_X7R,leakage_ua,0.25,SIM_X7R_100N_50V,FICTIONAL-MLCC-02,100,50,0805,X7R,45.6771751333,0.913543502666,49.292016065,58.1595166632,TESTER_3,11,193,synthetic,True,mlcc-synthetic-1.0.0,24,0.0186898637915,123.037097585,26.5854332302,97.8887662045,0.859911348453,2.63736625451
MLCC_C010772,MLCC_B002,MLCC_X7R,leakage_ua,0.25,SIM_X7R_100N_50V,FICTIONAL-MLCC-02,100,50,0805,X7R,45.6771751333,0.913543502666,49.292016065,56.9530232053,TESTER_3,4,148,synthetic,True,mlcc-synthetic-1.0.0,0,0.0312174605395,122.956282562,26.5854332302,101.547801658,0.91232589262,1.57898865613
MLCC_C010772,MLCC_B002,MLCC_X7R,leakage_ua,0.25,SIM_X7R_100N_50V,FICTIONAL-MLCC-02,100,50,0805,X7R,45.6771751333,0.913543502666,49.292016065,56.9530232053,TESTER_3,4,148,synthetic,True,mlcc-synthetic-1.0.0,24,0.0384346044171,122.679142462,26.5854332302,100.390942778,0.878666934281,1.28249052677
MLCC_C010824,MLCC_B002,MLCC_X7R,leakage_ua,0.25,SIM_X7R_100N_50V,FICTIONAL-MLCC-02,100,50,0805,X7R,45.6771751333,0.913543502666,49.292016065,67.9947670213,TESTER_3,12,45,synthetic,True,mlcc-synthetic-1.0.0,0,0.0250985398427,123.068242432,26.5854332302,102.994470286,0.638013430674,1.96393959067
MLCC_C010824,MLCC_B002,MLCC_X7R,leakage_ua,0.25,SIM_X7R_100N_50V,FICTIONAL-MLCC-02,100,50,0805,X7R,45.6771751333,0.913543502666,49.292016065,67.9947670213,TESTER_3,12,45,synthetic,True,mlcc-synthetic-1.0.0,24,0.0210535423766,122.659442792,26.5854332302,102.345230479,0.704647216964,2.34126947301
MLCC_C010832,MLCC_B002,MLCC_X7R,leakage_ua,0.25,SIM_X7R_100N_50V,FICTIONAL-MLCC-02,100,50,0805,X7R,45.6771751333,0.913543502666,49.292016065,67.0916478998,TESTER_3,8,131,synthetic,True,mlcc-synthetic-1.0.0,0,0.0548696663828,122.67511195,26.5854332302,99.80780129,0.546310831507,0.898347289394
MLCC_C010832,MLCC_B002,MLCC_X7R,leakage_ua,0.25,SIM_X7R_100N_50V,FICTIONAL-MLCC-02,100,50,0805,X7R,45.6771751333,0.913543502666,49.292016065,67.0916478998,TESTER_3,8,131,synthetic,True,mlcc-synthetic-1.0.0,24,0.0831347821733,122.718810756,26.5854332302,98.9747776123,0.661718959457,0.592916884803
MLCC_C011014,MLCC_B002,MLCC_X7R,leakage_ua,0.25,SIM_X7R_100N_50V,FICTIONAL-MLCC-02,100,50,0805,X7R,45.6771751333,0.913543502666,49.292016065,51.0042490342,TESTER_3,13,102,synthetic,True,mlcc-synthetic-1.0.0,0,0.0236880225122,122.566855317,26.5854332302,96.4609621412,0.681890421133,2.0808835368
MLCC_C011014,MLCC_B002,MLCC_X7R,leakage_ua,0.25,SIM_X7R_100N_50V,FICTIONAL-MLCC-02,100,50,0805,X7R,45.6771751333,0.913543502666,49.292016065,51.0042490342,TESTER_3,13,102,synthetic,True,mlcc-synthetic-1.0.0,24,0.0235788201433,122.807270842,26.5854332302,95.5748319968,0.671374290344,2.09052088974
MLCC_C011034,MLCC_B002,MLCC_X7R,leakage_ua,0.25,SIM_X7R_100N_50V,FICTIONAL-MLCC-02,100,50,0805,X7R,45.6771751333,0.913543502666,49.292016065,44.6068018296,TESTER_3,10,112,synthetic,True,mlcc-synthetic-1.0.0,0,0.026434375416,122.910311933,26.5854332302,102.878809809,0.72387522166,1.86469380454
MLCC_C011034,MLCC_B002,MLCC_X7R,leakage_ua,0.25,SIM_X7R_100N_50V,FICTIONAL-MLCC-02,100,50,0805,X7R,45.6771751333,0.913543502666,49.292016065,44.6068018296,TESTER_3,10,112,synthetic,True,mlcc-synthetic-1.0.0,24,0.0213042179512,122.790623471,26.5854332302,103.280536886,0.75049149323,2.31372098135
MLCC_C011071,MLCC_B002,MLCC_X7R,leakage_ua,0.25,SIM_X7R_100N_50V,FICTIONAL-MLCC-02,100,50,0805,X7R,45.6771751333,0.913543502666,49.292016065,48.554652146,TESTER_3,3,171,synthetic,True,mlcc-synthetic-1.0.0,0,0.0501354212399,122.755889612,26.5854332302,99.3210101071,0.826545397518,0.983177459089
MLCC_C011071,MLCC_B002,MLCC_X7R,leakage_ua,0.25,SIM_X7R_100N_50V,FICTIONAL-MLCC-02,100,50,0805,X7R,45.6771751333,0.913543502666,49.292016065,48.554652146,TESTER_3,3,171,synthetic,True,mlcc-synthetic-1.0.0,24,0.0423956625013,122.950466276,26.5854332302,99.5269413955,0.761790326846,1.1626664889
MLCC_C011073,MLCC_B002,MLCC_X7R,leakage_ua,0.25,SIM_X7R_100N_50V,FICTIONAL-MLCC-02,100,50,0805,X7R,45.6771751333,0.913543502666,49.292016065,51.4190532823,TESTER_3,1,192,synthetic,True,mlcc-synthetic-1.0.0,0,0.0387497943195,122.723004004,26.5854332302,101.711406345,0.862403899617,1.27205877942
MLCC_C011073,MLCC_B002,MLCC_X7R,leakage_ua,0.25,SIM_X7R_100N_50V,FICTIONAL-MLCC-02,100,50,0805,X7R,45.6771751333,0.913543502666,49.292016065,51.4190532823,TESTER_3,1,192,synthetic,True,mlcc-synthetic-1.0.0,24,0.032015585437,122.86939104,26.5854332302,101.06054361,0.853956086523,1.53962563521
MLCC_C011082,MLCC_B002,MLCC_X7R,leakage_ua,0.25,SIM_X7R_100N_50V,FICTIONAL-MLCC-02,100,50,0805,X7R,45.6771751333,0.913543502666,49.292016065,56.8414854346,TESTER_3,11,152,synthetic,True,mlcc-synthetic-1.0.0,0,0.0436205378033,122.767782274,26.5854332302,98.7729083449,0.530204594427,1.13001853135
MLCC_C011082,MLCC_B002,MLCC_X7R,leakage_ua,0.25,SIM_X7R_100N_50V,FICTIONAL-MLCC-02,100,50,0805,X7R,45.6771751333,0.913543502666,49.292016065,56.8414854346,TESTER_3,11,152,synthetic,True,mlcc-synthetic-1.0.0,24,0.0373751303225,122.470408226,26.5854332302,98.1454561927,0.501563450215,1.31884532949
MLCC_C011194,MLCC_B002,MLCC_X7R,leakage_ua,0.25,SIM_X7R_100N_50V,FICTIONAL-MLCC-02,100,50,0805,X7R,45.6771751333,0.913543502666,49.292016065,57.701442229,TESTER_3,16,23,synthetic,True,mlcc-synthetic-1.0.0,0,0.0594733938764,122.601213,26.5854332302,97.4953664815,0.676046981427,0.828807855953
MLCC_C011194,MLCC_B002,MLCC_X7R,leakage_ua,0.25,SIM_X7R_100N_50V,FICTIONAL-MLCC-02,100,50,0805,X7R,45.6771751333,0.913543502666,49.292016065,57.701442229,TESTER_3,16,23,synthetic,True,mlcc-synthetic-1.0.0,24,0.0701426167996,122.852051823,26.5854332302,97.4796836334,0.66355431891,0.702739907834
MLCC_C011223,MLCC_B002,MLCC_X7R,leakage_ua,0.25,SIM_X7R_100N_50V,FICTIONAL-MLCC-02,100,50,0805,X7R,45.6771751333,0.913543502666,49.292016065,37.063044161,TESTER_3,3,10,synthetic,True,mlcc-synthetic-1.0.0,0,0.0287771795618,122.989765157,26.5854332302,102.132374656,0.57161792116,1.71288558558
MLCC_C011223,MLCC_B002,MLCC_X7R,leakage_ua,0.25,SIM_X7R_100N_50V,FICTIONAL-MLCC-02,100,50,0805,X7R,45.6771751333,0.913543502666,49.292016065,37.063044161,TESTER_3,3,10,synthetic,True,mlcc-synthetic-1.0.0,24,0.0245776979638,122.839146355,26.5854332302,101.490182769,0.580638044393,2.00555870357
MLCC_C011246,MLCC_B002,MLCC_X7R,leakage_ua,0.25,SIM_X7R_100N_50V,FICTIONAL-MLCC-02,100,50,0805,X7R,45.6771751333,0.913543502666,49.292016065,78.9126749813,TESTER_3,16,89,synthetic,True,mlcc-synthetic-1.0.0,0,0.019740189281,122.668919068,26.5854332302,97.3272766647,0.718267821214,2.49703867391
MLCC_C011246,MLCC_B002,MLCC_X7R,leakage_ua,0.25,SIM_X7R_100N_50V,FICTIONAL-MLCC-02,100,50,0805,X7R,45.6771751333,0.913543502666,49.292016065,78.9126749813,TESTER_3,16,89,synthetic,True,mlcc-synthetic-1.0.0,24,0.0210709749401,122.576225363,26.5854332302,97.1143163545,0.81382444192,2.33933248011
MLCC_C011311,MLCC_B002,MLCC_X7R,leakage_ua,0.25,SIM_X7R_100N_50V,FICTIONAL-MLCC-02,100,50,0805,X7R,45.6771751333,0.913543502666,49.292016065,69.930326505,TESTER_3,3,66,synthetic,True,mlcc-synthetic-1.0.0,0,0.0522278031032,122.82285708,26.5854332302,95.7668582649,0.646171540379,0.94378880857
MLCC_C011311,MLCC_B002,MLCC_X7R,leakage_ua,0.25,SIM_X7R_100N_50V,FICTIONAL-MLCC-02,100,50,0805,X7R,45.6771751333,0.913543502666,49.292016065,69.930326505,TESTER_3,3,66,synthetic,True,mlcc-synthetic-1.0.0,24,0.0482657547484,122.590832869,26.5854332302,95.6305239989,0.608115282925,1.02126272182
MLCC_C011331,MLCC_B002,MLCC_X7R,leakage_ua,0.25,SIM_X7R_100N_50V,FICTIONAL-MLCC-02,100,50,0805,X7R,45.6771751333,0.913543502666,49.292016065,43.4155422649,TESTER_3,16,137,synthetic,True,mlcc-synthetic-1.0.0,0,0.034741557564,122.607563402,26.5854332302,104.02169101,0.733201992164,1.41881998163
MLCC_C011331,MLCC_B002,MLCC_X7R,leakage_ua,0.25,SIM_X7R_100N_50V,FICTIONAL-MLCC-02,100,50,0805,X7R,45.6771751333,0.913543502666,49.292016065,43.4155422649,TESTER_3,16,137,synthetic,True,mlcc-synthetic-1.0.0,24,0.0325024528826,122.848377999,26.5854332302,104.081548631,0.58466405925,1.51656295735
MLCC_C011394,MLCC_B002,MLCC_X7R,leakage_ua,0.25,SIM_X7R_100N_50V,FICTIONAL-MLCC-02,100,50,0805,X7R,45.6771751333,0.913543502666,49.292016065,72.55626238,TESTER_3,5,1,synthetic,True,mlcc-synthetic-1.0.0,0,0.0153495064366,122.921303781,26.5854332302,101.785218836,0.585450098561,3.21130951465
MLCC_C011394,MLCC_B002,MLCC_X7R,leakage_ua,0.25,SIM_X7R_100N_50V,FICTIONAL-MLCC-02,100,50,0805,X7R,45.6771751333,0.913543502666,49.292016065,72.55626238,TESTER_3,5,1,synthetic,True,mlcc-synthetic-1.0.0,24,0.0955296110649,122.753253854,26.5854332302,100.816208718,0.562645798091,0.515986776409
MLCC_C011428,MLCC_B002,MLCC_X7R,leakage_ua,0.25,SIM_X7R_100N_50V,FICTIONAL-MLCC-02,100,50,0805,X7R,45.6771751333,0.913543502666,49.292016065,42.4806992153,TESTER_3,1,80,synthetic,True,mlcc-synthetic-1.0.0,0,0.0321564213732,122.834990322,26.5854332302,100.387260095,0.532531245907,1.53288251491
MLCC_C011428,MLCC_B002,MLCC_X7R,leakage_ua,0.25,SIM_X7R_100N_50V,FICTIONAL-MLCC-02,100,50,0805,X7R,45.6771751333,0.913543502666,49.292016065,42.4806992153,TESTER_3,1,80,synthetic,True,mlcc-synthetic-1.0.0,24,0.0275650145013,122.887656193,26.5854332302,100.896041386,0.584614227064,1.78820932826
MLCC_C011511,MLCC_B002,MLCC_X7R,leakage_ua,0.25,SIM_X7R_100N_50V,FICTIONAL-MLCC-02,100,50,0805,X7R,45.6771751333,0.913543502666,49.292016065,47.75726968,TESTER_3,4,15,synthetic,True,mlcc-synthetic-1.0.0,0,0.0310265015838,122.572178547,26.5854332302,104.932738948,0.738459911044,1.58870686506
MLCC_C011511,MLCC_B002,MLCC_X7R,leakage_ua,0.25,SIM_X7R_100N_50V,FICTIONAL-MLCC-02,100,50,0805,X7R,45.6771751333,0.913543502666,49.292016065,47.75726968,TESTER_3,4,15,synthetic,True,mlcc-synthetic-1.0.0,24,0.0300693227695,122.959879764,26.5854332302,104.147528935,0.668363275983,1.63927922298
MLCC_C011524,MLCC_B002,MLCC_X7R,leakage_ua,0.25,SIM_X7R_100N_50V,FICTIONAL-MLCC-02,100,50,0805,X7R,45.6771751333,0.913543502666,49.292016065,64.4014622891,TESTER_3,2,168,synthetic,True,mlcc-synthetic-1.0.0,0,0.0292545110798,122.763824938,26.5854332302,102.35871649,0.618889107488,1.68493727106
MLCC_C011524,MLCC_B002,MLCC_X7R,leakage_ua,0.25,SIM_X7R_100N_50V,FICTIONAL-MLCC-02,100,50,0805,X7R,45.6771751333,0.913543502666,49.292016065,64.4014622891,TESTER_3,2,168,synthetic,True,mlcc-synthetic-1.0.0,24,0.0268581510154,122.845578221,26.5854332302,101.687932196,0.629802674078,1.8352721316
MLCC_C011577,MLCC_B002,MLCC_X7R,leakage_ua,0.25,SIM_X7R_100N_50V,FICTIONAL-MLCC-02,100,50,0805,X7R,45.6771751333,0.913543502666,49.292016065,62.9797816367,TESTER_3,9,185,synthetic,True,mlcc-synthetic-1.0.0,0,0.0281384877382,122.804503669,26.5854332302,96.5499044385,0.97699520609,1.7517649322
MLCC_C011577,MLCC_B002,MLCC_X7R,leakage_ua,0.25,SIM_X7R_100N_50V,FICTIONAL-MLCC-02,100,50,0805,X7R,45.6771751333,0.913543502666,49.292016065,62.9797816367,TESTER_3,9,185,synthetic,True,mlcc-synthetic-1.0.0,24,0.0241920584691,123.015615009,26.5854332302,95.5611257508,0.941308752481,2.03752880839
MLCC_C011660,MLCC_B002,MLCC_X7R,leakage_ua,0.25,SIM_X7R_100N_50V,FICTIONAL-MLCC-02,100,50,0805,X7R,45.6771751333,0.913543502666,49.292016065,55.4838334351,TESTER_3,15,13,synthetic,True,mlcc-synthetic-1.0.0,0,0.0166381047389,122.908487565,26.5854332302,99.9083362273,0.859110303321,2.96259801453
MLCC_C011660,MLCC_B002,MLCC_X7R,leakage_ua,0.25,SIM_X7R_100N_50V,FICTIONAL-MLCC-02,100,50,0805,X7R,45.6771751333,0.913543502666,49.292016065,55.4838334351,TESTER_3,15,13,synthetic,True,mlcc-synthetic-1.0.0,24,0.0158583122191,122.939872352,26.5854332302,99.8949215678,0.885204022908,3.10827630229
MLCC_C011860,MLCC_B002,MLCC_X7R,leakage_ua,0.25,SIM_X7R_100N_50V,FICTIONAL-MLCC-02,100,50,0805,X7R,45.6771751333,0.913543502666,49.292016065,61.7570242899,TESTER_3,9,176,synthetic,True,mlcc-synthetic-1.0.0,0,0.0392438839406,122.760740556,26.5854332302,97.5084740484,0.600678425927,1.2560432637
MLCC_C011860,MLCC_B002,MLCC_X7R,leakage_ua,0.25,SIM_X7R_100N_50V,FICTIONAL-MLCC-02,100,50,0805,X7R,45.6771751333,0.913543502666,49.292016065,61.7570242899,TESTER_3,9,176,synthetic,True,mlcc-synthetic-1.0.0,24,0.0358699928641,122.941237265,26.5854332302,97.7102894275,0.663662128138,1.37418527658
MLCC_C011989,MLCC_B002,MLCC_X7R,leakage_ua,0.25,SIM_X7R_100N_50V,FICTIONAL-MLCC-02,100,50,0805,X7R,45.6771751333,0.913543502666,49.292016065,52.9092231425,TESTER_3,4,191,synthetic,True,mlcc-synthetic-1.0.0,0,0.0163097802509,123.108799083,26.5854332302,102.883152857,0.494059488795,3.02223667681
MLCC_C011989,MLCC_B002,MLCC_X7R,leakage_ua,0.25,SIM_X7R_100N_50V,FICTIONAL-MLCC-02,100,50,0805,X7R,45.6771751333,0.913543502666,49.292016065,52.9092231425,TESTER_3,4,191,synthetic,True,mlcc-synthetic-1.0.0,24,0.017410908285,122.875494719,26.5854332302,101.854056951,0.549401998306,2.83109963352
MLCC_C000082,MLCC_B018,MLCC_X7R,leakage_ua,0.7,SIM_X7R_1U_25V,FICTIONAL-MLCC-03,1000,25,1206,X7R,22.548566286,0.901942651438,24.9675555413,22.5222399523,TESTER_1,2,126,synthetic,True,mlcc-synthetic-1.0.0,0,0.0855168771881,121.620101027,25.8331761278,996.185272007,0.697229845609,0.291960562198
MLCC_C000082,MLCC_B018,MLCC_X7R,leakage_ua,0.7,SIM_X7R_1U_25V,FICTIONAL-MLCC-03,1000,25,1206,X7R,22.548566286,0.901942651438,24.9675555413,22.5222399523,TESTER_1,2,126,synthetic,True,mlcc-synthetic-1.0.0,24,0.0768261674497,121.463974289,25.8331761278,988.008450171,0.742260625465,0.324987649002
MLCC_C000128,MLCC_B018,MLCC_X7R,leakage_ua,0.7,SIM_X7R_1U_25V,FICTIONAL-MLCC-03,1000,25,1206,X7R,22.548566286,0.901942651438,24.9675555413,40.4052798287,TESTER_1,13,190,synthetic,True,mlcc-synthetic-1.0.0,0,0.0920816990921,121.597025126,25.8331761278,983.82777983,0.568391826849,0.271145686792
MLCC_C000128,MLCC_B018,MLCC_X7R,leakage_ua,0.7,SIM_X7R_1U_25V,FICTIONAL-MLCC-03,1000,25,1206,X7R,22.548566286,0.901942651438,24.9675555413,40.4052798287,TESTER_1,13,190,synthetic,True,mlcc-synthetic-1.0.0,24,0.0954837836009,121.501178729,25.8331761278,980.413796761,0.544051042378,0.261484773641
MLCC_C000147,MLCC_B018,MLCC_X7R,leakage_ua,0.7,SIM_X7R_1U_25V,FICTIONAL-MLCC-03,1000,25,1206,X7R,22.548566286,0.901942651438,24.9675555413,49.121326946,TESTER_1,4,83,synthetic,True,mlcc-synthetic-1.0.0,0,0.137632159405,121.579177351,25.8331761278,1002.2244547,0.884030570806,0.181407860265
MLCC_C000147,MLCC_B018,MLCC_X7R,leakage_ua,0.7,SIM_X7R_1U_25V,FICTIONAL-MLCC-03,1000,25,1206,X7R,22.548566286,0.901942651438,24.9675555413,49.121326946,TESTER_1,4,83,synthetic,True,mlcc-synthetic-1.0.0,24,0.229189365301,121.695789344,25.8331761278,996.172034478,0.871267946291,0.108938543062
MLCC_C000178,MLCC_B018,MLCC_X7R,leakage_ua,0.7,SIM_X7R_1U_25V,FICTIONAL-MLCC-03,1000,25,1206,X7R,22.548566286,0.901942651438,24.9675555413,44.2398014951,TESTER_1,8,50,synthetic,True,mlcc-synthetic-1.0.0,0,0.0714243981183,121.319694916,25.8331761278,1008.29147023,0.746222624754,0.349566201453
MLCC_C000178,MLCC_B018,MLCC_X7R,leakage_ua,0.7,SIM_X7R_1U_25V,FICTIONAL-MLCC-03,1000,25,1206,X7R,22.548566286,0.901942651438,24.9675555413,44.2398014951,TESTER_1,8,50,synthetic,True,mlcc-synthetic-1.0.0,24,0.0655572621317,121.702745545,25.8331761278,1005.45867702,0.732040927043,0.380851102218
MLCC_C000184,MLCC_B018,MLCC_X7R,leakage_ua,0.7,SIM_X7R_1U_25V,FICTIONAL-MLCC-03,1000,25,1206,X7R,22.548566286,0.901942651438,24.9675555413,28.9966749896,TESTER_1,6,22,synthetic,True,mlcc-synthetic-1.0.0,0,0.0618061208955,121.335458324,25.8331761278,949.243933262,0.645046591795,0.403965742867
MLCC_C000184,MLCC_B018,MLCC_X7R,leakage_ua,0.7,SIM_X7R_1U_25V,FICTIONAL-MLCC-03,1000,25,1206,X7R,22.548566286,0.901942651438,24.9675555413,28.9966749896,TESTER_1,6,22,synthetic,True,mlcc-synthetic-1.0.0,24,0.0688518495566,121.545894345,25.8331761278,947.420339761,0.676928986949,0.362627230816
MLCC_C000318,MLCC_B018,MLCC_X7R,leakage_ua,0.7,SIM_X7R_1U_25V,FICTIONAL-MLCC-03,1000,25,1206,X7R,22.548566286,0.901942651438,24.9675555413,33.9113147327,TESTER_1,12,3,synthetic,True,mlcc-synthetic-1.0.0,0,0.04728025686,121.458388537,25.8331761278,981.504143103,0.544667861957,0.528075717
MLCC_C000318,MLCC_B018,MLCC_X7R,leakage_ua,0.7,SIM_X7R_1U_25V,FICTIONAL-MLCC-03,1000,25,1206,X7R,22.548566286,0.901942651438,24.9675555413,33.9113147327,TESTER_1,12,3,synthetic,True,mlcc-synthetic-1.0.0,24,0.0455035531168,121.494563235,25.8331761278,974.246420113,0.458681025201,0.548694636596
MLCC_C000346,MLCC_B018,MLCC_X7R,leakage_ua,0.7,SIM_X7R_1U_25V,FICTIONAL-MLCC-03,1000,25,1206,X7R,22.548566286,0.901942651438,24.9675555413,52.9870952542,TESTER_1,4,160,synthetic,True,mlcc-synthetic-1.0.0,0,0.0552901626448,121.445529787,25.8331761278,1024.04932423,0.691354517783,0.451573197599
MLCC_C000346,MLCC_B018,MLCC_X7R,leakage_ua,0.7,SIM_X7R_1U_25V,FICTIONAL-MLCC-03,1000,25,1206,X7R,22.548566286,0.901942651438,24.9675555413,52.9870952542,TESTER_1,4,160,synthetic,True,mlcc-synthetic-1.0.0,24,0.0516628978813,121.615610658,25.8331761278,1013.64828924,0.665666207954,0.483278262839
MLCC_C000478,MLCC_B018,MLCC_X7R,leakage_ua,0.7,SIM_X7R_1U_25V,FICTIONAL-MLCC-03,1000,25,1206,X7R,22.548566286,0.901942651438,24.9675555413,51.7270815814,TESTER_1,4,125,synthetic,True,mlcc-synthetic-1.0.0,0,0.0931269566026,121.57094182,25.8331761278,1008.72522461,0.551813714292,0.268102346003
MLCC_C000478,MLCC_B018,MLCC_X7R,leakage_ua,0.7,SIM_X7R_1U_25V,FICTIONAL-MLCC-03,1000,25,1206,X7R,22.548566286,0.901942651438,24.9675555413,51.7270815814,TESTER_1,4,125,synthetic,True,mlcc-synthetic-1.0.0,24,0.0899725445118,121.537455545,25.8331761278,1012.06692177,0.58351476696,0.277501938805
MLCC_C000506,MLCC_B018,MLCC_X7R,leakage_ua,0.7,SIM_X7R_1U_25V,FICTIONAL-MLCC-03,1000,25,1206,X7R,22.548566286,0.901942651438,24.9675555413,45.40621402,TESTER_1,8,51,synthetic,True,mlcc-synthetic-1.0.0,0,0.0475014476682,121.229415283,25.8331761278,1028.26049811,0.508168866755,0.525616728898
MLCC_C000506,MLCC_B018,MLCC_X7R,leakage_ua,0.7,SIM_X7R_1U_25V,FICTIONAL-MLCC-03,1000,25,1206,X7R,22.548566286,0.901942651438,24.9675555413,45.40621402,TESTER_1,8,51,synthetic,True,mlcc-synthetic-1.0.0,24,0.0483708663532,121.459747409,25.8331761278,1021.5095768,0.599490318707,0.516169285845
MLCC_C000573,MLCC_B018,MLCC_X7R,leakage_ua,0.7,SIM_X7R_1U_25V,FICTIONAL-MLCC-03,1000,25,1206,X7R,22.548566286,0.901942651438,24.9675555413,44.356596435,TESTER_1,11,179,synthetic,True,mlcc-synthetic-1.0.0,0,0.128652597636,121.707685891,25.8331761278,1048.64508096,0.605376936569,0.194069579628
MLCC_C000573,MLCC_B018,MLCC_X7R,leakage_ua,0.7,SIM_X7R_1U_25V,FICTIONAL-MLCC-03,1000,25,1206,X7R,22.548566286,0.901942651438,24.9675555413,44.356596435,TESTER_1,11,179,synthetic,True,mlcc-synthetic-1.0.0,24,0.120896736114,121.604512709,25.8331761278,1044.75204242,0.640387898948,0.206519682365
MLCC_C000683,MLCC_B018,MLCC_X7R,leakage_ua,0.7,SIM_X7R_1U_25V,FICTIONAL-MLCC-03,1000,25,1206,X7R,22.548566286,0.901942651438,24.9675555413,52.7080883811,TESTER_1,16,80,synthetic,True,mlcc-synthetic-1.0.0,0,0.0472287922136,121.888265641,25.8331761278,1008.86774597,0.490798148814,0.528651154752
MLCC_C000683,MLCC_B018,MLCC_X7R,leakage_ua,0.7,SIM_X7R_1U_25V,FICTIONAL-MLCC-03,1000,25,1206,X7R,22.548566286,0.901942651438,24.9675555413,52.7080883811,TESTER_1,16,80,synthetic,True,mlcc-synthetic-1.0.0,24,0.041188555395,121.623430601,25.8331761278,1009.55188781,0.390648745192,0.606177014508
MLCC_C000765,MLCC_B018,MLCC_X7R,leakage_ua,0.7,SIM_X7R_1U_25V,FICTIONAL-MLCC-03,1000,25,1206,X7R,22.548566286,0.901942651438,24.9675555413,30.3091266775,TESTER_1,11,52,synthetic,True,mlcc-synthetic-1.0.0,0,0.0662567182726,121.502775856,25.8331761278,1008.4260041,0.599498104189,0.376830549297
MLCC_C000765,MLCC_B018,MLCC_X7R,leakage_ua,0.7,SIM_X7R_1U_25V,FICTIONAL-MLCC-03,1000,25,1206,X7R,22.548566286,0.901942651438,24.9675555413,30.3091266775,TESTER_1,11,52,synthetic,True,mlcc-synthetic-1.0.0,24,0.0713824190163,121.682505197,25.8331761278,1002.58944959,0.664711726535,0.349771776935
MLCC_C000968,MLCC_B018,MLCC_X7R,leakage_ua,0.7,SIM_X7R_1U_25V,FICTIONAL-MLCC-03,1000,25,1206,X7R,22.548566286,0.901942651438,24.9675555413,28.7943963594,TESTER_1,2,27,synthetic,True,mlcc-synthetic-1.0.0,0,0.110652512389,121.429680093,25.8331761278,1012.81920594,0.768871665453,0.225639300928
MLCC_C000968,MLCC_B018,MLCC_X7R,leakage_ua,0.7,SIM_X7R_1U_25V,FICTIONAL-MLCC-03,1000,25,1206,X7R,22.548566286,0.901942651438,24.9675555413,28.7943963594,TESTER_1,2,27,synthetic,True,mlcc-synthetic-1.0.0,24,0.0933087000087,121.903230296,25.8331761278,1007.55917099,0.774913013053,0.267580145677
MLCC_C001002,MLCC_B018,MLCC_X7R,leakage_ua,0.7,SIM_X7R_1U_25V,FICTIONAL-MLCC-03,1000,25,1206,X7R,22.548566286,0.901942651438,24.9675555413,37.8793392111,TESTER_1,9,61,synthetic,True,mlcc-synthetic-1.0.0,0,0.0458895749809,121.281470114,25.8331761278,981.994434608,0.479352343661,0.544079032148
MLCC_C001002,MLCC_B018,MLCC_X7R,leakage_ua,0.7,SIM_X7R_1U_25V,FICTIONAL-MLCC-03,1000,25,1206,X7R,22.548566286,0.901942651438,24.9675555413,37.8793392111,TESTER_1,9,61,synthetic,True,mlcc-synthetic-1.0.0,24,0.0396580556309,121.447123618,25.8331761278,973.247816029,0.551446633234,0.629570843655
MLCC_C001045,MLCC_B018,MLCC_X7R,leakage_ua,0.7,SIM_X7R_1U_25V,FICTIONAL-MLCC-03,1000,25,1206,X7R,22.548566286,0.901942651438,24.9675555413,57.9289676362,TESTER_1,16,200,synthetic,True,mlcc-synthetic-1.0.0,0,0.123403315288,121.384162757,25.8331761278,1002.53103198,1.01750093512,0.202324836111
MLCC_C001045,MLCC_B018,MLCC_X7R,leakage_ua,0.7,SIM_X7R_1U_25V,FICTIONAL-MLCC-03,1000,25,1206,X7R,22.548566286,0.901942651438,24.9675555413,57.9289676362,TESTER_1,16,200,synthetic,True,mlcc-synthetic-1.0.0,24,0.117088722159,121.404191437,25.8331761278,999.822092059,1.08367384569,0.213236211659
MLCC_C001088,MLCC_B018,MLCC_X7R,leakage_ua,0.7,SIM_X7R_1U_25V,FICTIONAL-MLCC-03,1000,25,1206,X7R,22.548566286,0.901942651438,24.9675555413,45.0311944995,TESTER_1,5,93,synthetic,True,mlcc-synthetic-1.0.0,0,0.0716914141201,121.756381784,25.8331761278,972.156462889,0.862734586262,0.348264235651
MLCC_C001088,MLCC_B018,MLCC_X7R,leakage_ua,0.7,SIM_X7R_1U_25V,FICTIONAL-MLCC-03,1000,25,1206,X7R,22.548566286,0.901942651438,24.9675555413,45.0311944995,TESTER_1,5,93,synthetic,True,mlcc-synthetic-1.0.0,24,0.0724452404963,121.64481707,25.8331761278,958.491987214,0.915557476778,0.34464038452
MLCC_C001100,MLCC_B018,MLCC_X7R,leakage_ua,0.7,SIM_X7R_1U_25V,FICTIONAL-MLCC-03,1000,25,1206,X7R,22.548566286,0.901942651438,24.9675555413,42.9319837435,TESTER_1,16,193,synthetic,True,mlcc-synthetic-1.0.0,0,0.116123271362,121.390614542,25.8331761278,981.458512235,0.581567303035,0.215009061048
MLCC_C001100,MLCC_B018,MLCC_X7R,leakage_ua,0.7,SIM_X7R_1U_25V,FICTIONAL-MLCC-03,1000,25,1206,X7R,22.548566286,0.901942651438,24.9675555413,42.9319837435,TESTER_1,16,193,synthetic,True,mlcc-synthetic-1.0.0,24,0.0945303353607,121.492977154,25.8331761278,980.958187115,0.619832916021,0.264122151329
MLCC_C001276,MLCC_B018,MLCC_X7R,leakage_ua,0.7,SIM_X7R_1U_25V,FICTIONAL-MLCC-03,1000,25,1206,X7R,22.548566286,0.901942651438,24.9675555413,54.1005068378,TESTER_1,11,54,synthetic,True,mlcc-synthetic-1.0.0,0,0.103521243111,121.270815362,25.8331761278,982.545754224,0.604629013431,0.241182918511
MLCC_C001276,MLCC_B018,MLCC_X7R,leakage_ua,0.7,SIM_X7R_1U_25V,FICTIONAL-MLCC-03,1000,25,1206,X7R,22.548566286,0.901942651438,24.9675555413,54.1005068378,TESTER_1,11,54,synthetic,True,mlcc-synthetic-1.0.0,24,0.0928213249308,121.605786454,25.8331761278,974.386239441,0.624103201368,0.268985123406
MLCC_C001497,MLCC_B018,MLCC_X7R,leakage_ua,0.7,SIM_X7R_1U_25V,FICTIONAL-MLCC-03,1000,25,1206,X7R,22.548566286,0.901942651438,24.9675555413,25.9728540919,TESTER_1,12,77,synthetic,True,mlcc-synthetic-1.0.0,0,0.0712870763408,121.256902371,25.8331761278,970.33252407,0.830960180843,0.350239578096
MLCC_C001497,MLCC_B018,MLCC_X7R,leakage_ua,0.7,SIM_X7R_1U_25V,FICTIONAL-MLCC-03,1000,25,1206,X7R,22.548566286,0.901942651438,24.9675555413,25.9728540919,TESTER_1,12,77,synthetic,True,mlcc-synthetic-1.0.0,24,0.0633338874046,121.383619302,25.8331761278,962.057809978,0.836292647768,0.394221112337
MLCC_C001536,MLCC_B018,MLCC_X7R,leakage_ua,0.7,SIM_X7R_1U_25V,FICTIONAL-MLCC-03,1000,25,1206,X7R,22.548566286,0.901942651438,24.9675555413,73.3943827694,TESTER_1,10,95,synthetic,True,mlcc-synthetic-1.0.0,0,0.0700261532854,121.410632242,25.8331761278,1015.42401225,0.950781744223,0.356546152686
MLCC_C001536,MLCC_B018,MLCC_X7R,leakage_ua,0.7,SIM_X7R_1U_25V,FICTIONAL-MLCC-03,1000,25,1206,X7R,22.548566286,0.901942651438,24.9675555413,73.3943827694,TESTER_1,10,95,synthetic,True,mlcc-synthetic-1.0.0,24,0.0602438402101,121.681611167,25.8331761278,1013.97351873,0.983478963138,0.414441633438
MLCC_C001650,MLCC_B018,MLCC_X7R,leakage_ua,0.7,SIM_X7R_1U_25V,FICTIONAL-MLCC-03,1000,25,1206,X7R,22.548566286,0.901942651438,24.9675555413,29.2616639894,TESTER_1,12,55,synthetic,True,mlcc-synthetic-1.0.0,0,0.0770571857841,121.721272288,25.8331761278,1083.77881916,0.512863250086,0.32401333227
MLCC_C001650,MLCC_B018,MLCC_X7R,leakage_ua,0.7,SIM_X7R_1U_25V,FICTIONAL-MLCC-03,1000,25,1206,X7R,22.548566286,0.901942651438,24.9675555413,29.2616639894,TESTER_1,12,55,synthetic,True,mlcc-synthetic-1.0.0,24,0.0727977960736,121.658981641,25.8331761278,1081.75393856,0.602163998842,0.34297131078
MLCC_C001669,MLCC_B018,MLCC_X7R,leakage_ua,0.7,SIM_X7R_1U_25V,FICTIONAL-MLCC-03,1000,25,1206,X7R,22.548566286,0.901942651438,24.9675555413,43.5386093375,TESTER_1,1,150,synthetic,True,mlcc-synthetic-1.0.0,0,0.0780032917383,121.588296458,25.8331761278,999.059482526,0.911604193024,0.320083357829
MLCC_C001669,MLCC_B018,MLCC_X7R,leakage_ua,0.7,SIM_X7R_1U_25V,FICTIONAL-MLCC-03,1000,25,1206,X7R,22.548566286,0.901942651438,24.9675555413,43.5386093375,TESTER_1,1,150,synthetic,True,mlcc-synthetic-1.0.0,24,0.0675542694231,121.475242896,25.8331761278,1000.50165741,0.972403402718,0.369592562461
MLCC_C001675,MLCC_B018,MLCC_X7R,leakage_ua,0.7,SIM_X7R_1U_25V,FICTIONAL-MLCC-03,1000,25,1206,X7R,22.548566286,0.901942651438,24.9675555413,52.3760766327,TESTER_1,2,100,synthetic,True,mlcc-synthetic-1.0.0,0,0.0865020095655,121.721584488,25.8331761278,1019.46799703,0.692925765852,0.28863555502
MLCC_C001675,MLCC_B018,MLCC_X7R,leakage_ua,0.7,SIM_X7R_1U_25V,FICTIONAL-MLCC-03,1000,25,1206,X7R,22.548566286,0.901942651438,24.9675555413,52.3760766327,TESTER_1,2,100,synthetic,True,mlcc-synthetic-1.0.0,24,0.0781328325498,121.685933141,25.8331761278,1007.63030133,0.753249205189,0.319552673652
MLCC_C001683,MLCC_B018,MLCC_X7R,leakage_ua,0.7,SIM_X7R_1U_25V,FICTIONAL-MLCC-03,1000,25,1206,X7R,22.548566286,0.901942651438,24.9675555413,46.4295248945,TESTER_1,2,96,synthetic,True,mlcc-synthetic-1.0.0,0,0.0834784808524,121.549040904,25.8331761278,1010.96476349,0.995038779173,0.299089720924
MLCC_C001683,MLCC_B018,MLCC_X7R,leakage_ua,0.7,SIM_X7R_1U_25V,FICTIONAL-MLCC-03,1000,25,1206,X7R,22.548566286,0.901942651438,24.9675555413,46.4295248945,TESTER_1,2,96,synthetic,True,mlcc-synthetic-1.0.0,24,0.0826197063287,121.569096706,25.8331761278,1009.66913325,1.02647405732,0.302198551057
MLCC_C001799,MLCC_B018,MLCC_X7R,leakage_ua,0.7,SIM_X7R_1U_25V,FICTIONAL-MLCC-03,1000,25,1206,X7R,22.548566286,0.901942651438,24.9675555413,34.6204289491,TESTER_1,3,130,synthetic,True,mlcc-synthetic-1.0.0,0,0.0721111630263,121.603421213,25.8331761278,1067.17434739,0.950803603671,0.34623703867
MLCC_C001799,MLCC_B018,MLCC_X7R,leakage_ua,0.7,SIM_X7R_1U_25V,FICTIONAL-MLCC-03,1000,25,1206,X7R,22.548566286,0.901942651438,24.9675555413,34.6204289491,TESTER_1,3,130,synthetic,True,mlcc-synthetic-1.0.0,24,0.0587201532844,121.568414721,25.8331761278,1058.66419582,0.906871219035,0.42519568061
MLCC_C001895,MLCC_B018,MLCC_X7R,leakage_ua,0.7,SIM_X7R_1U_25V,FICTIONAL-MLCC-03,1000,25,1206,X7R,22.548566286,0.901942651438,24.9675555413,46.2035004366,TESTER_1,14,101,synthetic,True,mlcc-synthetic-1.0.0,0,0.0866389024517,121.589472415,25.8331761278,984.993547787,0.717749542865,0.288179499448
MLCC_C001895,MLCC_B018,MLCC_X7R,leakage_ua,0.7,SIM_X7R_1U_25V,FICTIONAL-MLCC-03,1000,25,1206,X7R,22.548566286,0.901942651438,24.9675555413,46.2035004366,TESTER_1,14,101,synthetic,True,mlcc-synthetic-1.0.0,24,0.0759078364835,121.443273851,25.8331761278,971.642512546,0.653457820314,0.328919340847
MLCC_C001908,MLCC_B018,MLCC_X7R,leakage_ua,0.7,SIM_X7R_1U_25V,FICTIONAL-MLCC-03,1000,25,1206,X7R,22.548566286,0.901942651438,24.9675555413,32.5011763964,TESTER_1,3,171,synthetic,True,mlcc-synthetic-1.0.0,0,0.0632045249892,121.596823935,25.8331761278,1028.50772797,0.544899530992,0.395027975379
MLCC_C001908,MLCC_B018,MLCC_X7R,leakage_ua,0.7,SIM_X7R_1U_25V,FICTIONAL-MLCC-03,1000,25,1206,X7R,22.548566286,0.901942651438,24.9675555413,32.5011763964,TESTER_1,3,171,synthetic,True,mlcc-synthetic-1.0.0,24,0.0572293226269,121.497920261,25.8331761278,1026.90233252,0.641704267683,0.436272078634
MLCC_C001921,MLCC_B018,MLCC_X7R,leakage_ua,0.7,SIM_X7R_1U_25V,FICTIONAL-MLCC-03,1000,25,1206,X7R,22.548566286,0.901942651438,24.9675555413,45.0935722876,TESTER_1,10,39,synthetic,True,mlcc-synthetic-1.0.0,0,0.0520027756011,121.723688673,25.8331761278,1016.95631383,0.540373126556,0.48011967155
MLCC_C001921,MLCC_B018,MLCC_X7R,leakage_ua,0.7,SIM_X7R_1U_25V,FICTIONAL-MLCC-03,1000,25,1206,X7R,22.548566286,0.901942651438,24.9675555413,45.0935722876,TESTER_1,10,39,synthetic,True,mlcc-synthetic-1.0.0,24,0.0495280311939,121.585160514,25.8331761278,1011.64632102,0.470689045525,0.50410959086
MLCC_C001979,MLCC_B018,MLCC_X7R,leakage_ua,0.7,SIM_X7R_1U_25V,FICTIONAL-MLCC-03,1000,25,1206,X7R,22.548566286,0.901942651438,24.9675555413,28.2147412302,TESTER_1,11,88,synthetic,True,mlcc-synthetic-1.0.0,0,0.0582136917743,121.318267342,25.8331761278,998.647766063,0.875745918816,0.4288949005
MLCC_C001979,MLCC_B018,MLCC_X7R,leakage_ua,0.7,SIM_X7R_1U_25V,FICTIONAL-MLCC-03,1000,25,1206,X7R,22.548566286,0.901942651438,24.9675555413,28.2147412302,TESTER_1,11,88,synthetic,True,mlcc-synthetic-1.0.0,24,0.0597326123662,121.485102839,25.8331761278,994.292695497,0.841016804034,0.417988675738
MLCC_C002002,MLCC_B018,MLCC_X7R,leakage_ua,0.7,SIM_X7R_1U_25V,FICTIONAL-MLCC-03,1000,25,1206,X7R,22.548566286,0.901942651438,24.9675555413,39.7513834888,TESTER_1,9,144,synthetic,True,mlcc-synthetic-1.0.0,0,0.0574953060291,121.555056211,25.8331761278,1001.04033462,0.599713816459,0.434253807235
MLCC_C002002,MLCC_B018,MLCC_X7R,leakage_ua,0.7,SIM_X7R_1U_25V,FICTIONAL-MLCC-03,1000,25,1206,X7R,22.548566286,0.901942651438,24.9675555413,39.7513834888,TESTER_1,9,144,synthetic,True,mlcc-synthetic-1.0.0,24,0.0539095405665,121.606073075,25.8331761278,996.867291008,0.556151960672,0.463137976672
MLCC_C002039,MLCC_B018,MLCC_X7R,leakage_ua,0.7,SIM_X7R_1U_25V,FICTIONAL-MLCC-03,1000,25,1206,X7R,22.548566286,0.901942651438,24.9675555413,22.4615315983,TESTER_1,15,182,synthetic,True,mlcc-synthetic-1.0.0,0,0.171287120939,121.421545738,25.8331761278,1116.35454766,0.740250576971,0.145764348215
MLCC_C002039,MLCC_B018,MLCC_X7R,leakage_ua,0.7,SIM_X7R_1U_25V,FICTIONAL-MLCC-03,1000,25,1206,X7R,22.548566286,0.901942651438,24.9675555413,22.4615315983,TESTER_1,15,182,synthetic,True,mlcc-synthetic-1.0.0,24,0.106431135167,121.458905377,25.8331761278,1103.34161791,0.712066939601,0.234588830629
MLCC_C002117,MLCC_B018,MLCC_X7R,leakage_ua,0.7,SIM_X7R_1U_25V,FICTIONAL-MLCC-03,1000,25,1206,X7R,22.548566286,0.901942651438,24.9675555413,47.7460965353,TESTER_1,15,18,synthetic,True,mlcc-synthetic-1.0.0,0,0.0928388212592,121.725182766,25.8331761278,983.456479287,0.687166253282,0.26893443069
MLCC_C002117,MLCC_B018,MLCC_X7R,leakage_ua,0.7,SIM_X7R_1U_25V,FICTIONAL-MLCC-03,1000,25,1206,X7R,22.548566286,0.901942651438,24.9675555413,47.7460965353,TESTER_1,15,18,synthetic,True,mlcc-synthetic-1.0.0,24,0.0779299966642,121.6177013,25.8331761278,980.120119686,0.642765203944,0.320384404081
MLCC_C002297,MLCC_B018,MLCC_X7R,leakage_ua,0.7,SIM_X7R_1U_25V,FICTIONAL-MLCC-03,1000,25,1206,X7R,22.548566286,0.901942651438,24.9675555413,42.928523734,TESTER_1,7,114,synthetic,True,mlcc-synthetic-1.0.0,0,0.071950895683,121.375340972,25.8331761278,947.180387524,0.653693655178,0.347008265905
MLCC_C002297,MLCC_B018,MLCC_X7R,leakage_ua,0.7,SIM_X7R_1U_25V,FICTIONAL-MLCC-03,1000,25,1206,X7R,22.548566286,0.901942651438,24.9675555413,42.928523734,TESTER_1,7,114,synthetic,True,mlcc-synthetic-1.0.0,24,0.0749299122553,121.540291353,25.8331761278,933.526471558,0.69773024343,0.333212128371
MLCC_C002437,MLCC_B018,MLCC_X7R,leakage_ua,0.7,SIM_X7R_1U_25V,FICTIONAL-MLCC-03,1000,25,1206,X7R,22.548566286,0.901942651438,24.9675555413,37.6710763784,TESTER_1,14,106,synthetic,True,mlcc-synthetic-1.0.0,0,0.075385623694,121.520795855,25.8331761278,997.434152197,0.777208388212,0.331197837437
MLCC_C002437,MLCC_B018,MLCC_X7R,leakage_ua,0.7,SIM_X7R_1U_25V,FICTIONAL-MLCC-03,1000,25,1206,X7R,22.548566286,0.901942651438,24.9675555413,37.6710763784,TESTER_1,14,106,synthetic,True,mlcc-synthetic-1.0.0,24,0.0785225794862,121.686090706,25.8331761278,996.0682482,0.804218326203,0.317966573496
MLCC_C002683,MLCC_B018,MLCC_X7R,leakage_ua,0.7,SIM_X7R_1U_25V,FICTIONAL-MLCC-03,1000,25,1206,X7R,22.548566286,0.901942651438,24.9675555413,31.8836810069,TESTER_1,15,45,synthetic,True,mlcc-synthetic-1.0.0,0,0.079978201292,121.625388384,25.8331761278,940.495957956,0.732312865206,0.31217950814
MLCC_C002683,MLCC_B018,MLCC_X7R,leakage_ua,0.7,SIM_X7R_1U_25V,FICTIONAL-MLCC-03,1000,25,1206,X7R,22.548566286,0.901942651438,24.9675555413,31.8836810069,TESTER_1,15,45,synthetic,True,mlcc-synthetic-1.0.0,24,0.0827361767127,121.775339077,25.8331761278,940.514986774,0.790492610211,0.301773136411
MLCC_C002684,MLCC_B018,MLCC_X7R,leakage_ua,0.7,SIM_X7R_1U_25V,FICTIONAL-MLCC-03,1000,25,1206,X7R,22.548566286,0.901942651438,24.9675555413,42.1288169238,TESTER_1,1,70,synthetic,True,mlcc-synthetic-1.0.0,0,0.0943695672999,121.469316535,25.8331761278,959.753328359,0.526300501906,0.26457211001
MLCC_C002684,MLCC_B018,MLCC_X7R,leakage_ua,0.7,SIM_X7R_1U_25V,FICTIONAL-MLCC-03,1000,25,1206,X7R,22.548566286,0.901942651438,24.9675555413,42.1288169238,TESTER_1,1,70,synthetic,True,mlcc-synthetic-1.0.0,24,0.0808620757455,121.357816509,25.8331761278,956.989295895,0.469182877006,0.308767185496
MLCC_C002700,MLCC_B018,MLCC_X7R,leakage_ua,0.7,SIM_X7R_1U_25V,FICTIONAL-MLCC-03,1000,25,1206,X7R,22.548566286,0.901942651438,24.9675555413,38.2478127278,TESTER_1,12,177,synthetic,True,mlcc-synthetic-1.0.0,0,0.067711105314,121.322003779,25.8331761278,1017.05920678,0.670705625651,0.368736493453
MLCC_C002700,MLCC_B018,MLCC_X7R,leakage_ua,0.7,SIM_X7R_1U_25V,FICTIONAL-MLCC-03,1000,25,1206,X7R,22.548566286,0.901942651438,24.9675555413,38.2478127278,TESTER_1,12,177,synthetic,True,mlcc-synthetic-1.0.0,24,0.108519317644,121.600102315,25.8331761278,1009.6093141,0.611365046379,0.23007475612
MLCC_C002701,MLCC_B018,MLCC_X7R,leakage_ua,0.7,SIM_X7R_1U_25V,FICTIONAL-MLCC-03,1000,25,1206,X7R,22.548566286,0.901942651438,24.9675555413,40.5261005417,TESTER_1,4,89,synthetic,True,mlcc-synthetic-1.0.0,0,0.0520625378484,121.412674775,25.8331761278,990.550481945,0.644380641212,0.479568545313
MLCC_C002701,MLCC_B018,MLCC_X7R,leakage_ua,0.7,SIM_X7R_1U_25V,FICTIONAL-MLCC-03,1000,25,1206,X7R,22.548566286,0.901942651438,24.9675555413,40.5261005417,TESTER_1,4,89,synthetic,True,mlcc-synthetic-1.0.0,24,0.0522545662027,121.446008454,25.8331761278,994.749511442,0.631571552838,0.477806196771
MLCC_C002822,MLCC_B018,MLCC_X7R,leakage_ua,0.7,SIM_X7R_1U_25V,FICTIONAL-MLCC-03,1000,25,1206,X7R,22.548566286,0.901942651438,24.9675555413,34.0807865464,TESTER_1,6,116,synthetic,True,mlcc-synthetic-1.0.0,0,0.0762102518688,121.60089968,25.8331761278,1031.04176591,0.746187889611,0.327614132338
MLCC_C002822,MLCC_B018,MLCC_X7R,leakage_ua,0.7,SIM_X7R_1U_25V,FICTIONAL-MLCC-03,1000,25,1206,X7R,22.548566286,0.901942651438,24.9675555413,34.0807865464,TESTER_1,6,116,synthetic,True,mlcc-synthetic-1.0.0,24,0.0729414614403,121.594193351,25.8331761278,1026.97679998,0.697131837957,0.342295795125
MLCC_C002860,MLCC_B018,MLCC_X7R,leakage_ua,0.7,SIM_X7R_1U_25V,FICTIONAL-MLCC-03,1000,25,1206,X7R,22.548566286,0.901942651438,24.9675555413,36.1781224714,TESTER_1,10,12,synthetic,True,mlcc-synthetic-1.0.0,0,0.0574951439152,121.621365365,25.8331761278,1034.27887864,0.860007994231,0.434255031661
MLCC_C002860,MLCC_B018,MLCC_X7R,leakage_ua,0.7,SIM_X7R_1U_25V,FICTIONAL-MLCC-03,1000,25,1206,X7R,22.548566286,0.901942651438,24.9675555413,36.1781224714,TESTER_1,10,12,synthetic,True,mlcc-synthetic-1.0.0,24,0.0564730271971,121.298046759,25.8331761278,1038.07297985,0.796110211384,0.442114701132
MLCC_C002931,MLCC_B018,MLCC_X7R,leakage_ua,0.7,SIM_X7R_1U_25V,FICTIONAL-MLCC-03,1000,25,1206,X7R,22.548566286,0.901942651438,24.9675555413,40.8070551455,TESTER_1,5,38,synthetic,True,mlcc-synthetic-1.0.0,0,0.0983942326775,121.749967768,25.8331761278,1002.0645859,0.74122671138,0.253750193094
MLCC_C002931,MLCC_B018,MLCC_X7R,leakage_ua,0.7,SIM_X7R_1U_25V,FICTIONAL-MLCC-03,1000,25,1206,X7R,22.548566286,0.901942651438,24.9675555413,40.8070551455,TESTER_1,5,38,synthetic,True,mlcc-synthetic-1.0.0,24,0.0875362158896,121.565373641,25.8331761278,995.269510993,0.759881635275,0.285225438266
MLCC_C002942,MLCC_B018,MLCC_X7R,leakage_ua,0.7,SIM_X7R_1U_25V,FICTIONAL-MLCC-03,1000,25,1206,X7R,22.548566286,0.901942651438,24.9675555413,37.7798999716,TESTER_1,5,123,synthetic,True,mlcc-synthetic-1.0.0,0,0.0571084530794,121.543429614,25.8331761278,1011.911474,0.722990549655,0.437195444719
MLCC_C002942,MLCC_B018,MLCC_X7R,leakage_ua,0.7,SIM_X7R_1U_25V,FICTIONAL-MLCC-03,1000,25,1206,X7R,22.548566286,0.901942651438,24.9675555413,37.7798999716,TESTER_1,5,123,synthetic,True,mlcc-synthetic-1.0.0,24,0.0527340372295,121.612349007,25.8331761278,1009.75798463,0.700862922087,0.473461863589
MLCC_C002970,MLCC_B018,MLCC_X7R,leakage_ua,0.7,SIM_X7R_1U_25V,FICTIONAL-MLCC-03,1000,25,1206,X7R,22.548566286,0.901942651438,24.9675555413,42.3072206494,TESTER_1,2,156,synthetic,True,mlcc-synthetic-1.0.0,0,0.0739066829585,121.581838215,25.8331761278,1020.20971057,1.23523007934,0.337825410935
MLCC_C002970,MLCC_B018,MLCC_X7R,leakage_ua,0.7,SIM_X7R_1U_25V,FICTIONAL-MLCC-03,1000,25,1206,X7R,22.548566286,0.901942651438,24.9675555413,42.3072206494,TESTER_1,2,156,synthetic,True,mlcc-synthetic-1.0.0,24,0.0637690750545,121.534413758,25.8331761278,1012.36244836,1.1886782721,0.391530777574
MLCC_C002978,MLCC_B018,MLCC_X7R,leakage_ua,0.7,SIM_X7R_1U_25V,FICTIONAL-MLCC-03,1000,25,1206,X7R,22.548566286,0.901942651438,24.9675555413,41.4857403048,TESTER_1,10,94,synthetic,True,mlcc-synthetic-1.0.0,0,0.0780516556948,121.533275558,25.8331761278,949.22425414,0.5709681918,0.31988502126
MLCC_C002978,MLCC_B018,MLCC_X7R,leakage_ua,0.7,SIM_X7R_1U_25V,FICTIONAL-MLCC-03,1000,25,1206,X7R,22.548566286,0.901942651438,24.9675555413,41.4857403048,TESTER_1,10,94,synthetic,True,mlcc-synthetic-1.0.0,24,0.066839549099,121.564370099,25.8331761278,948.415618,0.65727270418,0.373544643521
MLCC_C002993,MLCC_B018,MLCC_X7R,leakage_ua,0.7,SIM_X7R_1U_25V,FICTIONAL-MLCC-03,1000,25,1206,X7R,22.548566286,0.901942651438,24.9675555413,38.154687203,TESTER_1,2,2,synthetic,True,mlcc-synthetic-1.0.0,0,0.0911395647482,121.441703821,25.8331761278,1016.02498347,1.01440578559,0.27394859313
MLCC_C002993,MLCC_B018,MLCC_X7R,leakage_ua,0.7,SIM_X7R_1U_25V,FICTIONAL-MLCC-03,1000,25,1206,X7R,22.548566286,0.901942651438,24.9675555413,38.154687203,TESTER_1,2,2,synthetic,True,mlcc-synthetic-1.0.0,24,0.0771621615608,121.41949346,25.8331761278,1005.40189814,1.0938149183,0.323572526174
MLCC_C003031,MLCC_B018,MLCC_X7R,leakage_ua,0.7,SIM_X7R_1U_25V,FICTIONAL-MLCC-03,1000,25,1206,X7R,22.548566286,0.901942651438,24.9675555413,50.6117975409,TESTER_1,5,147,synthetic,True,mlcc-synthetic-1.0.0,0,0.0671304259167,121.521913004,25.8331761278,1068.22731557,0.614339676127,0.371926070784
MLCC_C003031,MLCC_B018,MLCC_X7R,leakage_ua,0.7,SIM_X7R_1U_25V,FICTIONAL-MLCC-03,1000,25,1206,X7R,22.548566286,0.901942651438,24.9675555413,50.6117975409,TESTER_1,5,147,synthetic,True,mlcc-synthetic-1.0.0,24,0.0591016458409,121.545316325,25.8331761278,1068.04080971,0.693171678034,0.422451104128
MLCC_C003039,MLCC_B018,MLCC_X7R,leakage_ua,0.7,SIM_X7R_1U_25V,FICTIONAL-MLCC-03,1000,25,1206,X7R,22.548566286,0.901942651438,24.9675555413,24.8047700453,TESTER_1,6,48,synthetic,True,mlcc-synthetic-1.0.0,0,0.155634150479,121.569270498,25.8331761278,1055.19626478,1.22578496046,0.160424659141
MLCC_C003039,MLCC_B018,MLCC_X7R,leakage_ua,0.7,SIM_X7R_1U_25V,FICTIONAL-MLCC-03,1000,25,1206,X7R,22.548566286,0.901942651438,24.9675555413,24.8047700453,TESTER_1,6,48,synthetic,True,mlcc-synthetic-1.0.0,24,0.126226310052,122.116210212,25.8331761278,1045.22676356,1.263767167,0.197799931971
MLCC_C003151,MLCC_B018,MLCC_X7R,leakage_ua,0.7,SIM_X7R_1U_25V,FICTIONAL-MLCC-03,1000,25,1206,X7R,22.548566286,0.901942651438,24.9675555413,51.6820916886,TESTER_1,10,158,synthetic,True,mlcc-synthetic-1.0.0,0,0.160585128702,121.436629843,25.8331761278,1002.36157864,0.71181783045,0.155478628333
MLCC_C003151,MLCC_B018,MLCC_X7R,leakage_ua,0.7,SIM_X7R_1U_25V,FICTIONAL-MLCC-03,1000,25,1206,X7R,22.548566286,0.901942651438,24.9675555413,51.6820916886,TESTER_1,10,158,synthetic,True,mlcc-synthetic-1.0.0,24,0.146217409071,121.26837214,25.8331761278,1001.6104669,0.740137739525,0.170756380515
MLCC_C003171,MLCC_B018,MLCC_X7R,leakage_ua,0.7,SIM_X7R_1U_25V,FICTIONAL-MLCC-03,1000,25,1206,X7R,22.548566286,0.901942651438,24.9675555413,42.7742773067,TESTER_1,14,172,synthetic,True,mlcc-synthetic-1.0.0,0,0.055045984171,121.472365228,25.8331761278,1017.20233391,0.693111832565,0.453576331085
MLCC_C003171,MLCC_B018,MLCC_X7R,leakage_ua,0.7,SIM_X7R_1U_25V,FICTIONAL-MLCC-03,1000,25,1206,X7R,22.548566286,0.901942651438,24.9675555413,42.7742773067,TESTER_1,14,172,synthetic,True,mlcc-synthetic-1.0.0,24,0.0563316614796,121.391133578,25.8331761278,1013.60117518,0.72807425288,0.443224199065
MLCC_C003254,MLCC_B018,MLCC_X7R,leakage_ua,0.7,SIM_X7R_1U_25V,FICTIONAL-MLCC-03,1000,25,1206,X7R,22.548566286,0.901942651438,24.9675555413,41.5060930871,TESTER_1,14,79,synthetic,True,mlcc-synthetic-1.0.0,0,0.0955385730864,121.311272143,25.8331761278,1012.1295905,0.559506749822,0.261334817286
MLCC_C003254,MLCC_B018,MLCC_X7R,leakage_ua,0.7,SIM_X7R_1U_25V,FICTIONAL-MLCC-03,1000,25,1206,X7R,22.548566286,0.901942651438,24.9675555413,41.5060930871,TESTER_1,14,79,synthetic,True,mlcc-synthetic-1.0.0,24,0.0698391405334,121.601093019,25.8331761278,1005.80640529,0.543097637729,0.357500899217
MLCC_C003373,MLCC_B018,MLCC_X7R,leakage_ua,0.7,SIM_X7R_1U_25V,FICTIONAL-MLCC-03,1000,25,1206,X7R,22.548566286,0.901942651438,24.9675555413,28.2494076326,TESTER_1,11,65,synthetic,True,mlcc-synthetic-1.0.0,0,0.132243436691,121.537092167,25.8331761278,989.599634308,0.572007255362,0.188799959877
MLCC_C003373,MLCC_B018,MLCC_X7R,leakage_ua,0.7,SIM_X7R_1U_25V,FICTIONAL-MLCC-03,1000,25,1206,X7R,22.548566286,0.901942651438,24.9675555413,28.2494076326,TESTER_1,11,65,synthetic,True,mlcc-synthetic-1.0.0,24,0.083241006011,121.731982858,25.8331761278,985.665234712,0.508651784073,0.299942981684
MLCC_C003387,MLCC_B018,MLCC_X7R,leakage_ua,0.7,SIM_X7R_1U_25V,FICTIONAL-MLCC-03,1000,25,1206,X7R,22.548566286,0.901942651438,24.9675555413,48.573716831,TESTER_1,9,189,synthetic,True,mlcc-synthetic-1.0.0,0,0.0709692132973,121.570815908,25.8331761278,1016.78632258,0.505164701046,0.351808261375
MLCC_C003387,MLCC_B018,MLCC_X7R,leakage_ua,0.7,SIM_X7R_1U_25V,FICTIONAL-MLCC-03,1000,25,1206,X7R,22.548566286,0.901942651438,24.9675555413,48.573716831,TESTER_1,9,189,synthetic,True,mlcc-synthetic-1.0.0,24,0.0584219092934,121.518923125,25.8331761278,1013.63531452,0.479138215823,0.427366305608
MLCC_C003391,MLCC_B018,MLCC_X7R,leakage_ua,0.7,SIM_X7R_1U_25V,FICTIONAL-MLCC-03,1000,25,1206,X7R,22.548566286,0.901942651438,24.9675555413,31.9592509519,TESTER_1,13,118,synthetic,True,mlcc-synthetic-1.0.0,0,0.0588508790833,121.704646891,25.8331761278,973.617578479,0.931793471442,0.424251190979
MLCC_C003391,MLCC_B018,MLCC_X7R,leakage_ua,0.7,SIM_X7R_1U_25V,FICTIONAL-MLCC-03,1000,25,1206,X7R,22.548566286,0.901942651438,24.9675555413,31.9592509519,TESTER_1,13,118,synthetic,True,mlcc-synthetic-1.0.0,24,0.0580972613333,121.599116087,25.8331761278,973.515662039,0.971312858598,0.429754431935
MLCC_C003516,MLCC_B018,MLCC_X7R,leakage_ua,0.7,SIM_X7R_1U_25V,FICTIONAL-MLCC-03,1000,25,1206,X7R,22.548566286,0.901942651438,24.9675555413,60.7378523182,TESTER_1,3,64,synthetic,True,mlcc-synthetic-1.0.0,0,0.0599287031259,121.484454365,25.8331761278,1000.85017953,0.700591520249,0.416620988591
MLCC_C003516,MLCC_B018,MLCC_X7R,leakage_ua,0.7,SIM_X7R_1U_25V,FICTIONAL-MLCC-03,1000,25,1206,X7R,22.548566286,0.901942651438,24.9675555413,60.7378523182,TESTER_1,3,64,synthetic,True,mlcc-synthetic-1.0.0,24,0.0543972886251,121.477633987,25.8331761278,989.92679621,0.72877412905,0.458985294531
MLCC_C003602,MLCC_B018,MLCC_X7R,leakage_ua,0.7,SIM_X7R_1U_25V,FICTIONAL-MLCC-03,1000,25,1206,X7R,22.548566286,0.901942651438,24.9675555413,47.5005952808,TESTER_1,12,191,synthetic,True,mlcc-synthetic-1.0.0,0,0.0707712237445,121.50803821,25.8331761278,929.884644747,0.775777410315,0.352792480054
MLCC_C003602,MLCC_B018,MLCC_X7R,leakage_ua,0.7,SIM_X7R_1U_25V,FICTIONAL-MLCC-03,1000,25,1206,X7R,22.548566286,0.901942651438,24.9675555413,47.5005952808,TESTER_1,12,191,synthetic,True,mlcc-synthetic-1.0.0,24,0.0607529641849,121.613723287,25.8331761278,928.601481057,0.749082013629,0.410968516125
MLCC_C003650,MLCC_B018,MLCC_X7R,leakage_ua,0.7,SIM_X7R_1U_25V,FICTIONAL-MLCC-03,1000,25,1206,X7R,22.548566286,0.901942651438,24.9675555413,54.9004889043,TESTER_1,12,145,synthetic,True,mlcc-synthetic-1.0.0,0,0.0934888844269,121.402510803,25.8331761278,896.830380241,0.811507425263,0.267064429042
MLCC_C003650,MLCC_B018,MLCC_X7R,leakage_ua,0.7,SIM_X7R_1U_25V,FICTIONAL-MLCC-03,1000,25,1206,X7R,22.548566286,0.901942651438,24.9675555413,54.9004889043,TESTER_1,12,145,synthetic,True,mlcc-synthetic-1.0.0,24,0.0839350174052,121.494190712,25.8331761278,899.64371884,0.79837153745,0.297462922069
MLCC_C003668,MLCC_B018,MLCC_X7R,leakage_ua,0.7,SIM_X7R_1U_25V,FICTIONAL-MLCC-03,1000,25,1206,X7R,22.548566286,0.901942651438,24.9675555413,43.7644995842,TESTER_1,7,37,synthetic,True,mlcc-synthetic-1.0.0,0,0.0821110307019,121.521830706,25.8331761278,1006.04829854,0.752013362181,0.304070662953
MLCC_C003668,MLCC_B018,MLCC_X7R,leakage_ua,0.7,SIM_X7R_1U_25V,FICTIONAL-MLCC-03,1000,25,1206,X7R,22.548566286,0.901942651438,24.9675555413,43.7644995842,TESTER_1,7,37,synthetic,True,mlcc-synthetic-1.0.0,24,0.0724755536721,121.600045538,25.8331761278,999.510645345,0.78654947467,0.344496237369
MLCC_C003769,MLCC_B018,MLCC_X7R,leakage_ua,0.7,SIM_X7R_1U_25V,FICTIONAL-MLCC-03,1000,25,1206,X7R,22.548566286,0.901942651438,24.9675555413,35.8674885316,TESTER_1,6,98,synthetic,True,mlcc-synthetic-1.0.0,0,0.0540314680965,121.459314582,25.8331761278,976.272492567,0.965317047669,0.462092858493
MLCC_C003769,MLCC_B018,MLCC_X7R,leakage_ua,0.7,SIM_X7R_1U_25V,FICTIONAL-MLCC-03,1000,25,1206,X7R,22.548566286,0.901942651438,24.9675555413,35.8674885316,TESTER_1,6,98,synthetic,True,mlcc-synthetic-1.0.0,24,0.0477425025327,121.855194091,25.8331761278,975.28837837,0.997061624528,0.522962857344
MLCC_C003829,MLCC_B018,MLCC_X7R,leakage_ua,0.7,SIM_X7R_1U_25V,FICTIONAL-MLCC-03,1000,25,1206,X7R,22.548566286,0.901942651438,24.9675555413,31.5584996709,TESTER_1,14,154,synthetic,True,mlcc-synthetic-1.0.0,0,0.0963004505481,121.517134551,25.8331761278,996.641899182,0.606953557118,0.25926727652
MLCC_C003829,MLCC_B018,MLCC_X7R,leakage_ua,0.7,SIM_X7R_1U_25V,FICTIONAL-MLCC-03,1000,25,1206,X7R,22.548566286,0.901942651438,24.9675555413,31.5584996709,TESTER_1,14,154,synthetic,True,mlcc-synthetic-1.0.0,24,0.0834924809384,121.504440415,25.8331761278,996.100779437,0.655782171032,0.29903956932
MLCC_C003938,MLCC_B018,MLCC_X7R,leakage_ua,0.7,SIM_X7R_1U_25V,FICTIONAL-MLCC-03,1000,25,1206,X7R,22.548566286,0.901942651438,24.9675555413,33.4217320817,TESTER_1,6,92,synthetic,True,mlcc-synthetic-1.0.0,0,0.0415387564569,121.891016739,25.8331761278,960.546916671,0.690820321612,0.601066514044
MLCC_C003938,MLCC_B018,MLCC_X7R,leakage_ua,0.7,SIM_X7R_1U_25V,FICTIONAL-MLCC-03,1000,25,1206,X7R,22.548566286,0.901942651438,24.9675555413,33.4217320817,TESTER_1,6,92,synthetic,True,mlcc-synthetic-1.0.0,24,0.0385132447179,121.792927135,25.8331761278,955.673836211,0.654663658037,0.648284914038
MLCC_C003941,MLCC_B018,MLCC_X7R,leakage_ua,0.7,SIM_X7R_1U_25V,FICTIONAL-MLCC-03,1000,25,1206,X7R,22.548566286,0.901942651438,24.9675555413,44.2507230585,TESTER_1,1,81,synthetic,True,mlcc-synthetic-1.0.0,0,0.085971637819,121.540681547,25.8331761278,983.867871553,0.738459070731,0.29041619044
MLCC_C003941,MLCC_B018,MLCC_X7R,leakage_ua,0.7,SIM_X7R_1U_25V,FICTIONAL-MLCC-03,1000,25,1206,X7R,22.548566286,0.901942651438,24.9675555413,44.2507230585,TESTER_1,1,81,synthetic,True,mlcc-synthetic-1.0.0,24,0.0805520399738,121.460690263,25.8331761278,979.871746826,0.677746475127,0.309955595779
MLCC_C003954,MLCC_B018,MLCC_X7R,leakage_ua,0.7,SIM_X7R_1U_25V,FICTIONAL-MLCC-03,1000,25,1206,X7R,22.548566286,0.901942651438,24.9675555413,48.8018722368,TESTER_1,2,198,synthetic,True,mlcc-synthetic-1.0.0,0,0.0774844693177,121.643339558,25.8331761278,980.311831785,0.652210555407,0.32222657987
MLCC_C003954,MLCC_B018,MLCC_X7R,leakage_ua,0.7,SIM_X7R_1U_25V,FICTIONAL-MLCC-03,1000,25,1206,X7R,22.548566286,0.901942651438,24.9675555413,48.8018722368,TESTER_1,2,198,synthetic,True,mlcc-synthetic-1.0.0,24,0.0674716025915,121.546087148,25.8331761278,977.11022301,0.573238467777,0.370045390687
MLCC_C003986,MLCC_B018,MLCC_X7R,leakage_ua,0.7,SIM_X7R_1U_25V,FICTIONAL-MLCC-03,1000,25,1206,X7R,22.548566286,0.901942651438,24.9675555413,41.0679464532,TESTER_1,12,187,synthetic,True,mlcc-synthetic-1.0.0,0,0.0507668945012,121.346518852,25.8331761278,989.898381546,0.598992480206,0.491807816621
MLCC_C003986,MLCC_B018,MLCC_X7R,leakage_ua,0.7,SIM_X7R_1U_25V,FICTIONAL-MLCC-03,1000,25,1206,X7R,22.548566286,0.901942651438,24.9675555413,41.0679464532,TESTER_1,12,187,synthetic,True,mlcc-synthetic-1.0.0,24,0.0464925300994,121.638003584,25.8331761278,979.677375596,0.610766421753,0.537022947297
MLCC_C003989,MLCC_B018,MLCC_X7R,leakage_ua,0.7,SIM_X7R_1U_25V,FICTIONAL-MLCC-03,1000,25,1206,X7R,22.548566286,0.901942651438,24.9675555413,49.4213462984,TESTER_1,15,146,synthetic,True,mlcc-synthetic-1.0.0,0,0.0693669687904,121.327218805,25.8331761278,1003.98641074,0.702409982183,0.359934360354
MLCC_C003989,MLCC_B018,MLCC_X7R,leakage_ua,0.7,SIM_X7R_1U_25V,FICTIONAL-MLCC-03,1000,25,1206,X7R,22.548566286,0.901942651438,24.9675555413,49.4213462984,TESTER_1,15,146,synthetic,True,mlcc-synthetic-1.0.0,24,0.0553698413893,121.332984059,25.8331761278,996.862537032,0.695274777642,0.450923371185
MLCC_C004034,MLCC_B018,MLCC_X7R,leakage_ua,0.7,SIM_X7R_1U_25V,FICTIONAL-MLCC-03,1000,25,1206,X7R,22.548566286,0.901942651438,24.9675555413,44.7488656269,TESTER_1,7,139,synthetic,True,mlcc-synthetic-1.0.0,0,0.0710928208816,121.383088162,25.8331761278,1001.22354149,0.666068264724,0.35119657979
MLCC_C004034,MLCC_B018,MLCC_X7R,leakage_ua,0.7,SIM_X7R_1U_25V,FICTIONAL-MLCC-03,1000,25,1206,X7R,22.548566286,0.901942651438,24.9675555413,44.7488656269,TESTER_1,7,139,synthetic,True,mlcc-synthetic-1.0.0,24,0.0675424275411,121.753459545,25.8331761278,998.222212048,0.635339237589,0.369657361309
MLCC_C004044,MLCC_B018,MLCC_X7R,leakage_ua,0.7,SIM_X7R_1U_25V,FICTIONAL-MLCC-03,1000,25,1206,X7R,22.548566286,0.901942651438,24.9675555413,45.3721537062,TESTER_1,16,49,synthetic,True,mlcc-synthetic-1.0.0,0,0.0568444684001,121.817959405,25.8331761278,1077.04997793,0.755695309688,0.439225772428
MLCC_C004044,MLCC_B018,MLCC_X7R,leakage_ua,0.7,SIM_X7R_1U_25V,FICTIONAL-MLCC-03,1000,25,1206,X7R,22.548566286,0.901942651438,24.9675555413,45.3721537062,TESTER_1,16,49,synthetic,True,mlcc-synthetic-1.0.0,24,0.0509931673652,121.893414914,25.8331761278,1067.72183671,0.807127980261,0.489625509286
MLCC_C004053,MLCC_B018,MLCC_X7R,leakage_ua,0.7,SIM_X7R_1U_25V,FICTIONAL-MLCC-03,1000,25,1206,X7R,22.548566286,0.901942651438,24.9675555413,44.4429438144,TESTER_1,13,31,synthetic,True,mlcc-synthetic-1.0.0,0,0.0939429142026,121.490241002,25.8331761278,1040.15293623,0.779225532653,0.26577369622
MLCC_C004053,MLCC_B018,MLCC_X7R,leakage_ua,0.7,SIM_X7R_1U_25V,FICTIONAL-MLCC-03,1000,25,1206,X7R,22.548566286,0.901942651438,24.9675555413,44.4429438144,TESTER_1,13,31,synthetic,True,mlcc-synthetic-1.0.0,24,0.0766467017133,121.489464242,25.8331761278,1032.10911657,0.747186992918,0.325748596915
MLCC_C004071,MLCC_B018,MLCC_X7R,leakage_ua,0.7,SIM_X7R_1U_25V,FICTIONAL-MLCC-03,1000,25,1206,X7R,22.548566286,0.901942651438,24.9675555413,55.1362227438,TESTER_1,4,137,synthetic,True,mlcc-synthetic-1.0.0,0,0.111781293403,121.862122585,25.8331761278,1010.88196071,0.863328584678,0.223360767988
MLCC_C004071,MLCC_B018,MLCC_X7R,leakage_ua,0.7,SIM_X7R_1U_25V,FICTIONAL-MLCC-03,1000,25,1206,X7R,22.548566286,0.901942651438,24.9675555413,55.1362227438,TESTER_1,4,137,synthetic,True,mlcc-synthetic-1.0.0,24,0.112147597655,121.870589719,25.8331761278,1001.99317863,0.817405950776,0.222631211575
MLCC_C004159,MLCC_B018,MLCC_X7R,leakage_ua,0.7,SIM_X7R_1U_25V,FICTIONAL-MLCC-03,1000,25,1206,X7R,22.548566286,0.901942651438,24.9675555413,55.1599814301,TESTER_1,1,25,synthetic,True,mlcc-synthetic-1.0.0,0,0.0916218169701,121.605759231,25.8331761278,980.882926365,0.743195239321,0.272506662353
MLCC_C004159,MLCC_B018,MLCC_X7R,leakage_ua,0.7,SIM_X7R_1U_25V,FICTIONAL-MLCC-03,1000,25,1206,X7R,22.548566286,0.901942651438,24.9675555413,55.1599814301,TESTER_1,1,25,synthetic,True,mlcc-synthetic-1.0.0,24,0.14766746572,121.552826681,25.8331761278,974.895835178,0.77724188502,0.169079596644
MLCC_C004291,MLCC_B018,MLCC_X7R,leakage_ua,0.7,SIM_X7R_1U_25V,FICTIONAL-MLCC-03,1000,25,1206,X7R,22.548566286,0.901942651438,24.9675555413,33.2077423065,TESTER_1,9,53,synthetic,True,mlcc-synthetic-1.0.0,0,0.0922326278124,121.593499632,25.8331761278,1004.92377385,0.641406306048,0.2707019862
MLCC_C004291,MLCC_B018,MLCC_X7R,leakage_ua,0.7,SIM_X7R_1U_25V,FICTIONAL-MLCC-03,1000,25,1206,X7R,22.548566286,0.901942651438,24.9675555413,33.2077423065,TESTER_1,9,53,synthetic,True,mlcc-synthetic-1.0.0,24,0.0804305951992,121.631850471,25.8331761278,1003.91798913,0.648890722701,0.310423607825
MLCC_C004347,MLCC_B018,MLCC_X7R,leakage_ua,0.7,SIM_X7R_1U_25V,FICTIONAL-MLCC-03,1000,25,1206,X7R,22.548566286,0.901942651438,24.9675555413,27.5308961041,TESTER_1,1,75,synthetic,True,mlcc-synthetic-1.0.0,0,0.0794026801115,121.393190842,25.8331761278,969.18171046,0.739480022719,0.314442226713
MLCC_C004347,MLCC_B018,MLCC_X7R,leakage_ua,0.7,SIM_X7R_1U_25V,FICTIONAL-MLCC-03,1000,25,1206,X7R,22.548566286,0.901942651438,24.9675555413,27.5308961041,TESTER_1,1,75,synthetic,True,mlcc-synthetic-1.0.0,24,0.0739884102726,121.572787992,25.8331761278,961.153471216,0.775043183636,0.337452250282
MLCC_C004463,MLCC_B018,MLCC_X7R,leakage_ua,0.7,SIM_X7R_1U_25V,FICTIONAL-MLCC-03,1000,25,1206,X7R,22.548566286,0.901942651438,24.9675555413,35.5803861178,TESTER_1,14,19,synthetic,True,mlcc-synthetic-1.0.0,0,0.0751367690386,121.685251821,25.8331761278,1031.98183941,0.653813381201,0.332294772063
MLCC_C004463,MLCC_B018,MLCC_X7R,leakage_ua,0.7,SIM_X7R_1U_25V,FICTIONAL-MLCC-03,1000,25,1206,X7R,22.548566286,0.901942651438,24.9675555413,35.5803861178,TESTER_1,14,19,synthetic,True,mlcc-synthetic-1.0.0,24,0.0713504584446,121.54214996,25.8331761278,1023.78341818,0.612856505789,0.349928452957
MLCC_C004490,MLCC_B018,MLCC_X7R,leakage_ua,0.7,SIM_X7R_1U_25V,FICTIONAL-MLCC-03,1000,25,1206,X7R,22.548566286,0.901942651438,24.9675555413,50.5974011922,TESTER_1,3,11,synthetic,True,mlcc-synthetic-1.0.0,0,0.0671542903775,121.563094185,25.8331761278,999.144025104,0.888660216372,0.371793900299
MLCC_C004490,MLCC_B018,MLCC_X7R,leakage_ua,0.7,SIM_X7R_1U_25V,FICTIONAL-MLCC-03,1000,25,1206,X7R,22.548566286,0.901942651438,24.9675555413,50.5974011922,TESTER_1,3,11,synthetic,True,mlcc-synthetic-1.0.0,24,0.0692845277928,121.794552197,25.8331761278,1001.67681283,0.975658991968,0.36036264281
MLCC_C004587,MLCC_B018,MLCC_X7R,leakage_ua,0.7,SIM_X7R_1U_25V,FICTIONAL-MLCC-03,1000,25,1206,X7R,22.548566286,0.901942651438,24.9675555413,39.5349968469,TESTER_1,2,66,synthetic,True,mlcc-synthetic-1.0.0,0,0.0981984169287,121.619602224,25.8331761278,987.890210987,1.21777490556,0.254256191924
MLCC_C004587,MLCC_B018,MLCC_X7R,leakage_ua,0.7,SIM_X7R_1U_25V,FICTIONAL-MLCC-03,1000,25,1206,X7R,22.548566286,0.901942651438,24.9675555413,39.5349968469,TESTER_1,2,66,synthetic,True,mlcc-synthetic-1.0.0,24,0.0882356960169,121.499935042,25.8331761278,988.723002431,1.22459613288,0.282964340605
MLCC_C004661,MLCC_B018,MLCC_X7R,leakage_ua,0.7,SIM_X7R_1U_25V,FICTIONAL-MLCC-03,1000,25,1206,X7R,22.548566286,0.901942651438,24.9675555413,51.3081866978,TESTER_1,16,71,synthetic,True,mlcc-synthetic-1.0.0,0,0.0636593690126,121.471549718,25.8331761278,987.330247837,0.641976068093,0.392205513949
MLCC_C004661,MLCC_B018,MLCC_X7R,leakage_ua,0.7,SIM_X7R_1U_25V,FICTIONAL-MLCC-03,1000,25,1206,X7R,22.548566286,0.901942651438,24.9675555413,51.3081866978,TESTER_1,16,71,synthetic,True,mlcc-synthetic-1.0.0,24,0.0567492394187,121.444456659,25.8331761278,979.239308514,0.600163475564,0.439962822357
MLCC_C004686,MLCC_B018,MLCC_X7R,leakage_ua,0.7,SIM_X7R_1U_25V,FICTIONAL-MLCC-03,1000,25,1206,X7R,22.548566286,0.901942651438,24.9675555413,37.1833672392,TESTER_1,5,68,synthetic,True,mlcc-synthetic-1.0.0,0,0.115344141546,121.753902693,25.8331761278,995.968359617,0.736206582129,0.216461410233
MLCC_C004686,MLCC_B018,MLCC_X7R,leakage_ua,0.7,SIM_X7R_1U_25V,FICTIONAL-MLCC-03,1000,25,1206,X7R,22.548566286,0.901942651438,24.9675555413,37.1833672392,TESTER_1,5,68,synthetic,True,mlcc-synthetic-1.0.0,24,0.098100589939,121.302768045,25.8331761278,996.705988168,0.722094138651,0.254509739002
MLCC_C004702,MLCC_B018,MLCC_X7R,leakage_ua,0.7,SIM_X7R_1U_25V,FICTIONAL-MLCC-03,1000,25,1206,X7R,22.548566286,0.901942651438,24.9675555413,45.9831805553,TESTER_1,9,74,synthetic,True,mlcc-synthetic-1.0.0,0,0.0817700820363,121.360351926,25.8331761278,1017.96800217,0.751625061824,0.305338516478
MLCC_C004702,MLCC_B018,MLCC_X7R,leakage_ua,0.7,SIM_X7R_1U_25V,FICTIONAL-MLCC-03,1000,25,1206,X7R,22.548566286,0.901942651438,24.9675555413,45.9831805553,TESTER_1,9,74,synthetic,True,mlcc-synthetic-1.0.0,24,0.079205081954,121.579466816,25.8331761278,1010.93245594,0.773691264419,0.315226686537
MLCC_C004854,MLCC_B018,MLCC_X7R,leakage_ua,0.7,SIM_X7R_1U_25V,FICTIONAL-MLCC-03,1000,25,1206,X7R,22.548566286,0.901942651438,24.9675555413,58.1637001713,TESTER_1,9,16,synthetic,True,mlcc-synthetic-1.0.0,0,0.0946639081965,121.46773122,25.8331761278,1019.7035959,0.559842806615,0.263749469222
MLCC_C004854,MLCC_B018,MLCC_X7R,leakage_ua,0.7,SIM_X7R_1U_25V,FICTIONAL-MLCC-03,1000,25,1206,X7R,22.548566286,0.901942651438,24.9675555413,58.1637001713,TESTER_1,9,16,synthetic,True,mlcc-synthetic-1.0.0,24,0.0796053972627,121.474144779,25.8331761278,1009.77502689,0.55036009962,0.313641491655
MLCC_C004904,MLCC_B018,MLCC_X7R,leakage_ua,0.7,SIM_X7R_1U_25V,FICTIONAL-MLCC-03,1000,25,1206,X7R,22.548566286,0.901942651438,24.9675555413,55.8563566753,TESTER_1,5,13,synthetic,True,mlcc-synthetic-1.0.0,0,0.0813289678663,121.473052028,25.8331761278,1040.49662988,0.757857613775,0.306994619461
MLCC_C004904,MLCC_B018,MLCC_X7R,leakage_ua,0.7,SIM_X7R_1U_25V,FICTIONAL-MLCC-03,1000,25,1206,X7R,22.548566286,0.901942651438,24.9675555413,55.8563566753,TESTER_1,5,13,synthetic,True,mlcc-synthetic-1.0.0,24,0.06959922998,121.558907376,25.8331761278,1038.29560745,0.772251686406,0.358733215129
MLCC_C004921,MLCC_B018,MLCC_X7R,leakage_ua,0.7,SIM_X7R_1U_25V,FICTIONAL-MLCC-03,1000,25,1206,X7R,22.548566286,0.901942651438,24.9675555413,57.805961754,TESTER_1,13,62,synthetic,True,mlcc-synthetic-1.0.0,0,0.0948445769328,121.648450086,25.8331761278,994.349007588,0.692229914425,0.2632470548
MLCC_C004921,MLCC_B018,MLCC_X7R,leakage_ua,0.7,SIM_X7R_1U_25V,FICTIONAL-MLCC-03,1000,25,1206,X7R,22.548566286,0.901942651438,24.9675555413,57.805961754,TESTER_1,13,62,synthetic,True,mlcc-synthetic-1.0.0,24,0.0909400796761,121.621801446,25.8331761278,988.003791377,0.803671930487,0.274549523491
MLCC_C004930,MLCC_B018,MLCC_X7R,leakage_ua,0.7,SIM_X7R_1U_25V,FICTIONAL-MLCC-03,1000,25,1206,X7R,22.548566286,0.901942651438,24.9675555413,35.978439399,TESTER_1,3,30,synthetic,True,mlcc-synthetic-1.0.0,0,0.0840838632461,121.296587018,25.8331761278,1066.9479204,0.550864557564,0.296936351131
MLCC_C004930,MLCC_B018,MLCC_X7R,leakage_ua,0.7,SIM_X7R_1U_25V,FICTIONAL-MLCC-03,1000,25,1206,X7R,22.548566286,0.901942651438,24.9675555413,35.978439399,TESTER_1,3,30,synthetic,True,mlcc-synthetic-1.0.0,24,0.0807937449731,121.775823051,25.8331761278,1058.86216421,0.558559939166,0.309028323289
MLCC_C004943,MLCC_B018,MLCC_X7R,leakage_ua,0.7,SIM_X7R_1U_25V,FICTIONAL-MLCC-03,1000,25,1206,X7R,22.548566286,0.901942651438,24.9675555413,58.4569896435,TESTER_1,5,175,synthetic,True,mlcc-synthetic-1.0.0,0,0.140459506322,121.621245623,25.8331761278,1046.85906416,0.916914843397,0.177756252995
MLCC_C004943,MLCC_B018,MLCC_X7R,leakage_ua,0.7,SIM_X7R_1U_25V,FICTIONAL-MLCC-03,1000,25,1206,X7R,22.548566286,0.901942651438,24.9675555413,58.4569896435,TESTER_1,5,175,synthetic,True,mlcc-synthetic-1.0.0,24,0.158449408757,121.604566724,25.8331761278,1028.7883485,0.861367476386,0.157574305497
MLCC_C005066,MLCC_B018,MLCC_X7R,leakage_ua,0.7,SIM_X7R_1U_25V,FICTIONAL-MLCC-03,1000,25,1206,X7R,22.548566286,0.901942651438,24.9675555413,56.5601556231,TESTER_1,10,44,synthetic,True,mlcc-synthetic-1.0.0,0,0.0835465198967,121.788412432,25.8331761278,1077.47760305,0.917240664719,0.298846146699
MLCC_C005066,MLCC_B018,MLCC_X7R,leakage_ua,0.7,SIM_X7R_1U_25V,FICTIONAL-MLCC-03,1000,25,1206,X7R,22.548566286,0.901942651438,24.9675555413,56.5601556231,TESTER_1,10,44,synthetic,True,mlcc-synthetic-1.0.0,24,0.0778745780221,121.534805913,25.8331761278,1075.79290864,0.901466096764,0.320612402345
MLCC_C005069,MLCC_B018,MLCC_X7R,leakage_ua,0.7,SIM_X7R_1U_25V,FICTIONAL-MLCC-03,1000,25,1206,X7R,22.548566286,0.901942651438,24.9675555413,45.674328407,TESTER_1,15,82,synthetic,True,mlcc-synthetic-1.0.0,0,0.0729082629596,121.323331433,25.8331761278,903.432676942,0.561390344749,0.342451658121
MLCC_C005069,MLCC_B018,MLCC_X7R,leakage_ua,0.7,SIM_X7R_1U_25V,FICTIONAL-MLCC-03,1000,25,1206,X7R,22.548566286,0.901942651438,24.9675555413,45.674328407,TESTER_1,15,82,synthetic,True,mlcc-synthetic-1.0.0,24,0.0648355611948,121.486138672,25.8331761278,900.923909726,0.598841887843,0.385090451616
MLCC_C005111,MLCC_B018,MLCC_X7R,leakage_ua,0.7,SIM_X7R_1U_25V,FICTIONAL-MLCC-03,1000,25,1206,X7R,22.548566286,0.901942651438,24.9675555413,46.4067377312,TESTER_1,1,32,synthetic,True,mlcc-synthetic-1.0.0,0,0.0659465435176,121.287802328,25.8331761278,1046.45294851,0.616133604991,0.378602944286
MLCC_C005111,MLCC_B018,MLCC_X7R,leakage_ua,0.7,SIM_X7R_1U_25V,FICTIONAL-MLCC-03,1000,25,1206,X7R,22.548566286,0.901942651438,24.9675555413,46.4067377312,TESTER_1,1,32,synthetic,True,mlcc-synthetic-1.0.0,24,0.0567647948579,121.72155483,25.8331761278,1034.49972442,0.557514259064,0.439842257931
MLCC_C005123,MLCC_B018,MLCC_X7R,leakage_ua,0.7,SIM_X7R_1U_25V,FICTIONAL-MLCC-03,1000,25,1206,X7R,22.548566286,0.901942651438,24.9675555413,56.9441062312,TESTER_1,7,128,synthetic,True,mlcc-synthetic-1.0.0,0,0.111595104187,121.295800527,25.8331761278,1024.20032189,0.652833071516,0.223733430989
MLCC_C005123,MLCC_B018,MLCC_X7R,leakage_ua,0.7,SIM_X7R_1U_25V,FICTIONAL-MLCC-03,1000,25,1206,X7R,22.548566286,0.901942651438,24.9675555413,56.9441062312,TESTER_1,7,128,synthetic,True,mlcc-synthetic-1.0.0,24,0.0884213218981,121.782037689,25.8331761278,1021.57199625,0.646655481377,0.282370303964
MLCC_C005219,MLCC_B018,MLCC_X7R,leakage_ua,0.7,SIM_X7R_1U_25V,FICTIONAL-MLCC-03,1000,25,1206,X7R,22.548566286,0.901942651438,24.9675555413,44.0902879027,TESTER_1,9,133,synthetic,True,mlcc-synthetic-1.0.0,0,0.105680987973,121.574910311,25.8331761278,971.735630084,0.654438118387,0.236253994405
MLCC_C005219,MLCC_B018,MLCC_X7R,leakage_ua,0.7,SIM_X7R_1U_25V,FICTIONAL-MLCC-03,1000,25,1206,X7R,22.548566286,0.901942651438,24.9675555413,44.0902879027,TESTER_1,9,133,synthetic,True,mlcc-synthetic-1.0.0,24,0.119320325755,121.716812221,25.8331761278,972.931148417,0.591602147279,0.209248134241
MLCC_C005333,MLCC_B018,MLCC_X7R,leakage_ua,0.7,SIM_X7R_1U_25V,FICTIONAL-MLCC-03,1000,25,1206,X7R,22.548566286,0.901942651438,24.9675555413,42.8831001389,TESTER_1,12,102,synthetic,True,mlcc-synthetic-1.0.0,0,0.0531013331557,121.564012908,25.8331761278,1022.75710145,0.467448229831,0.470186981334
MLCC_C005333,MLCC_B018,MLCC_X7R,leakage_ua,0.7,SIM_X7R_1U_25V,FICTIONAL-MLCC-03,1000,25,1206,X7R,22.548566286,0.901942651438,24.9675555413,42.8831001389,TESTER_1,12,102,synthetic,True,mlcc-synthetic-1.0.0,24,0.0486593800812,121.734898666,25.8331761278,1020.7529962,0.522939240143,0.513108788061
MLCC_C005388,MLCC_B018,MLCC_X7R,leakage_ua,0.7,SIM_X7R_1U_25V,FICTIONAL-MLCC-03,1000,25,1206,X7R,22.548566286,0.901942651438,24.9675555413,39.2110141806,TESTER_1,7,5,synthetic,True,mlcc-synthetic-1.0.0,0,0.0561684935271,121.478829372,25.8331761278,1030.60998161,0.723258313456,0.444511753359
MLCC_C005388,MLCC_B018,MLCC_X7R,leakage_ua,0.7,SIM_X7R_1U_25V,FICTIONAL-MLCC-03,1000,25,1206,X7R,22.548566286,0.901942651438,24.9675555413,39.2110141806,TESTER_1,7,5,synthetic,True,mlcc-synthetic-1.0.0,24,0.079613015993,121.455173805,25.8331761278,1024.24365752,0.688553797904,0.313611477091
MLCC_C005457,MLCC_B018,MLCC_X7R,leakage_ua,0.7,SIM_X7R_1U_25V,FICTIONAL-MLCC-03,1000,25,1206,X7R,22.548566286,0.901942651438,24.9675555413,60.8779568902,TESTER_1,16,136,synthetic,True,mlcc-synthetic-1.0.0,0,0.117782411464,121.755553213,25.8331761278,1021.6156144,0.597995302608,0.211980339262
MLCC_C005457,MLCC_B018,MLCC_X7R,leakage_ua,0.7,SIM_X7R_1U_25V,FICTIONAL-MLCC-03,1000,25,1206,X7R,22.548566286,0.901942651438,24.9675555413,60.8779568902,TESTER_1,16,136,synthetic,True,mlcc-synthetic-1.0.0,24,0.10022231891,121.510097145,25.8331761278,1023.00174227,0.548804745604,0.249121710742
MLCC_C005501,MLCC_B018,MLCC_X7R,leakage_ua,0.7,SIM_X7R_1U_25V,FICTIONAL-MLCC-03,1000,25,1206,X7R,22.548566286,0.901942651438,24.9675555413,50.7373301331,TESTER_1,1,164,synthetic,True,mlcc-synthetic-1.0.0,0,0.049754088988,121.505538413,25.8331761278,925.24153576,0.557183689997,0.501819168015
MLCC_C005501,MLCC_B018,MLCC_X7R,leakage_ua,0.7,SIM_X7R_1U_25V,FICTIONAL-MLCC-03,1000,25,1206,X7R,22.548566286,0.901942651438,24.9675555413,50.7373301331,TESTER_1,1,164,synthetic,True,mlcc-synthetic-1.0.0,24,0.0480808392834,121.740140852,25.8331761278,924.258038696,0.54038684715,0.519282855986
MLCC_C005546,MLCC_B018,MLCC_X7R,leakage_ua,0.7,SIM_X7R_1U_25V,FICTIONAL-MLCC-03,1000,25,1206,X7R,22.548566286,0.901942651438,24.9675555413,51.1263535502,TESTER_1,13,85,synthetic,True,mlcc-synthetic-1.0.0,0,0.109706886416,121.603429033,25.8331761278,977.291189954,0.488750828544,0.227584214237
MLCC_C005546,MLCC_B018,MLCC_X7R,leakage_ua,0.7,SIM_X7R_1U_25V,FICTIONAL-MLCC-03,1000,25,1206,X7R,22.548566286,0.901942651438,24.9675555413,51.1263535502,TESTER_1,13,85,synthetic,True,mlcc-synthetic-1.0.0,24,0.0991897920634,121.582327646,25.8331761278,967.317324898,0.537984059685,0.251714970078
MLCC_C005581,MLCC_B018,MLCC_X7R,leakage_ua,0.7,SIM_X7R_1U_25V,FICTIONAL-MLCC-03,1000,25,1206,X7R,22.548566286,0.901942651438,24.9675555413,45.5050842606,TESTER_1,16,122,synthetic,True,mlcc-synthetic-1.0.0,0,0.0660610939872,121.519734773,25.8331761278,983.349188462,0.553375719984,0.377946443728
MLCC_C005581,MLCC_B018,MLCC_X7R,leakage_ua,0.7,SIM_X7R_1U_25V,FICTIONAL-MLCC-03,1000,25,1206,X7R,22.548566286,0.901942651438,24.9675555413,45.5050842606,TESTER_1,16,122,synthetic,True,mlcc-synthetic-1.0.0,24,0.0604863664027,121.673213784,25.8331761278,972.047242878,0.600084108281,0.412779887868
MLCC_C005733,MLCC_B018,MLCC_X7R,leakage_ua,0.7,SIM_X7R_1U_25V,FICTIONAL-MLCC-03,1000,25,1206,X7R,22.548566286,0.901942651438,24.9675555413,30.9093511306,TESTER_1,1,108,synthetic,True,mlcc-synthetic-1.0.0,0,0.0808046779604,121.743969498,25.8331761278,981.377650069,0.743965620362,0.30898651132
MLCC_C005733,MLCC_B018,MLCC_X7R,leakage_ua,0.7,SIM_X7R_1U_25V,FICTIONAL-MLCC-03,1000,25,1206,X7R,22.548566286,0.901942651438,24.9675555413,30.9093511306,TESTER_1,1,108,synthetic,True,mlcc-synthetic-1.0.0,24,0.0775894462902,121.34723565,25.8331761278,976.959485396,0.724794057474,0.321790613738
MLCC_C005780,MLCC_B018,MLCC_X7R,leakage_ua,0.7,SIM_X7R_1U_25V,FICTIONAL-MLCC-03,1000,25,1206,X7R,22.548566286,0.901942651438,24.9675555413,59.2227175817,TESTER_1,5,176,synthetic,True,mlcc-synthetic-1.0.0,0,0.0627120399641,121.289661395,25.8331761278,1072.03587737,0.768979559468,0.398130176527
MLCC_C005780,MLCC_B018,MLCC_X7R,leakage_ua,0.7,SIM_X7R_1U_25V,FICTIONAL-MLCC-03,1000,25,1206,X7R,22.548566286,0.901942651438,24.9675555413,59.2227175817,TESTER_1,5,176,synthetic,True,mlcc-synthetic-1.0.0,24,0.0642815042009,121.375545573,25.8331761278,1066.88035471,0.743383966016,0.388409634337
MLCC_C005858,MLCC_B018,MLCC_X7R,leakage_ua,0.7,SIM_X7R_1U_25V,FICTIONAL-MLCC-03,1000,25,1206,X7R,22.548566286,0.901942651438,24.9675555413,57.8145024194,TESTER_1,5,97,synthetic,True,mlcc-synthetic-1.0.0,0,0.089042161401,121.513253775,25.8331761278,1021.88112568,0.769372119839,0.280401499115
MLCC_C005858,MLCC_B018,MLCC_X7R,leakage_ua,0.7,SIM_X7R_1U_25V,FICTIONAL-MLCC-03,1000,25,1206,X7R,22.548566286,0.901942651438,24.9675555413,57.8145024194,TESTER_1,5,97,synthetic,True,mlcc-synthetic-1.0.0,24,0.0847608335367,121.638164904,25.8331761278,1018.56149242,0.673706115877,0.294564771245
MLCC_C005978,MLCC_B018,MLCC_X7R,leakage_ua,0.7,SIM_X7R_1U_25V,FICTIONAL-MLCC-03,1000,25,1206,X7R,22.548566286,0.901942651438,24.9675555413,28.0463991387,TESTER_1,6,23,synthetic,True,mlcc-synthetic-1.0.0,0,0.0977106027663,121.818514263,25.8331761278,1012.71286594,0.588630603961,0.255525550292
MLCC_C005978,MLCC_B018,MLCC_X7R,leakage_ua,0.7,SIM_X7R_1U_25V,FICTIONAL-MLCC-03,1000,25,1206,X7R,22.548566286,0.901942651438,24.9675555413,28.0463991387,TESTER_1,6,23,synthetic,True,mlcc-synthetic-1.0.0,24,0.0937527790753,121.703400196,25.8331761278,1003.96258537,0.531558025567,0.266312698008
MLCC_C005996,MLCC_B018,MLCC_X7R,leakage_ua,0.7,SIM_X7R_1U_25V,FICTIONAL-MLCC-03,1000,25,1206,X7R,22.548566286,0.901942651438,24.9675555413,33.5471742278,TESTER_1,7,47,synthetic,True,mlcc-synthetic-1.0.0,0,0.0439392024886,121.553256746,25.8331761278,963.133869209,0.540769337113,0.568229601976
MLCC_C005996,MLCC_B018,MLCC_X7R,leakage_ua,0.7,SIM_X7R_1U_25V,FICTIONAL-MLCC-03,1000,25,1206,X7R,22.548566286,0.901942651438,24.9675555413,33.5471742278,TESTER_1,7,47,synthetic,True,mlcc-synthetic-1.0.0,24,0.0385923096497,121.511030764,25.8331761278,955.860741931,0.579032301891,0.646956758171
MLCC_C006091,MLCC_B018,MLCC_X7R,leakage_ua,0.7,SIM_X7R_1U_25V,FICTIONAL-MLCC-03,1000,25,1206,X7R,22.548566286,0.901942651438,24.9675555413,48.1398095017,TESTER_1,8,185,synthetic,True,mlcc-synthetic-1.0.0,0,0.0432922383471,121.565558937,25.8331761278,983.912701799,0.601853806677,0.576721289878
MLCC_C006091,MLCC_B018,MLCC_X7R,leakage_ua,0.7,SIM_X7R_1U_25V,FICTIONAL-MLCC-03,1000,25,1206,X7R,22.548566286,0.901942651438,24.9675555413,48.1398095017,TESTER_1,8,185,synthetic,True,mlcc-synthetic-1.0.0,24,0.0444158067222,121.835073854,25.8331761278,969.674671759,0.636249041283,0.562132208865
MLCC_C006101,MLCC_B018,MLCC_X7R,leakage_ua,0.7,SIM_X7R_1U_25V,FICTIONAL-MLCC-03,1000,25,1206,X7R,22.548566286,0.901942651438,24.9675555413,52.6086411651,TESTER_1,1,40,synthetic,True,mlcc-synthetic-1.0.0,0,0.0986352517981,121.340276281,25.8331761278,981.310096192,0.678028404838,0.253130144508
MLCC_C006101,MLCC_B018,MLCC_X7R,leakage_ua,0.7,SIM_X7R_1U_25V,FICTIONAL-MLCC-03,1000,25,1206,X7R,22.548566286,0.901942651438,24.9675555413,52.6086411651,TESTER_1,1,40,synthetic,True,mlcc-synthetic-1.0.0,24,0.084007993629,121.653135671,25.8331761278,980.196217174,0.667071736843,0.297204521412
MLCC_C006103,MLCC_B018,MLCC_X7R,leakage_ua,0.7,SIM_X7R_1U_25V,FICTIONAL-MLCC-03,1000,25,1206,X7R,22.548566286,0.901942651438,24.9675555413,40.3044377115,TESTER_1,11,180,synthetic,True,mlcc-synthetic-1.0.0,0,0.0800230084913,121.462032915,25.8331761278,1022.43275263,0.404206296823,0.312004709795
MLCC_C006103,MLCC_B018,MLCC_X7R,leakage_ua,0.7,SIM_X7R_1U_25V,FICTIONAL-MLCC-03,1000,25,1206,X7R,22.548566286,0.901942651438,24.9675555413,40.3044377115,TESTER_1,11,180,synthetic,True,mlcc-synthetic-1.0.0,24,0.0736800449363,121.657632037,25.8331761278,1027.07164108,0.380812858723,0.338864553664
MLCC_C006213,MLCC_B018,MLCC_X7R,leakage_ua,0.7,SIM_X7R_1U_25V,FICTIONAL-MLCC-03,1000,25,1206,X7R,22.548566286,0.901942651438,24.9675555413,35.216056682,TESTER_1,8,163,synthetic,True,mlcc-synthetic-1.0.0,0,0.105685921867,121.684645372,25.8331761278,1031.46490344,0.560711198964,0.236242965007
MLCC_C006213,MLCC_B018,MLCC_X7R,leakage_ua,0.7,SIM_X7R_1U_25V,FICTIONAL-MLCC-03,1000,25,1206,X7R,22.548566286,0.901942651438,24.9675555413,35.216056682,TESTER_1,8,163,synthetic,True,mlcc-synthetic-1.0.0,24,0.0943184555343,121.804120322,25.8331761278,1032.64842795,0.574022611182,0.264715483304
MLCC_C006230,MLCC_B018,MLCC_X7R,leakage_ua,0.7,SIM_X7R_1U_25V,FICTIONAL-MLCC-03,1000,25,1206,X7R,22.548566286,0.901942651438,24.9675555413,54.9177270663,TESTER_1,14,135,synthetic,True,mlcc-synthetic-1.0.0,0,0.14610422984,121.661784583,25.8331761278,985.039359809,0.564850841576,0.170888656465
MLCC_C006230,MLCC_B018,MLCC_X7R,leakage_ua,0.7,SIM_X7R_1U_25V,FICTIONAL-MLCC-03,1000,25,1206,X7R,22.548566286,0.901942651438,24.9675555413,54.9177270663,TESTER_1,14,135,synthetic,True,mlcc-synthetic-1.0.0,24,0.129618968287,121.70864373,25.8331761278,984.640113138,0.547362934845,0.192622699217
MLCC_C006249,MLCC_B018,MLCC_X7R,leakage_ua,0.7,SIM_X7R_1U_25V,FICTIONAL-MLCC-03,1000,25,1206,X7R,22.548566286,0.901942651438,24.9675555413,28.61540912,TESTER_1,15,129,synthetic,True,mlcc-synthetic-1.0.0,0,0.0840564913534,121.802850518,25.8331761278,1015.88707664,0.892293130821,0.297033044555
MLCC_C006249,MLCC_B018,MLCC_X7R,leakage_ua,0.7,SIM_X7R_1U_25V,FICTIONAL-MLCC-03,1000,25,1206,X7R,22.548566286,0.901942651438,24.9675555413,28.61540912,TESTER_1,15,129,synthetic,True,mlcc-synthetic-1.0.0,24,0.0674124117276,121.659905322,25.8331761278,1005.34665511,0.906793802476,0.370370305726
MLCC_C006270,MLCC_B018,MLCC_X7R,leakage_ua,0.7,SIM_X7R_1U_25V,FICTIONAL-MLCC-03,1000,25,1206,X7R,22.548566286,0.901942651438,24.9675555413,35.8498148229,TESTER_1,14,131,synthetic,True,mlcc-synthetic-1.0.0,0,0.044949579703,121.497105804,25.8331761278,953.091657204,0.551817922528,0.555456929881
MLCC_C006270,MLCC_B018,MLCC_X7R,leakage_ua,0.7,SIM_X7R_1U_25V,FICTIONAL-MLCC-03,1000,25,1206,X7R,22.548566286,0.901942651438,24.9675555413,35.8498148229,TESTER_1,14,131,synthetic,True,mlcc-synthetic-1.0.0,24,0.0450833009024,121.738341687,25.8331761278,946.548052501,0.487010777992,0.553809393756
MLCC_C006280,MLCC_B018,MLCC_X7R,leakage_ua,0.7,SIM_X7R_1U_25V,FICTIONAL-MLCC-03,1000,25,1206,X7R,22.548566286,0.901942651438,24.9675555413,34.1799152396,TESTER_1,16,103,synthetic,True,mlcc-synthetic-1.0.0,0,0.0462928386529,121.553072286,25.8331761278,941.516353974,1.01748424626,0.539339480313
MLCC_C006280,MLCC_B018,MLCC_X7R,leakage_ua,0.7,SIM_X7R_1U_25V,FICTIONAL-MLCC-03,1000,25,1206,X7R,22.548566286,0.901942651438,24.9675555413,34.1799152396,TESTER_1,16,103,synthetic,True,mlcc-synthetic-1.0.0,24,0.0430760372098,121.566840258,25.8331761278,936.249008148,1.01028081401,0.579615887592
MLCC_C006305,MLCC_B018,MLCC_X7R,leakage_ua,0.7,SIM_X7R_1U_25V,FICTIONAL-MLCC-03,1000,25,1206,X7R,22.548566286,0.901942651438,24.9675555413,36.2626006751,TESTER_1,9,162,synthetic,True,mlcc-synthetic-1.0.0,0,0.092602230156,121.919044353,25.8331761278,971.690267575,0.859140860473,0.269621536104
MLCC_C006305,MLCC_B018,MLCC_X7R,leakage_ua,0.7,SIM_X7R_1U_25V,FICTIONAL-MLCC-03,1000,25,1206,X7R,22.548566286,0.901942651438,24.9675555413,36.2626006751,TESTER_1,9,162,synthetic,True,mlcc-synthetic-1.0.0,24,0.0990425272568,121.563079839,25.8331761278,964.018108009,0.829584482441,0.252089241186
MLCC_C006471,MLCC_B018,MLCC_X7R,leakage_ua,0.7,SIM_X7R_1U_25V,FICTIONAL-MLCC-03,1000,25,1206,X7R,22.548566286,0.901942651438,24.9675555413,40.6403905783,TESTER_1,8,41,synthetic,True,mlcc-synthetic-1.0.0,0,0.13329564895,121.287000749,25.8331761278,961.417957909,0.671491550955,0.187309606412
MLCC_C006471,MLCC_B018,MLCC_X7R,leakage_ua,0.7,SIM_X7R_1U_25V,FICTIONAL-MLCC-03,1000,25,1206,X7R,22.548566286,0.901942651438,24.9675555413,40.6403905783,TESTER_1,8,41,synthetic,True,mlcc-synthetic-1.0.0,24,0.112024281764,121.392434108,25.8331761278,949.01784457,0.679789744861,0.222876283143
MLCC_C006513,MLCC_B018,MLCC_X7R,leakage_ua,0.7,SIM_X7R_1U_25V,FICTIONAL-MLCC-03,1000,25,1206,X7R,22.548566286,0.901942651438,24.9675555413,33.5917698059,TESTER_1,7,4,synthetic,True,mlcc-synthetic-1.0.0,0,0.073950822861,121.495810658,25.8331761278,1042.9570865,0.788827219685,0.337623769085
MLCC_C006513,MLCC_B018,MLCC_X7R,leakage_ua,0.7,SIM_X7R_1U_25V,FICTIONAL-MLCC-03,1000,25,1206,X7R,22.548566286,0.901942651438,24.9675555413,33.5917698059,TESTER_1,7,4,synthetic,True,mlcc-synthetic-1.0.0,24,0.0677251069102,121.528284106,25.8331761278,1031.13141771,0.822622252602,0.368660260284
MLCC_C006567,MLCC_B018,MLCC_X7R,leakage_ua,0.7,SIM_X7R_1U_25V,FICTIONAL-MLCC-03,1000,25,1206,X7R,22.548566286,0.901942651438,24.9675555413,30.3650536458,TESTER_1,7,142,synthetic,True,mlcc-synthetic-1.0.0,0,0.0812336822615,121.761714754,25.8331761278,1025.80285525,0.774234680994,0.307354718464
MLCC_C006567,MLCC_B018,MLCC_X7R,leakage_ua,0.7,SIM_X7R_1U_25V,FICTIONAL-MLCC-03,1000,25,1206,X7R,22.548566286,0.901942651438,24.9675555413,30.3650536458,TESTER_1,7,142,synthetic,True,mlcc-synthetic-1.0.0,24,0.0736900001178,121.713219163,25.8331761278,1019.19686363,0.759738204485,0.338818774615
MLCC_C006625,MLCC_B018,MLCC_X7R,leakage_ua,0.7,SIM_X7R_1U_25V,FICTIONAL-MLCC-03,1000,25,1206,X7R,22.548566286,0.901942651438,24.9675555413,51.8551363639,TESTER_1,15,138,synthetic,True,mlcc-synthetic-1.0.0,0,0.0794590305938,121.262514772,25.8331761278,976.192482676,0.694668840353,0.314219231656
MLCC_C006625,MLCC_B018,MLCC_X7R,leakage_ua,0.7,SIM_X7R_1U_25V,FICTIONAL-MLCC-03,1000,25,1206,X7R,22.548566286,0.901942651438,24.9675555413,51.8551363639,TESTER_1,15,138,synthetic,True,mlcc-synthetic-1.0.0,24,0.0785418661319,121.54886869,25.8331761278,970.174163257,0.58163791225,0.317888494008
MLCC_C006676,MLCC_B018,MLCC_X7R,leakage_ua,0.7,SIM_X7R_1U_25V,FICTIONAL-MLCC-03,1000,25,1206,X7R,22.548566286,0.901942651438,24.9675555413,40.0383640992,TESTER_1,8,141,synthetic,True,mlcc-synthetic-1.0.0,0,0.0882962305289,121.40359181,25.8331761278,1053.01288791,0.58421138005,0.282770344688
MLCC_C006676,MLCC_B018,MLCC_X7R,leakage_ua,0.7,SIM_X7R_1U_25V,FICTIONAL-MLCC-03,1000,25,1206,X7R,22.548566286,0.901942651438,24.9675555413,40.0383640992,TESTER_1,8,141,synthetic,True,mlcc-synthetic-1.0.0,24,0.0820009178901,121.648204975,25.8331761278,1046.40769011,0.593188861078,0.304478976378
MLCC_C006685,MLCC_B018,MLCC_X7R,leakage_ua,0.7,SIM_X7R_1U_25V,FICTIONAL-MLCC-03,1000,25,1206,X7R,22.548566286,0.901942651438,24.9675555413,25.7667670367,TESTER_1,8,132,synthetic,True,mlcc-synthetic-1.0.0,0,0.0642066309188,121.631354046,25.8331761278,991.405150792,0.813453162342,0.388862570485
MLCC_C006685,MLCC_B018,MLCC_X7R,leakage_ua,0.7,SIM_X7R_1U_25V,FICTIONAL-MLCC-03,1000,25,1206,X7R,22.548566286,0.901942651438,24.9675555413,25.7667670367,TESTER_1,8,132,synthetic,True,mlcc-synthetic-1.0.0,24,0.0620234792973,121.540797969,25.8331761278,991.170987759,0.745861364356,0.402550063688
MLCC_C006827,MLCC_B018,MLCC_X7R,leakage_ua,0.7,SIM_X7R_1U_25V,FICTIONAL-MLCC-03,1000,25,1206,X7R,22.548566286,0.901942651438,24.9675555413,37.3780372067,TESTER_1,12,195,synthetic,True,mlcc-synthetic-1.0.0,0,0.094645773357,121.665755037,25.8331761278,947.387541285,0.659527304845,0.263800005597
MLCC_C006827,MLCC_B018,MLCC_X7R,leakage_ua,0.7,SIM_X7R_1U_25V,FICTIONAL-MLCC-03,1000,25,1206,X7R,22.548566286,0.901942651438,24.9675555413,37.3780372067,TESTER_1,12,195,synthetic,True,mlcc-synthetic-1.0.0,24,0.0848190983646,121.586101583,25.8331761278,940.134245042,0.716578037254,0.294362425712
MLCC_C006917,MLCC_B018,MLCC_X7R,leakage_ua,0.7,SIM_X7R_1U_25V,FICTIONAL-MLCC-03,1000,25,1206,X7R,22.548566286,0.901942651438,24.9675555413,38.6299957215,TESTER_1,1,183,synthetic,True,mlcc-synthetic-1.0.0,0,0.0716715415035,121.534305298,25.8331761278,979.147918704,0.865187592642,0.348360800082
MLCC_C006917,MLCC_B018,MLCC_X7R,leakage_ua,0.7,SIM_X7R_1U_25V,FICTIONAL-MLCC-03,1000,25,1206,X7R,22.548566286,0.901942651438,24.9675555413,38.6299957215,TESTER_1,1,183,synthetic,True,mlcc-synthetic-1.0.0,24,0.0742491038033,121.668494151,25.8331761278,973.726114465,0.808537350312,0.336267433038
MLCC_C006931,MLCC_B018,MLCC_X7R,leakage_ua,0.7,SIM_X7R_1U_25V,FICTIONAL-MLCC-03,1000,25,1206,X7R,22.548566286,0.901942651438,24.9675555413,46.5993783445,TESTER_1,4,73,synthetic,True,mlcc-synthetic-1.0.0,0,0.0634067525988,121.724401738,25.8331761278,1037.49887579,1.05097608054,0.393768084912
MLCC_C006931,MLCC_B018,MLCC_X7R,leakage_ua,0.7,SIM_X7R_1U_25V,FICTIONAL-MLCC-03,1000,25,1206,X7R,22.548566286,0.901942651438,24.9675555413,46.5993783445,TESTER_1,4,73,synthetic,True,mlcc-synthetic-1.0.0,24,0.063041295992,121.543185564,25.8331761278,1031.6412721,1.00991002784,0.396050797313
MLCC_C007010,MLCC_B018,MLCC_X7R,leakage_ua,0.7,SIM_X7R_1U_25V,FICTIONAL-MLCC-03,1000,25,1206,X7R,22.548566286,0.901942651438,24.9675555413,47.9952401103,TESTER_1,7,107,synthetic,True,mlcc-synthetic-1.0.0,0,0.055498775703,121.529313682,25.8331761278,998.252810064,0.852204735902,0.449875789601
MLCC_C007010,MLCC_B018,MLCC_X7R,leakage_ua,0.7,SIM_X7R_1U_25V,FICTIONAL-MLCC-03,1000,25,1206,X7R,22.548566286,0.901942651438,24.9675555413,47.9952401103,TESTER_1,7,107,synthetic,True,mlcc-synthetic-1.0.0,24,0.0720241917473,121.443742554,25.8331761278,999.576678929,0.778094336106,0.346655129833
MLCC_C007177,MLCC_B018,MLCC_X7R,leakage_ua,0.7,SIM_X7R_1U_25V,FICTIONAL-MLCC-03,1000,25,1206,X7R,22.548566286,0.901942651438,24.9675555413,35.4987474514,TESTER_1,2,29,synthetic,True,mlcc-synthetic-1.0.0,0,0.0428819034918,121.549323917,25.8331761278,980.400278802,0.868321708048,0.582239907938
MLCC_C007177,MLCC_B018,MLCC_X7R,leakage_ua,0.7,SIM_X7R_1U_25V,FICTIONAL-MLCC-03,1000,25,1206,X7R,22.548566286,0.901942651438,24.9675555413,35.4987474514,TESTER_1,2,29,synthetic,True,mlcc-synthetic-1.0.0,24,0.0394097571687,121.619877309,25.8331761278,976.422177844,0.814111593095,0.633537411418
MLCC_C007217,MLCC_B018,MLCC_X7R,leakage_ua,0.7,SIM_X7R_1U_25V,FICTIONAL-MLCC-03,1000,25,1206,X7R,22.548566286,0.901942651438,24.9675555413,53.7448651926,TESTER_1,3,119,synthetic,True,mlcc-synthetic-1.0.0,0,0.094083334659,121.552846216,25.8331761278,941.392967972,0.58158526747,0.265377025929
MLCC_C007217,MLCC_B018,MLCC_X7R,leakage_ua,0.7,SIM_X7R_1U_25V,FICTIONAL-MLCC-03,1000,25,1206,X7R,22.548566286,0.901942651438,24.9675555413,53.7448651926,TESTER_1,3,119,synthetic,True,mlcc-synthetic-1.0.0,24,0.122511678508,121.562211864,25.8331761278,939.886081267,0.645836418877,0.203797350957
MLCC_C007295,MLCC_B018,MLCC_X7R,leakage_ua,0.7,SIM_X7R_1U_25V,FICTIONAL-MLCC-03,1000,25,1206,X7R,22.548566286,0.901942651438,24.9675555413,42.8919725934,TESTER_1,4,157,synthetic,True,mlcc-synthetic-1.0.0,0,0.0744398503033,121.501305661,25.8331761278,949.138039521,0.642936832151,0.335405773111
MLCC_C007295,MLCC_B018,MLCC_X7R,leakage_ua,0.7,SIM_X7R_1U_25V,FICTIONAL-MLCC-03,1000,25,1206,X7R,22.548566286,0.901942651438,24.9675555413,42.8919725934,TESTER_1,4,157,synthetic,True,mlcc-synthetic-1.0.0,24,0.0761715240594,121.767135223,25.8331761278,951.419827239,0.650528057402,0.327780700854
MLCC_C007302,MLCC_B018,MLCC_X7R,leakage_ua,0.7,SIM_X7R_1U_25V,FICTIONAL-MLCC-03,1000,25,1206,X7R,22.548566286,0.901942651438,24.9675555413,45.0469812105,TESTER_1,8,188,synthetic,True,mlcc-synthetic-1.0.0,0,0.0804613239059,121.484698978,25.8331761278,965.592168353,0.892834732494,0.310305055016
MLCC_C007302,MLCC_B018,MLCC_X7R,leakage_ua,0.7,SIM_X7R_1U_25V,FICTIONAL-MLCC-03,1000,25,1206,X7R,22.548566286,0.901942651438,24.9675555413,45.0469812105,TESTER_1,8,188,synthetic,True,mlcc-synthetic-1.0.0,24,0.070781881214,121.718443073,25.8331761278,958.126786967,0.900496972493,0.352739360879
MLCC_C007316,MLCC_B018,MLCC_X7R,leakage_ua,0.7,SIM_X7R_1U_25V,FICTIONAL-MLCC-03,1000,25,1206,X7R,22.548566286,0.901942651438,24.9675555413,39.1767996654,TESTER_1,10,184,synthetic,True,mlcc-synthetic-1.0.0,0,0.104691254204,121.754314668,25.8331761278,956.474070046,0.641719886119,0.238487500519
MLCC_C007316,MLCC_B018,MLCC_X7R,leakage_ua,0.7,SIM_X7R_1U_25V,FICTIONAL-MLCC-03,1000,25,1206,X7R,22.548566286,0.901942651438,24.9675555413,39.1767996654,TESTER_1,10,184,synthetic,True,mlcc-synthetic-1.0.0,24,0.123026023975,121.5055687,25.8331761278,953.600041889,0.679467024335,0.202945317865
MLCC_C007351,MLCC_B018,MLCC_X7R,leakage_ua,0.7,SIM_X7R_1U_25V,FICTIONAL-MLCC-03,1000,25,1206,X7R,22.548566286,0.901942651438,24.9675555413,63.3833207932,TESTER_1,13,168,synthetic,True,mlcc-synthetic-1.0.0,0,0.114696172237,121.42726547,25.8331761278,1042.02283432,0.622840768132,0.217684296295
MLCC_C007351,MLCC_B018,MLCC_X7R,leakage_ua,0.7,SIM_X7R_1U_25V,FICTIONAL-MLCC-03,1000,25,1206,X7R,22.548566286,0.901942651438,24.9675555413,63.3833207932,TESTER_1,13,168,synthetic,True,mlcc-synthetic-1.0.0,24,0.104441133784,121.649037043,25.8331761278,1035.22403868,0.610233402147,0.239058641329
MLCC_C007389,MLCC_B018,MLCC_X7R,leakage_ua,0.7,SIM_X7R_1U_25V,FICTIONAL-MLCC-03,1000,25,1206,X7R,22.548566286,0.901942651438,24.9675555413,49.0248619529,TESTER_1,4,166,synthetic,True,mlcc-synthetic-1.0.0,0,0.130683469916,121.582773593,25.8331761278,1025.42627003,0.679278645505,0.19105366239
MLCC_C007389,MLCC_B018,MLCC_X7R,leakage_ua,0.7,SIM_X7R_1U_25V,FICTIONAL-MLCC-03,1000,25,1206,X7R,22.548566286,0.901942651438,24.9675555413,49.0248619529,TESTER_1,4,166,synthetic,True,mlcc-synthetic-1.0.0,24,0.133645192477,121.449036854,25.8331761278,1019.30170667,0.739955881948,0.186819705809
MLCC_C007463,MLCC_B018,MLCC_X7R,leakage_ua,0.7,SIM_X7R_1U_25V,FICTIONAL-MLCC-03,1000,25,1206,X7R,22.548566286,0.901942651438,24.9675555413,47.1543980903,TESTER_1,14,104,synthetic,True,mlcc-synthetic-1.0.0,0,0.0599201058538,121.648949801,25.8331761278,1011.5665021,0.698160343235,0.41668076492
MLCC_C007463,MLCC_B018,MLCC_X7R,leakage_ua,0.7,SIM_X7R_1U_25V,FICTIONAL-MLCC-03,1000,25,1206,X7R,22.548566286,0.901942651438,24.9675555413,47.1543980903,TESTER_1,14,104,synthetic,True,mlcc-synthetic-1.0.0,24,0.0532354410829,121.672559262,25.8331761278,1003.83235655,0.670525703358,0.469002510985
MLCC_C007547,MLCC_B018,MLCC_X7R,leakage_ua,0.7,SIM_X7R_1U_25V,FICTIONAL-MLCC-03,1000,25,1206,X7R,22.548566286,0.901942651438,24.9675555413,42.1215432051,TESTER_1,6,10,synthetic,True,mlcc-synthetic-1.0.0,0,0.102827944697,121.561090468,25.8331761278,1013.82604797,0.732583317365,0.242809049765
MLCC_C007547,MLCC_B018,MLCC_X7R,leakage_ua,0.7,SIM_X7R_1U_25V,FICTIONAL-MLCC-03,1000,25,1206,X7R,22.548566286,0.901942651438,24.9675555413,42.1215432051,TESTER_1,6,10,synthetic,True,mlcc-synthetic-1.0.0,24,0.0931160305864,121.355019679,25.8331761278,1011.833729,0.729921650029,0.268133804502
MLCC_C007568,MLCC_B018,MLCC_X7R,leakage_ua,0.7,SIM_X7R_1U_25V,FICTIONAL-MLCC-03,1000,25,1206,X7R,22.548566286,0.901942651438,24.9675555413,41.4080749013,TESTER_1,8,63,synthetic,True,mlcc-synthetic-1.0.0,0,0.103121683017,121.498731871,25.8331761278,957.939172492,0.547239729655,0.242117417121
MLCC_C007568,MLCC_B018,MLCC_X7R,leakage_ua,0.7,SIM_X7R_1U_25V,FICTIONAL-MLCC-03,1000,25,1206,X7R,22.548566286,0.901942651438,24.9675555413,41.4080749013,TESTER_1,8,63,synthetic,True,mlcc-synthetic-1.0.0,24,0.0896586875219,121.435193022,25.8331761278,962.9068048,0.543363192847,0.278473355247
MLCC_C007569,MLCC_B018,MLCC_X7R,leakage_ua,0.7,SIM_X7R_1U_25V,FICTIONAL-MLCC-03,1000,25,1206,X7R,22.548566286,0.901942651438,24.9675555413,27.6585730509,TESTER_1,2,153,synthetic,True,mlcc-synthetic-1.0.0,0,0.0554215645911,121.703110128,25.8331761278,998.110699919,0.613995979013,0.450502538596
MLCC_C007569,MLCC_B018,MLCC_X7R,leakage_ua,0.7,SIM_X7R_1U_25V,FICTIONAL-MLCC-03,1000,25,1206,X7R,22.548566286,0.901942651438,24.9675555413,27.6585730509,TESTER_1,2,153,synthetic,True,mlcc-synthetic-1.0.0,24,0.0492702960754,121.522753214,25.8331761278,988.033832749,0.569297504311,0.506746610637
MLCC_C007803,MLCC_B018,MLCC_X7R,leakage_ua,0.7,SIM_X7R_1U_25V,FICTIONAL-MLCC-03,1000,25,1206,X7R,22.548566286,0.901942651438,24.9675555413,30.3357846705,TESTER_1,4,28,synthetic,True,mlcc-synthetic-1.0.0,0,0.0761514748118,121.259987295,25.8331761278,985.038053715,0.405565223142,0.327866999332
MLCC_C007803,MLCC_B018,MLCC_X7R,leakage_ua,0.7,SIM_X7R_1U_25V,FICTIONAL-MLCC-03,1000,25,1206,X7R,22.548566286,0.901942651438,24.9675555413,30.3357846705,TESTER_1,4,28,synthetic,True,mlcc-synthetic-1.0.0,24,0.0661093601414,121.61335492,25.8331761278,985.956496182,0.435771315795,0.377670506686
MLCC_C007947,MLCC_B018,MLCC_X7R,leakage_ua,0.7,SIM_X7R_1U_25V,FICTIONAL-MLCC-03,1000,25,1206,X7R,22.548566286,0.901942651438,24.9675555413,32.5792638524,TESTER_1,13,165,synthetic,True,mlcc-synthetic-1.0.0,0,0.133143619894,121.495724152,25.8331761278,956.013405328,0.465327813442,0.187523484499
MLCC_C007947,MLCC_B018,MLCC_X7R,leakage_ua,0.7,SIM_X7R_1U_25V,FICTIONAL-MLCC-03,1000,25,1206,X7R,22.548566286,0.901942651438,24.9675555413,32.5792638524,TESTER_1,13,165,synthetic,True,mlcc-synthetic-1.0.0,24,0.0803686420079,121.497883843,25.8331761278,951.088270136,0.48748156308,0.310662901817
MLCC_C008060,MLCC_B018,MLCC_X7R,leakage_ua,0.7,SIM_X7R_1U_25V,FICTIONAL-MLCC-03,1000,25,1206,X7R,22.548566286,0.901942651438,24.9675555413,54.5321076926,TESTER_1,6,199,synthetic,True,mlcc-synthetic-1.0.0,0,0.101374082853,121.342146055,25.8331761278,1000.3548281,0.568276380684,0.246291308771
MLCC_C008060,MLCC_B018,MLCC_X7R,leakage_ua,0.7,SIM_X7R_1U_25V,FICTIONAL-MLCC-03,1000,25,1206,X7R,22.548566286,0.901942651438,24.9675555413,54.5321076926,TESTER_1,6,199,synthetic,True,mlcc-synthetic-1.0.0,24,0.0923880888039,121.640195789,25.8331761278,990.64902188,0.50290510593,0.270246477273
MLCC_C008238,MLCC_B018,MLCC_X7R,leakage_ua,0.7,SIM_X7R_1U_25V,FICTIONAL-MLCC-03,1000,25,1206,X7R,22.548566286,0.901942651438,24.9675555413,44.0517151125,TESTER_1,15,112,synthetic,True,mlcc-synthetic-1.0.0,0,0.0965168351264,121.613751338,25.8331761278,1014.06167457,0.626778208284,0.25868601585
MLCC_C008238,MLCC_B018,MLCC_X7R,leakage_ua,0.7,SIM_X7R_1U_25V,FICTIONAL-MLCC-03,1000,25,1206,X7R,22.548566286,0.901942651438,24.9675555413,44.0517151125,TESTER_1,15,112,synthetic,True,mlcc-synthetic-1.0.0,24,0.0864635984587,121.523426648,25.8331761278,1009.69848726,0.661687573034,0.288763780207
MLCC_C008265,MLCC_B018,MLCC_X7R,leakage_ua,0.7,SIM_X7R_1U_25V,FICTIONAL-MLCC-03,1000,25,1206,X7R,22.548566286,0.901942651438,24.9675555413,56.2376475439,TESTER_1,16,9,synthetic,True,mlcc-synthetic-1.0.0,0,0.0914002905384,121.792541166,25.8331761278,1037.45520939,0.561034946212,0.273167135402
MLCC_C008265,MLCC_B018,MLCC_X7R,leakage_ua,0.7,SIM_X7R_1U_25V,FICTIONAL-MLCC-03,1000,25,1206,X7R,22.548566286,0.901942651438,24.9675555413,56.2376475439,TESTER_1,16,9,synthetic,True,mlcc-synthetic-1.0.0,24,0.0986215451369,121.23754727,25.8331761278,1033.13463915,0.534680831895,0.253165325149
MLCC_C008344,MLCC_B018,MLCC_X7R,leakage_ua,0.7,SIM_X7R_1U_25V,FICTIONAL-MLCC-03,1000,25,1206,X7R,22.548566286,0.901942651438,24.9675555413,72.0748685596,TESTER_1,10,86,synthetic,True,mlcc-synthetic-1.0.0,0,0.0789306554719,121.584415738,25.8331761278,961.678316404,0.882932162865,0.316322668195
MLCC_C008344,MLCC_B018,MLCC_X7R,leakage_ua,0.7,SIM_X7R_1U_25V,FICTIONAL-MLCC-03,1000,25,1206,X7R,22.548566286,0.901942651438,24.9675555413,72.0748685596,TESTER_1,10,86,synthetic,True,mlcc-synthetic-1.0.0,24,0.0590782843599,121.881296693,25.8331761278,954.782164315,0.819462024643,0.422618155077
MLCC_C008450,MLCC_B018,MLCC_X7R,leakage_ua,0.7,SIM_X7R_1U_25V,FICTIONAL-MLCC-03,1000,25,1206,X7R,22.548566286,0.901942651438,24.9675555413,34.9161842347,TESTER_1,9,152,synthetic,True,mlcc-synthetic-1.0.0,0,0.0746037928187,121.6129609,25.8331761278,944.527802134,0.671454562432,0.334668715865
MLCC_C008450,MLCC_B018,MLCC_X7R,leakage_ua,0.7,SIM_X7R_1U_25V,FICTIONAL-MLCC-03,1000,25,1206,X7R,22.548566286,0.901942651438,24.9675555413,34.9161842347,TESTER_1,9,152,synthetic,True,mlcc-synthetic-1.0.0,24,0.0691072707218,121.520415542,25.8331761278,943.248744073,0.600979589976,0.361286956937
MLCC_C008457,MLCC_B018,MLCC_X7R,leakage_ua,0.7,SIM_X7R_1U_25V,FICTIONAL-MLCC-03,1000,25,1206,X7R,22.548566286,0.901942651438,24.9675555413,33.0066486558,TESTER_1,15,17,synthetic,True,mlcc-synthetic-1.0.0,0,0.0636729962514,121.778067884,25.8331761278,980.378001575,0.815203539884,0.392121574469
MLCC_C008457,MLCC_B018,MLCC_X7R,leakage_ua,0.7,SIM_X7R_1U_25V,FICTIONAL-MLCC-03,1000,25,1206,X7R,22.548566286,0.901942651438,24.9675555413,33.0066486558,TESTER_1,15,17,synthetic,True,mlcc-synthetic-1.0.0,24,0.0579664972717,121.485653518,25.8331761278,980.101961025,0.784683891706,0.430723895982
MLCC_C008520,MLCC_B018,MLCC_X7R,leakage_ua,0.7,SIM_X7R_1U_25V,FICTIONAL-MLCC-03,1000,25,1206,X7R,22.548566286,0.901942651438,24.9675555413,47.0819808519,TESTER_1,3,197,synthetic,True,mlcc-synthetic-1.0.0,0,0.113032618737,121.726917214,25.8331761278,1001.37841258,0.538128264231,0.220888057095
MLCC_C008520,MLCC_B018,MLCC_X7R,leakage_ua,0.7,SIM_X7R_1U_25V,FICTIONAL-MLCC-03,1000,25,1206,X7R,22.548566286,0.901942651438,24.9675555413,47.0819808519,TESTER_1,3,197,synthetic,True,mlcc-synthetic-1.0.0,24,0.101438647835,121.522154124,25.8331761278,998.320573243,0.486340185292,0.246134546095
MLCC_C008523,MLCC_B018,MLCC_X7R,leakage_ua,0.7,SIM_X7R_1U_25V,FICTIONAL-MLCC-03,1000,25,1206,X7R,22.548566286,0.901942651438,24.9675555413,26.6052317792,TESTER_1,16,8,synthetic,True,mlcc-synthetic-1.0.0,0,0.0888020964024,121.529233577,25.8331761278,1010.10510664,0.490381859078,0.281159528353
MLCC_C008523,MLCC_B018,MLCC_X7R,leakage_ua,0.7,SIM_X7R_1U_25V,FICTIONAL-MLCC-03,1000,25,1206,X7R,22.548566286,0.901942651438,24.9675555413,26.6052317792,TESTER_1,16,8,synthetic,True,mlcc-synthetic-1.0.0,24,0.0790297814091,121.611950037,25.8331761278,996.16121444,0.559216357636,0.315925909146
MLCC_C008537,MLCC_B018,MLCC_X7R,leakage_ua,0.7,SIM_X7R_1U_25V,FICTIONAL-MLCC-03,1000,25,1206,X7R,22.548566286,0.901942651438,24.9675555413,46.3469469431,TESTER_1,7,59,synthetic,True,mlcc-synthetic-1.0.0,0,0.098433642874,121.636940785,25.8331761278,1035.82785191,0.578249075817,0.253648598307
MLCC_C008537,MLCC_B018,MLCC_X7R,leakage_ua,0.7,SIM_X7R_1U_25V,FICTIONAL-MLCC-03,1000,25,1206,X7R,22.548566286,0.901942651438,24.9675555413,46.3469469431,TESTER_1,7,59,synthetic,True,mlcc-synthetic-1.0.0,24,0.0907232235054,121.64082825,25.8331761278,1030.17949388,0.539047186389,0.275205780577
MLCC_C008585,MLCC_B018,MLCC_X7R,leakage_ua,0.7,SIM_X7R_1U_25V,FICTIONAL-MLCC-03,1000,25,1206,X7R,22.548566286,0.901942651438,24.9675555413,21.9989905871,TESTER_1,15,33,synthetic,True,mlcc-synthetic-1.0.0,0,0.0637674257077,121.580182688,25.8331761278,971.026513856,0.534398626974,0.391540904532
MLCC_C008585,MLCC_B018,MLCC_X7R,leakage_ua,0.7,SIM_X7R_1U_25V,FICTIONAL-MLCC-03,1000,25,1206,X7R,22.548566286,0.901942651438,24.9675555413,21.9989905871,TESTER_1,15,33,synthetic,True,mlcc-synthetic-1.0.0,24,0.102786562526,121.47083761,25.8331761278,961.937197704,0.550119191699,0.242906805399
MLCC_C008627,MLCC_B018,MLCC_X7R,leakage_ua,0.7,SIM_X7R_1U_25V,FICTIONAL-MLCC-03,1000,25,1206,X7R,22.548566286,0.901942651438,24.9675555413,30.1223596284,TESTER_1,9,110,synthetic,True,mlcc-synthetic-1.0.0,0,0.0526967134541,121.657170141,25.8331761278,1050.18191612,1.01539724516,0.473797204887
MLCC_C008627,MLCC_B018,MLCC_X7R,leakage_ua,0.7,SIM_X7R_1U_25V,FICTIONAL-MLCC-03,1000,25,1206,X7R,22.548566286,0.901942651438,24.9675555413,30.1223596284,TESTER_1,9,110,synthetic,True,mlcc-synthetic-1.0.0,24,0.050658990773,121.429813887,25.8331761278,1049.32089128,1.08872560741,0.492855368027
MLCC_C008632,MLCC_B018,MLCC_X7R,leakage_ua,0.7,SIM_X7R_1U_25V,FICTIONAL-MLCC-03,1000,25,1206,X7R,22.548566286,0.901942651438,24.9675555413,58.9746901756,TESTER_1,13,134,synthetic,True,mlcc-synthetic-1.0.0,0,0.131923185457,121.653351472,25.8331761278,1062.53605614,0.635576795189,0.189258282801
MLCC_C008632,MLCC_B018,MLCC_X7R,leakage_ua,0.7,SIM_X7R_1U_25V,FICTIONAL-MLCC-03,1000,25,1206,X7R,22.548566286,0.901942651438,24.9675555413,58.9746901756,TESTER_1,13,134,synthetic,True,mlcc-synthetic-1.0.0,24,0.0996060101824,121.667582524,25.8331761278,1062.36662078,0.657799405047,0.250663142671
MLCC_C008639,MLCC_B018,MLCC_X7R,leakage_ua,0.7,SIM_X7R_1U_25V,FICTIONAL-MLCC-03,1000,25,1206,X7R,22.548566286,0.901942651438,24.9675555413,40.561288365,TESTER_1,14,57,synthetic,True,mlcc-synthetic-1.0.0,0,0.0517782804181,121.381032636,25.8331761278,1037.32043596,0.782299466081,0.482201327268
MLCC_C008639,MLCC_B018,MLCC_X7R,leakage_ua,0.7,SIM_X7R_1U_25V,FICTIONAL-MLCC-03,1000,25,1206,X7R,22.548566286,0.901942651438,24.9675555413,40.561288365,TESTER_1,14,57,synthetic,True,mlcc-synthetic-1.0.0,24,0.0483862904063,121.754918676,25.8331761278,1043.22114894,0.846990780348,0.516004747039
MLCC_C008684,MLCC_B018,MLCC_X7R,leakage_ua,0.7,SIM_X7R_1U_25V,FICTIONAL-MLCC-03,1000,25,1206,X7R,22.548566286,0.901942651438,24.9675555413,36.0494665612,TESTER_1,4,34,synthetic,True,mlcc-synthetic-1.0.0,0,0.107917062276,121.697651678,25.8331761278,1012.98786158,0.680283317781,0.231358739895
MLCC_C008684,MLCC_B018,MLCC_X7R,leakage_ua,0.7,SIM_X7R_1U_25V,FICTIONAL-MLCC-03,1000,25,1206,X7R,22.548566286,0.901942651438,24.9675555413,36.0494665612,TESTER_1,4,34,synthetic,True,mlcc-synthetic-1.0.0,24,0.0985140428582,121.418554667,25.8331761278,1011.33559793,0.628422930547,0.253441588802
MLCC_C008746,MLCC_B018,MLCC_X7R,leakage_ua,0.7,SIM_X7R_1U_25V,FICTIONAL-MLCC-03,1000,25,1206,X7R,22.548566286,0.901942651438,24.9675555413,32.1689089088,TESTER_1,1,159,synthetic,True,mlcc-synthetic-1.0.0,0,0.0537134971942,121.68422886,25.8331761278,1028.6553577,0.645123435057,0.464828336368
MLCC_C008746,MLCC_B018,MLCC_X7R,leakage_ua,0.7,SIM_X7R_1U_25V,FICTIONAL-MLCC-03,1000,25,1206,X7R,22.548566286,0.901942651438,24.9675555413,32.1689089088,TESTER_1,1,159,synthetic,True,mlcc-synthetic-1.0.0,24,0.0496998526114,121.812477409,25.8331761278,1020.67181595,0.670473006436,0.502366792443
MLCC_C008781,MLCC_B018,MLCC_X7R,leakage_ua,0.7,SIM_X7R_1U_25V,FICTIONAL-MLCC-03,1000,25,1206,X7R,22.548566286,0.901942651438,24.9675555413,49.8521410933,TESTER_1,1,186,synthetic,True,mlcc-synthetic-1.0.0,0,0.0848599255256,121.619051819,25.8331761278,1003.77478255,0.975617483475,0.294220804303
MLCC_C008781,MLCC_B018,MLCC_X7R,leakage_ua,0.7,SIM_X7R_1U_25V,FICTIONAL-MLCC-03,1000,25,1206,X7R,22.548566286,0.901942651438,24.9675555413,49.8521410933,TESTER_1,1,186,synthetic,True,mlcc-synthetic-1.0.0,24,0.072623448456,121.730190865,25.8331761278,997.860369028,0.978629211023,0.343794684391
MLCC_C009051,MLCC_B018,MLCC_X7R,leakage_ua,0.7,SIM_X7R_1U_25V,FICTIONAL-MLCC-03,1000,25,1206,X7R,22.548566286,0.901942651438,24.9675555413,38.6405326575,TESTER_1,4,155,synthetic,True,mlcc-synthetic-1.0.0,0,0.0837833786942,121.548249794,25.8331761278,1029.08375776,0.850696386723,0.298001297279
MLCC_C009051,MLCC_B018,MLCC_X7R,leakage_ua,0.7,SIM_X7R_1U_25V,FICTIONAL-MLCC-03,1000,25,1206,X7R,22.548566286,0.901942651438,24.9675555413,38.6405326575,TESTER_1,4,155,synthetic,True,mlcc-synthetic-1.0.0,24,0.0716186183292,121.737114607,25.8331761278,1023.33403449,0.765104625076,0.348618224196
MLCC_C009115,MLCC_B018,MLCC_X7R,leakage_ua,0.7,SIM_X7R_1U_25V,FICTIONAL-MLCC-03,1000,25,1206,X7R,22.548566286,0.901942651438,24.9675555413,33.8243937634,TESTER_1,3,174,synthetic,True,mlcc-synthetic-1.0.0,0,0.0608295325932,121.642194942,25.8331761278,1009.36366887,0.854760293992,0.410451214679
MLCC_C009115,MLCC_B018,MLCC_X7R,leakage_ua,0.7,SIM_X7R_1U_25V,FICTIONAL-MLCC-03,1000,25,1206,X7R,22.548566286,0.901942651438,24.9675555413,33.8243937634,TESTER_1,3,174,synthetic,True,mlcc-synthetic-1.0.0,24,0.0546886508471,121.671720886,25.8331761278,1001.95209683,0.782118956753,0.456539979585
MLCC_C009198,MLCC_B018,MLCC_X7R,leakage_ua,0.7,SIM_X7R_1U_25V,FICTIONAL-MLCC-03,1000,25,1206,X7R,22.548566286,0.901942651438,24.9675555413,49.6413947801,TESTER_1,5,140,synthetic,True,mlcc-synthetic-1.0.0,0,0.102145496224,121.476220347,25.8331761278,1037.65240078,1.20931571486,0.244431291288
MLCC_C009198,MLCC_B018,MLCC_X7R,leakage_ua,0.7,SIM_X7R_1U_25V,FICTIONAL-MLCC-03,1000,25,1206,X7R,22.548566286,0.901942651438,24.9675555413,49.6413947801,TESTER_1,5,140,synthetic,True,mlcc-synthetic-1.0.0,24,0.0842239717034,121.381154903,25.8331761278,1024.5791833,1.20680473391,0.296442390881
MLCC_C009363,MLCC_B018,MLCC_X7R,leakage_ua,0.7,SIM_X7R_1U_25V,FICTIONAL-MLCC-03,1000,25,1206,X7R,22.548566286,0.901942651438,24.9675555413,37.859732684,TESTER_1,2,113,synthetic,True,mlcc-synthetic-1.0.0,0,0.0785910583727,121.579518349,25.8331761278,997.085240334,0.509896589191,0.317689519117
MLCC_C009363,MLCC_B018,MLCC_X7R,leakage_ua,0.7,SIM_X7R_1U_25V,FICTIONAL-MLCC-03,1000,25,1206,X7R,22.548566286,0.901942651438,24.9675555413,37.859732684,TESTER_1,2,113,synthetic,True,mlcc-synthetic-1.0.0,24,0.0774727700361,121.635399094,25.8331761278,989.256917515,0.579534749702,0.322275239799
MLCC_C009492,MLCC_B018,MLCC_X7R,leakage_ua,0.7,SIM_X7R_1U_25V,FICTIONAL-MLCC-03,1000,25,1206,X7R,22.548566286,0.901942651438,24.9675555413,53.9229446137,TESTER_1,3,111,synthetic,True,mlcc-synthetic-1.0.0,0,0.0718630061517,121.566165009,25.8331761278,980.177492566,0.873353690191,0.347432662204
MLCC_C009492,MLCC_B018,MLCC_X7R,leakage_ua,0.7,SIM_X7R_1U_25V,FICTIONAL-MLCC-03,1000,25,1206,X7R,22.548566286,0.901942651438,24.9675555413,53.9229446137,TESTER_1,3,111,synthetic,True,mlcc-synthetic-1.0.0,24,0.0693732025403,121.468333772,25.8331761278,973.865066447,0.874610913313,0.359902017307
MLCC_C009551,MLCC_B018,MLCC_X7R,leakage_ua,0.7,SIM_X7R_1U_25V,FICTIONAL-MLCC-03,1000,25,1206,X7R,22.548566286,0.901942651438,24.9675555413,34.2820542086,TESTER_1,9,84,synthetic,True,mlcc-synthetic-1.0.0,0,0.0761503962007,121.423015298,25.8331761278,949.943007656,0.775257436379,0.327871643313
MLCC_C009551,MLCC_B018,MLCC_X7R,leakage_ua,0.7,SIM_X7R_1U_25V,FICTIONAL-MLCC-03,1000,25,1206,X7R,22.548566286,0.901942651438,24.9675555413,34.2820542086,TESTER_1,9,84,synthetic,True,mlcc-synthetic-1.0.0,24,0.0678343076526,121.526147489,25.8331761278,949.888789131,0.84269995446,0.36806678516
MLCC_C009589,MLCC_B018,MLCC_X7R,leakage_ua,0.7,SIM_X7R_1U_25V,FICTIONAL-MLCC-03,1000,25,1206,X7R,22.548566286,0.901942651438,24.9675555413,48.2513926992,TESTER_1,3,117,synthetic,True,mlcc-synthetic-1.0.0,0,0.0807731538784,121.471438686,25.8331761278,942.058243584,0.815057672154,0.309107102328
MLCC_C009589,MLCC_B018,MLCC_X7R,leakage_ua,0.7,SIM_X7R_1U_25V,FICTIONAL-MLCC-03,1000,25,1206,X7R,22.548566286,0.901942651438,24.9675555413,48.2513926992,TESTER_1,3,117,synthetic,True,mlcc-synthetic-1.0.0,24,0.0826336079874,121.429051097,25.8331761278,930.945229636,0.768646013207,0.302147711438
MLCC_C009737,MLCC_B018,MLCC_X7R,leakage_ua,0.7,SIM_X7R_1U_25V,FICTIONAL-MLCC-03,1000,25,1206,X7R,22.548566286,0.901942651438,24.9675555413,26.7354173482,TESTER_1,13,181,synthetic,True,mlcc-synthetic-1.0.0,0,0.0900022143185,121.690419389,25.8331761278,998.253599829,0.667900968706,0.277410458513
MLCC_C009737,MLCC_B018,MLCC_X7R,leakage_ua,0.7,SIM_X7R_1U_25V,FICTIONAL-MLCC-03,1000,25,1206,X7R,22.548566286,0.901942651438,24.9675555413,26.7354173482,TESTER_1,13,181,synthetic,True,mlcc-synthetic-1.0.0,24,0.086577556194,121.672552731,25.8331761278,997.132139169,0.709212857429,0.288383694792
MLCC_C009815,MLCC_B018,MLCC_X7R,leakage_ua,0.7,SIM_X7R_1U_25V,FICTIONAL-MLCC-03,1000,25,1206,X7R,22.548566286,0.901942651438,24.9675555413,41.3161954731,TESTER_1,6,1,synthetic,True,mlcc-synthetic-1.0.0,0,0.0522578638486,121.706755351,25.8331761278,949.556152851,0.804869291976,0.477776045604
MLCC_C009815,MLCC_B018,MLCC_X7R,leakage_ua,0.7,SIM_X7R_1U_25V,FICTIONAL-MLCC-03,1000,25,1206,X7R,22.548566286,0.901942651438,24.9675555413,41.3161954731,TESTER_1,6,1,synthetic,True,mlcc-synthetic-1.0.0,24,0.0480110056062,121.439723564,25.8331761278,940.611358472,0.724646365381,0.520038170957
MLCC_C009819,MLCC_B018,MLCC_X7R,leakage_ua,0.7,SIM_X7R_1U_25V,FICTIONAL-MLCC-03,1000,25,1206,X7R,22.548566286,0.901942651438,24.9675555413,49.7091592737,TESTER_1,3,20,synthetic,True,mlcc-synthetic-1.0.0,0,0.105351574639,121.648601227,25.8331761278,1102.83140955,0.612029770302,0.236992713464
MLCC_C009819,MLCC_B018,MLCC_X7R,leakage_ua,0.7,SIM_X7R_1U_25V,FICTIONAL-MLCC-03,1000,25,1206,X7R,22.548566286,0.901942651438,24.9675555413,49.7091592737,TESTER_1,3,20,synthetic,True,mlcc-synthetic-1.0.0,24,0.0931068755521,121.566174335,25.8331761278,1097.71195935,0.616879408651,0.268160169625
MLCC_C009825,MLCC_B018,MLCC_X7R,leakage_ua,0.7,SIM_X7R_1U_25V,FICTIONAL-MLCC-03,1000,25,1206,X7R,22.548566286,0.901942651438,24.9675555413,47.1819508276,TESTER_1,1,173,synthetic,True,mlcc-synthetic-1.0.0,0,0.103891607991,121.557773461,25.8331761278,990.412059842,0.837333355313,0.240323121609
MLCC_C009825,MLCC_B018,MLCC_X7R,leakage_ua,0.7,SIM_X7R_1U_25V,FICTIONAL-MLCC-03,1000,25,1206,X7R,22.548566286,0.901942651438,24.9675555413,47.1819508276,TESTER_1,1,173,synthetic,True,mlcc-synthetic-1.0.0,24,0.0983969853163,121.69275599,25.8331761278,986.66797224,0.891763151365,0.253743094476
MLCC_C009894,MLCC_B018,MLCC_X7R,leakage_ua,0.7,SIM_X7R_1U_25V,FICTIONAL-MLCC-03,1000,25,1206,X7R,22.548566286,0.901942651438,24.9675555413,36.9013003244,TESTER_1,12,169,synthetic,True,mlcc-synthetic-1.0.0,0,0.0721087366157,121.614265947,25.8331761278,953.476701614,0.730966780751,0.346248689314
MLCC_C009894,MLCC_B018,MLCC_X7R,leakage_ua,0.7,SIM_X7R_1U_25V,FICTIONAL-MLCC-03,1000,25,1206,X7R,22.548566286,0.901942651438,24.9675555413,36.9013003244,TESTER_1,12,169,synthetic,True,mlcc-synthetic-1.0.0,24,0.0652396703758,121.385097359,25.8331761278,943.677408692,0.757728047557,0.382705114809
MLCC_C009980,MLCC_B018,MLCC_X7R,leakage_ua,0.7,SIM_X7R_1U_25V,FICTIONAL-MLCC-03,1000,25,1206,X7R,22.548566286,0.901942651438,24.9675555413,41.6818900373,TESTER_1,3,143,synthetic,True,mlcc-synthetic-1.0.0,0,0.0782854222088,121.655712289,25.8331761278,987.330813518,0.797537386813,0.318929819075
MLCC_C009980,MLCC_B018,MLCC_X7R,leakage_ua,0.7,SIM_X7R_1U_25V,FICTIONAL-MLCC-03,1000,25,1206,X7R,22.548566286,0.901942651438,24.9675555413,41.6818900373,TESTER_1,3,143,synthetic,True,mlcc-synthetic-1.0.0,24,0.0697472278735,121.679704005,25.8331761278,985.254228774,0.746149025762,0.357972012688
MLCC_C010221,MLCC_B018,MLCC_X7R,leakage_ua,0.7,SIM_X7R_1U_25V,FICTIONAL-MLCC-03,1000,25,1206,X7R,22.548566286,0.901942651438,24.9675555413,40.7047875014,TESTER_1,11,72,synthetic,True,mlcc-synthetic-1.0.0,0,0.0558718453188,121.409422411,25.8331761278,993.923618461,0.552175687729,0.446871861826
MLCC_C010221,MLCC_B018,MLCC_X7R,leakage_ua,0.7,SIM_X7R_1U_25V,FICTIONAL-MLCC-03,1000,25,1206,X7R,22.548566286,0.901942651438,24.9675555413,40.7047875014,TESTER_1,11,72,synthetic,True,mlcc-synthetic-1.0.0,24,0.0494749714048,121.650205489,25.8331761278,991.139027975,0.605277593472,0.504650226819
MLCC_C010243,MLCC_B018,MLCC_X7R,leakage_ua,0.7,SIM_X7R_1U_25V,FICTIONAL-MLCC-03,1000,25,1206,X7R,22.548566286,0.901942651438,24.9675555413,38.1079197058,TESTER_1,7,36,synthetic,True,mlcc-synthetic-1.0.0,0,0.0771707694221,121.659317413,25.8331761278,997.46967455,0.497349045622,0.323536433915
MLCC_C010243,MLCC_B018,MLCC_X7R,leakage_ua,0.7,SIM_X7R_1U_25V,FICTIONAL-MLCC-03,1000,25,1206,X7R,22.548566286,0.901942651438,24.9675555413,38.1079197058,TESTER_1,7,36,synthetic,True,mlcc-synthetic-1.0.0,24,0.0726266046114,121.556988406,25.8331761278,992.302818492,0.427774294857,0.343779744005
MLCC_C010319,MLCC_B018,MLCC_X7R,leakage_ua,0.7,SIM_X7R_1U_25V,FICTIONAL-MLCC-03,1000,25,1206,X7R,22.548566286,0.901942651438,24.9675555413,33.3062274362,TESTER_1,5,42,synthetic,True,mlcc-synthetic-1.0.0,0,0.0727987134671,121.630022264,25.8331761278,1022.84715675,0.637900189916,0.342966988731
MLCC_C010319,MLCC_B018,MLCC_X7R,leakage_ua,0.7,SIM_X7R_1U_25V,FICTIONAL-MLCC-03,1000,25,1206,X7R,22.548566286,0.901942651438,24.9675555413,33.3062274362,TESTER_1,5,42,synthetic,True,mlcc-synthetic-1.0.0,24,0.161293755075,121.265449714,25.8331761278,1022.06768048,0.637677598805,0.15479555008
MLCC_C010469,MLCC_B018,MLCC_X7R,leakage_ua,0.7,SIM_X7R_1U_25V,FICTIONAL-MLCC-03,1000,25,1206,X7R,22.548566286,0.901942651438,24.9675555413,42.9028002364,TESTER_1,12,161,synthetic,True,mlcc-synthetic-1.0.0,0,0.0865743862132,121.47490604,25.8331761278,896.024614148,1.0529865579,0.288394254159
MLCC_C010469,MLCC_B018,MLCC_X7R,leakage_ua,0.7,SIM_X7R_1U_25V,FICTIONAL-MLCC-03,1000,25,1206,X7R,22.548566286,0.901942651438,24.9675555413,42.9028002364,TESTER_1,12,161,synthetic,True,mlcc-synthetic-1.0.0,24,0.0736327914898,121.712578324,25.8331761278,891.186560112,1.07550284659,0.339082018162
MLCC_C010496,MLCC_B018,MLCC_X7R,leakage_ua,0.7,SIM_X7R_1U_25V,FICTIONAL-MLCC-03,1000,25,1206,X7R,22.548566286,0.901942651438,24.9675555413,49.6728442187,TESTER_1,10,76,synthetic,True,mlcc-synthetic-1.0.0,0,0.0877137351684,121.422177287,25.8331761278,984.656032376,0.545603942164,0.284648185297
MLCC_C010496,MLCC_B018,MLCC_X7R,leakage_ua,0.7,SIM_X7R_1U_25V,FICTIONAL-MLCC-03,1000,25,1206,X7R,22.548566286,0.901942651438,24.9675555413,49.6728442187,TESTER_1,10,76,synthetic,True,mlcc-synthetic-1.0.0,24,0.0849744052653,121.639987115,25.8331761278,976.458950491,0.523666102419,0.293824422346
MLCC_C010531,MLCC_B018,MLCC_X7R,leakage_ua,0.7,SIM_X7R_1U_25V,FICTIONAL-MLCC-03,1000,25,1206,X7R,22.548566286,0.901942651438,24.9675555413,36.8626260545,TESTER_1,7,67,synthetic,True,mlcc-synthetic-1.0.0,0,0.104504031591,121.626491885,25.8331761278,978.604398889,0.689027927682,0.238914759183
MLCC_C010531,MLCC_B018,MLCC_X7R,leakage_ua,0.7,SIM_X7R_1U_25V,FICTIONAL-MLCC-03,1000,25,1206,X7R,22.548566286,0.901942651438,24.9675555413,36.8626260545,TESTER_1,7,67,synthetic,True,mlcc-synthetic-1.0.0,24,0.0803412115345,121.590432273,25.8331761278,974.860570474,0.613184066145,0.310768969803
MLCC_C010557,MLCC_B018,MLCC_X7R,leakage_ua,0.7,SIM_X7R_1U_25V,FICTIONAL-MLCC-03,1000,25,1206,X7R,22.548566286,0.901942651438,24.9675555413,48.3147685512,TESTER_1,11,170,synthetic,True,mlcc-synthetic-1.0.0,0,0.0537943798675,121.296654523,25.8331761278,959.181556191,0.652937548295,0.46412944257
MLCC_C010557,MLCC_B018,MLCC_X7R,leakage_ua,0.7,SIM_X7R_1U_25V,FICTIONAL-MLCC-03,1000,25,1206,X7R,22.548566286,0.901942651438,24.9675555413,48.3147685512,TESTER_1,11,170,synthetic,True,mlcc-synthetic-1.0.0,24,0.0475959460867,121.721877172,25.8331761278,958.621682722,0.696732205945,0.524573153684
MLCC_C010596,MLCC_B018,MLCC_X7R,leakage_ua,0.7,SIM_X7R_1U_25V,FICTIONAL-MLCC-03,1000,25,1206,X7R,22.548566286,0.901942651438,24.9675555413,23.2876796408,TESTER_1,11,121,synthetic,True,mlcc-synthetic-1.0.0,0,0.125064718462,121.619250935,25.8331761278,969.704988066,0.830709525877,0.199637082691
MLCC_C010596,MLCC_B018,MLCC_X7R,leakage_ua,0.7,SIM_X7R_1U_25V,FICTIONAL-MLCC-03,1000,25,1206,X7R,22.548566286,0.901942651438,24.9675555413,23.2876796408,TESTER_1,11,121,synthetic,True,mlcc-synthetic-1.0.0,24,0.109151123261,121.69080569,25.8331761278,968.087564939,0.825122659949,0.228743001404
MLCC_C010648,MLCC_B018,MLCC_X7R,leakage_ua,0.7,SIM_X7R_1U_25V,FICTIONAL-MLCC-03,1000,25,1206,X7R,22.548566286,0.901942651438,24.9675555413,47.3123238577,TESTER_1,13,46,synthetic,True,mlcc-synthetic-1.0.0,0,0.142775601868,121.604961123,25.8331761278,1040.14161494,1.00628265156,0.174872703842
MLCC_C010648,MLCC_B018,MLCC_X7R,leakage_ua,0.7,SIM_X7R_1U_25V,FICTIONAL-MLCC-03,1000,25,1206,X7R,22.548566286,0.901942651438,24.9675555413,47.3123238577,TESTER_1,13,46,synthetic,True,mlcc-synthetic-1.0.0,24,0.250236351917,121.509010763,25.8331761278,1033.93666206,0.969294883973,0.0997758932704
MLCC_C010678,MLCC_B018,MLCC_X7R,leakage_ua,0.7,SIM_X7R_1U_25V,FICTIONAL-MLCC-03,1000,25,1206,X7R,22.548566286,0.901942651438,24.9675555413,30.97021186,TESTER_1,5,148,synthetic,True,mlcc-synthetic-1.0.0,0,0.0878273116704,121.792286053,25.8331761278,933.504910581,0.619019224297,0.284280084024
MLCC_C010678,MLCC_B018,MLCC_X7R,leakage_ua,0.7,SIM_X7R_1U_25V,FICTIONAL-MLCC-03,1000,25,1206,X7R,22.548566286,0.901942651438,24.9675555413,30.97021186,TESTER_1,5,148,synthetic,True,mlcc-synthetic-1.0.0,24,0.0990247661623,121.570461672,25.8331761278,927.220556819,0.646357552511,0.252134455944
MLCC_C010739,MLCC_B018,MLCC_X7R,leakage_ua,0.7,SIM_X7R_1U_25V,FICTIONAL-MLCC-03,1000,25,1206,X7R,22.548566286,0.901942651438,24.9675555413,44.0102374111,TESTER_1,6,60,synthetic,True,mlcc-synthetic-1.0.0,0,0.0795410737588,121.674078976,25.8331761278,1022.34926267,0.917641371697,0.313895128157
MLCC_C010739,MLCC_B018,MLCC_X7R,leakage_ua,0.7,SIM_X7R_1U_25V,FICTIONAL-MLCC-03,1000,25,1206,X7R,22.548566286,0.901942651438,24.9675555413,44.0102374111,TESTER_1,6,60,synthetic,True,mlcc-synthetic-1.0.0,24,0.0754181325567,121.194224049,25.8331761278,1016.0722527,1.04524735586,0.33105507515
MLCC_C010747,MLCC_B018,MLCC_X7R,leakage_ua,0.7,SIM_X7R_1U_25V,FICTIONAL-MLCC-03,1000,25,1206,X7R,22.548566286,0.901942651438,24.9675555413,28.8871062068,TESTER_1,3,90,synthetic,True,mlcc-synthetic-1.0.0,0,0.0924106894406,121.656908512,25.8331761278,994.86220641,0.761512069896,0.270180383811
MLCC_C010747,MLCC_B018,MLCC_X7R,leakage_ua,0.7,SIM_X7R_1U_25V,FICTIONAL-MLCC-03,1000,25,1206,X7R,22.548566286,0.901942651438,24.9675555413,28.8871062068,TESTER_1,3,90,synthetic,True,mlcc-synthetic-1.0.0,24,0.0787382649954,121.249709774,25.8331761278,994.213045017,0.805239909819,0.317095576627
MLCC_C010827,MLCC_B018,MLCC_X7R,leakage_ua,0.7,SIM_X7R_1U_25V,FICTIONAL-MLCC-03,1000,25,1206,X7R,22.548566286,0.901942651438,24.9675555413,41.5137512717,TESTER_1,8,99,synthetic,True,mlcc-synthetic-1.0.0,0,0.131779720994,121.580642089,25.8331761278,983.444686214,0.605790085179,0.189464322378
MLCC_C010827,MLCC_B018,MLCC_X7R,leakage_ua,0.7,SIM_X7R_1U_25V,FICTIONAL-MLCC-03,1000,25,1206,X7R,22.548566286,0.901942651438,24.9675555413,41.5137512717,TESTER_1,8,99,synthetic,True,mlcc-synthetic-1.0.0,24,0.095709355154,121.550956131,25.8331761278,981.811816237,0.64702409956,0.260868496095
MLCC_C010854,MLCC_B018,MLCC_X7R,leakage_ua,0.7,SIM_X7R_1U_25V,FICTIONAL-MLCC-03,1000,25,1206,X7R,22.548566286,0.901942651438,24.9675555413,39.4051979386,TESTER_1,6,15,synthetic,True,mlcc-synthetic-1.0.0,0,0.10366745589,121.48962271,25.8331761278,1006.4842752,0.759088462757,0.240842753659
MLCC_C010854,MLCC_B018,MLCC_X7R,leakage_ua,0.7,SIM_X7R_1U_25V,FICTIONAL-MLCC-03,1000,25,1206,X7R,22.548566286,0.901942651438,24.9675555413,39.4051979386,TESTER_1,6,15,synthetic,True,mlcc-synthetic-1.0.0,24,0.0891891139337,121.450686666,25.8331761278,1000.53317111,0.693365188597,0.279939495305
MLCC_C010864,MLCC_B018,MLCC_X7R,leakage_ua,0.7,SIM_X7R_1U_25V,FICTIONAL-MLCC-03,1000,25,1206,X7R,22.548566286,0.901942651438,24.9675555413,53.1922260896,TESTER_1,16,58,synthetic,True,mlcc-synthetic-1.0.0,0,0.0495194754953,121.741050142,25.8331761278,1007.95009058,0.769228407256,0.504196688101
MLCC_C010864,MLCC_B018,MLCC_X7R,leakage_ua,0.7,SIM_X7R_1U_25V,FICTIONAL-MLCC-03,1000,25,1206,X7R,22.548566286,0.901942651438,24.9675555413,53.1922260896,TESTER_1,16,58,synthetic,True,mlcc-synthetic-1.0.0,24,0.0463821490256,121.619391294,25.8331761278,1004.69539836,0.72958897295,0.538300964181
MLCC_C010896,MLCC_B018,MLCC_X7R,leakage_ua,0.7,SIM_X7R_1U_25V,FICTIONAL-MLCC-03,1000,25,1206,X7R,22.548566286,0.901942651438,24.9675555413,32.2683736615,TESTER_1,11,35,synthetic,True,mlcc-synthetic-1.0.0,0,0.0599016744371,121.362015386,25.8331761278,954.829030213,0.713063008355,0.416808975306
MLCC_C010896,MLCC_B018,MLCC_X7R,leakage_ua,0.7,SIM_X7R_1U_25V,FICTIONAL-MLCC-03,1000,25,1206,X7R,22.548566286,0.901942651438,24.9675555413,32.2683736615,TESTER_1,11,35,synthetic,True,mlcc-synthetic-1.0.0,24,0.0557692819246,121.520243679,25.8331761278,954.335603736,0.69243169479,0.447693688705
MLCC_C010926,MLCC_B018,MLCC_X7R,leakage_ua,0.7,SIM_X7R_1U_25V,FICTIONAL-MLCC-03,1000,25,1206,X7R,22.548566286,0.901942651438,24.9675555413,45.2569313211,TESTER_1,5,115,synthetic,True,mlcc-synthetic-1.0.0,0,0.0669471088022,121.434416345,25.8331761278,973.495774409,0.65478970384,0.372944492869
MLCC_C010926,MLCC_B018,MLCC_X7R,leakage_ua,0.7,SIM_X7R_1U_25V,FICTIONAL-MLCC-03,1000,25,1206,X7R,22.548566286,0.901942651438,24.9675555413,45.2569313211,TESTER_1,5,115,synthetic,True,mlcc-synthetic-1.0.0,24,0.0581020734218,121.731375182,25.8331761278,972.50981288,0.65423617381,0.42971883912
MLCC_C011018,MLCC_B018,MLCC_X7R,leakage_ua,0.7,SIM_X7R_1U_25V,FICTIONAL-MLCC-03,1000,25,1206,X7R,22.548566286,0.901942651438,24.9675555413,56.6209710388,TESTER_1,10,196,synthetic,True,mlcc-synthetic-1.0.0,0,0.0690914698004,121.800986853,25.8331761278,980.625072609,0.74323361228,0.361369581707
MLCC_C011018,MLCC_B018,MLCC_X7R,leakage_ua,0.7,SIM_X7R_1U_25V,FICTIONAL-MLCC-03,1000,25,1206,X7R,22.548566286,0.901942651438,24.9675555413,56.6209710388,TESTER_1,10,196,synthetic,True,mlcc-synthetic-1.0.0,24,0.0595933148015,121.869702684,25.8331761278,972.51382982,0.753139867205,0.418965711581
MLCC_C011051,MLCC_B018,MLCC_X7R,leakage_ua,0.7,SIM_X7R_1U_25V,FICTIONAL-MLCC-03,1000,25,1206,X7R,22.548566286,0.901942651438,24.9675555413,51.4222758255,TESTER_1,15,43,synthetic,True,mlcc-synthetic-1.0.0,0,0.0560103195681,121.246899975,25.8331761278,1000.30991034,0.571909574179,0.445767061031
MLCC_C011051,MLCC_B018,MLCC_X7R,leakage_ua,0.7,SIM_X7R_1U_25V,FICTIONAL-MLCC-03,1000,25,1206,X7R,22.548566286,0.901942651438,24.9675555413,51.4222758255,TESTER_1,15,43,synthetic,True,mlcc-synthetic-1.0.0,24,0.0475161412788,121.724367115,25.8331761278,997.627939775,0.683074277265,0.525454190289
MLCC_C011057,MLCC_B018,MLCC_X7R,leakage_ua,0.7,SIM_X7R_1U_25V,FICTIONAL-MLCC-03,1000,25,1206,X7R,22.548566286,0.901942651438,24.9675555413,40.4191371428,TESTER_1,8,21,synthetic,True,mlcc-synthetic-1.0.0,0,0.0521762213556,121.640914748,25.8331761278,997.839736159,0.777296450738,0.478523643388
MLCC_C011057,MLCC_B018,MLCC_X7R,leakage_ua,0.7,SIM_X7R_1U_25V,FICTIONAL-MLCC-03,1000,25,1206,X7R,22.548566286,0.901942651438,24.9675555413,40.4191371428,TESTER_1,8,21,synthetic,True,mlcc-synthetic-1.0.0,24,0.0549277790327,121.585612463,25.8331761278,993.277335629,0.812401622714,0.454552431956
MLCC_C011096,MLCC_B018,MLCC_X7R,leakage_ua,0.7,SIM_X7R_1U_25V,FICTIONAL-MLCC-03,1000,25,1206,X7R,22.548566286,0.901942651438,24.9675555413,51.3478210871,TESTER_1,8,6,synthetic,True,mlcc-synthetic-1.0.0,0,0.0979217970813,121.401619128,25.8331761278,917.272656134,0.778235310733,0.254974441702
MLCC_C011096,MLCC_B018,MLCC_X7R,leakage_ua,0.7,SIM_X7R_1U_25V,FICTIONAL-MLCC-03,1000,25,1206,X7R,22.548566286,0.901942651438,24.9675555413,51.3478210871,TESTER_1,8,6,synthetic,True,mlcc-synthetic-1.0.0,24,0.0888794450221,121.632747241,25.8331761278,913.008569635,0.840321121199,0.280914845216
MLCC_C011106,MLCC_B018,MLCC_X7R,leakage_ua,0.7,SIM_X7R_1U_25V,FICTIONAL-MLCC-03,1000,25,1206,X7R,22.548566286,0.901942651438,24.9675555413,36.5117369595,TESTER_1,8,14,synthetic,True,mlcc-synthetic-1.0.0,0,0.0734534125253,121.440432729,25.8331761278,972.784705042,0.641964598444,0.339910082907
MLCC_C011106,MLCC_B018,MLCC_X7R,leakage_ua,0.7,SIM_X7R_1U_25V,FICTIONAL-MLCC-03,1000,25,1206,X7R,22.548566286,0.901942651438,24.9675555413,36.5117369595,TESTER_1,8,14,synthetic,True,mlcc-synthetic-1.0.0,24,0.0675017998141,121.431275107,25.8331761278,972.783643063,0.604006765332,0.369879849278
MLCC_C011143,MLCC_B018,MLCC_X7R,leakage_ua,0.7,SIM_X7R_1U_25V,FICTIONAL-MLCC-03,1000,25,1206,X7R,22.548566286,0.901942651438,24.9675555413,50.1559234146,TESTER_1,10,56,synthetic,True,mlcc-synthetic-1.0.0,0,0.167288224437,121.495327049,25.8331761278,1018.04214876,0.669975073851,0.14924873299
MLCC_C011143,MLCC_B018,MLCC_X7R,leakage_ua,0.7,SIM_X7R_1U_25V,FICTIONAL-MLCC-03,1000,25,1206,X7R,22.548566286,0.901942651438,24.9675555413,50.1559234146,TESTER_1,10,56,synthetic,True,mlcc-synthetic-1.0.0,24,0.159698333844,121.82552847,25.8331761278,1011.56889222,0.732942026195,0.156341991431
MLCC_C011225,MLCC_B018,MLCC_X7R,leakage_ua,0.7,SIM_X7R_1U_25V,FICTIONAL-MLCC-03,1000,25,1206,X7R,22.548566286,0.901942651438,24.9675555413,35.2301642325,TESTER_1,13,127,synthetic,True,mlcc-synthetic-1.0.0,0,0.0593765516088,121.595824434,25.8331761278,1028.41837099,0.544791124175,0.420495210058
MLCC_C011225,MLCC_B018,MLCC_X7R,leakage_ua,0.7,SIM_X7R_1U_25V,FICTIONAL-MLCC-03,1000,25,1206,X7R,22.548566286,0.901942651438,24.9675555413,35.2301642325,TESTER_1,13,127,synthetic,True,mlcc-synthetic-1.0.0,24,0.0552821453433,121.529936248,25.8331761278,1025.03636055,0.587385553157,0.45163868707
MLCC_C011298,MLCC_B018,MLCC_X7R,leakage_ua,0.7,SIM_X7R_1U_25V,FICTIONAL-MLCC-03,1000,25,1206,X7R,22.548566286,0.901942651438,24.9675555413,32.2874005025,TESTER_1,14,124,synthetic,True,mlcc-synthetic-1.0.0,0,0.10948114367,121.622704559,25.8331761278,1026.38265173,0.778121372368,0.228053477561
MLCC_C011298,MLCC_B018,MLCC_X7R,leakage_ua,0.7,SIM_X7R_1U_25V,FICTIONAL-MLCC-03,1000,25,1206,X7R,22.548566286,0.901942651438,24.9675555413,32.2874005025,TESTER_1,14,124,synthetic,True,mlcc-synthetic-1.0.0,24,0.0691723035263,121.545732051,25.8331761278,1018.3720975,0.739699207831,0.360947290584
MLCC_C011340,MLCC_B018,MLCC_X7R,leakage_ua,0.7,SIM_X7R_1U_25V,FICTIONAL-MLCC-03,1000,25,1206,X7R,22.548566286,0.901942651438,24.9675555413,35.6953033464,TESTER_1,10,192,synthetic,True,mlcc-synthetic-1.0.0,0,0.105371077943,121.234613875,25.8331761278,1012.18137976,0.68530848132,0.236948848097
MLCC_C011340,MLCC_B018,MLCC_X7R,leakage_ua,0.7,SIM_X7R_1U_25V,FICTIONAL-MLCC-03,1000,25,1206,X7R,22.548566286,0.901942651438,24.9675555413,35.6953033464,TESTER_1,10,192,synthetic,True,mlcc-synthetic-1.0.0,24,0.0831760332949,121.339568549,25.8331761278,1007.36436868,0.574260387541,0.30017728127
MLCC_C011363,MLCC_B018,MLCC_X7R,leakage_ua,0.7,SIM_X7R_1U_25V,FICTIONAL-MLCC-03,1000,25,1206,X7R,22.548566286,0.901942651438,24.9675555413,37.5345765508,TESTER_1,14,24,synthetic,True,mlcc-synthetic-1.0.0,0,0.0606345794635,121.617652084,25.8331761278,971.087753723,0.475381738863,0.411770903042
MLCC_C011363,MLCC_B018,MLCC_X7R,leakage_ua,0.7,SIM_X7R_1U_25V,FICTIONAL-MLCC-03,1000,25,1206,X7R,22.548566286,0.901942651438,24.9675555413,37.5345765508,TESTER_1,14,24,synthetic,True,mlcc-synthetic-1.0.0,24,0.0605959823141,121.322479241,25.8331761278,965.141240716,0.509351328824,0.412033184178
MLCC_C011378,MLCC_B018,MLCC_X7R,leakage_ua,0.7,SIM_X7R_1U_25V,FICTIONAL-MLCC-03,1000,25,1206,X7R,22.548566286,0.901942651438,24.9675555413,47.0325150837,TESTER_1,2,7,synthetic,True,mlcc-synthetic-1.0.0,0,0.103019453727,121.848746622,25.8331761278,952.506795775,0.910744103808,0.242357677487
MLCC_C011378,MLCC_B018,MLCC_X7R,leakage_ua,0.7,SIM_X7R_1U_25V,FICTIONAL-MLCC-03,1000,25,1206,X7R,22.548566286,0.901942651438,24.9675555413,47.0325150837,TESTER_1,2,7,synthetic,True,mlcc-synthetic-1.0.0,24,0.10282408463,121.609020626,25.8331761278,945.776027753,0.889032348238,0.242818164937
MLCC_C011403,MLCC_B018,MLCC_X7R,leakage_ua,0.7,SIM_X7R_1U_25V,FICTIONAL-MLCC-03,1000,25,1206,X7R,22.548566286,0.901942651438,24.9675555413,46.1764022205,TESTER_1,2,69,synthetic,True,mlcc-synthetic-1.0.0,0,0.0745674920318,121.343794144,25.8331761278,980.517406009,0.66717691085,0.334831638573
MLCC_C011403,MLCC_B018,MLCC_X7R,leakage_ua,0.7,SIM_X7R_1U_25V,FICTIONAL-MLCC-03,1000,25,1206,X7R,22.548566286,0.901942651438,24.9675555413,46.1764022205,TESTER_1,2,69,synthetic,True,mlcc-synthetic-1.0.0,24,0.064685821499,121.392130107,25.8331761278,978.93566373,0.796245861054,0.385981888498
MLCC_C011450,MLCC_B018,MLCC_X7R,leakage_ua,0.7,SIM_X7R_1U_25V,FICTIONAL-MLCC-03,1000,25,1206,X7R,22.548566286,0.901942651438,24.9675555413,35.3816642411,TESTER_1,11,78,synthetic,True,mlcc-synthetic-1.0.0,0,0.104208273743,121.443843209,25.8331761278,1045.84281515,0.820328040286,0.239592833125
MLCC_C011450,MLCC_B018,MLCC_X7R,leakage_ua,0.7,SIM_X7R_1U_25V,FICTIONAL-MLCC-03,1000,25,1206,X7R,22.548566286,0.901942651438,24.9675555413,35.3816642411,TESTER_1,11,78,synthetic,True,mlcc-synthetic-1.0.0,24,0.119748847371,121.456436658,25.8331761278,1035.14674778,0.776549522312,0.208499339153
MLCC_C011521,MLCC_B018,MLCC_X7R,leakage_ua,0.7,SIM_X7R_1U_25V,FICTIONAL-MLCC-03,1000,25,1206,X7R,22.548566286,0.901942651438,24.9675555413,46.8879177954,TESTER_1,15,151,synthetic,True,mlcc-synthetic-1.0.0,0,0.0741940189899,121.619249188,25.8331761278,991.078790391,0.570490355141,0.336517092364
MLCC_C011521,MLCC_B018,MLCC_X7R,leakage_ua,0.7,SIM_X7R_1U_25V,FICTIONAL-MLCC-03,1000,25,1206,X7R,22.548566286,0.901942651438,24.9675555413,46.8879177954,TESTER_1,15,151,synthetic,True,mlcc-synthetic-1.0.0,24,0.0717881304467,121.611347185,25.8331761278,987.885123294,0.625921417884,0.347795037786
MLCC_C011535,MLCC_B018,MLCC_X7R,leakage_ua,0.7,SIM_X7R_1U_25V,FICTIONAL-MLCC-03,1000,25,1206,X7R,22.548566286,0.901942651438,24.9675555413,47.0534543562,TESTER_1,9,91,synthetic,True,mlcc-synthetic-1.0.0,0,0.0572389673386,121.656503602,25.8331761278,997.836920825,0.820286032608,0.436198567203
MLCC_C011535,MLCC_B018,MLCC_X7R,leakage_ua,0.7,SIM_X7R_1U_25V,FICTIONAL-MLCC-03,1000,25,1206,X7R,22.548566286,0.901942651438,24.9675555413,47.0534543562,TESTER_1,9,91,synthetic,True,mlcc-synthetic-1.0.0,24,0.0522930136105,121.83129783,25.8331761278,1000.19204154,0.765029399317,0.477454899181
MLCC_C011795,MLCC_B018,MLCC_X7R,leakage_ua,0.7,SIM_X7R_1U_25V,FICTIONAL-MLCC-03,1000,25,1206,X7R,22.548566286,0.901942651438,24.9675555413,41.1116591972,TESTER_1,4,194,synthetic,True,mlcc-synthetic-1.0.0,0,0.0677742203566,121.63027649,25.8331761278,1030.38036862,0.709484103258,0.368393105961
MLCC_C011795,MLCC_B018,MLCC_X7R,leakage_ua,0.7,SIM_X7R_1U_25V,FICTIONAL-MLCC-03,1000,25,1206,X7R,22.548566286,0.901942651438,24.9675555413,41.1116591972,TESTER_1,4,194,synthetic,True,mlcc-synthetic-1.0.0,24,0.0537718007245,121.521589861,25.8331761278,1023.7046836,0.744962700946,0.464324333663
MLCC_C011808,MLCC_B018,MLCC_X7R,leakage_ua,0.7,SIM_X7R_1U_25V,FICTIONAL-MLCC-03,1000,25,1206,X7R,22.548566286,0.901942651438,24.9675555413,31.0395926365,TESTER_1,13,109,synthetic,True,mlcc-synthetic-1.0.0,0,0.118899619443,121.377711164,25.8331761278,987.950280815,0.616504165089,0.209988523582
MLCC_C011808,MLCC_B018,MLCC_X7R,leakage_ua,0.7,SIM_X7R_1U_25V,FICTIONAL-MLCC-03,1000,25,1206,X7R,22.548566286,0.901942651438,24.9675555413,31.0395926365,TESTER_1,13,109,synthetic,True,mlcc-synthetic-1.0.0,24,0.111513022641,121.634147198,25.8331761278,986.767762183,0.68244994709,0.223898114767
MLCC_C011853,MLCC_B018,MLCC_X7R,leakage_ua,0.7,SIM_X7R_1U_25V,FICTIONAL-MLCC-03,1000,25,1206,X7R,22.548566286,0.901942651438,24.9675555413,29.1544831748,TESTER_1,7,178,synthetic,True,mlcc-synthetic-1.0.0,0,0.0603232300696,121.315396894,25.8331761278,939.166178733,1.05142918635,0.41389619741
MLCC_C011853,MLCC_B018,MLCC_X7R,leakage_ua,0.7,SIM_X7R_1U_25V,FICTIONAL-MLCC-03,1000,25,1206,X7R,22.548566286,0.901942651438,24.9675555413,29.1544831748,TESTER_1,7,178,synthetic,True,mlcc-synthetic-1.0.0,24,0.0582658319561,121.761819095,25.8331761278,938.199181051,1.12650750262,0.428511096522
MLCC_C011889,MLCC_B018,MLCC_X7R,leakage_ua,0.7,SIM_X7R_1U_25V,FICTIONAL-MLCC-03,1000,25,1206,X7R,22.548566286,0.901942651438,24.9675555413,30.3608456594,TESTER_1,16,26,synthetic,True,mlcc-synthetic-1.0.0,0,0.0520691345633,121.674254841,25.8331761278,985.77810128,0.484696667711,0.479507788072
MLCC_C011889,MLCC_B018,MLCC_X7R,leakage_ua,0.7,SIM_X7R_1U_25V,FICTIONAL-MLCC-03,1000,25,1206,X7R,22.548566286,0.901942651438,24.9675555413,30.3608456594,TESTER_1,16,26,synthetic,True,mlcc-synthetic-1.0.0,24,0.0434230720838,121.705038362,25.8331761278,987.57096224,0.589254291081,0.57498362836
MLCC_C011908,MLCC_B018,MLCC_X7R,leakage_ua,0.7,SIM_X7R_1U_25V,FICTIONAL-MLCC-03,1000,25,1206,X7R,22.548566286,0.901942651438,24.9675555413,61.1189144135,TESTER_1,11,120,synthetic,True,mlcc-synthetic-1.0.0,0,0.0652471777286,121.546877004,25.8331761278,1042.52729165,0.640057069382,0.382661080685
MLCC_C011908,MLCC_B018,MLCC_X7R,leakage_ua,0.7,SIM_X7R_1U_25V,FICTIONAL-MLCC-03,1000,25,1206,X7R,22.548566286,0.901942651438,24.9675555413,61.1189144135,TESTER_1,11,120,synthetic,True,mlcc-synthetic-1.0.0,24,0.063990030281,121.449886129,25.8331761278,1032.77580259,0.658498778646,0.390178836166
MLCC_C011928,MLCC_B018,MLCC_X7R,leakage_ua,0.7,SIM_X7R_1U_25V,FICTIONAL-MLCC-03,1000,25,1206,X7R,22.548566286,0.901942651438,24.9675555413,40.9041442457,TESTER_1,12,149,synthetic,True,mlcc-synthetic-1.0.0,0,0.0498575044937,121.69943638,25.8331761278,968.438130736,0.662493940917,0.500778283928
MLCC_C011928,MLCC_B018,MLCC_X7R,leakage_ua,0.7,SIM_X7R_1U_25V,FICTIONAL-MLCC-03,1000,25,1206,X7R,22.548566286,0.901942651438,24.9675555413,40.9041442457,TESTER_1,12,149,synthetic,True,mlcc-synthetic-1.0.0,24,0.0395715845602,121.437072307,25.8331761278,961.024194327,0.737027086969,0.630946569836
MLCC_C011961,MLCC_B018,MLCC_X7R,leakage_ua,0.7,SIM_X7R_1U_25V,FICTIONAL-MLCC-03,1000,25,1206,X7R,22.548566286,0.901942651438,24.9675555413,56.0053815141,TESTER_1,6,105,synthetic,True,mlcc-synthetic-1.0.0,0,0.0816263498443,121.536295053,25.8331761278,962.117070176,0.519267680622,0.305876173428
MLCC_C011961,MLCC_B018,MLCC_X7R,leakage_ua,0.7,SIM_X7R_1U_25V,FICTIONAL-MLCC-03,1000,25,1206,X7R,22.548566286,0.901942651438,24.9675555413,56.0053815141,TESTER_1,6,105,synthetic,True,mlcc-synthetic-1.0.0,24,0.0762059024288,121.429317499,25.8331761278,962.589326639,0.560239604735,0.327632830864
MLCC_C011971,MLCC_B018,MLCC_X7R,leakage_ua,0.7,SIM_X7R_1U_25V,FICTIONAL-MLCC-03,1000,25,1206,X7R,22.548566286,0.901942651438,24.9675555413,31.3886444784,TESTER_1,4,87,synthetic,True,mlcc-synthetic-1.0.0,0,0.0595694511509,121.34839518,25.8331761278,1023.64268269,0.880574130667,0.419133550149
MLCC_C011971,MLCC_B018,MLCC_X7R,leakage_ua,0.7,SIM_X7R_1U_25V,FICTIONAL-MLCC-03,1000,25,1206,X7R,22.548566286,0.901942651438,24.9675555413,31.3886444784,TESTER_1,4,87,synthetic,True,mlcc-synthetic-1.0.0,24,0.0528962257833,121.529026187,25.8331761278,1021.81955126,0.925105190532,0.472010151416
MLCC_C011999,MLCC_B018,MLCC_X7R,leakage_ua,0.7,SIM_X7R_1U_25V,FICTIONAL-MLCC-03,1000,25,1206,X7R,22.548566286,0.901942651438,24.9675555413,41.1836394317,TESTER_1,6,167,synthetic,True,mlcc-synthetic-1.0.0,0,0.12595758235,121.497203164,25.8331761278,979.211150633,0.66365235971,0.198221933729
MLCC_C011999,MLCC_B018,MLCC_X7R,leakage_ua,0.7,SIM_X7R_1U_25V,FICTIONAL-MLCC-03,1000,25,1206,X7R,22.548566286,0.901942651438,24.9675555413,41.1836394317,TESTER_1,6,167,synthetic,True,mlcc-synthetic-1.0.0,24,0.120987798342,121.669524762,25.8331761278,976.069907212,0.678049205431,0.206364244027
MLCC_C000005,MLCC_B023,MLCC_X7R,leakage_ua,1.3,SIM_X7R_4U7_16V,FICTIONAL-MLCC-04,4700,16,1210,X7R,15.017835888,0.938614742997,15.7058373795,31.3743840103,TESTER_3,6,56,synthetic,True,mlcc-synthetic-1.0.0,0,0.0907449229384,122.616632183,25.0756692944,4524.87753925,0.717902970779,0.173076761443
MLCC_C000005,MLCC_B023,MLCC_X7R,leakage_ua,1.3,SIM_X7R_4U7_16V,FICTIONAL-MLCC-04,4700,16,1210,X7R,15.017835888,0.938614742997,15.7058373795,31.3743840103,TESTER_3,6,56,synthetic,True,mlcc-synthetic-1.0.0,24,0.0867027099408,122.533895421,25.0756692944,4516.51473344,0.75902588679,0.181145864878
MLCC_C000068,MLCC_B023,MLCC_X7R,leakage_ua,1.3,SIM_X7R_4U7_16V,FICTIONAL-MLCC-04,4700,16,1210,X7R,15.017835888,0.938614742997,15.7058373795,14.0547347969,TESTER_3,12,34,synthetic,True,mlcc-synthetic-1.0.0,0,0.199604348982,122.856982092,25.0756692944,4640.65480788,1.1368293473,0.0786848455941
MLCC_C000068,MLCC_B023,MLCC_X7R,leakage_ua,1.3,SIM_X7R_4U7_16V,FICTIONAL-MLCC-04,4700,16,1210,X7R,15.017835888,0.938614742997,15.7058373795,14.0547347969,TESTER_3,12,34,synthetic,True,mlcc-synthetic-1.0.0,24,0.187036352406,122.585114478,25.0756692944,4620.71773455,1.20078282423,0.0839721111831
MLCC_C000107,MLCC_B023,MLCC_X7R,leakage_ua,1.3,SIM_X7R_4U7_16V,FICTIONAL-MLCC-04,4700,16,1210,X7R,15.017835888,0.938614742997,15.7058373795,34.9761075613,TESTER_3,11,171,synthetic,True,mlcc-synthetic-1.0.0,0,0.214755374783,122.665756587,25.0756692944,5107.42752137,0.624089164243,0.0731336172397
MLCC_C000107,MLCC_B023,MLCC_X7R,leakage_ua,1.3,SIM_X7R_4U7_16V,FICTIONAL-MLCC-04,4700,16,1210,X7R,15.017835888,0.938614742997,15.7058373795,34.9761075613,TESTER_3,11,171,synthetic,True,mlcc-synthetic-1.0.0,24,0.187180466379,122.858791605,25.0756692944,5073.45801654,0.63479156036,0.0839074593807
MLCC_C000157,MLCC_B023,MLCC_X7R,leakage_ua,1.3,SIM_X7R_4U7_16V,FICTIONAL-MLCC-04,4700,16,1210,X7R,15.017835888,0.938614742997,15.7058373795,28.7958497585,TESTER_3,16,136,synthetic,True,mlcc-synthetic-1.0.0,0,0.114140613227,122.57897894,25.0756692944,4652.01322144,0.916961973541,0.137600779736
MLCC_C000157,MLCC_B023,MLCC_X7R,leakage_ua,1.3,SIM_X7R_4U7_16V,FICTIONAL-MLCC-04,4700,16,1210,X7R,15.017835888,0.938614742997,15.7058373795,28.7958497585,TESTER_3,16,136,synthetic,True,mlcc-synthetic-1.0.0,24,0.108877770911,122.611190261,25.0756692944,4627.07984416,0.893994497491,0.144252010746
MLCC_C000197,MLCC_B023,MLCC_X7R,leakage_ua,1.3,SIM_X7R_4U7_16V,FICTIONAL-MLCC-04,4700,16,1210,X7R,15.017835888,0.938614742997,15.7058373795,32.3882566289,TESTER_3,14,62,synthetic,True,mlcc-synthetic-1.0.0,0,0.109765620466,122.50276954,25.0756692944,4675.66721969,0.8430174676,0.143085214778
MLCC_C000197,MLCC_B023,MLCC_X7R,leakage_ua,1.3,SIM_X7R_4U7_16V,FICTIONAL-MLCC-04,4700,16,1210,X7R,15.017835888,0.938614742997,15.7058373795,32.3882566289,TESTER_3,14,62,synthetic,True,mlcc-synthetic-1.0.0,24,0.111948414624,122.519264959,25.0756692944,4648.51167987,0.859260504626,0.140295308623
MLCC_C000203,MLCC_B023,MLCC_X7R,leakage_ua,1.3,SIM_X7R_4U7_16V,FICTIONAL-MLCC-04,4700,16,1210,X7R,15.017835888,0.938614742997,15.7058373795,26.6475847302,TESTER_3,2,187,synthetic,True,mlcc-synthetic-1.0.0,0,0.120354121282,122.517625819,25.0756692944,4838.0319833,0.71028632976,0.130496880475
MLCC_C000203,MLCC_B023,MLCC_X7R,leakage_ua,1.3,SIM_X7R_4U7_16V,FICTIONAL-MLCC-04,4700,16,1210,X7R,15.017835888,0.938614742997,15.7058373795,26.6475847302,TESTER_3,2,187,synthetic,True,mlcc-synthetic-1.0.0,24,0.0995510961588,122.785955362,25.0756692944,4831.16926302,0.686517146602,0.157766594096
MLCC_C000281,MLCC_B023,MLCC_X7R,leakage_ua,1.3,SIM_X7R_4U7_16V,FICTIONAL-MLCC-04,4700,16,1210,X7R,15.017835888,0.938614742997,15.7058373795,27.3277810033,TESTER_3,7,64,synthetic,True,mlcc-synthetic-1.0.0,0,0.185339023645,122.612515783,25.0756692944,4879.52393723,0.531176094633,0.0847411250508
MLCC_C000281,MLCC_B023,MLCC_X7R,leakage_ua,1.3,SIM_X7R_4U7_16V,FICTIONAL-MLCC-04,4700,16,1210,X7R,15.017835888,0.938614742997,15.7058373795,27.3277810033,TESTER_3,7,64,synthetic,True,mlcc-synthetic-1.0.0,24,0.138982010301,122.508062959,25.0756692944,4835.65971765,0.500819770975,0.113006261354
MLCC_C000302,MLCC_B023,MLCC_X7R,leakage_ua,1.3,SIM_X7R_4U7_16V,FICTIONAL-MLCC-04,4700,16,1210,X7R,15.017835888,0.938614742997,15.7058373795,31.2789215518,TESTER_3,2,88,synthetic,True,mlcc-synthetic-1.0.0,0,0.216017085683,122.534263531,25.0756692944,4675.18033299,0.88629276476,0.0727064589815
MLCC_C000302,MLCC_B023,MLCC_X7R,leakage_ua,1.3,SIM_X7R_4U7_16V,FICTIONAL-MLCC-04,4700,16,1210,X7R,15.017835888,0.938614742997,15.7058373795,31.2789215518,TESTER_3,2,88,synthetic,True,mlcc-synthetic-1.0.0,24,0.182057771842,122.565283986,25.0756692944,4661.27059276,0.873850573036,0.0862684257894
MLCC_C000327,MLCC_B023,MLCC_X7R,leakage_ua,1.3,SIM_X7R_4U7_16V,FICTIONAL-MLCC-04,4700,16,1210,X7R,15.017835888,0.938614742997,15.7058373795,22.447044194,TESTER_3,6,127,synthetic,True,mlcc-synthetic-1.0.0,0,0.157138678922,122.484026151,25.0756692944,4787.25600579,0.809903207378,0.0999488953786
MLCC_C000327,MLCC_B023,MLCC_X7R,leakage_ua,1.3,SIM_X7R_4U7_16V,FICTIONAL-MLCC-04,4700,16,1210,X7R,15.017835888,0.938614742997,15.7058373795,22.447044194,TESTER_3,6,127,synthetic,True,mlcc-synthetic-1.0.0,24,0.142461965728,122.746802849,25.0756692944,4768.88125092,0.722980851105,0.110245828066
MLCC_C000458,MLCC_B023,MLCC_X7R,leakage_ua,1.3,SIM_X7R_4U7_16V,FICTIONAL-MLCC-04,4700,16,1210,X7R,15.017835888,0.938614742997,15.7058373795,24.7453377238,TESTER_3,1,173,synthetic,True,mlcc-synthetic-1.0.0,0,0.208542939459,122.386004092,25.0756692944,4935.32061643,0.680164991355,0.0753122470619
MLCC_C000458,MLCC_B023,MLCC_X7R,leakage_ua,1.3,SIM_X7R_4U7_16V,FICTIONAL-MLCC-04,4700,16,1210,X7R,15.017835888,0.938614742997,15.7058373795,24.7453377238,TESTER_3,1,173,synthetic,True,mlcc-synthetic-1.0.0,24,0.188409124673,122.571589458,25.0756692944,4909.96433613,0.744990959024,0.0833602799586
MLCC_C000561,MLCC_B023,MLCC_X7R,leakage_ua,1.3,SIM_X7R_4U7_16V,FICTIONAL-MLCC-04,4700,16,1210,X7R,15.017835888,0.938614742997,15.7058373795,28.8715330533,TESTER_3,6,152,synthetic,True,mlcc-synthetic-1.0.0,0,0.144359481421,122.688650661,25.0756692944,4677.42684599,0.607631730433,0.108796715151
MLCC_C000561,MLCC_B023,MLCC_X7R,leakage_ua,1.3,SIM_X7R_4U7_16V,FICTIONAL-MLCC-04,4700,16,1210,X7R,15.017835888,0.938614742997,15.7058373795,28.8715330533,TESTER_3,6,152,synthetic,True,mlcc-synthetic-1.0.0,24,0.208307372894,122.569387901,25.0756692944,4636.86151887,0.640160444964,0.0753974147019
MLCC_C000571,MLCC_B023,MLCC_X7R,leakage_ua,1.3,SIM_X7R_4U7_16V,FICTIONAL-MLCC-04,4700,16,1210,X7R,15.017835888,0.938614742997,15.7058373795,49.9700808225,TESTER_3,5,168,synthetic,True,mlcc-synthetic-1.0.0,0,0.176667120274,122.470622328,25.0756692944,4412.39457052,0.755986083651,0.0889007380388
MLCC_C000571,MLCC_B023,MLCC_X7R,leakage_ua,1.3,SIM_X7R_4U7_16V,FICTIONAL-MLCC-04,4700,16,1210,X7R,15.017835888,0.938614742997,15.7058373795,49.9700808225,TESTER_3,5,168,synthetic,True,mlcc-synthetic-1.0.0,24,0.160761697762,122.479660309,25.0756692944,4366.84019633,0.756299561432,0.0976963891163
MLCC_C000628,MLCC_B023,MLCC_X7R,leakage_ua,1.3,SIM_X7R_4U7_16V,FICTIONAL-MLCC-04,4700,16,1210,X7R,15.017835888,0.938614742997,15.7058373795,39.2679209172,TESTER_3,10,105,synthetic,True,mlcc-synthetic-1.0.0,0,0.137492232278,122.67127733,25.0756692944,4950.39986887,0.916034962452,0.114230725033
MLCC_C000628,MLCC_B023,MLCC_X7R,leakage_ua,1.3,SIM_X7R_4U7_16V,FICTIONAL-MLCC-04,4700,16,1210,X7R,15.017835888,0.938614742997,15.7058373795,39.2679209172,TESTER_3,10,105,synthetic,True,mlcc-synthetic-1.0.0,24,0.128472394217,122.547279783,25.0756692944,4940.41278367,0.912053973276,0.12225067864
MLCC_C000669,MLCC_B023,MLCC_X7R,leakage_ua,1.3,SIM_X7R_4U7_16V,FICTIONAL-MLCC-04,4700,16,1210,X7R,15.017835888,0.938614742997,15.7058373795,38.3444112865,TESTER_3,10,87,synthetic,True,mlcc-synthetic-1.0.0,0,0.196203795244,122.58918615,25.0756692944,4684.01349777,0.710351134881,0.0800485911091
MLCC_C000669,MLCC_B023,MLCC_X7R,leakage_ua,1.3,SIM_X7R_4U7_16V,FICTIONAL-MLCC-04,4700,16,1210,X7R,15.017835888,0.938614742997,15.7058373795,38.3444112865,TESTER_3,10,87,synthetic,True,mlcc-synthetic-1.0.0,24,0.176159902452,122.666484674,25.0756692944,4679.54613848,0.660828998425,0.0891567102438
MLCC_C000685,MLCC_B023,MLCC_X7R,leakage_ua,1.3,SIM_X7R_4U7_16V,FICTIONAL-MLCC-04,4700,16,1210,X7R,15.017835888,0.938614742997,15.7058373795,38.4094966503,TESTER_3,9,8,synthetic,True,mlcc-synthetic-1.0.0,0,0.214703029873,122.702618447,25.0756692944,4687.70503006,0.807501695686,0.0731514473216
MLCC_C000685,MLCC_B023,MLCC_X7R,leakage_ua,1.3,SIM_X7R_4U7_16V,FICTIONAL-MLCC-04,4700,16,1210,X7R,15.017835888,0.938614742997,15.7058373795,38.4094966503,TESTER_3,9,8,synthetic,True,mlcc-synthetic-1.0.0,24,0.194695221098,122.550401952,25.0756692944,4663.15712289,0.771901904512,0.0806688386646
MLCC_C000708,MLCC_B023,MLCC_X7R,leakage_ua,1.3,SIM_X7R_4U7_16V,FICTIONAL-MLCC-04,4700,16,1210,X7R,15.017835888,0.938614742997,15.7058373795,35.7997692063,TESTER_3,9,188,synthetic,True,mlcc-synthetic-1.0.0,0,0.227091359921,122.794284222,25.0756692944,4661.69210248,0.674329716569,0.0691608759797
MLCC_C000708,MLCC_B023,MLCC_X7R,leakage_ua,1.3,SIM_X7R_4U7_16V,FICTIONAL-MLCC-04,4700,16,1210,X7R,15.017835888,0.938614742997,15.7058373795,35.7997692063,TESTER_3,9,188,synthetic,True,mlcc-synthetic-1.0.0,24,0.211789968332,122.773568895,25.0756692944,4650.13573877,0.610069470488,0.0741576076677
MLCC_C000933,MLCC_B023,MLCC_X7R,leakage_ua,1.3,SIM_X7R_4U7_16V,FICTIONAL-MLCC-04,4700,16,1210,X7R,15.017835888,0.938614742997,15.7058373795,49.6391305775,TESTER_3,1,63,synthetic,True,mlcc-synthetic-1.0.0,0,0.280806863894,123.000565329,25.0756692944,4410.8517014,0.783014145694,0.0559311021167
MLCC_C000933,MLCC_B023,MLCC_X7R,leakage_ua,1.3,SIM_X7R_4U7_16V,FICTIONAL-MLCC-04,4700,16,1210,X7R,15.017835888,0.938614742997,15.7058373795,49.6391305775,TESTER_3,1,63,synthetic,True,mlcc-synthetic-1.0.0,24,0.243424836747,122.563404022,25.0756692944,4394.89282487,0.765834064968,0.06452027488
MLCC_C000950,MLCC_B023,MLCC_X7R,leakage_ua,1.3,SIM_X7R_4U7_16V,FICTIONAL-MLCC-04,4700,16,1210,X7R,15.017835888,0.938614742997,15.7058373795,43.7676348548,TESTER_3,9,58,synthetic,True,mlcc-synthetic-1.0.0,0,0.334968810832,122.939298462,25.0756692944,4431.92818121,0.550269703942,0.0468874619715
MLCC_C000950,MLCC_B023,MLCC_X7R,leakage_ua,1.3,SIM_X7R_4U7_16V,FICTIONAL-MLCC-04,4700,16,1210,X7R,15.017835888,0.938614742997,15.7058373795,43.7676348548,TESTER_3,9,58,synthetic,True,mlcc-synthetic-1.0.0,24,0.286053010704,122.805929939,25.0756692944,4380.86931363,0.598833542521,0.0549053384927
MLCC_C000955,MLCC_B023,MLCC_X7R,leakage_ua,1.3,SIM_X7R_4U7_16V,FICTIONAL-MLCC-04,4700,16,1210,X7R,15.017835888,0.938614742997,15.7058373795,26.1279228168,TESTER_3,15,99,synthetic,True,mlcc-synthetic-1.0.0,0,0.154293131125,122.63498171,25.0756692944,4876.88790337,0.957795073089,0.101792200761
MLCC_C000955,MLCC_B023,MLCC_X7R,leakage_ua,1.3,SIM_X7R_4U7_16V,FICTIONAL-MLCC-04,4700,16,1210,X7R,15.017835888,0.938614742997,15.7058373795,26.1279228168,TESTER_3,15,99,synthetic,True,mlcc-synthetic-1.0.0,24,0.131304415257,122.778948294,25.0756692944,4807.1608185,0.877769297859,0.119613931861
MLCC_C001009,MLCC_B023,MLCC_X7R,leakage_ua,1.3,SIM_X7R_4U7_16V,FICTIONAL-MLCC-04,4700,16,1210,X7R,15.017835888,0.938614742997,15.7058373795,29.1058959693,TESTER_3,13,25,synthetic,True,mlcc-synthetic-1.0.0,0,0.26685210906,122.480894551,25.0756692944,4558.20740731,0.706646964587,0.0588559612095
MLCC_C001009,MLCC_B023,MLCC_X7R,leakage_ua,1.3,SIM_X7R_4U7_16V,FICTIONAL-MLCC-04,4700,16,1210,X7R,15.017835888,0.938614742997,15.7058373795,29.1058959693,TESTER_3,13,25,synthetic,True,mlcc-synthetic-1.0.0,24,0.28916975123,122.667062894,25.0756692944,4532.57887092,0.726861191054,0.0543135556631
MLCC_C001046,MLCC_B023,MLCC_X7R,leakage_ua,1.3,SIM_X7R_4U7_16V,FICTIONAL-MLCC-04,4700,16,1210,X7R,15.017835888,0.938614742997,15.7058373795,34.7063719884,TESTER_3,15,117,synthetic,True,mlcc-synthetic-1.0.0,0,0.0997290743192,122.381873633,25.0756692944,4666.20441958,0.69535277746,0.157485041215
MLCC_C001046,MLCC_B023,MLCC_X7R,leakage_ua,1.3,SIM_X7R_4U7_16V,FICTIONAL-MLCC-04,4700,16,1210,X7R,15.017835888,0.938614742997,15.7058373795,34.7063719884,TESTER_3,15,117,synthetic,True,mlcc-synthetic-1.0.0,24,1.38682735687,122.43053183,25.0756692944,4619.28894477,0.794785627833,0.0113250126641
MLCC_C001091,MLCC_B023,MLCC_X7R,leakage_ua,1.3,SIM_X7R_4U7_16V,FICTIONAL-MLCC-04,4700,16,1210,X7R,15.017835888,0.938614742997,15.7058373795,18.6320769358,TESTER_3,4,81,synthetic,True,mlcc-synthetic-1.0.0,0,0.125444217531,122.928393519,25.0756692944,4678.27464013,0.84964836811,0.125201764487
MLCC_C001091,MLCC_B023,MLCC_X7R,leakage_ua,1.3,SIM_X7R_4U7_16V,FICTIONAL-MLCC-04,4700,16,1210,X7R,15.017835888,0.938614742997,15.7058373795,18.6320769358,TESTER_3,4,81,synthetic,True,mlcc-synthetic-1.0.0,24,0.157386794869,122.531704686,25.0756692944,4644.68244299,0.798878805133,0.0997913286985
MLCC_C001106,MLCC_B023,MLCC_X7R,leakage_ua,1.3,SIM_X7R_4U7_16V,FICTIONAL-MLCC-04,4700,16,1210,X7R,15.017835888,0.938614742997,15.7058373795,40.1478779022,TESTER_3,12,178,synthetic,True,mlcc-synthetic-1.0.0,0,0.106115237495,122.707876321,25.0756692944,4344.55510608,0.54148607511,0.148007371517
MLCC_C001106,MLCC_B023,MLCC_X7R,leakage_ua,1.3,SIM_X7R_4U7_16V,FICTIONAL-MLCC-04,4700,16,1210,X7R,15.017835888,0.938614742997,15.7058373795,40.1478779022,TESTER_3,12,178,synthetic,True,mlcc-synthetic-1.0.0,24,0.0852933271395,122.400901157,25.0756692944,4313.29981232,0.563727213373,0.184139110365
MLCC_C001265,MLCC_B023,MLCC_X7R,leakage_ua,1.3,SIM_X7R_4U7_16V,FICTIONAL-MLCC-04,4700,16,1210,X7R,15.017835888,0.938614742997,15.7058373795,31.8668560946,TESTER_3,11,155,synthetic,True,mlcc-synthetic-1.0.0,0,0.103180082369,122.615552421,25.0756692944,4847.41009555,0.78240239047,0.152217724767
MLCC_C001265,MLCC_B023,MLCC_X7R,leakage_ua,1.3,SIM_X7R_4U7_16V,FICTIONAL-MLCC-04,4700,16,1210,X7R,15.017835888,0.938614742997,15.7058373795,31.8668560946,TESTER_3,11,155,synthetic,True,mlcc-synthetic-1.0.0,24,0.104655976032,122.642331877,25.0756692944,4801.66790845,0.79845702741,0.150071099377
MLCC_C001281,MLCC_B023,MLCC_X7R,leakage_ua,1.3,SIM_X7R_4U7_16V,FICTIONAL-MLCC-04,4700,16,1210,X7R,15.017835888,0.938614742997,15.7058373795,34.7971427087,TESTER_3,11,50,synthetic,True,mlcc-synthetic-1.0.0,0,0.127822583142,122.441089098,25.0756692944,4730.75817192,0.868879533994,0.122872163849
MLCC_C001281,MLCC_B023,MLCC_X7R,leakage_ua,1.3,SIM_X7R_4U7_16V,FICTIONAL-MLCC-04,4700,16,1210,X7R,15.017835888,0.938614742997,15.7058373795,34.7971427087,TESTER_3,11,50,synthetic,True,mlcc-synthetic-1.0.0,24,0.134039702489,122.42412745,25.0756692944,4697.09875007,0.872831615499,0.117173024767
MLCC_C001359,MLCC_B023,MLCC_X7R,leakage_ua,1.3,SIM_X7R_4U7_16V,FICTIONAL-MLCC-04,4700,16,1210,X7R,15.017835888,0.938614742997,15.7058373795,26.0168769934,TESTER_3,4,91,synthetic,True,mlcc-synthetic-1.0.0,0,0.104914672081,122.451703221,25.0756692944,4696.74845513,0.636440566063,0.149701057707
MLCC_C001359,MLCC_B023,MLCC_X7R,leakage_ua,1.3,SIM_X7R_4U7_16V,FICTIONAL-MLCC-04,4700,16,1210,X7R,15.017835888,0.938614742997,15.7058373795,26.0168769934,TESTER_3,4,91,synthetic,True,mlcc-synthetic-1.0.0,24,0.113852694495,122.474034073,25.0756692944,4670.60213604,0.692877641536,0.137948754303
MLCC_C001402,MLCC_B023,MLCC_X7R,leakage_ua,1.3,SIM_X7R_4U7_16V,FICTIONAL-MLCC-04,4700,16,1210,X7R,15.017835888,0.938614742997,15.7058373795,44.9280502381,TESTER_3,8,5,synthetic,True,mlcc-synthetic-1.0.0,0,0.186725173851,122.524842378,25.0756692944,4890.60808791,0.497118743142,0.08411205118
MLCC_C001402,MLCC_B023,MLCC_X7R,leakage_ua,1.3,SIM_X7R_4U7_16V,FICTIONAL-MLCC-04,4700,16,1210,X7R,15.017835888,0.938614742997,15.7058373795,44.9280502381,TESTER_3,8,5,synthetic,True,mlcc-synthetic-1.0.0,24,0.173387210425,122.743157952,25.0756692944,4858.25529011,0.467791698566,0.0905824445821
MLCC_C001443,MLCC_B023,MLCC_X7R,leakage_ua,1.3,SIM_X7R_4U7_16V,FICTIONAL-MLCC-04,4700,16,1210,X7R,15.017835888,0.938614742997,15.7058373795,34.8614246302,TESTER_3,16,14,synthetic,True,mlcc-synthetic-1.0.0,0,0.128764269409,122.614907323,25.0756692944,4771.27749921,0.809448403861,0.121973568068
MLCC_C001443,MLCC_B023,MLCC_X7R,leakage_ua,1.3,SIM_X7R_4U7_16V,FICTIONAL-MLCC-04,4700,16,1210,X7R,15.017835888,0.938614742997,15.7058373795,34.8614246302,TESTER_3,16,14,synthetic,True,mlcc-synthetic-1.0.0,24,0.122009664316,122.663903453,25.0756692944,4741.34908786,0.895438733878,0.128726174829
MLCC_C001591,MLCC_B023,MLCC_X7R,leakage_ua,1.3,SIM_X7R_4U7_16V,FICTIONAL-MLCC-04,4700,16,1210,X7R,15.017835888,0.938614742997,15.7058373795,31.3507605213,TESTER_3,2,106,synthetic,True,mlcc-synthetic-1.0.0,0,0.0912940299329,122.521288721,25.0756692944,4506.94864968,0.998589384483,0.172035755143
MLCC_C001591,MLCC_B023,MLCC_X7R,leakage_ua,1.3,SIM_X7R_4U7_16V,FICTIONAL-MLCC-04,4700,16,1210,X7R,15.017835888,0.938614742997,15.7058373795,31.3507605213,TESTER_3,2,106,synthetic,True,mlcc-synthetic-1.0.0,24,0.0864203315189,122.696806202,25.0756692944,4445.34344283,0.925165846978,0.181737758968
MLCC_C001654,MLCC_B023,MLCC_X7R,leakage_ua,1.3,SIM_X7R_4U7_16V,FICTIONAL-MLCC-04,4700,16,1210,X7R,15.017835888,0.938614742997,15.7058373795,18.3935765921,TESTER_3,16,150,synthetic,True,mlcc-synthetic-1.0.0,0,0.139155355016,122.620608322,25.0756692944,4687.25956734,0.49722738105,0.112865490356
MLCC_C001654,MLCC_B023,MLCC_X7R,leakage_ua,1.3,SIM_X7R_4U7_16V,FICTIONAL-MLCC-04,4700,16,1210,X7R,15.017835888,0.938614742997,15.7058373795,18.3935765921,TESTER_3,16,150,synthetic,True,mlcc-synthetic-1.0.0,24,0.130674860341,122.699625017,25.0756692944,4646.05016416,0.508393849956,0.120190198318
MLCC_C001663,MLCC_B023,MLCC_X7R,leakage_ua,1.3,SIM_X7R_4U7_16V,FICTIONAL-MLCC-04,4700,16,1210,X7R,15.017835888,0.938614742997,15.7058373795,24.2530266621,TESTER_3,9,53,synthetic,True,mlcc-synthetic-1.0.0,0,0.24100292017,122.346720454,25.0756692944,4613.59688265,1.04249792398,0.0651686600661
MLCC_C001663,MLCC_B023,MLCC_X7R,leakage_ua,1.3,SIM_X7R_4U7_16V,FICTIONAL-MLCC-04,4700,16,1210,X7R,15.017835888,0.938614742997,15.7058373795,24.2530266621,TESTER_3,9,53,synthetic,True,mlcc-synthetic-1.0.0,24,0.217382997876,122.690671771,25.0756692944,4592.78887101,1.09561820896,0.0722496125869
MLCC_C001666,MLCC_B023,MLCC_X7R,leakage_ua,1.3,SIM_X7R_4U7_16V,FICTIONAL-MLCC-04,4700,16,1210,X7R,15.017835888,0.938614742997,15.7058373795,32.9902604984,TESTER_3,5,191,synthetic,True,mlcc-synthetic-1.0.0,0,0.190446965529,122.64278128,25.0756692944,4697.21379573,0.431517912198,0.0824682994338
MLCC_C001666,MLCC_B023,MLCC_X7R,leakage_ua,1.3,SIM_X7R_4U7_16V,FICTIONAL-MLCC-04,4700,16,1210,X7R,15.017835888,0.938614742997,15.7058373795,32.9902604984,TESTER_3,5,191,synthetic,True,mlcc-synthetic-1.0.0,24,0.193266908043,122.54787568,25.0756692944,4663.3328176,0.525368034171,0.0812650108523
MLCC_C001699,MLCC_B023,MLCC_X7R,leakage_ua,1.3,SIM_X7R_4U7_16V,FICTIONAL-MLCC-04,4700,16,1210,X7R,15.017835888,0.938614742997,15.7058373795,35.8590844338,TESTER_3,8,134,synthetic,True,mlcc-synthetic-1.0.0,0,0.151173247245,122.612301208,25.0756692944,4735.75195549,0.808893968454,0.103892968271
MLCC_C001699,MLCC_B023,MLCC_X7R,leakage_ua,1.3,SIM_X7R_4U7_16V,FICTIONAL-MLCC-04,4700,16,1210,X7R,15.017835888,0.938614742997,15.7058373795,35.8590844338,TESTER_3,8,134,synthetic,True,mlcc-synthetic-1.0.0,24,0.133774409539,122.841684033,25.0756692944,4722.7341181,0.828051769231,0.117405394901
MLCC_C001763,MLCC_B023,MLCC_X7R,leakage_ua,1.3,SIM_X7R_4U7_16V,FICTIONAL-MLCC-04,4700,16,1210,X7R,15.017835888,0.938614742997,15.7058373795,31.2871056524,TESTER_3,14,159,synthetic,True,mlcc-synthetic-1.0.0,0,0.141044419103,122.592089494,25.0756692944,4722.01663764,0.774388752702,0.111353837886
MLCC_C001763,MLCC_B023,MLCC_X7R,leakage_ua,1.3,SIM_X7R_4U7_16V,FICTIONAL-MLCC-04,4700,16,1210,X7R,15.017835888,0.938614742997,15.7058373795,31.2871056524,TESTER_3,14,159,synthetic,True,mlcc-synthetic-1.0.0,24,0.126187841037,122.669472141,25.0756692944,4687.80429302,0.767364339788,0.124463951919
MLCC_C001775,MLCC_B023,MLCC_X7R,leakage_ua,1.3,SIM_X7R_4U7_16V,FICTIONAL-MLCC-04,4700,16,1210,X7R,15.017835888,0.938614742997,15.7058373795,22.2823841156,TESTER_3,9,28,synthetic,True,mlcc-synthetic-1.0.0,0,0.125829437034,122.653864514,25.0756692944,4906.55677606,0.621834313165,0.124818466567
MLCC_C001775,MLCC_B023,MLCC_X7R,leakage_ua,1.3,SIM_X7R_4U7_16V,FICTIONAL-MLCC-04,4700,16,1210,X7R,15.017835888,0.938614742997,15.7058373795,22.2823841156,TESTER_3,9,28,synthetic,True,mlcc-synthetic-1.0.0,24,0.121147253442,122.575218907,25.0756692944,4871.5448262,0.662685237162,0.129642537766
MLCC_C001779,MLCC_B023,MLCC_X7R,leakage_ua,1.3,SIM_X7R_4U7_16V,FICTIONAL-MLCC-04,4700,16,1210,X7R,15.017835888,0.938614742997,15.7058373795,19.5980352168,TESTER_3,12,9,synthetic,True,mlcc-synthetic-1.0.0,0,0.185154191009,122.732058197,25.0756692944,4439.78762547,0.556869396654,0.0848257190072
MLCC_C001779,MLCC_B023,MLCC_X7R,leakage_ua,1.3,SIM_X7R_4U7_16V,FICTIONAL-MLCC-04,4700,16,1210,X7R,15.017835888,0.938614742997,15.7058373795,19.5980352168,TESTER_3,12,9,synthetic,True,mlcc-synthetic-1.0.0,24,0.169295013394,122.721905242,25.0756692944,4426.47438535,0.50246172616,0.0927720023449
MLCC_C001800,MLCC_B023,MLCC_X7R,leakage_ua,1.3,SIM_X7R_4U7_16V,FICTIONAL-MLCC-04,4700,16,1210,X7R,15.017835888,0.938614742997,15.7058373795,23.8087070332,TESTER_3,7,189,synthetic,True,mlcc-synthetic-1.0.0,0,0.144531775854,122.750107644,25.0756692944,4963.81341413,0.520240322175,0.108667020015
MLCC_C001800,MLCC_B023,MLCC_X7R,leakage_ua,1.3,SIM_X7R_4U7_16V,FICTIONAL-MLCC-04,4700,16,1210,X7R,15.017835888,0.938614742997,15.7058373795,23.8087070332,TESTER_3,7,189,synthetic,True,mlcc-synthetic-1.0.0,24,0.144187109568,122.842473346,25.0756692944,4911.95147986,0.574596031396,0.108926778729
MLCC_C001863,MLCC_B023,MLCC_X7R,leakage_ua,1.3,SIM_X7R_4U7_16V,FICTIONAL-MLCC-04,4700,16,1210,X7R,15.017835888,0.938614742997,15.7058373795,46.4287509747,TESTER_3,13,15,synthetic,True,mlcc-synthetic-1.0.0,0,0.131968613055,122.780455665,25.0756692944,4753.28061826,0.46394112441,0.119011915151
MLCC_C001863,MLCC_B023,MLCC_X7R,leakage_ua,1.3,SIM_X7R_4U7_16V,FICTIONAL-MLCC-04,4700,16,1210,X7R,15.017835888,0.938614742997,15.7058373795,46.4287509747,TESTER_3,13,15,synthetic,True,mlcc-synthetic-1.0.0,24,0.116868624794,122.721866246,25.0756692944,4707.86918482,0.448382732414,0.134388826832
MLCC_C001874,MLCC_B023,MLCC_X7R,leakage_ua,1.3,SIM_X7R_4U7_16V,FICTIONAL-MLCC-04,4700,16,1210,X7R,15.017835888,0.938614742997,15.7058373795,25.6584616152,TESTER_3,1,45,synthetic,True,mlcc-synthetic-1.0.0,0,0.124685073146,122.494441856,25.0756692944,4781.55277191,0.497617180236,0.125964054744
MLCC_C001874,MLCC_B023,MLCC_X7R,leakage_ua,1.3,SIM_X7R_4U7_16V,FICTIONAL-MLCC-04,4700,16,1210,X7R,15.017835888,0.938614742997,15.7058373795,25.6584616152,TESTER_3,1,45,synthetic,True,mlcc-synthetic-1.0.0,24,0.349354554348,122.642273336,25.0756692944,4741.12619409,0.563019024668,0.0449567271531
MLCC_C001912,MLCC_B023,MLCC_X7R,leakage_ua,1.3,SIM_X7R_4U7_16V,FICTIONAL-MLCC-04,4700,16,1210,X7R,15.017835888,0.938614742997,15.7058373795,25.5818702893,TESTER_3,6,29,synthetic,True,mlcc-synthetic-1.0.0,0,0.175576137781,122.372557944,25.0756692944,4709.92352924,0.661287711019,0.0894531431093
MLCC_C001912,MLCC_B023,MLCC_X7R,leakage_ua,1.3,SIM_X7R_4U7_16V,FICTIONAL-MLCC-04,4700,16,1210,X7R,15.017835888,0.938614742997,15.7058373795,25.5818702893,TESTER_3,6,29,synthetic,True,mlcc-synthetic-1.0.0,24,0.162675177812,122.621457132,25.0756692944,4700.7395238,0.779201025851,0.0965472273692
MLCC_C001990,MLCC_B023,MLCC_X7R,leakage_ua,1.3,SIM_X7R_4U7_16V,FICTIONAL-MLCC-04,4700,16,1210,X7R,15.017835888,0.938614742997,15.7058373795,22.5771963968,TESTER_3,7,61,synthetic,True,mlcc-synthetic-1.0.0,0,0.175112812659,122.757087026,25.0756692944,4710.95521169,0.609695435045,0.0896898241829
MLCC_C001990,MLCC_B023,MLCC_X7R,leakage_ua,1.3,SIM_X7R_4U7_16V,FICTIONAL-MLCC-04,4700,16,1210,X7R,15.017835888,0.938614742997,15.7058373795,22.5771963968,TESTER_3,7,61,synthetic,True,mlcc-synthetic-1.0.0,24,0.167176624576,122.780961618,25.0756692944,4676.85994339,0.69098901989,0.0939475684438
MLCC_C001998,MLCC_B023,MLCC_X7R,leakage_ua,1.3,SIM_X7R_4U7_16V,FICTIONAL-MLCC-04,4700,16,1210,X7R,15.017835888,0.938614742997,15.7058373795,18.0040899017,TESTER_3,13,107,synthetic,True,mlcc-synthetic-1.0.0,0,0.127637890106,122.601793139,25.0756692944,4627.70770353,0.60762373125,0.123049960842
MLCC_C001998,MLCC_B023,MLCC_X7R,leakage_ua,1.3,SIM_X7R_4U7_16V,FICTIONAL-MLCC-04,4700,16,1210,X7R,15.017835888,0.938614742997,15.7058373795,18.0040899017,TESTER_3,13,107,synthetic,True,mlcc-synthetic-1.0.0,24,0.106921903859,122.576371072,25.0756692944,4602.1928469,0.647573535917,0.146890738125
MLCC_C002103,MLCC_B023,MLCC_X7R,leakage_ua,1.3,SIM_X7R_4U7_16V,FICTIONAL-MLCC-04,4700,16,1210,X7R,15.017835888,0.938614742997,15.7058373795,27.4620131288,TESTER_3,10,112,synthetic,True,mlcc-synthetic-1.0.0,0,0.192953686096,122.842431035,25.0756692944,4704.92322194,0.532317977025,0.0813969284407
MLCC_C002103,MLCC_B023,MLCC_X7R,leakage_ua,1.3,SIM_X7R_4U7_16V,FICTIONAL-MLCC-04,4700,16,1210,X7R,15.017835888,0.938614742997,15.7058373795,27.4620131288,TESTER_3,10,112,synthetic,True,mlcc-synthetic-1.0.0,24,0.179294363617,122.380752763,25.0756692944,4680.80148467,0.542619518483,0.0875980541871
MLCC_C002166,MLCC_B023,MLCC_X7R,leakage_ua,1.3,SIM_X7R_4U7_16V,FICTIONAL-MLCC-04,4700,16,1210,X7R,15.017835888,0.938614742997,15.7058373795,22.6165494363,TESTER_3,15,52,synthetic,True,mlcc-synthetic-1.0.0,0,0.239889529666,122.899051411,25.0756692944,4621.80372117,1.0063398969,0.0654711249858
MLCC_C002166,MLCC_B023,MLCC_X7R,leakage_ua,1.3,SIM_X7R_4U7_16V,FICTIONAL-MLCC-04,4700,16,1210,X7R,15.017835888,0.938614742997,15.7058373795,22.6165494363,TESTER_3,15,52,synthetic,True,mlcc-synthetic-1.0.0,24,0.552959386264,122.59838465,25.0756692944,4582.67518127,0.939887311951,0.0284032385916
MLCC_C002171,MLCC_B023,MLCC_X7R,leakage_ua,1.3,SIM_X7R_4U7_16V,FICTIONAL-MLCC-04,4700,16,1210,X7R,15.017835888,0.938614742997,15.7058373795,21.6214865533,TESTER_3,9,170,synthetic,True,mlcc-synthetic-1.0.0,0,0.103211550778,122.688505723,25.0756692944,4605.89740502,0.741572897536,0.152171314752
MLCC_C002171,MLCC_B023,MLCC_X7R,leakage_ua,1.3,SIM_X7R_4U7_16V,FICTIONAL-MLCC-04,4700,16,1210,X7R,15.017835888,0.938614742997,15.7058373795,21.6214865533,TESTER_3,9,170,synthetic,True,mlcc-synthetic-1.0.0,24,0.0892356327374,122.761673733,25.0756692944,4591.51844076,0.726424758461,0.176004101699
MLCC_C002230,MLCC_B023,MLCC_X7R,leakage_ua,1.3,SIM_X7R_4U7_16V,FICTIONAL-MLCC-04,4700,16,1210,X7R,15.017835888,0.938614742997,15.7058373795,27.3428148847,TESTER_3,14,43,synthetic,True,mlcc-synthetic-1.0.0,0,0.228756215976,122.885179979,25.0756692944,4492.6481366,0.82112092281,0.0686575327038
MLCC_C002230,MLCC_B023,MLCC_X7R,leakage_ua,1.3,SIM_X7R_4U7_16V,FICTIONAL-MLCC-04,4700,16,1210,X7R,15.017835888,0.938614742997,15.7058373795,27.3428148847,TESTER_3,14,43,synthetic,True,mlcc-synthetic-1.0.0,24,0.192657086144,122.704092245,25.0756692944,4471.83005602,0.80131908918,0.0815222408576
MLCC_C002281,MLCC_B023,MLCC_X7R,leakage_ua,1.3,SIM_X7R_4U7_16V,FICTIONAL-MLCC-04,4700,16,1210,X7R,15.017835888,0.938614742997,15.7058373795,34.6889969546,TESTER_3,13,179,synthetic,True,mlcc-synthetic-1.0.0,0,0.14456297047,122.607488208,25.0756692944,4823.80858049,0.693582043016,0.10864357123
MLCC_C002281,MLCC_B023,MLCC_X7R,leakage_ua,1.3,SIM_X7R_4U7_16V,FICTIONAL-MLCC-04,4700,16,1210,X7R,15.017835888,0.938614742997,15.7058373795,34.6889969546,TESTER_3,13,179,synthetic,True,mlcc-synthetic-1.0.0,24,0.134778089545,122.600771217,25.0756692944,4799.67312265,0.690010061929,0.11653108775
MLCC_C002296,MLCC_B023,MLCC_X7R,leakage_ua,1.3,SIM_X7R_4U7_16V,FICTIONAL-MLCC-04,4700,16,1210,X7R,15.017835888,0.938614742997,15.7058373795,19.2612512484,TESTER_3,3,149,synthetic,True,mlcc-synthetic-1.0.0,0,0.180499345973,122.760294361,25.0756692944,4727.44256793,0.845754867572,0.0870132647564
MLCC_C002296,MLCC_B023,MLCC_X7R,leakage_ua,1.3,SIM_X7R_4U7_16V,FICTIONAL-MLCC-04,4700,16,1210,X7R,15.017835888,0.938614742997,15.7058373795,19.2612512484,TESTER_3,3,149,synthetic,True,mlcc-synthetic-1.0.0,24,0.163131088205,122.446301011,25.0756692944,4731.20887061,0.875396419348,0.0962774021334
MLCC_C002344,MLCC_B023,MLCC_X7R,leakage_ua,1.3,SIM_X7R_4U7_16V,FICTIONAL-MLCC-04,4700,16,1210,X7R,15.017835888,0.938614742997,15.7058373795,38.9578699331,TESTER_3,9,156,synthetic,True,mlcc-synthetic-1.0.0,0,0.178417301094,122.488548055,25.0756692944,4567.44423143,0.966374974737,0.08802866809
MLCC_C002344,MLCC_B023,MLCC_X7R,leakage_ua,1.3,SIM_X7R_4U7_16V,FICTIONAL-MLCC-04,4700,16,1210,X7R,15.017835888,0.938614742997,15.7058373795,38.9578699331,TESTER_3,9,156,synthetic,True,mlcc-synthetic-1.0.0,24,0.177340443387,122.595488374,25.0756692944,4511.90467012,0.965990796425,0.088563201262
MLCC_C002368,MLCC_B023,MLCC_X7R,leakage_ua,1.3,SIM_X7R_4U7_16V,FICTIONAL-MLCC-04,4700,16,1210,X7R,15.017835888,0.938614742997,15.7058373795,24.6870392889,TESTER_3,2,51,synthetic,True,mlcc-synthetic-1.0.0,0,0.18439462452,122.690329141,25.0756692944,4944.81389229,0.802392201638,0.0851751368589
MLCC_C002368,MLCC_B023,MLCC_X7R,leakage_ua,1.3,SIM_X7R_4U7_16V,FICTIONAL-MLCC-04,4700,16,1210,X7R,15.017835888,0.938614742997,15.7058373795,24.6870392889,TESTER_3,2,51,synthetic,True,mlcc-synthetic-1.0.0,24,0.161984371959,122.265475786,25.0756692944,4936.17219447,0.78956949541,0.096958967026
MLCC_C002411,MLCC_B023,MLCC_X7R,leakage_ua,1.3,SIM_X7R_4U7_16V,FICTIONAL-MLCC-04,4700,16,1210,X7R,15.017835888,0.938614742997,15.7058373795,20.3042744071,TESTER_3,9,46,synthetic,True,mlcc-synthetic-1.0.0,0,0.171927297254,122.721848199,25.0756692944,4458.89640853,0.761112818452,0.0913516214724
MLCC_C002411,MLCC_B023,MLCC_X7R,leakage_ua,1.3,SIM_X7R_4U7_16V,FICTIONAL-MLCC-04,4700,16,1210,X7R,15.017835888,0.938614742997,15.7058373795,20.3042744071,TESTER_3,9,46,synthetic,True,mlcc-synthetic-1.0.0,24,0.167480965296,122.76143489,25.0756692944,4417.55579898,0.723023001749,0.0937768501142
MLCC_C002511,MLCC_B023,MLCC_X7R,leakage_ua,1.3,SIM_X7R_4U7_16V,FICTIONAL-MLCC-04,4700,16,1210,X7R,15.017835888,0.938614742997,15.7058373795,29.9004122344,TESTER_3,10,167,synthetic,True,mlcc-synthetic-1.0.0,0,0.145932485528,122.686335429,25.0756692944,4720.69378211,0.756884532264,0.107623996965
MLCC_C002511,MLCC_B023,MLCC_X7R,leakage_ua,1.3,SIM_X7R_4U7_16V,FICTIONAL-MLCC-04,4700,16,1210,X7R,15.017835888,0.938614742997,15.7058373795,29.9004122344,TESTER_3,10,167,synthetic,True,mlcc-synthetic-1.0.0,24,0.13727404481,122.782545551,25.0756692944,4657.74383932,0.728313156091,0.11441228676
MLCC_C002624,MLCC_B023,MLCC_X7R,leakage_ua,1.3,SIM_X7R_4U7_16V,FICTIONAL-MLCC-04,4700,16,1210,X7R,15.017835888,0.938614742997,15.7058373795,23.6846281755,TESTER_3,8,100,synthetic,True,mlcc-synthetic-1.0.0,0,0.116365642377,122.474303079,25.0756692944,4655.72646796,0.542868586477,0.134969713214
MLCC_C002624,MLCC_B023,MLCC_X7R,leakage_ua,1.3,SIM_X7R_4U7_16V,FICTIONAL-MLCC-04,4700,16,1210,X7R,15.017835888,0.938614742997,15.7058373795,23.6846281755,TESTER_3,8,100,synthetic,True,mlcc-synthetic-1.0.0,24,0.116818557962,122.33183724,25.0756692944,4682.3068529,0.517955093864,0.13444642404
MLCC_C003052,MLCC_B023,MLCC_X7R,leakage_ua,1.3,SIM_X7R_4U7_16V,FICTIONAL-MLCC-04,4700,16,1210,X7R,15.017835888,0.938614742997,15.7058373795,34.741103626,TESTER_3,5,109,synthetic,True,mlcc-synthetic-1.0.0,0,0.114837114388,122.598492929,25.0756692944,4729.74256269,0.806716706499,0.136766214157
MLCC_C003052,MLCC_B023,MLCC_X7R,leakage_ua,1.3,SIM_X7R_4U7_16V,FICTIONAL-MLCC-04,4700,16,1210,X7R,15.017835888,0.938614742997,15.7058373795,34.741103626,TESTER_3,5,109,synthetic,True,mlcc-synthetic-1.0.0,24,0.10376763232,122.507600642,25.0756692944,4719.92838867,0.737242059317,0.151355842167
MLCC_C003288,MLCC_B023,MLCC_X7R,leakage_ua,1.3,SIM_X7R_4U7_16V,FICTIONAL-MLCC-04,4700,16,1210,X7R,15.017835888,0.938614742997,15.7058373795,36.8719211604,TESTER_3,2,21,synthetic,True,mlcc-synthetic-1.0.0,0,0.145724652231,122.326294552,25.0756692944,4669.19289712,0.779201184803,0.107777490898
MLCC_C003288,MLCC_B023,MLCC_X7R,leakage_ua,1.3,SIM_X7R_4U7_16V,FICTIONAL-MLCC-04,4700,16,1210,X7R,15.017835888,0.938614742997,15.7058373795,36.8719211604,TESTER_3,2,21,synthetic,True,mlcc-synthetic-1.0.0,24,0.125704406503,122.454872678,25.0756692944,4664.26517851,0.785287862101,0.124942615907
MLCC_C003380,MLCC_B023,MLCC_X7R,leakage_ua,1.3,SIM_X7R_4U7_16V,FICTIONAL-MLCC-04,4700,16,1210,X7R,15.017835888,0.938614742997,15.7058373795,30.7396814725,TESTER_3,5,36,synthetic,True,mlcc-synthetic-1.0.0,0,0.218581671467,122.55452417,25.0756692944,4708.62893202,0.944344372414,0.0718534050642
MLCC_C003380,MLCC_B023,MLCC_X7R,leakage_ua,1.3,SIM_X7R_4U7_16V,FICTIONAL-MLCC-04,4700,16,1210,X7R,15.017835888,0.938614742997,15.7058373795,30.7396814725,TESTER_3,5,36,synthetic,True,mlcc-synthetic-1.0.0,24,0.1994344957,122.618112318,25.0756692944,4672.30559301,0.894479607818,0.0787518594736
MLCC_C003413,MLCC_B023,MLCC_X7R,leakage_ua,1.3,SIM_X7R_4U7_16V,FICTIONAL-MLCC-04,4700,16,1210,X7R,15.017835888,0.938614742997,15.7058373795,27.7528150701,TESTER_3,3,175,synthetic,True,mlcc-synthetic-1.0.0,0,0.16948073024,122.643481325,25.0756692944,4902.60513095,1.01806759835,0.0926703428604
MLCC_C003413,MLCC_B023,MLCC_X7R,leakage_ua,1.3,SIM_X7R_4U7_16V,FICTIONAL-MLCC-04,4700,16,1210,X7R,15.017835888,0.938614742997,15.7058373795,27.7528150701,TESTER_3,3,175,synthetic,True,mlcc-synthetic-1.0.0,24,0.173400284039,122.735825205,25.0756692944,4860.86863408,1.06943800103,0.0905756150666
MLCC_C003513,MLCC_B023,MLCC_X7R,leakage_ua,1.3,SIM_X7R_4U7_16V,FICTIONAL-MLCC-04,4700,16,1210,X7R,15.017835888,0.938614742997,15.7058373795,28.7958443345,TESTER_3,8,121,synthetic,True,mlcc-synthetic-1.0.0,0,0.234239757786,122.540935138,25.0756692944,4828.42052875,0.62653447422,0.0670502630638
MLCC_C003513,MLCC_B023,MLCC_X7R,leakage_ua,1.3,SIM_X7R_4U7_16V,FICTIONAL-MLCC-04,4700,16,1210,X7R,15.017835888,0.938614742997,15.7058373795,28.7958443345,TESTER_3,8,121,synthetic,True,mlcc-synthetic-1.0.0,24,0.19723402546,122.938630129,25.0756692944,4811.41900258,0.63107080575,0.0796304661069
MLCC_C003552,MLCC_B023,MLCC_X7R,leakage_ua,1.3,SIM_X7R_4U7_16V,FICTIONAL-MLCC-04,4700,16,1210,X7R,15.017835888,0.938614742997,15.7058373795,39.0169603377,TESTER_3,12,197,synthetic,True,mlcc-synthetic-1.0.0,0,0.213723380403,122.675454718,25.0756692944,4493.46052652,0.772681598463,0.073486753531
MLCC_C003552,MLCC_B023,MLCC_X7R,leakage_ua,1.3,SIM_X7R_4U7_16V,FICTIONAL-MLCC-04,4700,16,1210,X7R,15.017835888,0.938614742997,15.7058373795,39.0169603377,TESTER_3,12,197,synthetic,True,mlcc-synthetic-1.0.0,24,0.195165054942,122.978043794,25.0756692944,4464.66888488,0.677261278821,0.0804746391928
MLCC_C003564,MLCC_B023,MLCC_X7R,leakage_ua,1.3,SIM_X7R_4U7_16V,FICTIONAL-MLCC-04,4700,16,1210,X7R,15.017835888,0.938614742997,15.7058373795,37.1175213388,TESTER_3,12,143,synthetic,True,mlcc-synthetic-1.0.0,0,0.109325879622,122.641430632,25.0756692944,5011.77320849,0.691576701938,0.143660745597
MLCC_C003564,MLCC_B023,MLCC_X7R,leakage_ua,1.3,SIM_X7R_4U7_16V,FICTIONAL-MLCC-04,4700,16,1210,X7R,15.017835888,0.938614742997,15.7058373795,37.1175213388,TESTER_3,12,143,synthetic,True,mlcc-synthetic-1.0.0,24,0.106908136847,122.831855158,25.0756692944,4989.50711043,0.728377668552,0.146909653864
MLCC_C003613,MLCC_B023,MLCC_X7R,leakage_ua,1.3,SIM_X7R_4U7_16V,FICTIONAL-MLCC-04,4700,16,1210,X7R,15.017835888,0.938614742997,15.7058373795,45.4698104163,TESTER_3,9,11,synthetic,True,mlcc-synthetic-1.0.0,0,0.137180043898,122.806804368,25.0756692944,4573.82813988,1.27038377442,0.114490686351
MLCC_C003613,MLCC_B023,MLCC_X7R,leakage_ua,1.3,SIM_X7R_4U7_16V,FICTIONAL-MLCC-04,4700,16,1210,X7R,15.017835888,0.938614742997,15.7058373795,45.4698104163,TESTER_3,9,11,synthetic,True,mlcc-synthetic-1.0.0,24,0.123147052733,122.837658063,25.0756692944,4554.92511108,1.23453765577,0.127537257539
MLCC_C003720,MLCC_B023,MLCC_X7R,leakage_ua,1.3,SIM_X7R_4U7_16V,FICTIONAL-MLCC-04,4700,16,1210,X7R,15.017835888,0.938614742997,15.7058373795,26.1143957944,TESTER_3,7,108,synthetic,True,mlcc-synthetic-1.0.0,0,0.145757383674,122.415585019,25.0756692944,4866.28272644,1.05287736904,0.107753288263
MLCC_C003720,MLCC_B023,MLCC_X7R,leakage_ua,1.3,SIM_X7R_4U7_16V,FICTIONAL-MLCC-04,4700,16,1210,X7R,15.017835888,0.938614742997,15.7058373795,26.1143957944,TESTER_3,7,108,synthetic,True,mlcc-synthetic-1.0.0,24,0.120130279384,122.528221089,25.0756692944,4853.9989069,1.0200368955,0.130740038732
MLCC_C003730,MLCC_B023,MLCC_X7R,leakage_ua,1.3,SIM_X7R_4U7_16V,FICTIONAL-MLCC-04,4700,16,1210,X7R,15.017835888,0.938614742997,15.7058373795,19.1903144306,TESTER_3,3,192,synthetic,True,mlcc-synthetic-1.0.0,0,0.298322626648,122.441245298,25.0756692944,4430.51911959,0.491473338887,0.0526471543779
MLCC_C003730,MLCC_B023,MLCC_X7R,leakage_ua,1.3,SIM_X7R_4U7_16V,FICTIONAL-MLCC-04,4700,16,1210,X7R,15.017835888,0.938614742997,15.7058373795,19.1903144306,TESTER_3,3,192,synthetic,True,mlcc-synthetic-1.0.0,24,0.248627521556,122.890537189,25.0756692944,4414.10849867,0.513234391382,0.0631701481848
MLCC_C003752,MLCC_B023,MLCC_X7R,leakage_ua,1.3,SIM_X7R_4U7_16V,FICTIONAL-MLCC-04,4700,16,1210,X7R,15.017835888,0.938614742997,15.7058373795,23.912171396,TESTER_3,12,148,synthetic,True,mlcc-synthetic-1.0.0,0,0.130203017169,122.635387947,25.0756692944,4585.66276755,0.611577035512,0.120625756
MLCC_C003752,MLCC_B023,MLCC_X7R,leakage_ua,1.3,SIM_X7R_4U7_16V,FICTIONAL-MLCC-04,4700,16,1210,X7R,15.017835888,0.938614742997,15.7058373795,23.912171396,TESTER_3,12,148,synthetic,True,mlcc-synthetic-1.0.0,24,0.107825491844,122.827720615,25.0756692944,4561.09673957,0.648010328471,0.145659779621
MLCC_C003776,MLCC_B023,MLCC_X7R,leakage_ua,1.3,SIM_X7R_4U7_16V,FICTIONAL-MLCC-04,4700,16,1210,X7R,15.017835888,0.938614742997,15.7058373795,39.5135614712,TESTER_3,2,161,synthetic,True,mlcc-synthetic-1.0.0,0,0.207836833911,122.452423139,25.0756692944,4586.09162446,1.14676272539,0.0755681131394
MLCC_C003776,MLCC_B023,MLCC_X7R,leakage_ua,1.3,SIM_X7R_4U7_16V,FICTIONAL-MLCC-04,4700,16,1210,X7R,15.017835888,0.938614742997,15.7058373795,39.5135614712,TESTER_3,2,161,synthetic,True,mlcc-synthetic-1.0.0,24,0.171962290389,122.671999701,25.0756692944,4554.00447365,1.13484690557,0.0913330320503
MLCC_C004097,MLCC_B023,MLCC_X7R,leakage_ua,1.3,SIM_X7R_4U7_16V,FICTIONAL-MLCC-04,4700,16,1210,X7R,15.017835888,0.938614742997,15.7058373795,20.2683466034,TESTER_3,10,126,synthetic,True,mlcc-synthetic-1.0.0,0,0.137760696293,122.590550684,25.0756692944,4795.55797474,1.14169658762,0.114008115537
MLCC_C004097,MLCC_B023,MLCC_X7R,leakage_ua,1.3,SIM_X7R_4U7_16V,FICTIONAL-MLCC-04,4700,16,1210,X7R,15.017835888,0.938614742997,15.7058373795,20.2683466034,TESTER_3,10,126,synthetic,True,mlcc-synthetic-1.0.0,24,0.132416944434,123.004290976,25.0756692944,4784.24879939,1.14384634144,0.118608969922
MLCC_C004148,MLCC_B023,MLCC_X7R,leakage_ua,1.3,SIM_X7R_4U7_16V,FICTIONAL-MLCC-04,4700,16,1210,X7R,15.017835888,0.938614742997,15.7058373795,34.0951861058,TESTER_3,11,89,synthetic,True,mlcc-synthetic-1.0.0,0,0.152921434301,122.522507387,25.0756692944,4726.72643154,0.763234796269,0.102705271183
MLCC_C004148,MLCC_B023,MLCC_X7R,leakage_ua,1.3,SIM_X7R_4U7_16V,FICTIONAL-MLCC-04,4700,16,1210,X7R,15.017835888,0.938614742997,15.7058373795,34.0951861058,TESTER_3,11,89,synthetic,True,mlcc-synthetic-1.0.0,24,0.134733587449,122.728766681,25.0756692944,4716.95752117,0.719199580119,0.116569577616
MLCC_C004172,MLCC_B023,MLCC_X7R,leakage_ua,1.3,SIM_X7R_4U7_16V,FICTIONAL-MLCC-04,4700,16,1210,X7R,15.017835888,0.938614742997,15.7058373795,23.8059500061,TESTER_3,2,92,synthetic,True,mlcc-synthetic-1.0.0,0,0.168353762178,122.553372176,25.0756692944,4706.58958897,0.61641668817,0.0932906825267
MLCC_C004172,MLCC_B023,MLCC_X7R,leakage_ua,1.3,SIM_X7R_4U7_16V,FICTIONAL-MLCC-04,4700,16,1210,X7R,15.017835888,0.938614742997,15.7058373795,23.8059500061,TESTER_3,2,92,synthetic,True,mlcc-synthetic-1.0.0,24,0.166410961101,122.529514344,25.0756692944,4676.39885876,0.570932220159,0.0943798249563
MLCC_C004231,MLCC_B023,MLCC_X7R,leakage_ua,1.3,SIM_X7R_4U7_16V,FICTIONAL-MLCC-04,4700,16,1210,X7R,15.017835888,0.938614742997,15.7058373795,25.6886859884,TESTER_3,7,123,synthetic,True,mlcc-synthetic-1.0.0,0,0.131590122427,122.739690446,25.0756692944,4676.06592557,0.631462108992,0.119354227277
MLCC_C004231,MLCC_B023,MLCC_X7R,leakage_ua,1.3,SIM_X7R_4U7_16V,FICTIONAL-MLCC-04,4700,16,1210,X7R,15.017835888,0.938614742997,15.7058373795,25.6886859884,TESTER_3,7,123,synthetic,True,mlcc-synthetic-1.0.0,24,0.128585762062,122.512111708,25.0756692944,4623.99691855,0.527773838295,0.122142896132
MLCC_C004436,MLCC_B023,MLCC_X7R,leakage_ua,1.3,SIM_X7R_4U7_16V,FICTIONAL-MLCC-04,4700,16,1210,X7R,15.017835888,0.938614742997,15.7058373795,19.1281472419,TESTER_3,16,185,synthetic,True,mlcc-synthetic-1.0.0,0,0.231709727128,122.462489404,25.0756692944,4737.50395707,0.529624333896,0.0677823826139
MLCC_C004436,MLCC_B023,MLCC_X7R,leakage_ua,1.3,SIM_X7R_4U7_16V,FICTIONAL-MLCC-04,4700,16,1210,X7R,15.017835888,0.938614742997,15.7058373795,19.1281472419,TESTER_3,16,185,synthetic,True,mlcc-synthetic-1.0.0,24,0.232919297947,122.307307116,25.0756692944,4673.93421003,0.49491107535,0.0674303826173
MLCC_C004499,MLCC_B023,MLCC_X7R,leakage_ua,1.3,SIM_X7R_4U7_16V,FICTIONAL-MLCC-04,4700,16,1210,X7R,15.017835888,0.938614742997,15.7058373795,30.2767035064,TESTER_3,5,184,synthetic,True,mlcc-synthetic-1.0.0,0,0.216163701269,122.51334281,25.0756692944,4779.44342141,0.849997430595,0.0726571449661
MLCC_C004499,MLCC_B023,MLCC_X7R,leakage_ua,1.3,SIM_X7R_4U7_16V,FICTIONAL-MLCC-04,4700,16,1210,X7R,15.017835888,0.938614742997,15.7058373795,30.2767035064,TESTER_3,5,184,synthetic,True,mlcc-synthetic-1.0.0,24,0.200681207785,122.754998982,25.0756692944,4794.1661618,0.822116154576,0.0782626213631
MLCC_C004544,MLCC_B023,MLCC_X7R,leakage_ua,1.3,SIM_X7R_4U7_16V,FICTIONAL-MLCC-04,4700,16,1210,X7R,15.017835888,0.938614742997,15.7058373795,50.0328226297,TESTER_3,3,137,synthetic,True,mlcc-synthetic-1.0.0,0,0.182101262616,122.753847063,25.0756692944,5006.72356867,0.77598042097,0.0862478225242
MLCC_C004544,MLCC_B023,MLCC_X7R,leakage_ua,1.3,SIM_X7R_4U7_16V,FICTIONAL-MLCC-04,4700,16,1210,X7R,15.017835888,0.938614742997,15.7058373795,50.0328226297,TESTER_3,3,137,synthetic,True,mlcc-synthetic-1.0.0,24,0.200507235767,122.493455131,25.0756692944,4940.5085811,0.802526746832,0.0783305266736
MLCC_C004609,MLCC_B023,MLCC_X7R,leakage_ua,1.3,SIM_X7R_4U7_16V,FICTIONAL-MLCC-04,4700,16,1210,X7R,15.017835888,0.938614742997,15.7058373795,21.5100352305,TESTER_3,3,199,synthetic,True,mlcc-synthetic-1.0.0,0,0.0814766348909,122.65457154,25.0756692944,4630.92282396,0.845297869829,0.192764924577
MLCC_C004609,MLCC_B023,MLCC_X7R,leakage_ua,1.3,SIM_X7R_4U7_16V,FICTIONAL-MLCC-04,4700,16,1210,X7R,15.017835888,0.938614742997,15.7058373795,21.5100352305,TESTER_3,3,199,synthetic,True,mlcc-synthetic-1.0.0,24,0.0802105615547,122.841872807,25.0756692944,4635.47182323,0.8081789931,0.195807597841
MLCC_C004660,MLCC_B023,MLCC_X7R,leakage_ua,1.3,SIM_X7R_4U7_16V,FICTIONAL-MLCC-04,4700,16,1210,X7R,15.017835888,0.938614742997,15.7058373795,27.3568348216,TESTER_3,13,75,synthetic,True,mlcc-synthetic-1.0.0,0,0.244215284616,122.867035864,25.0756692944,4710.64835968,0.561334876871,0.0643114430952
MLCC_C004660,MLCC_B023,MLCC_X7R,leakage_ua,1.3,SIM_X7R_4U7_16V,FICTIONAL-MLCC-04,4700,16,1210,X7R,15.017835888,0.938614742997,15.7058373795,27.3568348216,TESTER_3,13,75,synthetic,True,mlcc-synthetic-1.0.0,24,0.241813866062,122.679537695,25.0756692944,4703.19174462,0.585772654165,0.0649501107414
MLCC_C004692,MLCC_B023,MLCC_X7R,leakage_ua,1.3,SIM_X7R_4U7_16V,FICTIONAL-MLCC-04,4700,16,1210,X7R,15.017835888,0.938614742997,15.7058373795,59.682152151,TESTER_3,9,176,synthetic,True,mlcc-synthetic-1.0.0,0,0.117085639091,122.528668957,25.0756692944,4997.36966935,0.704429483729,0.134139741658
MLCC_C004692,MLCC_B023,MLCC_X7R,leakage_ua,1.3,SIM_X7R_4U7_16V,FICTIONAL-MLCC-04,4700,16,1210,X7R,15.017835888,0.938614742997,15.7058373795,59.682152151,TESTER_3,9,176,synthetic,True,mlcc-synthetic-1.0.0,24,0.292455543528,122.772923721,25.0756692944,4939.8139853,0.6100557932,0.0537033327871
MLCC_C004739,MLCC_B023,MLCC_X7R,leakage_ua,1.3,SIM_X7R_4U7_16V,FICTIONAL-MLCC-04,4700,16,1210,X7R,15.017835888,0.938614742997,15.7058373795,34.6485711827,TESTER_3,4,146,synthetic,True,mlcc-synthetic-1.0.0,0,0.119473967549,122.728797941,25.0756692944,4859.42117482,0.631921945852,0.131458238993
MLCC_C004739,MLCC_B023,MLCC_X7R,leakage_ua,1.3,SIM_X7R_4U7_16V,FICTIONAL-MLCC-04,4700,16,1210,X7R,15.017835888,0.938614742997,15.7058373795,34.6485711827,TESTER_3,4,146,synthetic,True,mlcc-synthetic-1.0.0,24,0.111449361312,122.726837752,25.0756692944,4826.37683466,0.663273484089,0.140923529706
MLCC_C004768,MLCC_B023,MLCC_X7R,leakage_ua,1.3,SIM_X7R_4U7_16V,FICTIONAL-MLCC-04,4700,16,1210,X7R,15.017835888,0.938614742997,15.7058373795,46.8035258268,TESTER_3,15,93,synthetic,True,mlcc-synthetic-1.0.0,0,0.11612425079,122.746436009,25.0756692944,4600.87373526,0.724480484009,0.13525027953
MLCC_C004768,MLCC_B023,MLCC_X7R,leakage_ua,1.3,SIM_X7R_4U7_16V,FICTIONAL-MLCC-04,4700,16,1210,X7R,15.017835888,0.938614742997,15.7058373795,46.8035258268,TESTER_3,15,93,synthetic,True,mlcc-synthetic-1.0.0,24,0.117308573081,122.756195447,25.0756692944,4594.82526697,0.762376848587,0.133884821604
MLCC_C004897,MLCC_B023,MLCC_X7R,leakage_ua,1.3,SIM_X7R_4U7_16V,FICTIONAL-MLCC-04,4700,16,1210,X7R,15.017835888,0.938614742997,15.7058373795,37.5008130683,TESTER_3,16,26,synthetic,True,mlcc-synthetic-1.0.0,0,0.30629030178,122.637865154,25.0756692944,4777.28754932,0.720093506619,0.0512776189395
MLCC_C004897,MLCC_B023,MLCC_X7R,leakage_ua,1.3,SIM_X7R_4U7_16V,FICTIONAL-MLCC-04,4700,16,1210,X7R,15.017835888,0.938614742997,15.7058373795,37.5008130683,TESTER_3,16,26,synthetic,True,mlcc-synthetic-1.0.0,24,0.257108077955,122.391782018,25.0756692944,4753.94163549,0.749456954412,0.0610865185741
MLCC_C004909,MLCC_B023,MLCC_X7R,leakage_ua,1.3,SIM_X7R_4U7_16V,FICTIONAL-MLCC-04,4700,16,1210,X7R,15.017835888,0.938614742997,15.7058373795,26.5820962185,TESTER_3,6,77,synthetic,True,mlcc-synthetic-1.0.0,0,0.203950504897,122.632958805,25.0756692944,4736.05714413,0.560167951908,0.0770080828554
MLCC_C004909,MLCC_B023,MLCC_X7R,leakage_ua,1.3,SIM_X7R_4U7_16V,FICTIONAL-MLCC-04,4700,16,1210,X7R,15.017835888,0.938614742997,15.7058373795,26.5820962185,TESTER_3,6,77,synthetic,True,mlcc-synthetic-1.0.0,24,0.228116585564,122.436372234,25.0756692944,4722.61059053,0.599319458476,0.068850045869
MLCC_C004927,MLCC_B023,MLCC_X7R,leakage_ua,1.3,SIM_X7R_4U7_16V,FICTIONAL-MLCC-04,4700,16,1210,X7R,15.017835888,0.938614742997,15.7058373795,44.5310259701,TESTER_3,16,83,synthetic,True,mlcc-synthetic-1.0.0,0,0.164414737501,122.559972488,25.0756692944,4761.18862384,0.482142064265,0.0955257273055
MLCC_C004927,MLCC_B023,MLCC_X7R,leakage_ua,1.3,SIM_X7R_4U7_16V,FICTIONAL-MLCC-04,4700,16,1210,X7R,15.017835888,0.938614742997,15.7058373795,44.5310259701,TESTER_3,16,83,synthetic,True,mlcc-synthetic-1.0.0,24,0.14885850397,122.77584313,25.0756692944,4729.46863963,0.491749596475,0.105508499418
MLCC_C005044,MLCC_B023,MLCC_X7R,leakage_ua,1.3,SIM_X7R_4U7_16V,FICTIONAL-MLCC-04,4700,16,1210,X7R,15.017835888,0.938614742997,15.7058373795,34.8870955663,TESTER_3,13,140,synthetic,True,mlcc-synthetic-1.0.0,0,0.210212612448,123.011929161,25.0756692944,4666.99840498,0.73196788481,0.0747140582891
MLCC_C005044,MLCC_B023,MLCC_X7R,leakage_ua,1.3,SIM_X7R_4U7_16V,FICTIONAL-MLCC-04,4700,16,1210,X7R,15.017835888,0.938614742997,15.7058373795,34.8870955663,TESTER_3,13,140,synthetic,True,mlcc-synthetic-1.0.0,24,0.168509331175,122.522954159,25.0756692944,4638.00061386,0.711482571007,0.0932045559139
MLCC_C005112,MLCC_B023,MLCC_X7R,leakage_ua,1.3,SIM_X7R_4U7_16V,FICTIONAL-MLCC-04,4700,16,1210,X7R,15.017835888,0.938614742997,15.7058373795,28.4521162045,TESTER_3,16,31,synthetic,True,mlcc-synthetic-1.0.0,0,0.119655516192,122.760552601,25.0756692944,4836.16471838,0.868991868102,0.131258782539
MLCC_C005112,MLCC_B023,MLCC_X7R,leakage_ua,1.3,SIM_X7R_4U7_16V,FICTIONAL-MLCC-04,4700,16,1210,X7R,15.017835888,0.938614742997,15.7058373795,28.4521162045,TESTER_3,16,31,synthetic,True,mlcc-synthetic-1.0.0,24,0.127210739093,122.806151971,25.0756692944,4822.1970222,0.845034870679,0.123463140703
MLCC_C005195,MLCC_B023,MLCC_X7R,leakage_ua,1.3,SIM_X7R_4U7_16V,FICTIONAL-MLCC-04,4700,16,1210,X7R,15.017835888,0.938614742997,15.7058373795,37.1156008708,TESTER_3,14,79,synthetic,True,mlcc-synthetic-1.0.0,0,0.244552491616,122.403620559,25.0756692944,4553.01774737,0.686435591154,0.0642227657373
MLCC_C005195,MLCC_B023,MLCC_X7R,leakage_ua,1.3,SIM_X7R_4U7_16V,FICTIONAL-MLCC-04,4700,16,1210,X7R,15.017835888,0.938614742997,15.7058373795,37.1156008708,TESTER_3,14,79,synthetic,True,mlcc-synthetic-1.0.0,24,0.258917258181,122.615834494,25.0756692944,4560.48635528,0.750338146812,0.0606596774964
MLCC_C005351,MLCC_B023,MLCC_X7R,leakage_ua,1.3,SIM_X7R_4U7_16V,FICTIONAL-MLCC-04,4700,16,1210,X7R,15.017835888,0.938614742997,15.7058373795,16.2222764139,TESTER_3,11,154,synthetic,True,mlcc-synthetic-1.0.0,0,0.208779210149,122.90003972,25.0756692944,4505.21920642,0.840880706498,0.0752270179026
MLCC_C005351,MLCC_B023,MLCC_X7R,leakage_ua,1.3,SIM_X7R_4U7_16V,FICTIONAL-MLCC-04,4700,16,1210,X7R,15.017835888,0.938614742997,15.7058373795,16.2222764139,TESTER_3,11,154,synthetic,True,mlcc-synthetic-1.0.0,24,0.178958616996,122.694487238,25.0756692944,4470.98089064,0.823010894552,0.0877623980512
MLCC_C005387,MLCC_B023,MLCC_X7R,leakage_ua,1.3,SIM_X7R_4U7_16V,FICTIONAL-MLCC-04,4700,16,1210,X7R,15.017835888,0.938614742997,15.7058373795,41.0647716628,TESTER_3,2,66,synthetic,True,mlcc-synthetic-1.0.0,0,0.0609656817133,122.696136093,25.0756692944,4921.86877274,1.02942673163,0.257617678309
MLCC_C005387,MLCC_B023,MLCC_X7R,leakage_ua,1.3,SIM_X7R_4U7_16V,FICTIONAL-MLCC-04,4700,16,1210,X7R,15.017835888,0.938614742997,15.7058373795,41.0647716628,TESTER_3,2,66,synthetic,True,mlcc-synthetic-1.0.0,24,0.0626114525724,122.662412364,25.0756692944,4907.69501237,1.07526333926,0.25084607902
MLCC_C005422,MLCC_B023,MLCC_X7R,leakage_ua,1.3,SIM_X7R_4U7_16V,FICTIONAL-MLCC-04,4700,16,1210,X7R,15.017835888,0.938614742997,15.7058373795,52.4504392456,TESTER_3,13,98,synthetic,True,mlcc-synthetic-1.0.0,0,0.126801594436,122.479753771,25.0756692944,4825.02026986,1.43072759142,0.12386151333
MLCC_C005422,MLCC_B023,MLCC_X7R,leakage_ua,1.3,SIM_X7R_4U7_16V,FICTIONAL-MLCC-04,4700,16,1210,X7R,15.017835888,0.938614742997,15.7058373795,52.4504392456,TESTER_3,13,98,synthetic,True,mlcc-synthetic-1.0.0,24,0.14699169167,122.789721255,25.0756692944,4826.6448745,1.34847439376,0.106848470149
MLCC_C005436,MLCC_B023,MLCC_X7R,leakage_ua,1.3,SIM_X7R_4U7_16V,FICTIONAL-MLCC-04,4700,16,1210,X7R,15.017835888,0.938614742997,15.7058373795,40.1006728782,TESTER_3,8,18,synthetic,True,mlcc-synthetic-1.0.0,0,0.131709535255,122.402053223,25.0756692944,5099.55274687,0.832556806849,0.119246016236
MLCC_C005436,MLCC_B023,MLCC_X7R,leakage_ua,1.3,SIM_X7R_4U7_16V,FICTIONAL-MLCC-04,4700,16,1210,X7R,15.017835888,0.938614742997,15.7058373795,40.1006728782,TESTER_3,8,18,synthetic,True,mlcc-synthetic-1.0.0,24,0.113080256613,122.604744297,25.0756692944,5068.60079969,0.870110763763,0.138891065955
MLCC_C005496,MLCC_B023,MLCC_X7R,leakage_ua,1.3,SIM_X7R_4U7_16V,FICTIONAL-MLCC-04,4700,16,1210,X7R,15.017835888,0.938614742997,15.7058373795,28.3782959594,TESTER_3,2,97,synthetic,True,mlcc-synthetic-1.0.0,0,0.227674856143,122.708730314,25.0756692944,4716.72004708,0.714517607453,0.0689836271145
MLCC_C005496,MLCC_B023,MLCC_X7R,leakage_ua,1.3,SIM_X7R_4U7_16V,FICTIONAL-MLCC-04,4700,16,1210,X7R,15.017835888,0.938614742997,15.7058373795,28.3782959594,TESTER_3,2,97,synthetic,True,mlcc-synthetic-1.0.0,24,0.143694427962,122.312829707,25.0756692944,4698.60715632,0.732597261652,0.109300253338
MLCC_C005635,MLCC_B023,MLCC_X7R,leakage_ua,1.3,SIM_X7R_4U7_16V,FICTIONAL-MLCC-04,4700,16,1210,X7R,15.017835888,0.938614742997,15.7058373795,16.2765590303,TESTER_3,7,20,synthetic,True,mlcc-synthetic-1.0.0,0,0.146942821952,122.645824106,25.0756692944,5060.10787716,0.661716844684,0.106884005431
MLCC_C005635,MLCC_B023,MLCC_X7R,leakage_ua,1.3,SIM_X7R_4U7_16V,FICTIONAL-MLCC-04,4700,16,1210,X7R,15.017835888,0.938614742997,15.7058373795,16.2765590303,TESTER_3,7,20,synthetic,True,mlcc-synthetic-1.0.0,24,0.137598685895,122.644089386,25.0756692944,5024.71361202,0.726323888187,0.114142350106
MLCC_C005674,MLCC_B023,MLCC_X7R,leakage_ua,1.3,SIM_X7R_4U7_16V,FICTIONAL-MLCC-04,4700,16,1210,X7R,15.017835888,0.938614742997,15.7058373795,38.6818786296,TESTER_3,11,147,synthetic,True,mlcc-synthetic-1.0.0,0,0.136506654525,122.721187713,25.0756692944,4616.48881761,0.800667671683,0.115055470623
MLCC_C005674,MLCC_B023,MLCC_X7R,leakage_ua,1.3,SIM_X7R_4U7_16V,FICTIONAL-MLCC-04,4700,16,1210,X7R,15.017835888,0.938614742997,15.7058373795,38.6818786296,TESTER_3,11,147,synthetic,True,mlcc-synthetic-1.0.0,24,0.109170874954,122.335366727,25.0756692944,4588.48122978,0.795688834311,0.143864720202
MLCC_C005763,MLCC_B023,MLCC_X7R,leakage_ua,1.3,SIM_X7R_4U7_16V,FICTIONAL-MLCC-04,4700,16,1210,X7R,15.017835888,0.938614742997,15.7058373795,30.8869279464,TESTER_3,15,193,synthetic,True,mlcc-synthetic-1.0.0,0,0.29285666827,122.651675743,25.0756692944,4360.40960295,0.524038268127,0.0536297755223
MLCC_C005763,MLCC_B023,MLCC_X7R,leakage_ua,1.3,SIM_X7R_4U7_16V,FICTIONAL-MLCC-04,4700,16,1210,X7R,15.017835888,0.938614742997,15.7058373795,30.8869279464,TESTER_3,15,193,synthetic,True,mlcc-synthetic-1.0.0,24,0.382612925679,122.67321174,25.0756692944,4356.48610823,0.581814853034,0.0410488938701
MLCC_C005873,MLCC_B023,MLCC_X7R,leakage_ua,1.3,SIM_X7R_4U7_16V,FICTIONAL-MLCC-04,4700,16,1210,X7R,15.017835888,0.938614742997,15.7058373795,29.8861938586,TESTER_3,10,135,synthetic,True,mlcc-synthetic-1.0.0,0,0.16609657011,122.767114339,25.0756692944,4484.92303305,0.827911142608,0.0945584690229
MLCC_C005873,MLCC_B023,MLCC_X7R,leakage_ua,1.3,SIM_X7R_4U7_16V,FICTIONAL-MLCC-04,4700,16,1210,X7R,15.017835888,0.938614742997,15.7058373795,29.8861938586,TESTER_3,10,135,synthetic,True,mlcc-synthetic-1.0.0,24,0.159732870295,122.456946117,25.0756692944,4475.88685391,0.752992539276,0.0983256442494
MLCC_C005895,MLCC_B023,MLCC_X7R,leakage_ua,1.3,SIM_X7R_4U7_16V,FICTIONAL-MLCC-04,4700,16,1210,X7R,15.017835888,0.938614742997,15.7058373795,45.6617071711,TESTER_3,1,129,synthetic,True,mlcc-synthetic-1.0.0,0,0.174049551243,122.675942755,25.0756692944,4580.35300625,0.905155538062,0.0902377355606
MLCC_C005895,MLCC_B023,MLCC_X7R,leakage_ua,1.3,SIM_X7R_4U7_16V,FICTIONAL-MLCC-04,4700,16,1210,X7R,15.017835888,0.938614742997,15.7058373795,45.6617071711,TESTER_3,1,129,synthetic,True,mlcc-synthetic-1.0.0,24,0.0915137386091,122.74152305,25.0756692944,4527.82037689,0.885128335779,0.171622727016
MLCC_C005908,MLCC_B023,MLCC_X7R,leakage_ua,1.3,SIM_X7R_4U7_16V,FICTIONAL-MLCC-04,4700,16,1210,X7R,15.017835888,0.938614742997,15.7058373795,29.8256339299,TESTER_3,6,84,synthetic,True,mlcc-synthetic-1.0.0,0,0.177985471331,122.60745765,25.0756692944,4445.90943234,0.730167389077,0.0882422439431
MLCC_C005908,MLCC_B023,MLCC_X7R,leakage_ua,1.3,SIM_X7R_4U7_16V,FICTIONAL-MLCC-04,4700,16,1210,X7R,15.017835888,0.938614742997,15.7058373795,29.8256339299,TESTER_3,6,84,synthetic,True,mlcc-synthetic-1.0.0,24,0.150044533523,122.379954259,25.0756692944,4441.30221843,0.743069471491,0.1046745057
MLCC_C005972,MLCC_B023,MLCC_X7R,leakage_ua,1.3,SIM_X7R_4U7_16V,FICTIONAL-MLCC-04,4700,16,1210,X7R,15.017835888,0.938614742997,15.7058373795,25.9230942882,TESTER_3,1,174,synthetic,True,mlcc-synthetic-1.0.0,0,0.225251022321,122.809252213,25.0756692944,4625.79593156,0.888115906909,0.0697259316192
MLCC_C005972,MLCC_B023,MLCC_X7R,leakage_ua,1.3,SIM_X7R_4U7_16V,FICTIONAL-MLCC-04,4700,16,1210,X7R,15.017835888,0.938614742997,15.7058373795,25.9230942882,TESTER_3,1,174,synthetic,True,mlcc-synthetic-1.0.0,24,0.195977378121,122.732882734,25.0756692944,4614.0678689,0.892446024667,0.0801410730673
MLCC_C006107,MLCC_B023,MLCC_X7R,leakage_ua,1.3,SIM_X7R_4U7_16V,FICTIONAL-MLCC-04,4700,16,1210,X7R,15.017835888,0.938614742997,15.7058373795,40.6450009359,TESTER_3,12,164,synthetic,True,mlcc-synthetic-1.0.0,0,0.240485458704,122.513915147,25.0756692944,4664.46770806,0.705106826334,0.0653088858852
MLCC_C006107,MLCC_B023,MLCC_X7R,leakage_ua,1.3,SIM_X7R_4U7_16V,FICTIONAL-MLCC-04,4700,16,1210,X7R,15.017835888,0.938614742997,15.7058373795,40.6450009359,TESTER_3,12,164,synthetic,True,mlcc-synthetic-1.0.0,24,0.188765072093,122.611812604,25.0756692944,4652.35077011,0.706412495434,0.0832030905156
MLCC_C006120,MLCC_B023,MLCC_X7R,leakage_ua,1.3,SIM_X7R_4U7_16V,FICTIONAL-MLCC-04,4700,16,1210,X7R,15.017835888,0.938614742997,15.7058373795,23.5120531524,TESTER_3,8,67,synthetic,True,mlcc-synthetic-1.0.0,0,0.226887893973,122.754777366,25.0756692944,4599.11017101,0.85140578226,0.0692228972844
MLCC_C006120,MLCC_B023,MLCC_X7R,leakage_ua,1.3,SIM_X7R_4U7_16V,FICTIONAL-MLCC-04,4700,16,1210,X7R,15.017835888,0.938614742997,15.7058373795,23.5120531524,TESTER_3,8,67,synthetic,True,mlcc-synthetic-1.0.0,24,0.217376900573,122.64963658,25.0756692944,4562.5074525,0.887596804553,0.0722516391491
MLCC_C006170,MLCC_B023,MLCC_X7R,leakage_ua,1.3,SIM_X7R_4U7_16V,FICTIONAL-MLCC-04,4700,16,1210,X7R,15.017835888,0.938614742997,15.7058373795,32.2605435791,TESTER_3,8,16,synthetic,True,mlcc-synthetic-1.0.0,0,0.240850101711,122.842617051,25.0756692944,4955.33390606,0.486294010225,0.0652100093293
MLCC_C006170,MLCC_B023,MLCC_X7R,leakage_ua,1.3,SIM_X7R_4U7_16V,FICTIONAL-MLCC-04,4700,16,1210,X7R,15.017835888,0.938614742997,15.7058373795,32.2605435791,TESTER_3,8,16,synthetic,True,mlcc-synthetic-1.0.0,24,0.223333009237,122.606024104,25.0756692944,4893.16009917,0.41858641725,0.0703247470368
MLCC_C006178,MLCC_B023,MLCC_X7R,leakage_ua,1.3,SIM_X7R_4U7_16V,FICTIONAL-MLCC-04,4700,16,1210,X7R,15.017835888,0.938614742997,15.7058373795,20.3677827565,TESTER_3,8,71,synthetic,True,mlcc-synthetic-1.0.0,0,0.124712577047,122.5090224,25.0756692944,4804.15111061,0.535330897385,0.125936274845
MLCC_C006178,MLCC_B023,MLCC_X7R,leakage_ua,1.3,SIM_X7R_4U7_16V,FICTIONAL-MLCC-04,4700,16,1210,X7R,15.017835888,0.938614742997,15.7058373795,20.3677827565,TESTER_3,8,71,synthetic,True,mlcc-synthetic-1.0.0,24,0.117392670587,122.250379853,25.0756692944,4785.43216277,0.557338965077,0.133788909487
MLCC_C006210,MLCC_B023,MLCC_X7R,leakage_ua,1.3,SIM_X7R_4U7_16V,FICTIONAL-MLCC-04,4700,16,1210,X7R,15.017835888,0.938614742997,15.7058373795,32.2120933997,TESTER_3,3,90,synthetic,True,mlcc-synthetic-1.0.0,0,0.172814822224,122.62377028,25.0756692944,4899.94955002,0.816571423744,0.0908824670095
MLCC_C006210,MLCC_B023,MLCC_X7R,leakage_ua,1.3,SIM_X7R_4U7_16V,FICTIONAL-MLCC-04,4700,16,1210,X7R,15.017835888,0.938614742997,15.7058373795,32.2120933997,TESTER_3,3,90,synthetic,True,mlcc-synthetic-1.0.0,24,0.165768984625,122.701458909,25.0756692944,4900.37417099,0.776473622697,0.0947453313722
MLCC_C006244,MLCC_B023,MLCC_X7R,leakage_ua,1.3,SIM_X7R_4U7_16V,FICTIONAL-MLCC-04,4700,16,1210,X7R,15.017835888,0.938614742997,15.7058373795,11.3567503084,TESTER_3,1,22,synthetic,True,mlcc-synthetic-1.0.0,0,0.0906897900934,122.293022123,25.0756692944,4511.3467028,0.940817162829,0.173181979618
MLCC_C006244,MLCC_B023,MLCC_X7R,leakage_ua,1.3,SIM_X7R_4U7_16V,FICTIONAL-MLCC-04,4700,16,1210,X7R,15.017835888,0.938614742997,15.7058373795,11.3567503084,TESTER_3,1,22,synthetic,True,mlcc-synthetic-1.0.0,24,0.0843589800408,122.468098358,25.0756692944,4480.59423962,0.951623457099,0.186178606853
MLCC_C006344,MLCC_B023,MLCC_X7R,leakage_ua,1.3,SIM_X7R_4U7_16V,FICTIONAL-MLCC-04,4700,16,1210,X7R,15.017835888,0.938614742997,15.7058373795,20.751883911,TESTER_3,15,101,synthetic,True,mlcc-synthetic-1.0.0,0,0.258757697573,122.51701694,25.0756692944,4896.94000143,0.604866542905,0.0606970827414
MLCC_C006344,MLCC_B023,MLCC_X7R,leakage_ua,1.3,SIM_X7R_4U7_16V,FICTIONAL-MLCC-04,4700,16,1210,X7R,15.017835888,0.938614742997,15.7058373795,20.751883911,TESTER_3,15,101,synthetic,True,mlcc-synthetic-1.0.0,24,0.234523454298,122.357650309,25.0756692944,4892.75363888,0.513330135977,0.066969154222
MLCC_C006363,MLCC_B023,MLCC_X7R,leakage_ua,1.3,SIM_X7R_4U7_16V,FICTIONAL-MLCC-04,4700,16,1210,X7R,15.017835888,0.938614742997,15.7058373795,25.7316457095,TESTER_3,14,186,synthetic,True,mlcc-synthetic-1.0.0,0,0.120550585218,122.416186689,25.0756692944,4682.28658777,0.975171836967,0.130284206842
MLCC_C006363,MLCC_B023,MLCC_X7R,leakage_ua,1.3,SIM_X7R_4U7_16V,FICTIONAL-MLCC-04,4700,16,1210,X7R,15.017835888,0.938614742997,15.7058373795,25.7316457095,TESTER_3,14,186,synthetic,True,mlcc-synthetic-1.0.0,24,0.115662937675,122.696866492,25.0756692944,4641.60357698,1.01836568692,0.135789715317
MLCC_C006393,MLCC_B023,MLCC_X7R,leakage_ua,1.3,SIM_X7R_4U7_16V,FICTIONAL-MLCC-04,4700,16,1210,X7R,15.017835888,0.938614742997,15.7058373795,25.3252351578,TESTER_3,6,163,synthetic,True,mlcc-synthetic-1.0.0,0,0.133364340608,122.568341767,25.0756692944,4557.29143207,0.674581681882,0.117766393235
MLCC_C006393,MLCC_B023,MLCC_X7R,leakage_ua,1.3,SIM_X7R_4U7_16V,FICTIONAL-MLCC-04,4700,16,1210,X7R,15.017835888,0.938614742997,15.7058373795,25.3252351578,TESTER_3,6,163,synthetic,True,mlcc-synthetic-1.0.0,24,0.105272351444,122.757986863,25.0756692944,4550.48009767,0.637183595728,0.14919242483
MLCC_C006406,MLCC_B023,MLCC_X7R,leakage_ua,1.3,SIM_X7R_4U7_16V,FICTIONAL-MLCC-04,4700,16,1210,X7R,15.017835888,0.938614742997,15.7058373795,41.040232715,TESTER_3,9,158,synthetic,True,mlcc-synthetic-1.0.0,0,0.103812827107,122.702116728,25.0756692944,4690.36979883,0.864822103171,0.151289949588
MLCC_C006406,MLCC_B023,MLCC_X7R,leakage_ua,1.3,SIM_X7R_4U7_16V,FICTIONAL-MLCC-04,4700,16,1210,X7R,15.017835888,0.938614742997,15.7058373795,41.040232715,TESTER_3,9,158,synthetic,True,mlcc-synthetic-1.0.0,24,0.10087215505,122.535962439,25.0756692944,4700.96202329,0.897316262139,0.155700424678
MLCC_C006541,MLCC_B023,MLCC_X7R,leakage_ua,1.3,SIM_X7R_4U7_16V,FICTIONAL-MLCC-04,4700,16,1210,X7R,15.017835888,0.938614742997,15.7058373795,27.012021845,TESTER_3,7,86,synthetic,True,mlcc-synthetic-1.0.0,0,0.137367138636,122.71566265,25.0756692944,4935.97743517,0.598826666227,0.114334749457
MLCC_C006541,MLCC_B023,MLCC_X7R,leakage_ua,1.3,SIM_X7R_4U7_16V,FICTIONAL-MLCC-04,4700,16,1210,X7R,15.017835888,0.938614742997,15.7058373795,27.012021845,TESTER_3,7,86,synthetic,True,mlcc-synthetic-1.0.0,24,0.13147117769,122.677142351,25.0756692944,4919.04237763,0.630116425969,0.119462209554
MLCC_C006572,MLCC_B023,MLCC_X7R,leakage_ua,1.3,SIM_X7R_4U7_16V,FICTIONAL-MLCC-04,4700,16,1210,X7R,15.017835888,0.938614742997,15.7058373795,36.7974814212,TESTER_3,4,48,synthetic,True,mlcc-synthetic-1.0.0,0,0.161771155224,122.570775996,25.0756692944,4735.17788791,0.917232869339,0.097086760355
MLCC_C006572,MLCC_B023,MLCC_X7R,leakage_ua,1.3,SIM_X7R_4U7_16V,FICTIONAL-MLCC-04,4700,16,1210,X7R,15.017835888,0.938614742997,15.7058373795,36.7974814212,TESTER_3,4,48,synthetic,True,mlcc-synthetic-1.0.0,24,0.14344048702,122.630163597,25.0756692944,4747.06014539,0.856067139494,0.109493753862
MLCC_C006605,MLCC_B023,MLCC_X7R,leakage_ua,1.3,SIM_X7R_4U7_16V,FICTIONAL-MLCC-04,4700,16,1210,X7R,15.017835888,0.938614742997,15.7058373795,23.0351460616,TESTER_3,11,1,synthetic,True,mlcc-synthetic-1.0.0,0,0.147021336752,122.870263304,25.0756692944,4460.49809038,0.560186332116,0.106826925441
MLCC_C006605,MLCC_B023,MLCC_X7R,leakage_ua,1.3,SIM_X7R_4U7_16V,FICTIONAL-MLCC-04,4700,16,1210,X7R,15.017835888,0.938614742997,15.7058373795,23.0351460616,TESTER_3,11,1,synthetic,True,mlcc-synthetic-1.0.0,24,0.564820629293,122.697079578,25.0756692944,4400.40022773,0.592269664229,0.0278067700877
MLCC_C006606,MLCC_B023,MLCC_X7R,leakage_ua,1.3,SIM_X7R_4U7_16V,FICTIONAL-MLCC-04,4700,16,1210,X7R,15.017835888,0.938614742997,15.7058373795,30.8471613275,TESTER_3,12,70,synthetic,True,mlcc-synthetic-1.0.0,0,0.328923127249,122.723909712,25.0756692944,4671.00843148,0.760848919465,0.0477492644282
MLCC_C006606,MLCC_B023,MLCC_X7R,leakage_ua,1.3,SIM_X7R_4U7_16V,FICTIONAL-MLCC-04,4700,16,1210,X7R,15.017835888,0.938614742997,15.7058373795,30.8471613275,TESTER_3,12,70,synthetic,True,mlcc-synthetic-1.0.0,24,0.316211214718,122.589126543,25.0756692944,4670.35595266,0.814051059755,0.0496688183356
MLCC_C006668,MLCC_B023,MLCC_X7R,leakage_ua,1.3,SIM_X7R_4U7_16V,FICTIONAL-MLCC-04,4700,16,1210,X7R,15.017835888,0.938614742997,15.7058373795,38.6770367191,TESTER_3,3,115,synthetic,True,mlcc-synthetic-1.0.0,0,0.143599794526,122.526086371,25.0756692944,4639.55721405,0.870199819183,0.109372283097
MLCC_C006668,MLCC_B023,MLCC_X7R,leakage_ua,1.3,SIM_X7R_4U7_16V,FICTIONAL-MLCC-04,4700,16,1210,X7R,15.017835888,0.938614742997,15.7058373795,38.6770367191,TESTER_3,3,115,synthetic,True,mlcc-synthetic-1.0.0,24,0.124275510061,122.915839788,25.0756692944,4644.83053354,0.854873930838,0.126379182606
MLCC_C006734,MLCC_B023,MLCC_X7R,leakage_ua,1.3,SIM_X7R_4U7_16V,FICTIONAL-MLCC-04,4700,16,1210,X7R,15.017835888,0.938614742997,15.7058373795,28.4447630204,TESTER_3,12,131,synthetic,True,mlcc-synthetic-1.0.0,0,0.149038681756,122.557019583,25.0756692944,4717.67073044,0.531808714842,0.105380946708
MLCC_C006734,MLCC_B023,MLCC_X7R,leakage_ua,1.3,SIM_X7R_4U7_16V,FICTIONAL-MLCC-04,4700,16,1210,X7R,15.017835888,0.938614742997,15.7058373795,28.4447630204,TESTER_3,12,131,synthetic,True,mlcc-synthetic-1.0.0,24,0.13472000609,122.572317045,25.0756692944,4695.94807857,0.580358606975,0.116581329198
MLCC_C006778,MLCC_B023,MLCC_X7R,leakage_ua,1.3,SIM_X7R_4U7_16V,FICTIONAL-MLCC-04,4700,16,1210,X7R,15.017835888,0.938614742997,15.7058373795,24.6914450133,TESTER_3,7,103,synthetic,True,mlcc-synthetic-1.0.0,0,0.131333954876,122.691931394,25.0756692944,4794.11314091,0.627268753936,0.119587028307
MLCC_C006778,MLCC_B023,MLCC_X7R,leakage_ua,1.3,SIM_X7R_4U7_16V,FICTIONAL-MLCC-04,4700,16,1210,X7R,15.017835888,0.938614742997,15.7058373795,24.6914450133,TESTER_3,7,103,synthetic,True,mlcc-synthetic-1.0.0,24,0.105524299663,122.723416348,25.0756692944,4795.80077483,0.59327417014,0.148836215257
MLCC_C006887,MLCC_B023,MLCC_X7R,leakage_ua,1.3,SIM_X7R_4U7_16V,FICTIONAL-MLCC-04,4700,16,1210,X7R,15.017835888,0.938614742997,15.7058373795,25.0502288486,TESTER_3,16,128,synthetic,True,mlcc-synthetic-1.0.0,0,0.143057538462,122.580089262,25.0756692944,4912.81464198,0.851027751408,0.109786856033
MLCC_C006887,MLCC_B023,MLCC_X7R,leakage_ua,1.3,SIM_X7R_4U7_16V,FICTIONAL-MLCC-04,4700,16,1210,X7R,15.017835888,0.938614742997,15.7058373795,25.0502288486,TESTER_3,16,128,synthetic,True,mlcc-synthetic-1.0.0,24,0.132798755585,122.637750062,25.0756692944,4914.12312845,0.850185073753,0.118267955978
MLCC_C006949,MLCC_B023,MLCC_X7R,leakage_ua,1.3,SIM_X7R_4U7_16V,FICTIONAL-MLCC-04,4700,16,1210,X7R,15.017835888,0.938614742997,15.7058373795,12.0595998726,TESTER_3,14,94,synthetic,True,mlcc-synthetic-1.0.0,0,0.194717206276,122.5569197,25.0756692944,4711.02572154,0.858871105337,0.0806597304876
MLCC_C006949,MLCC_B023,MLCC_X7R,leakage_ua,1.3,SIM_X7R_4U7_16V,FICTIONAL-MLCC-04,4700,16,1210,X7R,15.017835888,0.938614742997,15.7058373795,12.0595998726,TESTER_3,14,94,synthetic,True,mlcc-synthetic-1.0.0,24,0.18867811416,122.660292653,25.0756692944,4675.89027192,0.882076101296,0.0832414371398
MLCC_C007032,MLCC_B023,MLCC_X7R,leakage_ua,1.3,SIM_X7R_4U7_16V,FICTIONAL-MLCC-04,4700,16,1210,X7R,15.017835888,0.938614742997,15.7058373795,41.3130594099,TESTER_3,14,27,synthetic,True,mlcc-synthetic-1.0.0,0,0.147752328774,122.645301185,25.0756692944,4821.20403127,0.704448874981,0.106298408356
MLCC_C007032,MLCC_B023,MLCC_X7R,leakage_ua,1.3,SIM_X7R_4U7_16V,FICTIONAL-MLCC-04,4700,16,1210,X7R,15.017835888,0.938614742997,15.7058373795,41.3130594099,TESTER_3,14,27,synthetic,True,mlcc-synthetic-1.0.0,24,0.127940480384,122.185145019,25.0756692944,4771.27923379,0.638585320966,0.122758937065
MLCC_C007158,MLCC_B023,MLCC_X7R,leakage_ua,1.3,SIM_X7R_4U7_16V,FICTIONAL-MLCC-04,4700,16,1210,X7R,15.017835888,0.938614742997,15.7058373795,37.6889654915,TESTER_3,6,172,synthetic,True,mlcc-synthetic-1.0.0,0,0.168036107137,122.385216234,25.0756692944,4402.67787919,0.613756561602,0.0934670390018
MLCC_C007158,MLCC_B023,MLCC_X7R,leakage_ua,1.3,SIM_X7R_4U7_16V,FICTIONAL-MLCC-04,4700,16,1210,X7R,15.017835888,0.938614742997,15.7058373795,37.6889654915,TESTER_3,6,172,synthetic,True,mlcc-synthetic-1.0.0,24,0.139045914863,122.455258851,25.0756692944,4380.8572023,0.605702532761,0.11295432444
MLCC_C007208,MLCC_B023,MLCC_X7R,leakage_ua,1.3,SIM_X7R_4U7_16V,FICTIONAL-MLCC-04,4700,16,1210,X7R,15.017835888,0.938614742997,15.7058373795,45.6312152362,TESTER_3,16,130,synthetic,True,mlcc-synthetic-1.0.0,0,0.179027497953,122.632684522,25.0756692944,4888.16813339,0.987876933939,0.0877286314063
MLCC_C007208,MLCC_B023,MLCC_X7R,leakage_ua,1.3,SIM_X7R_4U7_16V,FICTIONAL-MLCC-04,4700,16,1210,X7R,15.017835888,0.938614742997,15.7058373795,45.6312152362,TESTER_3,16,130,synthetic,True,mlcc-synthetic-1.0.0,24,0.168990268712,122.713776256,25.0756692944,4850.17125211,0.944893224658,0.0929393005837
MLCC_C007361,MLCC_B023,MLCC_X7R,leakage_ua,1.3,SIM_X7R_4U7_16V,FICTIONAL-MLCC-04,4700,16,1210,X7R,15.017835888,0.938614742997,15.7058373795,27.6449184392,TESTER_3,13,124,synthetic,True,mlcc-synthetic-1.0.0,0,0.194099217066,122.734453609,25.0756692944,5065.61530291,0.793300469954,0.0809165416376
MLCC_C007361,MLCC_B023,MLCC_X7R,leakage_ua,1.3,SIM_X7R_4U7_16V,FICTIONAL-MLCC-04,4700,16,1210,X7R,15.017835888,0.938614742997,15.7058373795,27.6449184392,TESTER_3,13,124,synthetic,True,mlcc-synthetic-1.0.0,24,0.188810373963,122.521733967,25.0756692944,5041.53802148,0.760052791902,0.0831831273348
MLCC_C007368,MLCC_B023,MLCC_X7R,leakage_ua,1.3,SIM_X7R_4U7_16V,FICTIONAL-MLCC-04,4700,16,1210,X7R,15.017835888,0.938614742997,15.7058373795,23.9467988899,TESTER_3,1,138,synthetic,True,mlcc-synthetic-1.0.0,0,0.112584994588,122.467119987,25.0756692944,4418.01653546,0.686655024398,0.139502048537
MLCC_C007368,MLCC_B023,MLCC_X7R,leakage_ua,1.3,SIM_X7R_4U7_16V,FICTIONAL-MLCC-04,4700,16,1210,X7R,15.017835888,0.938614742997,15.7058373795,23.9467988899,TESTER_3,1,138,synthetic,True,mlcc-synthetic-1.0.0,24,0.110725175548,122.810892482,25.0756692944,4433.8548065,0.729775239242,0.141845224465
MLCC_C007397,MLCC_B023,MLCC_X7R,leakage_ua,1.3,SIM_X7R_4U7_16V,FICTIONAL-MLCC-04,4700,16,1210,X7R,15.017835888,0.938614742997,15.7058373795,33.717976196,TESTER_3,6,80,synthetic,True,mlcc-synthetic-1.0.0,0,0.222736819117,122.719511167,25.0756692944,4618.23742637,0.464952699877,0.0705129822801
MLCC_C007397,MLCC_B023,MLCC_X7R,leakage_ua,1.3,SIM_X7R_4U7_16V,FICTIONAL-MLCC-04,4700,16,1210,X7R,15.017835888,0.938614742997,15.7058373795,33.717976196,TESTER_3,6,80,synthetic,True,mlcc-synthetic-1.0.0,24,0.194771369996,122.646777077,25.0756692944,4584.46756573,0.561000676875,0.0806372999267
MLCC_C007479,MLCC_B023,MLCC_X7R,leakage_ua,1.3,SIM_X7R_4U7_16V,FICTIONAL-MLCC-04,4700,16,1210,X7R,15.017835888,0.938614742997,15.7058373795,40.9797663812,TESTER_3,7,95,synthetic,True,mlcc-synthetic-1.0.0,0,0.196876969126,122.3349141,25.0756692944,4636.99986449,0.731470552528,0.0797748840265
MLCC_C007479,MLCC_B023,MLCC_X7R,leakage_ua,1.3,SIM_X7R_4U7_16V,FICTIONAL-MLCC-04,4700,16,1210,X7R,15.017835888,0.938614742997,15.7058373795,40.9797663812,TESTER_3,7,95,synthetic,True,mlcc-synthetic-1.0.0,24,0.173043647619,122.502933683,25.0756692944,4641.15497585,0.731335461222,0.0907622879873
MLCC_C007484,MLCC_B023,MLCC_X7R,leakage_ua,1.3,SIM_X7R_4U7_16V,FICTIONAL-MLCC-04,4700,16,1210,X7R,15.017835888,0.938614742997,15.7058373795,25.7799580656,TESTER_3,8,42,synthetic,True,mlcc-synthetic-1.0.0,0,0.204864276145,122.736996352,25.0756692944,4755.32587766,0.697596174031,0.0766645980211
MLCC_C007484,MLCC_B023,MLCC_X7R,leakage_ua,1.3,SIM_X7R_4U7_16V,FICTIONAL-MLCC-04,4700,16,1210,X7R,15.017835888,0.938614742997,15.7058373795,25.7799580656,TESTER_3,8,42,synthetic,True,mlcc-synthetic-1.0.0,24,0.221860429288,122.931320357,25.0756692944,4745.52448532,0.687081665635,0.0707915216333
MLCC_C007508,MLCC_B023,MLCC_X7R,leakage_ua,1.3,SIM_X7R_4U7_16V,FICTIONAL-MLCC-04,4700,16,1210,X7R,15.017835888,0.938614742997,15.7058373795,35.681847099,TESTER_3,4,33,synthetic,True,mlcc-synthetic-1.0.0,0,0.229619925441,122.680647589,25.0756692944,4619.76377906,0.781882911914,0.0683992791539
MLCC_C007508,MLCC_B023,MLCC_X7R,leakage_ua,1.3,SIM_X7R_4U7_16V,FICTIONAL-MLCC-04,4700,16,1210,X7R,15.017835888,0.938614742997,15.7058373795,35.681847099,TESTER_3,4,33,synthetic,True,mlcc-synthetic-1.0.0,24,0.202916693591,122.61883871,25.0756692944,4592.80916032,0.804436027449,0.0774004203477
MLCC_C007554,MLCC_B023,MLCC_X7R,leakage_ua,1.3,SIM_X7R_4U7_16V,FICTIONAL-MLCC-04,4700,16,1210,X7R,15.017835888,0.938614742997,15.7058373795,32.4738200928,TESTER_3,8,57,synthetic,True,mlcc-synthetic-1.0.0,0,0.14706480321,122.668916182,25.0756692944,4460.38765456,0.657836772455,0.106795351687
MLCC_C007554,MLCC_B023,MLCC_X7R,leakage_ua,1.3,SIM_X7R_4U7_16V,FICTIONAL-MLCC-04,4700,16,1210,X7R,15.017835888,0.938614742997,15.7058373795,32.4738200928,TESTER_3,8,57,synthetic,True,mlcc-synthetic-1.0.0,24,0.132247949209,122.476254258,25.0756692944,4430.75007313,0.590896170954,0.118760536352
MLCC_C007621,MLCC_B023,MLCC_X7R,leakage_ua,1.3,SIM_X7R_4U7_16V,FICTIONAL-MLCC-04,4700,16,1210,X7R,15.017835888,0.938614742997,15.7058373795,23.8355268647,TESTER_3,5,74,synthetic,True,mlcc-synthetic-1.0.0,0,0.127228840337,122.851144834,25.0756692944,4754.26691356,0.887918690046,0.123445575216
MLCC_C007621,MLCC_B023,MLCC_X7R,leakage_ua,1.3,SIM_X7R_4U7_16V,FICTIONAL-MLCC-04,4700,16,1210,X7R,15.017835888,0.938614742997,15.7058373795,23.8355268647,TESTER_3,5,74,synthetic,True,mlcc-synthetic-1.0.0,24,0.108015423441,122.507482324,25.0756692944,4737.75055669,0.815804947556,0.145403655137
MLCC_C007681,MLCC_B023,MLCC_X7R,leakage_ua,1.3,SIM_X7R_4U7_16V,FICTIONAL-MLCC-04,4700,16,1210,X7R,15.017835888,0.938614742997,15.7058373795,16.7102507127,TESTER_3,2,181,synthetic,True,mlcc-synthetic-1.0.0,0,0.475285199728,122.660932174,25.0756692944,4501.44133804,0.737278572722,0.0330450798563
MLCC_C007681,MLCC_B023,MLCC_X7R,leakage_ua,1.3,SIM_X7R_4U7_16V,FICTIONAL-MLCC-04,4700,16,1210,X7R,15.017835888,0.938614742997,15.7058373795,16.7102507127,TESTER_3,2,181,synthetic,True,mlcc-synthetic-1.0.0,24,0.388956621406,122.574557057,25.0756692944,4461.90054704,0.780620643354,0.0403794061219
MLCC_C007755,MLCC_B023,MLCC_X7R,leakage_ua,1.3,SIM_X7R_4U7_16V,FICTIONAL-MLCC-04,4700,16,1210,X7R,15.017835888,0.938614742997,15.7058373795,28.386261617,TESTER_3,5,144,synthetic,True,mlcc-synthetic-1.0.0,0,0.153875284489,122.386756731,25.0756692944,4905.0187202,0.800460993911,0.102068616359
MLCC_C007755,MLCC_B023,MLCC_X7R,leakage_ua,1.3,SIM_X7R_4U7_16V,FICTIONAL-MLCC-04,4700,16,1210,X7R,15.017835888,0.938614742997,15.7058373795,28.386261617,TESTER_3,5,144,synthetic,True,mlcc-synthetic-1.0.0,24,0.107601988855,122.750386297,25.0756692944,4894.50238951,0.725284438857,0.145962333473
MLCC_C007897,MLCC_B023,MLCC_X7R,leakage_ua,1.3,SIM_X7R_4U7_16V,FICTIONAL-MLCC-04,4700,16,1210,X7R,15.017835888,0.938614742997,15.7058373795,43.9973440424,TESTER_3,1,60,synthetic,True,mlcc-synthetic-1.0.0,0,0.181362810063,122.390087623,25.0756692944,4872.46384302,0.584115381148,0.0865989966412
MLCC_C007897,MLCC_B023,MLCC_X7R,leakage_ua,1.3,SIM_X7R_4U7_16V,FICTIONAL-MLCC-04,4700,16,1210,X7R,15.017835888,0.938614742997,15.7058373795,43.9973440424,TESTER_3,1,60,synthetic,True,mlcc-synthetic-1.0.0,24,0.163601541878,122.443689733,25.0756692944,4854.93973973,0.567534396953,0.0960005462008
MLCC_C007928,MLCC_B023,MLCC_X7R,leakage_ua,1.3,SIM_X7R_4U7_16V,FICTIONAL-MLCC-04,4700,16,1210,X7R,15.017835888,0.938614742997,15.7058373795,14.7680759845,TESTER_3,6,41,synthetic,True,mlcc-synthetic-1.0.0,0,0.189510221726,122.747060065,25.0756692944,4830.33558649,0.628138919403,0.0828759379652
MLCC_C007928,MLCC_B023,MLCC_X7R,leakage_ua,1.3,SIM_X7R_4U7_16V,FICTIONAL-MLCC-04,4700,16,1210,X7R,15.017835888,0.938614742997,15.7058373795,14.7680759845,TESTER_3,6,41,synthetic,True,mlcc-synthetic-1.0.0,24,0.155880168677,122.684524748,25.0756692944,4822.81836864,0.66045562604,0.10075584029
MLCC_C007938,MLCC_B023,MLCC_X7R,leakage_ua,1.3,SIM_X7R_4U7_16V,FICTIONAL-MLCC-04,4700,16,1210,X7R,15.017835888,0.938614742997,15.7058373795,33.7335811777,TESTER_3,8,153,synthetic,True,mlcc-synthetic-1.0.0,0,0.146733043937,122.426263166,25.0756692944,4832.99286459,0.974798360534,0.107036812964
MLCC_C007938,MLCC_B023,MLCC_X7R,leakage_ua,1.3,SIM_X7R_4U7_16V,FICTIONAL-MLCC-04,4700,16,1210,X7R,15.017835888,0.938614742997,15.7058373795,33.7335811777,TESTER_3,8,153,synthetic,True,mlcc-synthetic-1.0.0,24,0.143322469228,122.49635964,25.0756692944,4770.59665381,1.02925754859,0.109583915657
MLCC_C007972,MLCC_B023,MLCC_X7R,leakage_ua,1.3,SIM_X7R_4U7_16V,FICTIONAL-MLCC-04,4700,16,1210,X7R,15.017835888,0.938614742997,15.7058373795,27.2066292887,TESTER_3,6,200,synthetic,True,mlcc-synthetic-1.0.0,0,0.222493989463,122.71133857,25.0756692944,4520.53413944,0.904618342519,0.0705899400582
MLCC_C007972,MLCC_B023,MLCC_X7R,leakage_ua,1.3,SIM_X7R_4U7_16V,FICTIONAL-MLCC-04,4700,16,1210,X7R,15.017835888,0.938614742997,15.7058373795,27.2066292887,TESTER_3,6,200,synthetic,True,mlcc-synthetic-1.0.0,24,0.206376248208,122.348655506,25.0756692944,4494.2714777,0.957941752967,0.0761029310102
MLCC_C008087,MLCC_B023,MLCC_X7R,leakage_ua,1.3,SIM_X7R_4U7_16V,FICTIONAL-MLCC-04,4700,16,1210,X7R,15.017835888,0.938614742997,15.7058373795,8.84962456142,TESTER_3,10,68,synthetic,True,mlcc-synthetic-1.0.0,0,0.148851447917,122.770076273,25.0756692944,4844.41642869,0.61553426404,0.105513500872
MLCC_C008087,MLCC_B023,MLCC_X7R,leakage_ua,1.3,SIM_X7R_4U7_16V,FICTIONAL-MLCC-04,4700,16,1210,X7R,15.017835888,0.938614742997,15.7058373795,8.84962456142,TESTER_3,10,68,synthetic,True,mlcc-synthetic-1.0.0,24,0.129614844815,122.458302083,25.0756692944,4843.29529671,0.625763715553,0.121173137243
MLCC_C008160,MLCC_B023,MLCC_X7R,leakage_ua,1.3,SIM_X7R_4U7_16V,FICTIONAL-MLCC-04,4700,16,1210,X7R,15.017835888,0.938614742997,15.7058373795,34.7305391155,TESTER_3,15,4,synthetic,True,mlcc-synthetic-1.0.0,0,0.141338959285,122.91270075,25.0756692944,4664.47752353,0.451607597452,0.111121784531
MLCC_C008160,MLCC_B023,MLCC_X7R,leakage_ua,1.3,SIM_X7R_4U7_16V,FICTIONAL-MLCC-04,4700,16,1210,X7R,15.017835888,0.938614742997,15.7058373795,34.7305391155,TESTER_3,15,4,synthetic,True,mlcc-synthetic-1.0.0,24,0.0934221435571,122.322313465,25.0756692944,4629.89103267,0.452059226941,0.168116859467
MLCC_C008165,MLCC_B023,MLCC_X7R,leakage_ua,1.3,SIM_X7R_4U7_16V,FICTIONAL-MLCC-04,4700,16,1210,X7R,15.017835888,0.938614742997,15.7058373795,38.7157170958,TESTER_3,15,38,synthetic,True,mlcc-synthetic-1.0.0,0,0.154984796398,122.652108471,25.0756692944,5008.71800134,0.727860090839,0.101337923103
MLCC_C008165,MLCC_B023,MLCC_X7R,leakage_ua,1.3,SIM_X7R_4U7_16V,FICTIONAL-MLCC-04,4700,16,1210,X7R,15.017835888,0.938614742997,15.7058373795,38.7157170958,TESTER_3,15,38,synthetic,True,mlcc-synthetic-1.0.0,24,0.138093258618,122.569240885,25.0756692944,4935.61492196,0.82993111294,0.113733556125
MLCC_C008227,MLCC_B023,MLCC_X7R,leakage_ua,1.3,SIM_X7R_4U7_16V,FICTIONAL-MLCC-04,4700,16,1210,X7R,15.017835888,0.938614742997,15.7058373795,20.885285379,TESTER_3,4,65,synthetic,True,mlcc-synthetic-1.0.0,0,0.268311192432,122.686788145,25.0756692944,4796.21429001,0.832172647155,0.0585359009334
MLCC_C008227,MLCC_B023,MLCC_X7R,leakage_ua,1.3,SIM_X7R_4U7_16V,FICTIONAL-MLCC-04,4700,16,1210,X7R,15.017835888,0.938614742997,15.7058373795,20.885285379,TESTER_3,4,65,synthetic,True,mlcc-synthetic-1.0.0,24,0.228840462135,122.420750354,25.0756692944,4806.16300207,0.853352503364,0.06863225687
MLCC_C008259,MLCC_B023,MLCC_X7R,leakage_ua,1.3,SIM_X7R_4U7_16V,FICTIONAL-MLCC-04,4700,16,1210,X7R,15.017835888,0.938614742997,15.7058373795,22.7617012858,TESTER_3,12,47,synthetic,True,mlcc-synthetic-1.0.0,0,0.140188029767,122.638656268,25.0756692944,5030.17078369,0.616344378078,0.112034083122
MLCC_C008259,MLCC_B023,MLCC_X7R,leakage_ua,1.3,SIM_X7R_4U7_16V,FICTIONAL-MLCC-04,4700,16,1210,X7R,15.017835888,0.938614742997,15.7058373795,22.7617012858,TESTER_3,12,47,synthetic,True,mlcc-synthetic-1.0.0,24,0.128693616226,122.615827387,25.0756692944,4990.48626968,0.664031766988,0.122040531925
MLCC_C008320,MLCC_B023,MLCC_X7R,leakage_ua,1.3,SIM_X7R_4U7_16V,FICTIONAL-MLCC-04,4700,16,1210,X7R,15.017835888,0.938614742997,15.7058373795,38.3122557652,TESTER_3,11,142,synthetic,True,mlcc-synthetic-1.0.0,0,0.106893016029,122.52807593,25.0756692944,5038.05027119,0.975024375733,0.146930435335
MLCC_C008320,MLCC_B023,MLCC_X7R,leakage_ua,1.3,SIM_X7R_4U7_16V,FICTIONAL-MLCC-04,4700,16,1210,X7R,15.017835888,0.938614742997,15.7058373795,38.3122557652,TESTER_3,11,142,synthetic,True,mlcc-synthetic-1.0.0,24,0.0923765863506,122.688037238,25.0756692944,5004.72129072,0.952475895206,0.170019677063
MLCC_C008417,MLCC_B023,MLCC_X7R,leakage_ua,1.3,SIM_X7R_4U7_16V,FICTIONAL-MLCC-04,4700,16,1210,X7R,15.017835888,0.938614742997,15.7058373795,35.5651131401,TESTER_3,5,169,synthetic,True,mlcc-synthetic-1.0.0,0,0.147951943379,122.936695277,25.0756692944,4766.69529077,0.590604765758,0.106154992093
MLCC_C008417,MLCC_B023,MLCC_X7R,leakage_ua,1.3,SIM_X7R_4U7_16V,FICTIONAL-MLCC-04,4700,16,1210,X7R,15.017835888,0.938614742997,15.7058373795,35.5651131401,TESTER_3,5,169,synthetic,True,mlcc-synthetic-1.0.0,24,0.133615009689,122.720545987,25.0756692944,4758.54668159,0.551003637447,0.117545457027
MLCC_C008463,MLCC_B023,MLCC_X7R,leakage_ua,1.3,SIM_X7R_4U7_16V,FICTIONAL-MLCC-04,4700,16,1210,X7R,15.017835888,0.938614742997,15.7058373795,28.1854028851,TESTER_3,1,145,synthetic,True,mlcc-synthetic-1.0.0,0,0.13900265461,122.82439502,25.0756692944,4857.44338149,0.698810798118,0.112989477961
MLCC_C008463,MLCC_B023,MLCC_X7R,leakage_ua,1.3,SIM_X7R_4U7_16V,FICTIONAL-MLCC-04,4700,16,1210,X7R,15.017835888,0.938614742997,15.7058373795,28.1854028851,TESTER_3,1,145,synthetic,True,mlcc-synthetic-1.0.0,24,0.14436345335,122.513797479,25.0756692944,4841.63598409,0.678581688423,0.108793721784
MLCC_C008471,MLCC_B023,MLCC_X7R,leakage_ua,1.3,SIM_X7R_4U7_16V,FICTIONAL-MLCC-04,4700,16,1210,X7R,15.017835888,0.938614742997,15.7058373795,30.6783922766,TESTER_3,3,37,synthetic,True,mlcc-synthetic-1.0.0,0,0.133489162703,122.679809674,25.0756692944,4748.51812912,0.830812766484,0.117656273075
MLCC_C008471,MLCC_B023,MLCC_X7R,leakage_ua,1.3,SIM_X7R_4U7_16V,FICTIONAL-MLCC-04,4700,16,1210,X7R,15.017835888,0.938614742997,15.7058373795,30.6783922766,TESTER_3,3,37,synthetic,True,mlcc-synthetic-1.0.0,24,0.129023574027,122.429023494,25.0756692944,4691.16952824,0.866673385727,0.121728432172
MLCC_C008580,MLCC_B023,MLCC_X7R,leakage_ua,1.3,SIM_X7R_4U7_16V,FICTIONAL-MLCC-04,4700,16,1210,X7R,15.017835888,0.938614742997,15.7058373795,23.6607732759,TESTER_3,3,104,synthetic,True,mlcc-synthetic-1.0.0,0,0.102978992257,122.646737664,25.0756692944,4325.2901135,0.576032718107,0.152514964802
MLCC_C008580,MLCC_B023,MLCC_X7R,leakage_ua,1.3,SIM_X7R_4U7_16V,FICTIONAL-MLCC-04,4700,16,1210,X7R,15.017835888,0.938614742997,15.7058373795,23.6607732759,TESTER_3,3,104,synthetic,True,mlcc-synthetic-1.0.0,24,0.09013122848,122.655608396,25.0756692944,4293.31372775,0.627508134105,0.174255223682
MLCC_C008588,MLCC_B023,MLCC_X7R,leakage_ua,1.3,SIM_X7R_4U7_16V,FICTIONAL-MLCC-04,4700,16,1210,X7R,15.017835888,0.938614742997,15.7058373795,29.1655881046,TESTER_3,10,141,synthetic,True,mlcc-synthetic-1.0.0,0,0.229583423495,122.537070594,25.0756692944,4859.86163111,0.654706874258,0.0684101540974
MLCC_C008588,MLCC_B023,MLCC_X7R,leakage_ua,1.3,SIM_X7R_4U7_16V,FICTIONAL-MLCC-04,4700,16,1210,X7R,15.017835888,0.938614742997,15.7058373795,29.1655881046,TESTER_3,10,141,synthetic,True,mlcc-synthetic-1.0.0,24,0.201679698214,122.574429958,25.0756692944,4798.73536867,0.671838071541,0.0778751531195
MLCC_C008594,MLCC_B023,MLCC_X7R,leakage_ua,1.3,SIM_X7R_4U7_16V,FICTIONAL-MLCC-04,4700,16,1210,X7R,15.017835888,0.938614742997,15.7058373795,30.6124473426,TESTER_3,16,10,synthetic,True,mlcc-synthetic-1.0.0,0,0.250935852558,122.963473474,25.0756692944,5171.34063633,1.01959653775,0.0625890530168
MLCC_C008594,MLCC_B023,MLCC_X7R,leakage_ua,1.3,SIM_X7R_4U7_16V,FICTIONAL-MLCC-04,4700,16,1210,X7R,15.017835888,0.938614742997,15.7058373795,30.6124473426,TESTER_3,16,10,synthetic,True,mlcc-synthetic-1.0.0,24,0.208719421166,122.472689359,25.0756692944,5177.85604288,1.0190509983,0.0752485671519
MLCC_C008758,MLCC_B023,MLCC_X7R,leakage_ua,1.3,SIM_X7R_4U7_16V,FICTIONAL-MLCC-04,4700,16,1210,X7R,15.017835888,0.938614742997,15.7058373795,33.229505392,TESTER_3,3,113,synthetic,True,mlcc-synthetic-1.0.0,0,0.163935634943,122.886602511,25.0756692944,4659.0506608,0.613145236462,0.0958049016312
MLCC_C008758,MLCC_B023,MLCC_X7R,leakage_ua,1.3,SIM_X7R_4U7_16V,FICTIONAL-MLCC-04,4700,16,1210,X7R,15.017835888,0.938614742997,15.7058373795,33.229505392,TESTER_3,3,113,synthetic,True,mlcc-synthetic-1.0.0,24,0.163409680977,122.373867808,25.0756692944,4657.07086011,0.551793653358,0.0961132613785
MLCC_C008827,MLCC_B023,MLCC_X7R,leakage_ua,1.3,SIM_X7R_4U7_16V,FICTIONAL-MLCC-04,4700,16,1210,X7R,15.017835888,0.938614742997,15.7058373795,26.658114901,TESTER_3,4,6,synthetic,True,mlcc-synthetic-1.0.0,0,0.119773323047,122.593609786,25.0756692944,4349.63461937,0.667621982503,0.131129678796
MLCC_C008827,MLCC_B023,MLCC_X7R,leakage_ua,1.3,SIM_X7R_4U7_16V,FICTIONAL-MLCC-04,4700,16,1210,X7R,15.017835888,0.938614742997,15.7058373795,26.658114901,TESTER_3,4,6,synthetic,True,mlcc-synthetic-1.0.0,24,0.116973044229,122.667781593,25.0756692944,4325.5287763,0.676964722358,0.134268860686
MLCC_C008828,MLCC_B023,MLCC_X7R,leakage_ua,1.3,SIM_X7R_4U7_16V,FICTIONAL-MLCC-04,4700,16,1210,X7R,15.017835888,0.938614742997,15.7058373795,43.1163529254,TESTER_3,13,32,synthetic,True,mlcc-synthetic-1.0.0,0,0.1574186027,122.673147209,25.0756692944,4566.1061025,1.04151398385,0.099771164971
MLCC_C008828,MLCC_B023,MLCC_X7R,leakage_ua,1.3,SIM_X7R_4U7_16V,FICTIONAL-MLCC-04,4700,16,1210,X7R,15.017835888,0.938614742997,15.7058373795,43.1163529254,TESTER_3,13,32,synthetic,True,mlcc-synthetic-1.0.0,24,0.154857578987,122.683446063,25.0756692944,4534.40323757,1.05539943745,0.101421173457
MLCC_C008870,MLCC_B023,MLCC_X7R,leakage_ua,1.3,SIM_X7R_4U7_16V,FICTIONAL-MLCC-04,4700,16,1210,X7R,15.017835888,0.938614742997,15.7058373795,25.4677336401,TESTER_3,10,73,synthetic,True,mlcc-synthetic-1.0.0,0,0.15766492151,122.480801707,25.0756692944,4782.25072868,0.584944732205,0.0996152931741
MLCC_C008870,MLCC_B023,MLCC_X7R,leakage_ua,1.3,SIM_X7R_4U7_16V,FICTIONAL-MLCC-04,4700,16,1210,X7R,15.017835888,0.938614742997,15.7058373795,25.4677336401,TESTER_3,10,73,synthetic,True,mlcc-synthetic-1.0.0,24,0.170629353966,122.497458275,25.0756692944,4753.12694242,0.641426880434,0.0920465149427
MLCC_C008887,MLCC_B023,MLCC_X7R,leakage_ua,1.3,SIM_X7R_4U7_16V,FICTIONAL-MLCC-04,4700,16,1210,X7R,15.017835888,0.938614742997,15.7058373795,16.7262625474,TESTER_3,11,49,synthetic,True,mlcc-synthetic-1.0.0,0,0.183903691669,122.627672806,25.0756692944,4763.18679005,0.738010933883,0.0854025127882
MLCC_C008887,MLCC_B023,MLCC_X7R,leakage_ua,1.3,SIM_X7R_4U7_16V,FICTIONAL-MLCC-04,4700,16,1210,X7R,15.017835888,0.938614742997,15.7058373795,16.7262625474,TESTER_3,11,49,synthetic,True,mlcc-synthetic-1.0.0,24,0.167851380004,122.475029568,25.0756692944,4763.5388287,0.764599367942,0.0935699032036
MLCC_C008978,MLCC_B023,MLCC_X7R,leakage_ua,1.3,SIM_X7R_4U7_16V,FICTIONAL-MLCC-04,4700,16,1210,X7R,15.017835888,0.938614742997,15.7058373795,34.1060715578,TESTER_3,5,151,synthetic,True,mlcc-synthetic-1.0.0,0,0.234880490327,122.900226236,25.0756692944,4727.97982876,0.715266234765,0.0668673560653
MLCC_C008978,MLCC_B023,MLCC_X7R,leakage_ua,1.3,SIM_X7R_4U7_16V,FICTIONAL-MLCC-04,4700,16,1210,X7R,15.017835888,0.938614742997,15.7058373795,34.1060715578,TESTER_3,5,151,synthetic,True,mlcc-synthetic-1.0.0,24,0.199717194537,122.729507124,25.0756692944,4715.16475219,0.774331937152,0.0786403865522
MLCC_C009005,MLCC_B023,MLCC_X7R,leakage_ua,1.3,SIM_X7R_4U7_16V,FICTIONAL-MLCC-04,4700,16,1210,X7R,15.017835888,0.938614742997,15.7058373795,12.555787361,TESTER_3,14,44,synthetic,True,mlcc-synthetic-1.0.0,0,0.158905902008,122.746691887,25.0756692944,4654.08568054,0.956222761192,0.0988373444979
MLCC_C009005,MLCC_B023,MLCC_X7R,leakage_ua,1.3,SIM_X7R_4U7_16V,FICTIONAL-MLCC-04,4700,16,1210,X7R,15.017835888,0.938614742997,15.7058373795,12.555787361,TESTER_3,14,44,synthetic,True,mlcc-synthetic-1.0.0,24,0.135794149892,122.731242624,25.0756692944,4632.76019668,0.969922869554,0.115659160516
MLCC_C009025,MLCC_B023,MLCC_X7R,leakage_ua,1.3,SIM_X7R_4U7_16V,FICTIONAL-MLCC-04,4700,16,1210,X7R,15.017835888,0.938614742997,15.7058373795,32.728255822,TESTER_3,15,19,synthetic,True,mlcc-synthetic-1.0.0,0,0.259324347166,122.653406575,25.0756692944,4830.67620112,0.647813692622,0.0605644535547
MLCC_C009025,MLCC_B023,MLCC_X7R,leakage_ua,1.3,SIM_X7R_4U7_16V,FICTIONAL-MLCC-04,4700,16,1210,X7R,15.017835888,0.938614742997,15.7058373795,32.728255822,TESTER_3,15,19,synthetic,True,mlcc-synthetic-1.0.0,24,0.227375099787,122.818297967,25.0756692944,4777.55106717,0.671997189708,0.0690745705852
MLCC_C009058,MLCC_B023,MLCC_X7R,leakage_ua,1.3,SIM_X7R_4U7_16V,FICTIONAL-MLCC-04,4700,16,1210,X7R,15.017835888,0.938614742997,15.7058373795,31.288145356,TESTER_3,6,133,synthetic,True,mlcc-synthetic-1.0.0,0,0.172245770555,122.401993466,25.0756692944,4950.75784011,0.525577452318,0.0911827171661
MLCC_C009058,MLCC_B023,MLCC_X7R,leakage_ua,1.3,SIM_X7R_4U7_16V,FICTIONAL-MLCC-04,4700,16,1210,X7R,15.017835888,0.938614742997,15.7058373795,31.288145356,TESTER_3,6,133,synthetic,True,mlcc-synthetic-1.0.0,24,0.158877659679,122.498254442,25.0756692944,4907.00595661,0.50526253382,0.0988549139715
MLCC_C009127,MLCC_B023,MLCC_X7R,leakage_ua,1.3,SIM_X7R_4U7_16V,FICTIONAL-MLCC-04,4700,16,1210,X7R,15.017835888,0.938614742997,15.7058373795,47.9261145495,TESTER_3,4,3,synthetic,True,mlcc-synthetic-1.0.0,0,0.171287821365,122.58628166,25.0756692944,4612.4434848,0.882086523126,0.0916926682491
MLCC_C009127,MLCC_B023,MLCC_X7R,leakage_ua,1.3,SIM_X7R_4U7_16V,FICTIONAL-MLCC-04,4700,16,1210,X7R,15.017835888,0.938614742997,15.7058373795,47.9261145495,TESTER_3,4,3,synthetic,True,mlcc-synthetic-1.0.0,24,0.14507717235,122.836355648,25.0756692944,4577.45256309,0.948719803022,0.108258502183
MLCC_C009153,MLCC_B023,MLCC_X7R,leakage_ua,1.3,SIM_X7R_4U7_16V,FICTIONAL-MLCC-04,4700,16,1210,X7R,15.017835888,0.938614742997,15.7058373795,32.7299979194,TESTER_3,16,30,synthetic,True,mlcc-synthetic-1.0.0,0,0.126309376902,122.79573072,25.0756692944,4908.88224592,0.802761951943,0.124344191736
MLCC_C009153,MLCC_B023,MLCC_X7R,leakage_ua,1.3,SIM_X7R_4U7_16V,FICTIONAL-MLCC-04,4700,16,1210,X7R,15.017835888,0.938614742997,15.7058373795,32.7299979194,TESTER_3,16,30,synthetic,True,mlcc-synthetic-1.0.0,24,0.108458629361,122.503225138,25.0756692944,4879.79431747,0.819101435614,0.144809476867
MLCC_C009177,MLCC_B023,MLCC_X7R,leakage_ua,1.3,SIM_X7R_4U7_16V,FICTIONAL-MLCC-04,4700,16,1210,X7R,15.017835888,0.938614742997,15.7058373795,34.8782791951,TESTER_3,5,194,synthetic,True,mlcc-synthetic-1.0.0,0,0.102327916632,122.313742476,25.0756692944,4554.1173396,0.466553055704,0.153485362513
MLCC_C009177,MLCC_B023,MLCC_X7R,leakage_ua,1.3,SIM_X7R_4U7_16V,FICTIONAL-MLCC-04,4700,16,1210,X7R,15.017835888,0.938614742997,15.7058373795,34.8782791951,TESTER_3,5,194,synthetic,True,mlcc-synthetic-1.0.0,24,0.0789054947525,122.606918957,25.0756692944,4531.76470752,0.482345933089,0.199046180862
MLCC_C009249,MLCC_B023,MLCC_X7R,leakage_ua,1.3,SIM_X7R_4U7_16V,FICTIONAL-MLCC-04,4700,16,1210,X7R,15.017835888,0.938614742997,15.7058373795,32.5106615599,TESTER_3,14,76,synthetic,True,mlcc-synthetic-1.0.0,0,0.268121289216,122.612015189,25.0756692944,4509.38038465,0.672036353937,0.0585773603635
MLCC_C009249,MLCC_B023,MLCC_X7R,leakage_ua,1.3,SIM_X7R_4U7_16V,FICTIONAL-MLCC-04,4700,16,1210,X7R,15.017835888,0.938614742997,15.7058373795,32.5106615599,TESTER_3,14,76,synthetic,True,mlcc-synthetic-1.0.0,24,0.24220628069,122.658737859,25.0756692944,4462.94636823,0.560128226029,0.0648448807141
MLCC_C009506,MLCC_B023,MLCC_X7R,leakage_ua,1.3,SIM_X7R_4U7_16V,FICTIONAL-MLCC-04,4700,16,1210,X7R,15.017835888,0.938614742997,15.7058373795,32.2985958794,TESTER_3,14,17,synthetic,True,mlcc-synthetic-1.0.0,0,0.184594768489,122.72725197,25.0756692944,4669.74859157,0.655188047135,0.0850827870588
MLCC_C009506,MLCC_B023,MLCC_X7R,leakage_ua,1.3,SIM_X7R_4U7_16V,FICTIONAL-MLCC-04,4700,16,1210,X7R,15.017835888,0.938614742997,15.7058373795,32.2985958794,TESTER_3,14,17,synthetic,True,mlcc-synthetic-1.0.0,24,0.176852476212,122.597388672,25.0756692944,4617.63830865,0.705371825545,0.0888075627547
MLCC_C009564,MLCC_B023,MLCC_X7R,leakage_ua,1.3,SIM_X7R_4U7_16V,FICTIONAL-MLCC-04,4700,16,1210,X7R,15.017835888,0.938614742997,15.7058373795,12.1387831074,TESTER_3,7,177,synthetic,True,mlcc-synthetic-1.0.0,0,0.188392519443,122.576040948,25.0756692944,4567.4366291,0.833287153536,0.0833676274725
MLCC_C009564,MLCC_B023,MLCC_X7R,leakage_ua,1.3,SIM_X7R_4U7_16V,FICTIONAL-MLCC-04,4700,16,1210,X7R,15.017835888,0.938614742997,15.7058373795,12.1387831074,TESTER_3,7,177,synthetic,True,mlcc-synthetic-1.0.0,24,0.184980066114,122.533080622,25.0756692944,4526.78411249,0.861758037385,0.0849055669052
MLCC_C009566,MLCC_B023,MLCC_X7R,leakage_ua,1.3,SIM_X7R_4U7_16V,FICTIONAL-MLCC-04,4700,16,1210,X7R,15.017835888,0.938614742997,15.7058373795,26.3996555611,TESTER_3,16,183,synthetic,True,mlcc-synthetic-1.0.0,0,0.200591255983,122.374677122,25.0756692944,4821.32444538,0.965292734455,0.0782977169297
MLCC_C009566,MLCC_B023,MLCC_X7R,leakage_ua,1.3,SIM_X7R_4U7_16V,FICTIONAL-MLCC-04,4700,16,1210,X7R,15.017835888,0.938614742997,15.7058373795,26.3996555611,TESTER_3,16,183,synthetic,True,mlcc-synthetic-1.0.0,24,0.157092281568,122.732150787,25.0756692944,4806.00684152,1.01680418045,0.0999784153798
MLCC_C009567,MLCC_B023,MLCC_X7R,leakage_ua,1.3,SIM_X7R_4U7_16V,FICTIONAL-MLCC-04,4700,16,1210,X7R,15.017835888,0.938614742997,15.7058373795,43.1399260388,TESTER_3,2,2,synthetic,True,mlcc-synthetic-1.0.0,0,0.126015578002,122.668212559,25.0756692944,4862.79272562,0.587223106708,0.124634093884
MLCC_C009567,MLCC_B023,MLCC_X7R,leakage_ua,1.3,SIM_X7R_4U7_16V,FICTIONAL-MLCC-04,4700,16,1210,X7R,15.017835888,0.938614742997,15.7058373795,43.1399260388,TESTER_3,2,2,synthetic,True,mlcc-synthetic-1.0.0,24,0.215065950332,122.903387246,25.0756692944,4843.67404185,0.624568841554,0.0730280053875
MLCC_C009574,MLCC_B023,MLCC_X7R,leakage_ua,1.3,SIM_X7R_4U7_16V,FICTIONAL-MLCC-04,4700,16,1210,X7R,15.017835888,0.938614742997,15.7058373795,46.5936833367,TESTER_3,3,102,synthetic,True,mlcc-synthetic-1.0.0,0,0.140362007702,122.636476973,25.0756692944,4740.03692183,0.588970563276,0.111895217492
MLCC_C009574,MLCC_B023,MLCC_X7R,leakage_ua,1.3,SIM_X7R_4U7_16V,FICTIONAL-MLCC-04,4700,16,1210,X7R,15.017835888,0.938614742997,15.7058373795,46.5936833367,TESTER_3,3,102,synthetic,True,mlcc-synthetic-1.0.0,24,0.119344855797,122.86602763,25.0756692944,4683.15648846,0.553413541226,0.131600455458
MLCC_C009620,MLCC_B023,MLCC_X7R,leakage_ua,1.3,SIM_X7R_4U7_16V,FICTIONAL-MLCC-04,4700,16,1210,X7R,15.017835888,0.938614742997,15.7058373795,23.7840940636,TESTER_3,15,82,synthetic,True,mlcc-synthetic-1.0.0,0,0.124252391029,122.707427085,25.0756692944,4704.94648337,0.663194785628,0.12640269736
MLCC_C009620,MLCC_B023,MLCC_X7R,leakage_ua,1.3,SIM_X7R_4U7_16V,FICTIONAL-MLCC-04,4700,16,1210,X7R,15.017835888,0.938614742997,15.7058373795,23.7840940636,TESTER_3,15,82,synthetic,True,mlcc-synthetic-1.0.0,24,0.108926468981,122.535536323,25.0756692944,4717.31625415,0.65132225641,0.144187519585
MLCC_C009661,MLCC_B023,MLCC_X7R,leakage_ua,1.3,SIM_X7R_4U7_16V,FICTIONAL-MLCC-04,4700,16,1210,X7R,15.017835888,0.938614742997,15.7058373795,55.1672781749,TESTER_3,7,55,synthetic,True,mlcc-synthetic-1.0.0,0,0.124715803753,122.438806861,25.0756692944,4816.09877923,0.729335495816,0.125933016562
MLCC_C009661,MLCC_B023,MLCC_X7R,leakage_ua,1.3,SIM_X7R_4U7_16V,FICTIONAL-MLCC-04,4700,16,1210,X7R,15.017835888,0.938614742997,15.7058373795,55.1672781749,TESTER_3,7,55,synthetic,True,mlcc-synthetic-1.0.0,24,0.123745028499,122.628856935,25.0756692944,4811.60399169,0.651502205037,0.126920956502
MLCC_C009735,MLCC_B023,MLCC_X7R,leakage_ua,1.3,SIM_X7R_4U7_16V,FICTIONAL-MLCC-04,4700,16,1210,X7R,15.017835888,0.938614742997,15.7058373795,34.6287614224,TESTER_3,11,23,synthetic,True,mlcc-synthetic-1.0.0,0,0.177670823564,122.475579491,25.0756692944,4418.30909308,0.83748122954,0.0883985173504
MLCC_C009735,MLCC_B023,MLCC_X7R,leakage_ua,1.3,SIM_X7R_4U7_16V,FICTIONAL-MLCC-04,4700,16,1210,X7R,15.017835888,0.938614742997,15.7058373795,34.6287614224,TESTER_3,11,23,synthetic,True,mlcc-synthetic-1.0.0,24,0.145704876002,122.578234458,25.0756692944,4396.41325983,0.844672884652,0.10779211932
MLCC_C009876,MLCC_B023,MLCC_X7R,leakage_ua,1.3,SIM_X7R_4U7_16V,FICTIONAL-MLCC-04,4700,16,1210,X7R,15.017835888,0.938614742997,15.7058373795,38.0894010388,TESTER_3,8,111,synthetic,True,mlcc-synthetic-1.0.0,0,0.0630546930161,122.591113423,25.0756692944,5004.60228925,0.70446023431,0.249082766536
MLCC_C009876,MLCC_B023,MLCC_X7R,leakage_ua,1.3,SIM_X7R_4U7_16V,FICTIONAL-MLCC-04,4700,16,1210,X7R,15.017835888,0.938614742997,15.7058373795,38.0894010388,TESTER_3,8,111,synthetic,True,mlcc-synthetic-1.0.0,24,0.0669803020953,122.643124751,25.0756692944,4938.01372574,0.678471203908,0.234484421363
MLCC_C010041,MLCC_B023,MLCC_X7R,leakage_ua,1.3,SIM_X7R_4U7_16V,FICTIONAL-MLCC-04,4700,16,1210,X7R,15.017835888,0.938614742997,15.7058373795,30.4013712017,TESTER_3,10,78,synthetic,True,mlcc-synthetic-1.0.0,0,0.280733042106,122.408856509,25.0756692944,4413.54506465,0.840218474037,0.0559458098046
MLCC_C010041,MLCC_B023,MLCC_X7R,leakage_ua,1.3,SIM_X7R_4U7_16V,FICTIONAL-MLCC-04,4700,16,1210,X7R,15.017835888,0.938614742997,15.7058373795,30.4013712017,TESTER_3,10,78,synthetic,True,mlcc-synthetic-1.0.0,24,0.219114766381,122.762499772,25.0756692944,4404.6859895,0.843115003222,0.0716785894394
MLCC_C010064,MLCC_B023,MLCC_X7R,leakage_ua,1.3,SIM_X7R_4U7_16V,FICTIONAL-MLCC-04,4700,16,1210,X7R,15.017835888,0.938614742997,15.7058373795,30.6173193154,TESTER_3,4,118,synthetic,True,mlcc-synthetic-1.0.0,0,0.183523159561,122.320294092,25.0756692944,4720.82015271,0.677044003323,0.0855795934263
MLCC_C010064,MLCC_B023,MLCC_X7R,leakage_ua,1.3,SIM_X7R_4U7_16V,FICTIONAL-MLCC-04,4700,16,1210,X7R,15.017835888,0.938614742997,15.7058373795,30.6173193154,TESTER_3,4,118,synthetic,True,mlcc-synthetic-1.0.0,24,0.150197912737,122.412547535,25.0756692944,4695.98055121,0.680388357879,0.104567614112
MLCC_C010080,MLCC_B023,MLCC_X7R,leakage_ua,1.3,SIM_X7R_4U7_16V,FICTIONAL-MLCC-04,4700,16,1210,X7R,15.017835888,0.938614742997,15.7058373795,22.2780993354,TESTER_3,1,59,synthetic,True,mlcc-synthetic-1.0.0,0,0.183648335933,122.4985381,25.0756692944,4596.5056163,0.742131555443,0.085521261599
MLCC_C010080,MLCC_B023,MLCC_X7R,leakage_ua,1.3,SIM_X7R_4U7_16V,FICTIONAL-MLCC-04,4700,16,1210,X7R,15.017835888,0.938614742997,15.7058373795,22.2780993354,TESTER_3,1,59,synthetic,True,mlcc-synthetic-1.0.0,24,0.166364136713,122.456902854,25.0756692944,4562.28029074,0.681839555159,0.0944063888396
MLCC_C010138,MLCC_B023,MLCC_X7R,leakage_ua,1.3,SIM_X7R_4U7_16V,FICTIONAL-MLCC-04,4700,16,1210,X7R,15.017835888,0.938614742997,15.7058373795,43.3395608279,TESTER_3,4,13,synthetic,True,mlcc-synthetic-1.0.0,0,0.115080897667,122.507481941,25.0756692944,4460.21409184,0.735727019453,0.136476493475
MLCC_C010138,MLCC_B023,MLCC_X7R,leakage_ua,1.3,SIM_X7R_4U7_16V,FICTIONAL-MLCC-04,4700,16,1210,X7R,15.017835888,0.938614742997,15.7058373795,43.3395608279,TESTER_3,4,13,synthetic,True,mlcc-synthetic-1.0.0,24,0.0859703782616,122.680078707,25.0756692944,4432.7979956,0.769956672737,0.182688941204
MLCC_C010142,MLCC_B023,MLCC_X7R,leakage_ua,1.3,SIM_X7R_4U7_16V,FICTIONAL-MLCC-04,4700,16,1210,X7R,15.017835888,0.938614742997,15.7058373795,34.1009191226,TESTER_3,14,190,synthetic,True,mlcc-synthetic-1.0.0,0,0.149812608678,122.794889068,25.0756692944,4657.08266824,0.898842459559,0.104836552264
MLCC_C010142,MLCC_B023,MLCC_X7R,leakage_ua,1.3,SIM_X7R_4U7_16V,FICTIONAL-MLCC-04,4700,16,1210,X7R,15.017835888,0.938614742997,15.7058373795,34.1009191226,TESTER_3,14,190,synthetic,True,mlcc-synthetic-1.0.0,24,0.129964197822,122.732781447,25.0756692944,4636.82702847,0.916372387761,0.120847415233
MLCC_C010150,MLCC_B023,MLCC_X7R,leakage_ua,1.3,SIM_X7R_4U7_16V,FICTIONAL-MLCC-04,4700,16,1210,X7R,15.017835888,0.938614742997,15.7058373795,25.8330201867,TESTER_3,4,166,synthetic,True,mlcc-synthetic-1.0.0,0,0.164887375131,122.286024417,25.0756692944,4810.11930121,0.763602076873,0.0952519097782
MLCC_C010150,MLCC_B023,MLCC_X7R,leakage_ua,1.3,SIM_X7R_4U7_16V,FICTIONAL-MLCC-04,4700,16,1210,X7R,15.017835888,0.938614742997,15.7058373795,25.8330201867,TESTER_3,4,166,synthetic,True,mlcc-synthetic-1.0.0,24,0.146028525259,122.669054114,25.0756692944,4802.55063606,0.769447873783,0.107553215042
MLCC_C010255,MLCC_B023,MLCC_X7R,leakage_ua,1.3,SIM_X7R_4U7_16V,FICTIONAL-MLCC-04,4700,16,1210,X7R,15.017835888,0.938614742997,15.7058373795,37.9042669096,TESTER_3,11,35,synthetic,True,mlcc-synthetic-1.0.0,0,0.122601263218,122.810070805,25.0756692944,4695.36337263,0.716460249171,0.12810502084
MLCC_C010255,MLCC_B023,MLCC_X7R,leakage_ua,1.3,SIM_X7R_4U7_16V,FICTIONAL-MLCC-04,4700,16,1210,X7R,15.017835888,0.938614742997,15.7058373795,37.9042669096,TESTER_3,11,35,synthetic,True,mlcc-synthetic-1.0.0,24,0.109999551865,122.458088098,25.0756692944,4655.64594985,0.762395414606,0.142780921496
MLCC_C010324,MLCC_B023,MLCC_X7R,leakage_ua,1.3,SIM_X7R_4U7_16V,FICTIONAL-MLCC-04,4700,16,1210,X7R,15.017835888,0.938614742997,15.7058373795,9.73018005963,TESTER_3,8,12,synthetic,True,mlcc-synthetic-1.0.0,0,0.15790879211,122.427142148,25.0756692944,4863.89581195,0.685424446321,0.099461449674
MLCC_C010324,MLCC_B023,MLCC_X7R,leakage_ua,1.3,SIM_X7R_4U7_16V,FICTIONAL-MLCC-04,4700,16,1210,X7R,15.017835888,0.938614742997,15.7058373795,9.73018005963,TESTER_3,8,12,synthetic,True,mlcc-synthetic-1.0.0,24,2.09881439797,122.387788944,25.0756692944,4779.67142792,0.772912667707,0.00748319498605
MLCC_C010352,MLCC_B023,MLCC_X7R,leakage_ua,1.3,SIM_X7R_4U7_16V,FICTIONAL-MLCC-04,4700,16,1210,X7R,15.017835888,0.938614742997,15.7058373795,43.3196621508,TESTER_3,2,24,synthetic,True,mlcc-synthetic-1.0.0,0,0.124885058094,122.575113114,25.0756692944,4956.96531097,0.689796883113,0.125762341942
MLCC_C010352,MLCC_B023,MLCC_X7R,leakage_ua,1.3,SIM_X7R_4U7_16V,FICTIONAL-MLCC-04,4700,16,1210,X7R,15.017835888,0.938614742997,15.7058373795,43.3196621508,TESTER_3,2,24,synthetic,True,mlcc-synthetic-1.0.0,24,0.115899354528,123.002267534,25.0756692944,4961.68597382,0.730418305352,0.135512725187
MLCC_C010464,MLCC_B023,MLCC_X7R,leakage_ua,1.3,SIM_X7R_4U7_16V,FICTIONAL-MLCC-04,4700,16,1210,X7R,15.017835888,0.938614742997,15.7058373795,30.7998894964,TESTER_3,12,7,synthetic,True,mlcc-synthetic-1.0.0,0,0.171960679987,122.511744257,25.0756692944,4528.05168459,0.705927951818,0.0913338873788
MLCC_C010464,MLCC_B023,MLCC_X7R,leakage_ua,1.3,SIM_X7R_4U7_16V,FICTIONAL-MLCC-04,4700,16,1210,X7R,15.017835888,0.938614742997,15.7058373795,30.7998894964,TESTER_3,12,7,synthetic,True,mlcc-synthetic-1.0.0,24,0.150428036381,122.766455428,25.0756692944,4517.77894225,0.64209149426,0.104407647386
MLCC_C010509,MLCC_B023,MLCC_X7R,leakage_ua,1.3,SIM_X7R_4U7_16V,FICTIONAL-MLCC-04,4700,16,1210,X7R,15.017835888,0.938614742997,15.7058373795,25.5646941261,TESTER_3,12,54,synthetic,True,mlcc-synthetic-1.0.0,0,0.155849777903,122.490401899,25.0756692944,4738.37649511,0.41106275263,0.100775487722
MLCC_C010509,MLCC_B023,MLCC_X7R,leakage_ua,1.3,SIM_X7R_4U7_16V,FICTIONAL-MLCC-04,4700,16,1210,X7R,15.017835888,0.938614742997,15.7058373795,25.5646941261,TESTER_3,12,54,synthetic,True,mlcc-synthetic-1.0.0,24,0.1336364709,122.592753654,25.0756692944,4705.77050697,0.363845039944,0.117526579935
MLCC_C010548,MLCC_B023,MLCC_X7R,leakage_ua,1.3,SIM_X7R_4U7_16V,FICTIONAL-MLCC-04,4700,16,1210,X7R,15.017835888,0.938614742997,15.7058373795,37.9258158761,TESTER_3,1,139,synthetic,True,mlcc-synthetic-1.0.0,0,0.177609445807,122.680646603,25.0756692944,4493.15596425,0.663087200257,0.0884290658537
MLCC_C010548,MLCC_B023,MLCC_X7R,leakage_ua,1.3,SIM_X7R_4U7_16V,FICTIONAL-MLCC-04,4700,16,1210,X7R,15.017835888,0.938614742997,15.7058373795,37.9258158761,TESTER_3,1,139,synthetic,True,mlcc-synthetic-1.0.0,24,0.153545541988,122.249301512,25.0756692944,4466.78341214,0.64104573388,0.102287811005
MLCC_C010628,MLCC_B023,MLCC_X7R,leakage_ua,1.3,SIM_X7R_4U7_16V,FICTIONAL-MLCC-04,4700,16,1210,X7R,15.017835888,0.938614742997,15.7058373795,16.3086082056,TESTER_3,5,110,synthetic,True,mlcc-synthetic-1.0.0,0,0.151227864538,122.401500194,25.0756692944,5002.33998847,0.590853938456,0.103855446399
MLCC_C010628,MLCC_B023,MLCC_X7R,leakage_ua,1.3,SIM_X7R_4U7_16V,FICTIONAL-MLCC-04,4700,16,1210,X7R,15.017835888,0.938614742997,15.7058373795,16.3086082056,TESTER_3,5,110,synthetic,True,mlcc-synthetic-1.0.0,24,0.125712926058,122.50196328,25.0756692944,4996.78547218,0.586655717404,0.124934148556
MLCC_C010633,MLCC_B023,MLCC_X7R,leakage_ua,1.3,SIM_X7R_4U7_16V,FICTIONAL-MLCC-04,4700,16,1210,X7R,15.017835888,0.938614742997,15.7058373795,38.5559622168,TESTER_3,3,125,synthetic,True,mlcc-synthetic-1.0.0,0,0.190652668209,122.746060049,25.0756692944,4932.90364996,0.82496929668,0.0823793211345
MLCC_C010633,MLCC_B023,MLCC_X7R,leakage_ua,1.3,SIM_X7R_4U7_16V,FICTIONAL-MLCC-04,4700,16,1210,X7R,15.017835888,0.938614742997,15.7058373795,38.5559622168,TESTER_3,3,125,synthetic,True,mlcc-synthetic-1.0.0,24,0.181663470947,122.455181936,25.0756692944,4893.27173854,0.877045861339,0.0864556715647
MLCC_C010661,MLCC_B023,MLCC_X7R,leakage_ua,1.3,SIM_X7R_4U7_16V,FICTIONAL-MLCC-04,4700,16,1210,X7R,15.017835888,0.938614742997,15.7058373795,17.087483588,TESTER_3,10,195,synthetic,True,mlcc-synthetic-1.0.0,0,0.161852332347,122.773835039,25.0756692944,4934.43568396,0.494052104795,0.0970380664385
MLCC_C010661,MLCC_B023,MLCC_X7R,leakage_ua,1.3,SIM_X7R_4U7_16V,FICTIONAL-MLCC-04,4700,16,1210,X7R,15.017835888,0.938614742997,15.7058373795,17.087483588,TESTER_3,10,195,synthetic,True,mlcc-synthetic-1.0.0,24,0.144703851044,122.603827459,25.0756692944,4942.82311727,0.508357926467,0.108537798174
MLCC_C010805,MLCC_B023,MLCC_X7R,leakage_ua,1.3,SIM_X7R_4U7_16V,FICTIONAL-MLCC-04,4700,16,1210,X7R,15.017835888,0.938614742997,15.7058373795,26.4856053871,TESTER_3,6,69,synthetic,True,mlcc-synthetic-1.0.0,0,0.268535797377,123.157588679,25.0756692944,4637.77865851,0.57765253251,0.0584869411563
MLCC_C010805,MLCC_B023,MLCC_X7R,leakage_ua,1.3,SIM_X7R_4U7_16V,FICTIONAL-MLCC-04,4700,16,1210,X7R,15.017835888,0.938614742997,15.7058373795,26.4856053871,TESTER_3,6,69,synthetic,True,mlcc-synthetic-1.0.0,24,0.262820181788,122.47231237,25.0756692944,4619.49816123,0.657732007628,0.0597588711517
MLCC_C010833,MLCC_B023,MLCC_X7R,leakage_ua,1.3,SIM_X7R_4U7_16V,FICTIONAL-MLCC-04,4700,16,1210,X7R,15.017835888,0.938614742997,15.7058373795,26.6362932565,TESTER_3,5,85,synthetic,True,mlcc-synthetic-1.0.0,0,0.21094157251,122.913268494,25.0756692944,4755.35090103,0.822782111957,0.0744558656346
MLCC_C010833,MLCC_B023,MLCC_X7R,leakage_ua,1.3,SIM_X7R_4U7_16V,FICTIONAL-MLCC-04,4700,16,1210,X7R,15.017835888,0.938614742997,15.7058373795,26.6362932565,TESTER_3,5,85,synthetic,True,mlcc-synthetic-1.0.0,24,0.194743918425,122.587104062,25.0756692944,4707.41849884,0.891461486231,0.0806486667546
MLCC_C010835,MLCC_B023,MLCC_X7R,leakage_ua,1.3,SIM_X7R_4U7_16V,FICTIONAL-MLCC-04,4700,16,1210,X7R,15.017835888,0.938614742997,15.7058373795,30.3387480071,TESTER_3,15,114,synthetic,True,mlcc-synthetic-1.0.0,0,0.164795628238,122.560202072,25.0756692944,4654.78359835,0.876448753714,0.0953049395028
MLCC_C010835,MLCC_B023,MLCC_X7R,leakage_ua,1.3,SIM_X7R_4U7_16V,FICTIONAL-MLCC-04,4700,16,1210,X7R,15.017835888,0.938614742997,15.7058373795,30.3387480071,TESTER_3,15,114,synthetic,True,mlcc-synthetic-1.0.0,24,0.156308242468,122.663713886,25.0756692944,4629.32291687,0.813329178698,0.100479905164
MLCC_C010867,MLCC_B023,MLCC_X7R,leakage_ua,1.3,SIM_X7R_4U7_16V,FICTIONAL-MLCC-04,4700,16,1210,X7R,15.017835888,0.938614742997,15.7058373795,25.7943513364,TESTER_3,15,120,synthetic,True,mlcc-synthetic-1.0.0,0,0.175934851707,122.59424683,25.0756692944,4454.85798235,0.907502665313,0.0892707569146
MLCC_C010867,MLCC_B023,MLCC_X7R,leakage_ua,1.3,SIM_X7R_4U7_16V,FICTIONAL-MLCC-04,4700,16,1210,X7R,15.017835888,0.938614742997,15.7058373795,25.7943513364,TESTER_3,15,120,synthetic,True,mlcc-synthetic-1.0.0,24,0.176126363528,122.358673418,25.0756692944,4436.07218737,0.833030309244,0.0891736879416
MLCC_C010881,MLCC_B023,MLCC_X7R,leakage_ua,1.3,SIM_X7R_4U7_16V,FICTIONAL-MLCC-04,4700,16,1210,X7R,15.017835888,0.938614742997,15.7058373795,34.8717528836,TESTER_3,14,72,synthetic,True,mlcc-synthetic-1.0.0,0,0.117892870815,122.411115746,25.0756692944,4841.45683874,0.718713149058,0.133221264958
MLCC_C010881,MLCC_B023,MLCC_X7R,leakage_ua,1.3,SIM_X7R_4U7_16V,FICTIONAL-MLCC-04,4700,16,1210,X7R,15.017835888,0.938614742997,15.7058373795,34.8717528836,TESTER_3,14,72,synthetic,True,mlcc-synthetic-1.0.0,24,0.1083989449,122.766395745,25.0756692944,4838.94723963,0.719655892644,0.144889208968
MLCC_C010965,MLCC_B023,MLCC_X7R,leakage_ua,1.3,SIM_X7R_4U7_16V,FICTIONAL-MLCC-04,4700,16,1210,X7R,15.017835888,0.938614742997,15.7058373795,24.5488463842,TESTER_3,13,196,synthetic,True,mlcc-synthetic-1.0.0,0,0.259341694561,122.834708326,25.0756692944,4350.28706744,0.769546220505,0.0605604023916
MLCC_C010965,MLCC_B023,MLCC_X7R,leakage_ua,1.3,SIM_X7R_4U7_16V,FICTIONAL-MLCC-04,4700,16,1210,X7R,15.017835888,0.938614742997,15.7058373795,24.5488463842,TESTER_3,13,196,synthetic,True,mlcc-synthetic-1.0.0,24,0.214775688072,122.793289168,25.0756692944,4344.56458851,0.637152399633,0.0731267003287
MLCC_C011124,MLCC_B023,MLCC_X7R,leakage_ua,1.3,SIM_X7R_4U7_16V,FICTIONAL-MLCC-04,4700,16,1210,X7R,15.017835888,0.938614742997,15.7058373795,34.5991184467,TESTER_3,13,157,synthetic,True,mlcc-synthetic-1.0.0,0,0.196853369897,122.798069485,25.0756692944,4989.49082572,0.772586606866,0.0797844476208
MLCC_C011124,MLCC_B023,MLCC_X7R,leakage_ua,1.3,SIM_X7R_4U7_16V,FICTIONAL-MLCC-04,4700,16,1210,X7R,15.017835888,0.938614742997,15.7058373795,34.5991184467,TESTER_3,13,157,synthetic,True,mlcc-synthetic-1.0.0,24,0.219395359725,122.746156593,25.0756692944,4937.98521091,0.733534177971,0.0715869168755
MLCC_C011132,MLCC_B023,MLCC_X7R,leakage_ua,1.3,SIM_X7R_4U7_16V,FICTIONAL-MLCC-04,4700,16,1210,X7R,15.017835888,0.938614742997,15.7058373795,19.0634335709,TESTER_3,3,162,synthetic,True,mlcc-synthetic-1.0.0,0,0.15967899103,123.023416298,25.0756692944,4660.75728823,0.610853456795,0.098358821522
MLCC_C011132,MLCC_B023,MLCC_X7R,leakage_ua,1.3,SIM_X7R_4U7_16V,FICTIONAL-MLCC-04,4700,16,1210,X7R,15.017835888,0.938614742997,15.7058373795,19.0634335709,TESTER_3,3,162,synthetic,True,mlcc-synthetic-1.0.0,24,0.141694790029,122.661879783,25.0756692944,4592.80578444,0.62232058376,0.110842730183
MLCC_C011171,MLCC_B023,MLCC_X7R,leakage_ua,1.3,SIM_X7R_4U7_16V,FICTIONAL-MLCC-04,4700,16,1210,X7R,15.017835888,0.938614742997,15.7058373795,41.9750991889,TESTER_3,13,40,synthetic,True,mlcc-synthetic-1.0.0,0,0.173207436612,122.850420914,25.0756692944,4581.93127241,0.474476727491,0.0906764610501
MLCC_C011171,MLCC_B023,MLCC_X7R,leakage_ua,1.3,SIM_X7R_4U7_16V,FICTIONAL-MLCC-04,4700,16,1210,X7R,15.017835888,0.938614742997,15.7058373795,41.9750991889,TESTER_3,13,40,synthetic,True,mlcc-synthetic-1.0.0,24,0.154288212926,122.639861299,25.0756692944,4588.5563517,0.563379984883,0.101795445561
MLCC_C011326,MLCC_B023,MLCC_X7R,leakage_ua,1.3,SIM_X7R_4U7_16V,FICTIONAL-MLCC-04,4700,16,1210,X7R,15.017835888,0.938614742997,15.7058373795,23.3199135397,TESTER_3,7,96,synthetic,True,mlcc-synthetic-1.0.0,0,0.179984792392,122.588243443,25.0756692944,4592.08679431,0.524529285637,0.0872620245902
MLCC_C011326,MLCC_B023,MLCC_X7R,leakage_ua,1.3,SIM_X7R_4U7_16V,FICTIONAL-MLCC-04,4700,16,1210,X7R,15.017835888,0.938614742997,15.7058373795,23.3199135397,TESTER_3,7,96,synthetic,True,mlcc-synthetic-1.0.0,24,0.179676167225,122.455888017,25.0756692944,4590.11813855,0.611603564153,0.0874119123428
MLCC_C011393,MLCC_B023,MLCC_X7R,leakage_ua,1.3,SIM_X7R_4U7_16V,FICTIONAL-MLCC-04,4700,16,1210,X7R,15.017835888,0.938614742997,15.7058373795,41.7536659918,TESTER_3,5,132,synthetic,True,mlcc-synthetic-1.0.0,0,0.151091178823,122.635830741,25.0756692944,4889.20312629,0.690882475305,0.103949399971
MLCC_C011393,MLCC_B023,MLCC_X7R,leakage_ua,1.3,SIM_X7R_4U7_16V,FICTIONAL-MLCC-04,4700,16,1210,X7R,15.017835888,0.938614742997,15.7058373795,41.7536659918,TESTER_3,5,132,synthetic,True,mlcc-synthetic-1.0.0,24,0.141634100627,122.757315653,25.0756692944,4870.90162343,0.629787368273,0.110890225659
MLCC_C011569,MLCC_B023,MLCC_X7R,leakage_ua,1.3,SIM_X7R_4U7_16V,FICTIONAL-MLCC-04,4700,16,1210,X7R,15.017835888,0.938614742997,15.7058373795,39.7311956209,TESTER_3,10,116,synthetic,True,mlcc-synthetic-1.0.0,0,0.174888779817,122.778868807,25.0756692944,4685.48064059,0.626697614563,0.0898047170093
MLCC_C011569,MLCC_B023,MLCC_X7R,leakage_ua,1.3,SIM_X7R_4U7_16V,FICTIONAL-MLCC-04,4700,16,1210,X7R,15.017835888,0.938614742997,15.7058373795,39.7311956209,TESTER_3,10,116,synthetic,True,mlcc-synthetic-1.0.0,24,0.318598549096,122.289638441,25.0756692944,4654.40846921,0.621871126288,0.0492966381175
MLCC_C011659,MLCC_B023,MLCC_X7R,leakage_ua,1.3,SIM_X7R_4U7_16V,FICTIONAL-MLCC-04,4700,16,1210,X7R,15.017835888,0.938614742997,15.7058373795,15.6166932633,TESTER_3,1,198,synthetic,True,mlcc-synthetic-1.0.0,0,0.247103988855,122.548090554,25.0756692944,4867.73074308,1.0161116294,0.0635596270716
MLCC_C011659,MLCC_B023,MLCC_X7R,leakage_ua,1.3,SIM_X7R_4U7_16V,FICTIONAL-MLCC-04,4700,16,1210,X7R,15.017835888,0.938614742997,15.7058373795,15.6166932633,TESTER_3,1,198,synthetic,True,mlcc-synthetic-1.0.0,24,0.234263204955,122.700647491,25.0756692944,4851.09521749,1.04866829722,0.0670435520703
MLCC_C011673,MLCC_B023,MLCC_X7R,leakage_ua,1.3,SIM_X7R_4U7_16V,FICTIONAL-MLCC-04,4700,16,1210,X7R,15.017835888,0.938614742997,15.7058373795,20.5419248836,TESTER_3,1,180,synthetic,True,mlcc-synthetic-1.0.0,0,0.135378511703,122.494204721,25.0756692944,4779.87963802,0.70872089912,0.116014256487
MLCC_C011673,MLCC_B023,MLCC_X7R,leakage_ua,1.3,SIM_X7R_4U7_16V,FICTIONAL-MLCC-04,4700,16,1210,X7R,15.017835888,0.938614742997,15.7058373795,20.5419248836,TESTER_3,1,180,synthetic,True,mlcc-synthetic-1.0.0,24,0.12594185699,122.615232518,25.0756692944,4759.42895313,0.795094167948,0.124707049387
MLCC_C011685,MLCC_B023,MLCC_X7R,leakage_ua,1.3,SIM_X7R_4U7_16V,FICTIONAL-MLCC-04,4700,16,1210,X7R,15.017835888,0.938614742997,15.7058373795,37.2370671034,TESTER_3,4,119,synthetic,True,mlcc-synthetic-1.0.0,0,0.126264335792,122.931051953,25.0756692944,4750.54130414,0.82048100102,0.12438854789
MLCC_C011685,MLCC_B023,MLCC_X7R,leakage_ua,1.3,SIM_X7R_4U7_16V,FICTIONAL-MLCC-04,4700,16,1210,X7R,15.017835888,0.938614742997,15.7058373795,37.2370671034,TESTER_3,4,119,synthetic,True,mlcc-synthetic-1.0.0,24,0.120255195617,122.519443151,25.0756692944,4742.90484634,0.753925591568,0.130604231268
MLCC_C011698,MLCC_B023,MLCC_X7R,leakage_ua,1.3,SIM_X7R_4U7_16V,FICTIONAL-MLCC-04,4700,16,1210,X7R,15.017835888,0.938614742997,15.7058373795,40.8305372048,TESTER_3,2,182,synthetic,True,mlcc-synthetic-1.0.0,0,0.124366729681,122.807916996,25.0756692944,4712.32266613,0.552698548027,0.126286486907
MLCC_C011698,MLCC_B023,MLCC_X7R,leakage_ua,1.3,SIM_X7R_4U7_16V,FICTIONAL-MLCC-04,4700,16,1210,X7R,15.017835888,0.938614742997,15.7058373795,40.8305372048,TESTER_3,2,182,synthetic,True,mlcc-synthetic-1.0.0,24,0.114105689711,122.623952724,25.0756692944,4711.56683589,0.566331949567,0.137642894227
MLCC_C011700,MLCC_B023,MLCC_X7R,leakage_ua,1.3,SIM_X7R_4U7_16V,FICTIONAL-MLCC-04,4700,16,1210,X7R,15.017835888,0.938614742997,15.7058373795,29.8618116758,TESTER_3,9,122,synthetic,True,mlcc-synthetic-1.0.0,0,0.321991910692,122.774000934,25.0756692944,4967.33733966,0.556429364681,0.0487771178654
MLCC_C011700,MLCC_B023,MLCC_X7R,leakage_ua,1.3,SIM_X7R_4U7_16V,FICTIONAL-MLCC-04,4700,16,1210,X7R,15.017835888,0.938614742997,15.7058373795,29.8618116758,TESTER_3,9,122,synthetic,True,mlcc-synthetic-1.0.0,24,0.275728174494,123.015229583,25.0756692944,4902.92597155,0.53067351847,0.056961307666
MLCC_C011807,MLCC_B023,MLCC_X7R,leakage_ua,1.3,SIM_X7R_4U7_16V,FICTIONAL-MLCC-04,4700,16,1210,X7R,15.017835888,0.938614742997,15.7058373795,49.171864839,TESTER_3,7,160,synthetic,True,mlcc-synthetic-1.0.0,0,0.17808064843,122.623677306,25.0756692944,4555.97693784,0.600281999824,0.0881950819362
MLCC_C011807,MLCC_B023,MLCC_X7R,leakage_ua,1.3,SIM_X7R_4U7_16V,FICTIONAL-MLCC-04,4700,16,1210,X7R,15.017835888,0.938614742997,15.7058373795,49.171864839,TESTER_3,7,160,synthetic,True,mlcc-synthetic-1.0.0,24,0.149541105362,122.95171907,25.0756692944,4516.91093288,0.573635644722,0.105026891045
MLCC_C011895,MLCC_B023,MLCC_X7R,leakage_ua,1.3,SIM_X7R_4U7_16V,FICTIONAL-MLCC-04,4700,16,1210,X7R,15.017835888,0.938614742997,15.7058373795,30.5323925367,TESTER_3,4,165,synthetic,True,mlcc-synthetic-1.0.0,0,0.116114733663,122.788211826,25.0756692944,4664.05224528,0.704447550705,0.135261365066
MLCC_C011895,MLCC_B023,MLCC_X7R,leakage_ua,1.3,SIM_X7R_4U7_16V,FICTIONAL-MLCC-04,4700,16,1210,X7R,15.017835888,0.938614742997,15.7058373795,30.5323925367,TESTER_3,4,165,synthetic,True,mlcc-synthetic-1.0.0,24,0.109336992638,122.466554046,25.0756692944,4652.11003753,0.76008577289,0.143646143914
MLCC_C011933,MLCC_B023,MLCC_X7R,leakage_ua,1.3,SIM_X7R_4U7_16V,FICTIONAL-MLCC-04,4700,16,1210,X7R,15.017835888,0.938614742997,15.7058373795,29.3707210133,TESTER_3,11,39,synthetic,True,mlcc-synthetic-1.0.0,0,0.229417185118,122.617616217,25.0756692944,4585.33076821,0.637532091766,0.0684597248958
MLCC_C011933,MLCC_B023,MLCC_X7R,leakage_ua,1.3,SIM_X7R_4U7_16V,FICTIONAL-MLCC-04,4700,16,1210,X7R,15.017835888,0.938614742997,15.7058373795,29.3707210133,TESTER_3,11,39,synthetic,True,mlcc-synthetic-1.0.0,24,0.22594606343,122.459923326,25.0756692944,4560.92598582,0.669254193809,0.0695114450816
MLCC_C000039,MLCC_B029,MLCC_X7R,leakage_ua,0.12,SIM_X7R_10N_50V,FICTIONAL-MLCC-01,10,50,0805,X7R,49.7800123954,0.995600247909,49.8284621484,36.3556577922,TESTER_3,8,177,synthetic,True,mlcc-synthetic-1.0.0,0,0.00902865555212,123.58814439,23.5809477333,9.93272043367,0.643190735485,5.51892381549
MLCC_C000039,MLCC_B029,MLCC_X7R,leakage_ua,0.12,SIM_X7R_10N_50V,FICTIONAL-MLCC-01,10,50,0805,X7R,49.7800123954,0.995600247909,49.8284621484,36.3556577922,TESTER_3,8,177,synthetic,True,mlcc-synthetic-1.0.0,24,0.00828076987665,123.442867104,23.5809477333,9.85415780198,0.590047031178,6.0173707144
MLCC_C000125,MLCC_B029,MLCC_X7R,leakage_ua,0.12,SIM_X7R_10N_50V,FICTIONAL-MLCC-01,10,50,0805,X7R,49.7800123954,0.995600247909,49.8284621484,26.9994625407,TESTER_3,1,137,synthetic,True,mlcc-synthetic-1.0.0,0,0.015073275816,123.460817416,23.5809477333,10.5638991179,0.628445715359,3.30574871425
MLCC_C000125,MLCC_B029,MLCC_X7R,leakage_ua,0.12,SIM_X7R_10N_50V,FICTIONAL-MLCC-01,10,50,0805,X7R,49.7800123954,0.995600247909,49.8284621484,26.9994625407,TESTER_3,1,137,synthetic,True,mlcc-synthetic-1.0.0,24,0.0137247047648,123.737979483,23.5809477333,10.5179878549,0.691968809524,3.63056714168
MLCC_C000287,MLCC_B029,MLCC_X7R,leakage_ua,0.12,SIM_X7R_10N_50V,FICTIONAL-MLCC-01,10,50,0805,X7R,49.7800123954,0.995600247909,49.8284621484,7.02526731604,TESTER_3,9,50,synthetic,True,mlcc-synthetic-1.0.0,0,0.0110234419938,123.524146361,23.5809477333,10.1094590799,0.708515218293,4.52022718282
MLCC_C000287,MLCC_B029,MLCC_X7R,leakage_ua,0.12,SIM_X7R_10N_50V,FICTIONAL-MLCC-01,10,50,0805,X7R,49.7800123954,0.995600247909,49.8284621484,7.02526731604,TESTER_3,9,50,synthetic,True,mlcc-synthetic-1.0.0,24,0.01975133126,123.511661664,23.5809477333,10.1243337814,0.613405080222,2.52279005868
MLCC_C000372,MLCC_B029,MLCC_X7R,leakage_ua,0.12,SIM_X7R_10N_50V,FICTIONAL-MLCC-01,10,50,0805,X7R,49.7800123954,0.995600247909,49.8284621484,26.5548720525,TESTER_3,5,35,synthetic,True,mlcc-synthetic-1.0.0,0,0.0149933351078,123.781620142,23.5809477333,9.72952067069,0.472131355461,3.32337413859
MLCC_C000372,MLCC_B029,MLCC_X7R,leakage_ua,0.12,SIM_X7R_10N_50V,FICTIONAL-MLCC-01,10,50,0805,X7R,49.7800123954,0.995600247909,49.8284621484,26.5548720525,TESTER_3,5,35,synthetic,True,mlcc-synthetic-1.0.0,24,0.0170872714798,123.528853359,23.5809477333,9.72557710045,0.455689300275,2.91611578872
MLCC_C000397,MLCC_B029,MLCC_X7R,leakage_ua,0.12,SIM_X7R_10N_50V,FICTIONAL-MLCC-01,10,50,0805,X7R,49.7800123954,0.995600247909,49.8284621484,28.835495371,TESTER_3,7,79,synthetic,True,mlcc-synthetic-1.0.0,0,0.0126773779781,123.537494545,23.5809477333,9.90155031767,0.977465759753,3.93050220908
MLCC_C000397,MLCC_B029,MLCC_X7R,leakage_ua,0.12,SIM_X7R_10N_50V,FICTIONAL-MLCC-01,10,50,0805,X7R,49.7800123954,0.995600247909,49.8284621484,28.835495371,TESTER_3,7,79,synthetic,True,mlcc-synthetic-1.0.0,24,0.0130045475324,123.560041072,23.5809477333,9.78544986265,0.918564941689,3.83161828769
MLCC_C000413,MLCC_B029,MLCC_X7R,leakage_ua,0.12,SIM_X7R_10N_50V,FICTIONAL-MLCC-01,10,50,0805,X7R,49.7800123954,0.995600247909,49.8284621484,15.3453693356,TESTER_3,12,27,synthetic,True,mlcc-synthetic-1.0.0,0,0.00839290984449,123.346171819,23.5809477333,9.95394485595,0.509778674762,5.9369709757
MLCC_C000413,MLCC_B029,MLCC_X7R,leakage_ua,0.12,SIM_X7R_10N_50V,FICTIONAL-MLCC-01,10,50,0805,X7R,49.7800123954,0.995600247909,49.8284621484,15.3453693356,TESTER_3,12,27,synthetic,True,mlcc-synthetic-1.0.0,24,0.00775103148424,123.37755593,23.5809477333,9.97602800014,0.507582939083,6.42862337093
MLCC_C000484,MLCC_B029,MLCC_X7R,leakage_ua,0.12,SIM_X7R_10N_50V,FICTIONAL-MLCC-01,10,50,0805,X7R,49.7800123954,0.995600247909,49.8284621484,11.6567755096,TESTER_3,9,76,synthetic,True,mlcc-synthetic-1.0.0,0,0.0145717440394,123.618121997,23.5809477333,10.1627001192,0.589508439163,3.41952631159
MLCC_C000484,MLCC_B029,MLCC_X7R,leakage_ua,0.12,SIM_X7R_10N_50V,FICTIONAL-MLCC-01,10,50,0805,X7R,49.7800123954,0.995600247909,49.8284621484,11.6567755096,TESTER_3,9,76,synthetic,True,mlcc-synthetic-1.0.0,24,0.0127289200531,123.222003058,23.5809477333,10.0412643602,0.560121861054,3.9145867788
MLCC_C000597,MLCC_B029,MLCC_X7R,leakage_ua,0.12,SIM_X7R_10N_50V,FICTIONAL-MLCC-01,10,50,0805,X7R,49.7800123954,0.995600247909,49.8284621484,25.4337422127,TESTER_3,14,193,synthetic,True,mlcc-synthetic-1.0.0,0,0.00557802993875,123.380475375,23.5809477333,9.43515862426,0.612305383653,8.93298578451
MLCC_C000597,MLCC_B029,MLCC_X7R,leakage_ua,0.12,SIM_X7R_10N_50V,FICTIONAL-MLCC-01,10,50,0805,X7R,49.7800123954,0.995600247909,49.8284621484,25.4337422127,TESTER_3,14,193,synthetic,True,mlcc-synthetic-1.0.0,24,0.0053701152859,123.694216691,23.5809477333,9.39941599921,0.52531267817,9.27884402766
MLCC_C000729,MLCC_B029,MLCC_X7R,leakage_ua,0.12,SIM_X7R_10N_50V,FICTIONAL-MLCC-01,10,50,0805,X7R,49.7800123954,0.995600247909,49.8284621484,27.6183062223,TESTER_3,6,26,synthetic,True,mlcc-synthetic-1.0.0,0,0.0115186037833,123.514198764,23.5809477333,9.7864522351,0.46222279205,4.32591163701
MLCC_C000729,MLCC_B029,MLCC_X7R,leakage_ua,0.12,SIM_X7R_10N_50V,FICTIONAL-MLCC-01,10,50,0805,X7R,49.7800123954,0.995600247909,49.8284621484,27.6183062223,TESTER_3,6,26,synthetic,True,mlcc-synthetic-1.0.0,24,0.0118508564856,123.735124301,23.5809477333,9.74891422984,0.455692778171,4.20462961552
MLCC_C000747,MLCC_B029,MLCC_X7R,leakage_ua,0.12,SIM_X7R_10N_50V,FICTIONAL-MLCC-01,10,50,0805,X7R,49.7800123954,0.995600247909,49.8284621484,13.7689077656,TESTER_3,8,68,synthetic,True,mlcc-synthetic-1.0.0,0,0.0124697770807,123.502262978,23.5809477333,10.3761027056,0.375480872956,3.99593848597
MLCC_C000747,MLCC_B029,MLCC_X7R,leakage_ua,0.12,SIM_X7R_10N_50V,FICTIONAL-MLCC-01,10,50,0805,X7R,49.7800123954,0.995600247909,49.8284621484,13.7689077656,TESTER_3,8,68,synthetic,True,mlcc-synthetic-1.0.0,24,0.0119472786131,123.626793285,23.5809477333,10.3060699062,0.402296258089,4.17069558365
MLCC_C000764,MLCC_B029,MLCC_X7R,leakage_ua,0.12,SIM_X7R_10N_50V,FICTIONAL-MLCC-01,10,50,0805,X7R,49.7800123954,0.995600247909,49.8284621484,19.5810562633,TESTER_3,4,146,synthetic,True,mlcc-synthetic-1.0.0,0,0.0118634990481,123.753108735,23.5809477333,9.91551276466,0.5175648032,4.20014887231
MLCC_C000764,MLCC_B029,MLCC_X7R,leakage_ua,0.12,SIM_X7R_10N_50V,FICTIONAL-MLCC-01,10,50,0805,X7R,49.7800123954,0.995600247909,49.8284621484,19.5810562633,TESTER_3,4,146,synthetic,True,mlcc-synthetic-1.0.0,24,0.0107600142602,123.534925999,23.5809477333,9.86753158126,0.473635189576,4.63089183189
MLCC_C000828,MLCC_B029,MLCC_X7R,leakage_ua,0.12,SIM_X7R_10N_50V,FICTIONAL-MLCC-01,10,50,0805,X7R,49.7800123954,0.995600247909,49.8284621484,11.9856048473,TESTER_3,11,186,synthetic,True,mlcc-synthetic-1.0.0,0,0.0131708924168,123.394604291,23.5809477333,10.1178392491,0.642215386376,3.78322596309
MLCC_C000828,MLCC_B029,MLCC_X7R,leakage_ua,0.12,SIM_X7R_10N_50V,FICTIONAL-MLCC-01,10,50,0805,X7R,49.7800123954,0.995600247909,49.8284621484,11.9856048473,TESTER_3,11,186,synthetic,True,mlcc-synthetic-1.0.0,24,0.0116117244361,123.433371497,23.5809477333,9.99534549393,0.57577882842,4.29121982895
MLCC_C000873,MLCC_B029,MLCC_X7R,leakage_ua,0.12,SIM_X7R_10N_50V,FICTIONAL-MLCC-01,10,50,0805,X7R,49.7800123954,0.995600247909,49.8284621484,50.8452975288,TESTER_3,1,148,synthetic,True,mlcc-synthetic-1.0.0,0,0.0150827361162,123.638593098,23.5809477333,10.127827877,1.16801138459,3.30367525922
MLCC_C000873,MLCC_B029,MLCC_X7R,leakage_ua,0.12,SIM_X7R_10N_50V,FICTIONAL-MLCC-01,10,50,0805,X7R,49.7800123954,0.995600247909,49.8284621484,50.8452975288,TESTER_3,1,148,synthetic,True,mlcc-synthetic-1.0.0,24,0.0160064188052,123.661634673,23.5809477333,10.073492665,1.15804834916,3.11303001345
MLCC_C000889,MLCC_B029,MLCC_X7R,leakage_ua,0.12,SIM_X7R_10N_50V,FICTIONAL-MLCC-01,10,50,0805,X7R,49.7800123954,0.995600247909,49.8284621484,40.1347873965,TESTER_3,4,98,synthetic,True,mlcc-synthetic-1.0.0,0,0.0118838170014,123.755958639,23.5809477333,10.284800281,0.787786071919,4.19296781012
MLCC_C000889,MLCC_B029,MLCC_X7R,leakage_ua,0.12,SIM_X7R_10N_50V,FICTIONAL-MLCC-01,10,50,0805,X7R,49.7800123954,0.995600247909,49.8284621484,40.1347873965,TESTER_3,4,98,synthetic,True,mlcc-synthetic-1.0.0,24,0.0242837092467,123.378285491,23.5809477333,10.2446559312,0.775625776128,2.0519296143
MLCC_C000957,MLCC_B029,MLCC_X7R,leakage_ua,0.12,SIM_X7R_10N_50V,FICTIONAL-MLCC-01,10,50,0805,X7R,49.7800123954,0.995600247909,49.8284621484,34.1029136703,TESTER_3,15,143,synthetic,True,mlcc-synthetic-1.0.0,0,0.00901237715966,123.715884021,23.5809477333,9.78762367947,0.77052961117,5.52889224071
MLCC_C000957,MLCC_B029,MLCC_X7R,leakage_ua,0.12,SIM_X7R_10N_50V,FICTIONAL-MLCC-01,10,50,0805,X7R,49.7800123954,0.995600247909,49.8284621484,34.1029136703,TESTER_3,15,143,synthetic,True,mlcc-synthetic-1.0.0,24,0.0106778822643,123.46302183,23.5809477333,9.72904390902,0.690392913145,4.66651166543
MLCC_C000982,MLCC_B029,MLCC_X7R,leakage_ua,0.12,SIM_X7R_10N_50V,FICTIONAL-MLCC-01,10,50,0805,X7R,49.7800123954,0.995600247909,49.8284621484,15.8651249723,TESTER_3,15,59,synthetic,True,mlcc-synthetic-1.0.0,0,0.00862203266925,123.736013894,23.5809477333,9.91506068215,0.697782769642,5.77920126957
MLCC_C000982,MLCC_B029,MLCC_X7R,leakage_ua,0.12,SIM_X7R_10N_50V,FICTIONAL-MLCC-01,10,50,0805,X7R,49.7800123954,0.995600247909,49.8284621484,15.8651249723,TESTER_3,15,59,synthetic,True,mlcc-synthetic-1.0.0,24,0.00900038230013,123.414997673,23.5809477333,9.90586976698,0.789917365458,5.53626062614
MLCC_C000989,MLCC_B029,MLCC_X7R,leakage_ua,0.12,SIM_X7R_10N_50V,FICTIONAL-MLCC-01,10,50,0805,X7R,49.7800123954,0.995600247909,49.8284621484,30.6661947994,TESTER_3,6,134,synthetic,True,mlcc-synthetic-1.0.0,0,0.0136685901385,123.792937945,23.5809477333,10.1811535517,0.817581566089,3.64547196481
MLCC_C000989,MLCC_B029,MLCC_X7R,leakage_ua,0.12,SIM_X7R_10N_50V,FICTIONAL-MLCC-01,10,50,0805,X7R,49.7800123954,0.995600247909,49.8284621484,30.6661947994,TESTER_3,6,134,synthetic,True,mlcc-synthetic-1.0.0,24,0.0115540180432,123.611590194,23.5809477333,10.0719838009,0.851780436832,4.31265227057
MLCC_C001052,MLCC_B029,MLCC_X7R,leakage_ua,0.12,SIM_X7R_10N_50V,FICTIONAL-MLCC-01,10,50,0805,X7R,49.7800123954,0.995600247909,49.8284621484,33.6608610085,TESTER_3,16,72,synthetic,True,mlcc-synthetic-1.0.0,0,0.0148738389557,123.535527584,23.5809477333,10.3443497473,1.01763158672,3.35007406608
MLCC_C001052,MLCC_B029,MLCC_X7R,leakage_ua,0.12,SIM_X7R_10N_50V,FICTIONAL-MLCC-01,10,50,0805,X7R,49.7800123954,0.995600247909,49.8284621484,33.6608610085,TESTER_3,16,72,synthetic,True,mlcc-synthetic-1.0.0,24,0.0127785881509,123.901125406,23.5809477333,10.3262696799,1.05957994181,3.89937147672
MLCC_C001071,MLCC_B029,MLCC_X7R,leakage_ua,0.12,SIM_X7R_10N_50V,FICTIONAL-MLCC-01,10,50,0805,X7R,49.7800123954,0.995600247909,49.8284621484,40.3532624504,TESTER_3,2,117,synthetic,True,mlcc-synthetic-1.0.0,0,0.0205323098448,123.628355846,23.5809477333,9.9300766267,0.506689787897,2.42683178488
MLCC_C001071,MLCC_B029,MLCC_X7R,leakage_ua,0.12,SIM_X7R_10N_50V,FICTIONAL-MLCC-01,10,50,0805,X7R,49.7800123954,0.995600247909,49.8284621484,40.3532624504,TESTER_3,2,117,synthetic,True,mlcc-synthetic-1.0.0,24,0.0184366920575,123.561489399,23.5809477333,9.93124938741,0.556313287728,2.70267909195
MLCC_C001074,MLCC_B029,MLCC_X7R,leakage_ua,0.12,SIM_X7R_10N_50V,FICTIONAL-MLCC-01,10,50,0805,X7R,49.7800123954,0.995600247909,49.8284621484,27.1865971893,TESTER_3,9,47,synthetic,True,mlcc-synthetic-1.0.0,0,0.00758629426887,123.701534596,23.5809477333,9.40113566028,0.768437866634,6.56822163529
MLCC_C001074,MLCC_B029,MLCC_X7R,leakage_ua,0.12,SIM_X7R_10N_50V,FICTIONAL-MLCC-01,10,50,0805,X7R,49.7800123954,0.995600247909,49.8284621484,27.1865971893,TESTER_3,9,47,synthetic,True,mlcc-synthetic-1.0.0,24,0.00727338020739,123.561219209,23.5809477333,9.29704734453,0.673180394479,6.85079849088
MLCC_C001095,MLCC_B029,MLCC_X7R,leakage_ua,0.12,SIM_X7R_10N_50V,FICTIONAL-MLCC-01,10,50,0805,X7R,49.7800123954,0.995600247909,49.8284621484,31.1608868504,TESTER_3,11,33,synthetic,True,mlcc-synthetic-1.0.0,0,0.0114730299016,123.405780332,23.5809477333,9.50470977609,0.782902154424,4.34309529181
MLCC_C001095,MLCC_B029,MLCC_X7R,leakage_ua,0.12,SIM_X7R_10N_50V,FICTIONAL-MLCC-01,10,50,0805,X7R,49.7800123954,0.995600247909,49.8284621484,31.1608868504,TESTER_3,11,33,synthetic,True,mlcc-synthetic-1.0.0,24,0.0110910313255,123.595813463,23.5809477333,9.52264151324,0.731128613813,4.49268067919
MLCC_C001131,MLCC_B029,MLCC_X7R,leakage_ua,0.12,SIM_X7R_10N_50V,FICTIONAL-MLCC-01,10,50,0805,X7R,49.7800123954,0.995600247909,49.8284621484,20.4809386684,TESTER_3,1,40,synthetic,True,mlcc-synthetic-1.0.0,0,0.0115074821857,123.716430871,23.5809477333,9.95334724751,0.83622906008,4.33009248628
MLCC_C001131,MLCC_B029,MLCC_X7R,leakage_ua,0.12,SIM_X7R_10N_50V,FICTIONAL-MLCC-01,10,50,0805,X7R,49.7800123954,0.995600247909,49.8284621484,20.4809386684,TESTER_3,1,40,synthetic,True,mlcc-synthetic-1.0.0,24,0.0100363243317,123.487331925,23.5809477333,9.85725732418,0.855647211984,4.96481186755
MLCC_C001249,MLCC_B029,MLCC_X7R,leakage_ua,0.12,SIM_X7R_10N_50V,FICTIONAL-MLCC-01,10,50,0805,X7R,49.7800123954,0.995600247909,49.8284621484,20.5488061323,TESTER_3,13,66,synthetic,True,mlcc-synthetic-1.0.0,0,0.0205614187198,123.146583146,23.5809477333,9.98297614262,0.455770918153,2.42339611033
MLCC_C001249,MLCC_B029,MLCC_X7R,leakage_ua,0.12,SIM_X7R_10N_50V,FICTIONAL-MLCC-01,10,50,0805,X7R,49.7800123954,0.995600247909,49.8284621484,20.5488061323,TESTER_3,13,66,synthetic,True,mlcc-synthetic-1.0.0,24,0.021828198992,123.488952218,23.5809477333,9.92832250275,0.592465822637,2.28275645492
MLCC_C001324,MLCC_B029,MLCC_X7R,leakage_ua,0.12,SIM_X7R_10N_50V,FICTIONAL-MLCC-01,10,50,0805,X7R,49.7800123954,0.995600247909,49.8284621484,43.7901272982,TESTER_3,8,152,synthetic,True,mlcc-synthetic-1.0.0,0,0.012849784414,123.43262984,23.5809477333,10.1236838963,0.903481829363,3.87776639225
MLCC_C001324,MLCC_B029,MLCC_X7R,leakage_ua,0.12,SIM_X7R_10N_50V,FICTIONAL-MLCC-01,10,50,0805,X7R,49.7800123954,0.995600247909,49.8284621484,43.7901272982,TESTER_3,8,152,synthetic,True,mlcc-synthetic-1.0.0,24,0.0111696092434,123.60040831,23.5809477333,10.1089089632,0.930688915401,4.46107478451
MLCC_C001417,MLCC_B029,MLCC_X7R,leakage_ua,0.12,SIM_X7R_10N_50V,FICTIONAL-MLCC-01,10,50,0805,X7R,49.7800123954,0.995600247909,49.8284621484,19.6152500552,TESTER_3,16,46,synthetic,True,mlcc-synthetic-1.0.0,0,0.00874560152592,123.497178222,23.5809477333,10.4028414784,0.673556002052,5.69754544621
MLCC_C001417,MLCC_B029,MLCC_X7R,leakage_ua,0.12,SIM_X7R_10N_50V,FICTIONAL-MLCC-01,10,50,0805,X7R,49.7800123954,0.995600247909,49.8284621484,19.6152500552,TESTER_3,16,46,synthetic,True,mlcc-synthetic-1.0.0,24,0.00731846762936,123.616175146,23.5809477333,10.2815931504,0.716729770763,6.80859227258
MLCC_C001441,MLCC_B029,MLCC_X7R,leakage_ua,0.12,SIM_X7R_10N_50V,FICTIONAL-MLCC-01,10,50,0805,X7R,49.7800123954,0.995600247909,49.8284621484,27.5305151413,TESTER_3,4,192,synthetic,True,mlcc-synthetic-1.0.0,0,0.0102795544177,123.365715763,23.5809477333,9.7872913849,0.698122425847,4.8473367739
MLCC_C001441,MLCC_B029,MLCC_X7R,leakage_ua,0.12,SIM_X7R_10N_50V,FICTIONAL-MLCC-01,10,50,0805,X7R,49.7800123954,0.995600247909,49.8284621484,27.5305151413,TESTER_3,4,192,synthetic,True,mlcc-synthetic-1.0.0,24,0.0102540685418,123.514184039,23.5809477333,9.80015334301,0.759472225812,4.85938454044
MLCC_C001472,MLCC_B029,MLCC_X7R,leakage_ua,0.12,SIM_X7R_10N_50V,FICTIONAL-MLCC-01,10,50,0805,X7R,49.7800123954,0.995600247909,49.8284621484,27.1957459944,TESTER_3,13,124,synthetic,True,mlcc-synthetic-1.0.0,0,0.010740068822,123.663118233,23.5809477333,10.1213657217,0.494868081777,4.63949188542
MLCC_C001472,MLCC_B029,MLCC_X7R,leakage_ua,0.12,SIM_X7R_10N_50V,FICTIONAL-MLCC-01,10,50,0805,X7R,49.7800123954,0.995600247909,49.8284621484,27.1957459944,TESTER_3,13,124,synthetic,True,mlcc-synthetic-1.0.0,24,0.00966094994773,123.526621113,23.5809477333,10.1508691961,0.55129564178,5.15771869413
MLCC_C001583,MLCC_B029,MLCC_X7R,leakage_ua,0.12,SIM_X7R_10N_50V,FICTIONAL-MLCC-01,10,50,0805,X7R,49.7800123954,0.995600247909,49.8284621484,16.1051603832,TESTER_3,7,144,synthetic,True,mlcc-synthetic-1.0.0,0,0.0128287947484,123.540589549,23.5809477333,9.04212171234,0.836037610448,3.88411094928
MLCC_C001583,MLCC_B029,MLCC_X7R,leakage_ua,0.12,SIM_X7R_10N_50V,FICTIONAL-MLCC-01,10,50,0805,X7R,49.7800123954,0.995600247909,49.8284621484,16.1051603832,TESTER_3,7,144,synthetic,True,mlcc-synthetic-1.0.0,24,0.0108540824876,123.445273629,23.5809477333,8.9734422581,0.85663239272,4.59075764398
MLCC_C001684,MLCC_B029,MLCC_X7R,leakage_ua,0.12,SIM_X7R_10N_50V,FICTIONAL-MLCC-01,10,50,0805,X7R,49.7800123954,0.995600247909,49.8284621484,21.9463824911,TESTER_3,8,139,synthetic,True,mlcc-synthetic-1.0.0,0,0.0146047408278,123.730508408,23.5809477333,9.88622251821,0.80068350536,3.41180050615
MLCC_C001684,MLCC_B029,MLCC_X7R,leakage_ua,0.12,SIM_X7R_10N_50V,FICTIONAL-MLCC-01,10,50,0805,X7R,49.7800123954,0.995600247909,49.8284621484,21.9463824911,TESTER_3,8,139,synthetic,True,mlcc-synthetic-1.0.0,24,0.0160344938732,123.556678678,23.5809477333,9.88310349739,0.785595547516,3.10757935625
MLCC_C001703,MLCC_B029,MLCC_X7R,leakage_ua,0.12,SIM_X7R_10N_50V,FICTIONAL-MLCC-01,10,50,0805,X7R,49.7800123954,0.995600247909,49.8284621484,19.6912722359,TESTER_3,12,116,synthetic,True,mlcc-synthetic-1.0.0,0,0.00769925098094,123.456065927,23.5809477333,9.96184569198,0.775331299651,6.47185840178
MLCC_C001703,MLCC_B029,MLCC_X7R,leakage_ua,0.12,SIM_X7R_10N_50V,FICTIONAL-MLCC-01,10,50,0805,X7R,49.7800123954,0.995600247909,49.8284621484,19.6912722359,TESTER_3,12,116,synthetic,True,mlcc-synthetic-1.0.0,24,0.0164345119491,123.429229933,23.5809477333,9.92824662342,0.795320571007,3.03194048614
MLCC_C001740,MLCC_B029,MLCC_X7R,leakage_ua,0.12,SIM_X7R_10N_50V,FICTIONAL-MLCC-01,10,50,0805,X7R,49.7800123954,0.995600247909,49.8284621484,22.9117163523,TESTER_3,2,90,synthetic,True,mlcc-synthetic-1.0.0,0,0.0113074982007,123.494632913,23.5809477333,10.4451231259,0.696396957587,4.40667433805
MLCC_C001740,MLCC_B029,MLCC_X7R,leakage_ua,0.12,SIM_X7R_10N_50V,FICTIONAL-MLCC-01,10,50,0805,X7R,49.7800123954,0.995600247909,49.8284621484,22.9117163523,TESTER_3,2,90,synthetic,True,mlcc-synthetic-1.0.0,24,0.0116943038412,123.745844655,23.5809477333,10.4094501378,0.725823172064,4.2609173513
MLCC_C001826,MLCC_B029,MLCC_X7R,leakage_ua,0.12,SIM_X7R_10N_50V,FICTIONAL-MLCC-01,10,50,0805,X7R,49.7800123954,0.995600247909,49.8284621484,40.6786738138,TESTER_3,13,69,synthetic,True,mlcc-synthetic-1.0.0,0,0.0109108220993,123.560081189,23.5809477333,9.9500982559,0.908147983321,4.56688430028
MLCC_C001826,MLCC_B029,MLCC_X7R,leakage_ua,0.12,SIM_X7R_10N_50V,FICTIONAL-MLCC-01,10,50,0805,X7R,49.7800123954,0.995600247909,49.8284621484,40.6786738138,TESTER_3,13,69,synthetic,True,mlcc-synthetic-1.0.0,24,0.00984164116922,123.582858024,23.5809477333,9.9328206233,0.942601063984,5.06302366563
MLCC_C001843,MLCC_B029,MLCC_X7R,leakage_ua,0.12,SIM_X7R_10N_50V,FICTIONAL-MLCC-01,10,50,0805,X7R,49.7800123954,0.995600247909,49.8284621484,44.4087750748,TESTER_3,14,198,synthetic,True,mlcc-synthetic-1.0.0,0,0.00795929772341,123.520719224,23.5809477333,10.3958256869,0.854628083054,6.26040938283
MLCC_C001843,MLCC_B029,MLCC_X7R,leakage_ua,0.12,SIM_X7R_10N_50V,FICTIONAL-MLCC-01,10,50,0805,X7R,49.7800123954,0.995600247909,49.8284621484,44.4087750748,TESTER_3,14,198,synthetic,True,mlcc-synthetic-1.0.0,24,0.00698334715699,123.474828588,23.5809477333,10.3327697561,0.905338182356,7.13532651725
MLCC_C001859,MLCC_B029,MLCC_X7R,leakage_ua,0.12,SIM_X7R_10N_50V,FICTIONAL-MLCC-01,10,50,0805,X7R,49.7800123954,0.995600247909,49.8284621484,25.3065992476,TESTER_3,10,112,synthetic,True,mlcc-synthetic-1.0.0,0,0.0101815871311,123.402005023,23.5809477333,9.4384615623,0.69490378115,4.89397787466
MLCC_C001859,MLCC_B029,MLCC_X7R,leakage_ua,0.12,SIM_X7R_10N_50V,FICTIONAL-MLCC-01,10,50,0805,X7R,49.7800123954,0.995600247909,49.8284621484,25.3065992476,TESTER_3,10,112,synthetic,True,mlcc-synthetic-1.0.0,24,0.0106627988201,123.628119974,23.5809477333,9.37778793104,0.727910757706,4.67311284674
MLCC_C002005,MLCC_B029,MLCC_X7R,leakage_ua,0.12,SIM_X7R_10N_50V,FICTIONAL-MLCC-01,10,50,0805,X7R,49.7800123954,0.995600247909,49.8284621484,5.99314295606,TESTER_3,10,1,synthetic,True,mlcc-synthetic-1.0.0,0,0.0157425959208,123.686463353,23.5809477333,10.2892128491,0.843609075869,3.16519984372
MLCC_C002005,MLCC_B029,MLCC_X7R,leakage_ua,0.12,SIM_X7R_10N_50V,FICTIONAL-MLCC-01,10,50,0805,X7R,49.7800123954,0.995600247909,49.8284621484,5.99314295606,TESTER_3,10,1,synthetic,True,mlcc-synthetic-1.0.0,24,0.0139785486692,123.611053401,23.5809477333,10.2160657361,0.895891661474,3.56463774085
MLCC_C002142,MLCC_B029,MLCC_X7R,leakage_ua,0.12,SIM_X7R_10N_50V,FICTIONAL-MLCC-01,10,50,0805,X7R,49.7800123954,0.995600247909,49.8284621484,45.5983324037,TESTER_3,4,158,synthetic,True,mlcc-synthetic-1.0.0,0,0.0147962596913,123.990130848,23.5809477333,10.0183427492,0.813871347307,3.36763906474
MLCC_C002142,MLCC_B029,MLCC_X7R,leakage_ua,0.12,SIM_X7R_10N_50V,FICTIONAL-MLCC-01,10,50,0805,X7R,49.7800123954,0.995600247909,49.8284621484,45.5983324037,TESTER_3,4,158,synthetic,True,mlcc-synthetic-1.0.0,24,0.0130202234962,123.779600675,23.5809477333,9.94650218343,0.791393113083,3.82700513267
MLCC_C002259,MLCC_B029,MLCC_X7R,leakage_ua,0.12,SIM_X7R_10N_50V,FICTIONAL-MLCC-01,10,50,0805,X7R,49.7800123954,0.995600247909,49.8284621484,10.2801338082,TESTER_3,11,28,synthetic,True,mlcc-synthetic-1.0.0,0,0.0111177203356,123.405905549,23.5809477333,10.3221861698,0.703135813563,4.48189562645
MLCC_C002259,MLCC_B029,MLCC_X7R,leakage_ua,0.12,SIM_X7R_10N_50V,FICTIONAL-MLCC-01,10,50,0805,X7R,49.7800123954,0.995600247909,49.8284621484,10.2801338082,TESTER_3,11,28,synthetic,True,mlcc-synthetic-1.0.0,24,0.0106398097144,123.538936822,23.5809477333,10.2202793662,0.68128175591,4.6832098962
MLCC_C002316,MLCC_B029,MLCC_X7R,leakage_ua,0.12,SIM_X7R_10N_50V,FICTIONAL-MLCC-01,10,50,0805,X7R,49.7800123954,0.995600247909,49.8284621484,47.8346494446,TESTER_3,10,92,synthetic,True,mlcc-synthetic-1.0.0,0,0.00905465564956,123.521372826,23.5809477333,9.51592629859,0.955073800468,5.5030764368
MLCC_C002316,MLCC_B029,MLCC_X7R,leakage_ua,0.12,SIM_X7R_10N_50V,FICTIONAL-MLCC-01,10,50,0805,X7R,49.7800123954,0.995600247909,49.8284621484,47.8346494446,TESTER_3,10,92,synthetic,True,mlcc-synthetic-1.0.0,24,0.00785672919715,123.549717965,23.5809477333,9.4675002051,0.972420217107,6.34213817201
MLCC_C002453,MLCC_B029,MLCC_X7R,leakage_ua,0.12,SIM_X7R_10N_50V,FICTIONAL-MLCC-01,10,50,0805,X7R,49.7800123954,0.995600247909,49.8284621484,23.7945466491,TESTER_3,6,60,synthetic,True,mlcc-synthetic-1.0.0,0,0.00703001054078,123.529570191,23.5809477333,9.86773912813,0.448505419153,7.08796407336
MLCC_C002453,MLCC_B029,MLCC_X7R,leakage_ua,0.12,SIM_X7R_10N_50V,FICTIONAL-MLCC-01,10,50,0805,X7R,49.7800123954,0.995600247909,49.8284621484,23.7945466491,TESTER_3,6,60,synthetic,True,mlcc-synthetic-1.0.0,24,0.0063652429217,123.68997676,23.5809477333,9.77764332183,0.455993396309,7.82821060584
MLCC_C002517,MLCC_B029,MLCC_X7R,leakage_ua,0.12,SIM_X7R_10N_50V,FICTIONAL-MLCC-01,10,50,0805,X7R,49.7800123954,0.995600247909,49.8284621484,17.9512821737,TESTER_3,7,178,synthetic,True,mlcc-synthetic-1.0.0,0,0.0193506037472,123.754787936,23.5809477333,9.12190791237,0.614631692983,2.57503397823
MLCC_C002517,MLCC_B029,MLCC_X7R,leakage_ua,0.12,SIM_X7R_10N_50V,FICTIONAL-MLCC-01,10,50,0805,X7R,49.7800123954,0.995600247909,49.8284621484,17.9512821737,TESTER_3,7,178,synthetic,True,mlcc-synthetic-1.0.0,24,0.0158502878319,123.576785733,23.5809477333,9.08026809094,0.58138719268,3.14369446642
MLCC_C002551,MLCC_B029,MLCC_X7R,leakage_ua,0.12,SIM_X7R_10N_50V,FICTIONAL-MLCC-01,10,50,0805,X7R,49.7800123954,0.995600247909,49.8284621484,14.4856459237,TESTER_3,15,95,synthetic,True,mlcc-synthetic-1.0.0,0,0.00869187745914,123.600670518,23.5809477333,10.1299787014,0.873339679007,5.7327616942
MLCC_C002551,MLCC_B029,MLCC_X7R,leakage_ua,0.12,SIM_X7R_10N_50V,FICTIONAL-MLCC-01,10,50,0805,X7R,49.7800123954,0.995600247909,49.8284621484,14.4856459237,TESTER_3,15,95,synthetic,True,mlcc-synthetic-1.0.0,24,0.00781222437739,123.77094148,23.5809477333,10.0677010771,0.763010810987,6.37826817835
MLCC_C002639,MLCC_B029,MLCC_X7R,leakage_ua,0.12,SIM_X7R_10N_50V,FICTIONAL-MLCC-01,10,50,0805,X7R,49.7800123954,0.995600247909,49.8284621484,29.3336155643,TESTER_3,7,61,synthetic,True,mlcc-synthetic-1.0.0,0,0.022014440488,123.445975583,23.5809477333,9.82730762161,0.803929463081,2.26344440485
MLCC_C002639,MLCC_B029,MLCC_X7R,leakage_ua,0.12,SIM_X7R_10N_50V,FICTIONAL-MLCC-01,10,50,0805,X7R,49.7800123954,0.995600247909,49.8284621484,29.3336155643,TESTER_3,7,61,synthetic,True,mlcc-synthetic-1.0.0,24,0.0198974899018,123.53489379,23.5809477333,9.7778964656,0.868477317704,2.50425869768
MLCC_C002643,MLCC_B029,MLCC_X7R,leakage_ua,0.12,SIM_X7R_10N_50V,FICTIONAL-MLCC-01,10,50,0805,X7R,49.7800123954,0.995600247909,49.8284621484,27.6267572705,TESTER_3,5,101,synthetic,True,mlcc-synthetic-1.0.0,0,0.0118569279828,123.451828969,23.5809477333,10.3139525812,0.585317888198,4.20247657915
MLCC_C002643,MLCC_B029,MLCC_X7R,leakage_ua,0.12,SIM_X7R_10N_50V,FICTIONAL-MLCC-01,10,50,0805,X7R,49.7800123954,0.995600247909,49.8284621484,27.6267572705,TESTER_3,5,101,synthetic,True,mlcc-synthetic-1.0.0,24,0.0105851521095,123.443427928,23.5809477333,10.2361516576,0.544091434329,4.70739216904
MLCC_C002749,MLCC_B029,MLCC_X7R,leakage_ua,0.12,SIM_X7R_10N_50V,FICTIONAL-MLCC-01,10,50,0805,X7R,49.7800123954,0.995600247909,49.8284621484,11.0440457678,TESTER_3,12,82,synthetic,True,mlcc-synthetic-1.0.0,0,0.00960304438717,123.369578409,23.5809477333,9.55906319959,0.710268856922,5.18881930974
MLCC_C002749,MLCC_B029,MLCC_X7R,leakage_ua,0.12,SIM_X7R_10N_50V,FICTIONAL-MLCC-01,10,50,0805,X7R,49.7800123954,0.995600247909,49.8284621484,11.0440457678,TESTER_3,12,82,synthetic,True,mlcc-synthetic-1.0.0,24,0.00811817816453,123.569181928,23.5809477333,9.57141404346,0.656675639667,6.13788723757
MLCC_C002798,MLCC_B029,MLCC_X7R,leakage_ua,0.12,SIM_X7R_10N_50V,FICTIONAL-MLCC-01,10,50,0805,X7R,49.7800123954,0.995600247909,49.8284621484,16.7048139298,TESTER_3,12,133,synthetic,True,mlcc-synthetic-1.0.0,0,0.00861157239317,123.754427039,23.5809477333,9.88069504713,0.603175767806,5.78622113053
MLCC_C002798,MLCC_B029,MLCC_X7R,leakage_ua,0.12,SIM_X7R_10N_50V,FICTIONAL-MLCC-01,10,50,0805,X7R,49.7800123954,0.995600247909,49.8284621484,16.7048139298,TESTER_3,12,133,synthetic,True,mlcc-synthetic-1.0.0,24,0.0131377206462,123.549010596,23.5809477333,9.84380012331,0.647696995158,3.79277832816
MLCC_C002922,MLCC_B029,MLCC_X7R,leakage_ua,0.12,SIM_X7R_10N_50V,FICTIONAL-MLCC-01,10,50,0805,X7R,49.7800123954,0.995600247909,49.8284621484,37.3176834997,TESTER_3,4,121,synthetic,True,mlcc-synthetic-1.0.0,0,0.0135496902584,123.510935174,23.5809477333,10.7116564248,1.10699509582,3.67746134399
MLCC_C002922,MLCC_B029,MLCC_X7R,leakage_ua,0.12,SIM_X7R_10N_50V,FICTIONAL-MLCC-01,10,50,0805,X7R,49.7800123954,0.995600247909,49.8284621484,37.3176834997,TESTER_3,4,121,synthetic,True,mlcc-synthetic-1.0.0,24,0.0116409627416,123.679249454,23.5809477333,10.6624816422,1.07236718718,4.2804416829
MLCC_C002945,MLCC_B029,MLCC_X7R,leakage_ua,0.12,SIM_X7R_10N_50V,FICTIONAL-MLCC-01,10,50,0805,X7R,49.7800123954,0.995600247909,49.8284621484,12.0895975116,TESTER_3,7,110,synthetic,True,mlcc-synthetic-1.0.0,0,0.0103428927638,123.548464514,23.5809477333,9.83018429323,0.785272824942,4.8176524002
MLCC_C002945,MLCC_B029,MLCC_X7R,leakage_ua,0.12,SIM_X7R_10N_50V,FICTIONAL-MLCC-01,10,50,0805,X7R,49.7800123954,0.995600247909,49.8284621484,12.0895975116,TESTER_3,7,110,synthetic,True,mlcc-synthetic-1.0.0,24,0.0109165816999,123.617017233,23.5809477333,9.80766066218,0.800645264699,4.56447480708
MLCC_C003230,MLCC_B029,MLCC_X7R,leakage_ua,0.12,SIM_X7R_10N_50V,FICTIONAL-MLCC-01,10,50,0805,X7R,49.7800123954,0.995600247909,49.8284621484,11.3446743291,TESTER_3,13,132,synthetic,True,mlcc-synthetic-1.0.0,0,0.00872162495858,123.49328521,23.5809477333,9.88316745615,0.577496483463,5.71320853454
MLCC_C003230,MLCC_B029,MLCC_X7R,leakage_ua,0.12,SIM_X7R_10N_50V,FICTIONAL-MLCC-01,10,50,0805,X7R,49.7800123954,0.995600247909,49.8284621484,11.3446743291,TESTER_3,13,132,synthetic,True,mlcc-synthetic-1.0.0,24,0.00776084575944,123.570095407,23.5809477333,9.85276470083,0.56127076403,6.42049380865
MLCC_C003296,MLCC_B029,MLCC_X7R,leakage_ua,0.12,SIM_X7R_10N_50V,FICTIONAL-MLCC-01,10,50,0805,X7R,49.7800123954,0.995600247909,49.8284621484,30.3126693425,TESTER_3,6,30,synthetic,True,mlcc-synthetic-1.0.0,0,0.0142012591281,123.610875083,23.5809477333,9.65117404827,0.924799122136,3.50873550712
MLCC_C003296,MLCC_B029,MLCC_X7R,leakage_ua,0.12,SIM_X7R_10N_50V,FICTIONAL-MLCC-01,10,50,0805,X7R,49.7800123954,0.995600247909,49.8284621484,30.3126693425,TESTER_3,6,30,synthetic,True,mlcc-synthetic-1.0.0,24,0.0137113665777,123.575321153,23.5809477333,9.63184445809,0.885411308926,3.63409889641
MLCC_C003334,MLCC_B029,MLCC_X7R,leakage_ua,0.12,SIM_X7R_10N_50V,FICTIONAL-MLCC-01,10,50,0805,X7R,49.7800123954,0.995600247909,49.8284621484,32.796734354,TESTER_3,15,77,synthetic,True,mlcc-synthetic-1.0.0,0,0.0131819908639,123.435849197,23.5809477333,9.54891853335,0.736393081926,3.78004071333
MLCC_C003334,MLCC_B029,MLCC_X7R,leakage_ua,0.12,SIM_X7R_10N_50V,FICTIONAL-MLCC-01,10,50,0805,X7R,49.7800123954,0.995600247909,49.8284621484,32.796734354,TESTER_3,15,77,synthetic,True,mlcc-synthetic-1.0.0,24,0.0116528523538,123.659040434,23.5809477333,9.54783516554,0.710783722749,4.27607427224
MLCC_C003335,MLCC_B029,MLCC_X7R,leakage_ua,0.12,SIM_X7R_10N_50V,FICTIONAL-MLCC-01,10,50,0805,X7R,49.7800123954,0.995600247909,49.8284621484,31.7353170319,TESTER_3,9,136,synthetic,True,mlcc-synthetic-1.0.0,0,0.0125519850299,123.490285595,23.5809477333,9.84747976558,0.602536351814,3.96976749334
MLCC_C003335,MLCC_B029,MLCC_X7R,leakage_ua,0.12,SIM_X7R_10N_50V,FICTIONAL-MLCC-01,10,50,0805,X7R,49.7800123954,0.995600247909,49.8284621484,31.7353170319,TESTER_3,9,136,synthetic,True,mlcc-synthetic-1.0.0,24,0.0116632888308,123.417657869,23.5809477333,9.79960817784,0.652556978485,4.27224798009
MLCC_C003360,MLCC_B029,MLCC_X7R,leakage_ua,0.12,SIM_X7R_10N_50V,FICTIONAL-MLCC-01,10,50,0805,X7R,49.7800123954,0.995600247909,49.8284621484,18.8156885961,TESTER_3,5,55,synthetic,True,mlcc-synthetic-1.0.0,0,0.0153160369105,123.434227826,23.5809477333,10.0020008582,0.582368637454,3.25335218502
MLCC_C003360,MLCC_B029,MLCC_X7R,leakage_ua,0.12,SIM_X7R_10N_50V,FICTIONAL-MLCC-01,10,50,0805,X7R,49.7800123954,0.995600247909,49.8284621484,18.8156885961,TESTER_3,5,55,synthetic,True,mlcc-synthetic-1.0.0,24,0.0229544925007,123.141222369,23.5809477333,9.959088913,0.577498068181,2.17074989337
MLCC_C003411,MLCC_B029,MLCC_X7R,leakage_ua,0.12,SIM_X7R_10N_50V,FICTIONAL-MLCC-01,10,50,0805,X7R,49.7800123954,0.995600247909,49.8284621484,34.6988468913,TESTER_3,11,200,synthetic,True,mlcc-synthetic-1.0.0,0,0.00896765368322,123.59851026,23.5809477333,9.66300693344,0.651263435366,5.55646592839
MLCC_C003411,MLCC_B029,MLCC_X7R,leakage_ua,0.12,SIM_X7R_10N_50V,FICTIONAL-MLCC-01,10,50,0805,X7R,49.7800123954,0.995600247909,49.8284621484,34.6988468913,TESTER_3,11,200,synthetic,True,mlcc-synthetic-1.0.0,24,0.0084074263127,123.57951058,23.5809477333,9.64428888243,0.656123990733,5.92672005619
MLCC_C003461,MLCC_B029,MLCC_X7R,leakage_ua,0.12,SIM_X7R_10N_50V,FICTIONAL-MLCC-01,10,50,0805,X7R,49.7800123954,0.995600247909,49.8284621484,24.685026641,TESTER_3,2,81,synthetic,True,mlcc-synthetic-1.0.0,0,0.00861771818093,123.483069809,23.5809477333,10.0079745954,0.742216356708,5.78209464527
MLCC_C003461,MLCC_B029,MLCC_X7R,leakage_ua,0.12,SIM_X7R_10N_50V,FICTIONAL-MLCC-01,10,50,0805,X7R,49.7800123954,0.995600247909,49.8284621484,24.685026641,TESTER_3,2,81,synthetic,True,mlcc-synthetic-1.0.0,24,0.00713780914686,123.59589126,23.5809477333,9.90011660675,0.731839368486,6.98091825142
MLCC_C003490,MLCC_B029,MLCC_X7R,leakage_ua,0.12,SIM_X7R_10N_50V,FICTIONAL-MLCC-01,10,50,0805,X7R,49.7800123954,0.995600247909,49.8284621484,30.5725967761,TESTER_3,4,163,synthetic,True,mlcc-synthetic-1.0.0,0,0.0100467192407,123.631063171,23.5809477333,10.1406899896,0.734034841073,4.95967498986
MLCC_C003490,MLCC_B029,MLCC_X7R,leakage_ua,0.12,SIM_X7R_10N_50V,FICTIONAL-MLCC-01,10,50,0805,X7R,49.7800123954,0.995600247909,49.8284621484,30.5725967761,TESTER_3,4,163,synthetic,True,mlcc-synthetic-1.0.0,24,0.121302309711,123.488808317,23.5809477333,10.1071170956,0.768123820343,0.410779170382
MLCC_C003514,MLCC_B029,MLCC_X7R,leakage_ua,0.12,SIM_X7R_10N_50V,FICTIONAL-MLCC-01,10,50,0805,X7R,49.7800123954,0.995600247909,49.8284621484,11.8723968586,TESTER_3,14,65,synthetic,True,mlcc-synthetic-1.0.0,0,0.0146295764089,123.523670024,23.5809477333,10.0972805857,0.925547072777,3.40600853747
MLCC_C003514,MLCC_B029,MLCC_X7R,leakage_ua,0.12,SIM_X7R_10N_50V,FICTIONAL-MLCC-01,10,50,0805,X7R,49.7800123954,0.995600247909,49.8284621484,11.8723968586,TESTER_3,14,65,synthetic,True,mlcc-synthetic-1.0.0,24,0.0157648387811,123.372521077,23.5809477333,9.91936654725,0.873109648693,3.16073401323
MLCC_C003536,MLCC_B029,MLCC_X7R,leakage_ua,0.12,SIM_X7R_10N_50V,FICTIONAL-MLCC-01,10,50,0805,X7R,49.7800123954,0.995600247909,49.8284621484,24.7617317121,TESTER_3,8,83,synthetic,True,mlcc-synthetic-1.0.0,0,0.012320664508,123.408116556,23.5809477333,9.89482165461,0.65312013221,4.04429989277
MLCC_C003536,MLCC_B029,MLCC_X7R,leakage_ua,0.12,SIM_X7R_10N_50V,FICTIONAL-MLCC-01,10,50,0805,X7R,49.7800123954,0.995600247909,49.8284621484,24.7617317121,TESTER_3,8,83,synthetic,True,mlcc-synthetic-1.0.0,24,0.0121096074244,123.745320962,23.5809477333,9.85074233902,0.630755465889,4.11478757337
MLCC_C003574,MLCC_B029,MLCC_X7R,leakage_ua,0.12,SIM_X7R_10N_50V,FICTIONAL-MLCC-01,10,50,0805,X7R,49.7800123954,0.995600247909,49.8284621484,41.2365758708,TESTER_3,3,190,synthetic,True,mlcc-synthetic-1.0.0,0,0.0136894147302,123.605391532,23.5809477333,10.1375302036,0.829455482283,3.6399264052
MLCC_C003574,MLCC_B029,MLCC_X7R,leakage_ua,0.12,SIM_X7R_10N_50V,FICTIONAL-MLCC-01,10,50,0805,X7R,49.7800123954,0.995600247909,49.8284621484,41.2365758708,TESTER_3,3,190,synthetic,True,mlcc-synthetic-1.0.0,24,0.0112707003896,123.584866777,23.5809477333,10.1300880865,0.858016615894,4.42106172872
MLCC_C003577,MLCC_B029,MLCC_X7R,leakage_ua,0.12,SIM_X7R_10N_50V,FICTIONAL-MLCC-01,10,50,0805,X7R,49.7800123954,0.995600247909,49.8284621484,5,TESTER_3,3,64,synthetic,True,mlcc-synthetic-1.0.0,0,0.0142532770012,123.56205172,23.5809477333,10.3338652146,0.863222740281,3.49593024426
MLCC_C003577,MLCC_B029,MLCC_X7R,leakage_ua,0.12,SIM_X7R_10N_50V,FICTIONAL-MLCC-01,10,50,0805,X7R,49.7800123954,0.995600247909,49.8284621484,5,TESTER_3,3,64,synthetic,True,mlcc-synthetic-1.0.0,24,0.0121922894406,123.685660816,23.5809477333,10.2405647266,0.880720690908,4.08688313963
MLCC_C003618,MLCC_B029,MLCC_X7R,leakage_ua,0.12,SIM_X7R_10N_50V,FICTIONAL-MLCC-01,10,50,0805,X7R,49.7800123954,0.995600247909,49.8284621484,25.2220721123,TESTER_3,15,179,synthetic,True,mlcc-synthetic-1.0.0,0,0.0193678504983,123.547894743,23.5809477333,10.0575899119,0.637803840029,2.57274095299
MLCC_C003618,MLCC_B029,MLCC_X7R,leakage_ua,0.12,SIM_X7R_10N_50V,FICTIONAL-MLCC-01,10,50,0805,X7R,49.7800123954,0.995600247909,49.8284621484,25.2220721123,TESTER_3,15,179,synthetic,True,mlcc-synthetic-1.0.0,24,0.01661122174,123.648233497,23.5809477333,9.9969924806,0.647304913644,2.9996867737
MLCC_C003637,MLCC_B029,MLCC_X7R,leakage_ua,0.12,SIM_X7R_10N_50V,FICTIONAL-MLCC-01,10,50,0805,X7R,49.7800123954,0.995600247909,49.8284621484,28.783736979,TESTER_3,10,159,synthetic,True,mlcc-synthetic-1.0.0,0,0.0162078875969,123.57023265,23.5809477333,10.3815510385,0.594615680178,3.07433413826
MLCC_C003637,MLCC_B029,MLCC_X7R,leakage_ua,0.12,SIM_X7R_10N_50V,FICTIONAL-MLCC-01,10,50,0805,X7R,49.7800123954,0.995600247909,49.8284621484,28.783736979,TESTER_3,10,159,synthetic,True,mlcc-synthetic-1.0.0,24,0.014398156736,123.553077535,23.5809477333,10.345026797,0.565091997154,3.46075286317
MLCC_C003738,MLCC_B029,MLCC_X7R,leakage_ua,0.12,SIM_X7R_10N_50V,FICTIONAL-MLCC-01,10,50,0805,X7R,49.7800123954,0.995600247909,49.8284621484,29.0048935706,TESTER_3,2,183,synthetic,True,mlcc-synthetic-1.0.0,0,0.0134178342968,123.71743478,23.5809477333,9.80626704272,0.681867900929,3.71359945623
MLCC_C003738,MLCC_B029,MLCC_X7R,leakage_ua,0.12,SIM_X7R_10N_50V,FICTIONAL-MLCC-01,10,50,0805,X7R,49.7800123954,0.995600247909,49.8284621484,29.0048935706,TESTER_3,2,183,synthetic,True,mlcc-synthetic-1.0.0,24,0.010949089921,123.592654017,23.5809477333,9.78730729666,0.715373965227,4.55092272582
MLCC_C003777,MLCC_B029,MLCC_X7R,leakage_ua,0.12,SIM_X7R_10N_50V,FICTIONAL-MLCC-01,10,50,0805,X7R,49.7800123954,0.995600247909,49.8284621484,28.8587865782,TESTER_3,1,9,synthetic,True,mlcc-synthetic-1.0.0,0,0.0186407474515,123.372311552,23.5809477333,10.4279193251,0.880926076788,2.67309356977
MLCC_C003777,MLCC_B029,MLCC_X7R,leakage_ua,0.12,SIM_X7R_10N_50V,FICTIONAL-MLCC-01,10,50,0805,X7R,49.7800123954,0.995600247909,49.8284621484,28.8587865782,TESTER_3,1,9,synthetic,True,mlcc-synthetic-1.0.0,24,0.0183544760557,123.490317949,23.5809477333,10.3955179656,0.866962491838,2.71478531978
MLCC_C003849,MLCC_B029,MLCC_X7R,leakage_ua,0.12,SIM_X7R_10N_50V,FICTIONAL-MLCC-01,10,50,0805,X7R,49.7800123954,0.995600247909,49.8284621484,29.9630810707,TESTER_3,2,94,synthetic,True,mlcc-synthetic-1.0.0,0,0.0149280774891,123.830567634,23.5809477333,10.1958986536,0.421948407784,3.33790216354
MLCC_C003849,MLCC_B029,MLCC_X7R,leakage_ua,0.12,SIM_X7R_10N_50V,FICTIONAL-MLCC-01,10,50,0805,X7R,49.7800123954,0.995600247909,49.8284621484,29.9630810707,TESTER_3,2,94,synthetic,True,mlcc-synthetic-1.0.0,24,0.0294035124662,123.430600656,23.5809477333,10.1807562078,0.481282050741,1.69464318951
MLCC_C003862,MLCC_B029,MLCC_X7R,leakage_ua,0.12,SIM_X7R_10N_50V,FICTIONAL-MLCC-01,10,50,0805,X7R,49.7800123954,0.995600247909,49.8284621484,25.1863555769,TESTER_3,1,194,synthetic,True,mlcc-synthetic-1.0.0,0,0.0119858126808,123.619436337,23.5809477333,9.64478775954,0.52761093118,4.15728690874
MLCC_C003862,MLCC_B029,MLCC_X7R,leakage_ua,0.12,SIM_X7R_10N_50V,FICTIONAL-MLCC-01,10,50,0805,X7R,49.7800123954,0.995600247909,49.8284621484,25.1863555769,TESTER_3,1,194,synthetic,True,mlcc-synthetic-1.0.0,24,0.00966429265591,123.444020859,23.5809477333,9.61485019951,0.534748576196,5.1559347303
MLCC_C004000,MLCC_B029,MLCC_X7R,leakage_ua,0.12,SIM_X7R_10N_50V,FICTIONAL-MLCC-01,10,50,0805,X7R,49.7800123954,0.995600247909,49.8284621484,43.4472755607,TESTER_3,13,155,synthetic,True,mlcc-synthetic-1.0.0,0,0.016633108654,123.603508683,23.5809477333,9.11211846643,0.462514087574,2.99573959294
MLCC_C004000,MLCC_B029,MLCC_X7R,leakage_ua,0.12,SIM_X7R_10N_50V,FICTIONAL-MLCC-01,10,50,0805,X7R,49.7800123954,0.995600247909,49.8284621484,43.4472755607,TESTER_3,13,155,synthetic,True,mlcc-synthetic-1.0.0,24,0.0156585395107,123.41629575,23.5809477333,9.11552682116,0.517875675128,3.18219091343
MLCC_C004063,MLCC_B029,MLCC_X7R,leakage_ua,0.12,SIM_X7R_10N_50V,FICTIONAL-MLCC-01,10,50,0805,X7R,49.7800123954,0.995600247909,49.8284621484,23.7177433851,TESTER_3,16,16,synthetic,True,mlcc-synthetic-1.0.0,0,0.00808117972232,123.548609103,23.5809477333,9.71336686614,0.975276514457,6.16598861312
MLCC_C004063,MLCC_B029,MLCC_X7R,leakage_ua,0.12,SIM_X7R_10N_50V,FICTIONAL-MLCC-01,10,50,0805,X7R,49.7800123954,0.995600247909,49.8284621484,23.7177433851,TESTER_3,16,16,synthetic,True,mlcc-synthetic-1.0.0,24,0.00738042227677,123.793897475,23.5809477333,9.67953941294,0.972648442715,6.75143782833
MLCC_C004089,MLCC_B029,MLCC_X7R,leakage_ua,0.12,SIM_X7R_10N_50V,FICTIONAL-MLCC-01,10,50,0805,X7R,49.7800123954,0.995600247909,49.8284621484,21.7655298396,TESTER_3,3,38,synthetic,True,mlcc-synthetic-1.0.0,0,0.0177400982832,123.810503802,23.5809477333,10.3771181497,0.661857820219,2.80880417645
MLCC_C004089,MLCC_B029,MLCC_X7R,leakage_ua,0.12,SIM_X7R_10N_50V,FICTIONAL-MLCC-01,10,50,0805,X7R,49.7800123954,0.995600247909,49.8284621484,21.7655298396,TESTER_3,3,38,synthetic,True,mlcc-synthetic-1.0.0,24,0.0164621347134,123.413653688,23.5809477333,10.3537459776,0.682616002234,3.02685301852
MLCC_C004100,MLCC_B029,MLCC_X7R,leakage_ua,0.12,SIM_X7R_10N_50V,FICTIONAL-MLCC-01,10,50,0805,X7R,49.7800123954,0.995600247909,49.8284621484,41.6238737986,TESTER_3,10,5,synthetic,True,mlcc-synthetic-1.0.0,0,0.0154925437778,123.918712633,23.5809477333,10.3317631415,0.774561341412,3.2162866772
MLCC_C004100,MLCC_B029,MLCC_X7R,leakage_ua,0.12,SIM_X7R_10N_50V,FICTIONAL-MLCC-01,10,50,0805,X7R,49.7800123954,0.995600247909,49.8284621484,41.6238737986,TESTER_3,10,5,synthetic,True,mlcc-synthetic-1.0.0,24,0.0150073179071,123.694989006,23.5809477333,10.230308235,0.770725088303,3.32027764434
MLCC_C004121,MLCC_B029,MLCC_X7R,leakage_ua,0.12,SIM_X7R_10N_50V,FICTIONAL-MLCC-01,10,50,0805,X7R,49.7800123954,0.995600247909,49.8284621484,5,TESTER_3,5,196,synthetic,True,mlcc-synthetic-1.0.0,0,0.0112438757857,123.530804329,23.5809477333,10.4016553922,0.742137806036,4.43160909085
MLCC_C004121,MLCC_B029,MLCC_X7R,leakage_ua,0.12,SIM_X7R_10N_50V,FICTIONAL-MLCC-01,10,50,0805,X7R,49.7800123954,0.995600247909,49.8284621484,5,TESTER_3,5,196,synthetic,True,mlcc-synthetic-1.0.0,24,0.0236053759436,123.649376791,23.5809477333,10.270069731,0.665563321429,2.11089466516
MLCC_C004124,MLCC_B029,MLCC_X7R,leakage_ua,0.12,SIM_X7R_10N_50V,FICTIONAL-MLCC-01,10,50,0805,X7R,49.7800123954,0.995600247909,49.8284621484,16.8149616381,TESTER_3,8,109,synthetic,True,mlcc-synthetic-1.0.0,0,0.0116146799895,123.758824028,23.5809477333,9.46501705534,0.564415394538,4.29012785489
MLCC_C004124,MLCC_B029,MLCC_X7R,leakage_ua,0.12,SIM_X7R_10N_50V,FICTIONAL-MLCC-01,10,50,0805,X7R,49.7800123954,0.995600247909,49.8284621484,16.8149616381,TESTER_3,8,109,synthetic,True,mlcc-synthetic-1.0.0,24,0.01182107244,123.335029792,23.5809477333,9.41343749941,0.636437553723,4.21522348343
MLCC_C004157,MLCC_B029,MLCC_X7R,leakage_ua,0.12,SIM_X7R_10N_50V,FICTIONAL-MLCC-01,10,50,0805,X7R,49.7800123954,0.995600247909,49.8284621484,15.9324359238,TESTER_3,1,31,synthetic,True,mlcc-synthetic-1.0.0,0,0.0110782676136,123.44569059,23.5809477333,9.83123089717,0.514485165548,4.49785687494
MLCC_C004157,MLCC_B029,MLCC_X7R,leakage_ua,0.12,SIM_X7R_10N_50V,FICTIONAL-MLCC-01,10,50,0805,X7R,49.7800123954,0.995600247909,49.8284621484,15.9324359238,TESTER_3,1,31,synthetic,True,mlcc-synthetic-1.0.0,24,0.00948304338635,123.397245933,23.5809477333,9.79544228677,0.546783819699,5.2544800354
MLCC_C004214,MLCC_B029,MLCC_X7R,leakage_ua,0.12,SIM_X7R_10N_50V,FICTIONAL-MLCC-01,10,50,0805,X7R,49.7800123954,0.995600247909,49.8284621484,21.8142615408,TESTER_3,15,129,synthetic,True,mlcc-synthetic-1.0.0,0,0.00815212497913,123.613379155,23.5809477333,10.2861888926,0.454852788976,6.11232804649
MLCC_C004214,MLCC_B029,MLCC_X7R,leakage_ua,0.12,SIM_X7R_10N_50V,FICTIONAL-MLCC-01,10,50,0805,X7R,49.7800123954,0.995600247909,49.8284621484,21.8142615408,TESTER_3,15,129,synthetic,True,mlcc-synthetic-1.0.0,24,0.00711734197413,123.456869656,23.5809477333,10.2511880149,0.445750731266,7.00099311366
MLCC_C004272,MLCC_B029,MLCC_X7R,leakage_ua,0.12,SIM_X7R_10N_50V,FICTIONAL-MLCC-01,10,50,0805,X7R,49.7800123954,0.995600247909,49.8284621484,16.1218165107,TESTER_3,13,147,synthetic,True,mlcc-synthetic-1.0.0,0,0.0142430178239,123.17109979,23.5809477333,9.91729864135,0.783666215244,3.49844834603
MLCC_C004272,MLCC_B029,MLCC_X7R,leakage_ua,0.12,SIM_X7R_10N_50V,FICTIONAL-MLCC-01,10,50,0805,X7R,49.7800123954,0.995600247909,49.8284621484,16.1218165107,TESTER_3,13,147,synthetic,True,mlcc-synthetic-1.0.0,24,0.0139135923242,123.362679645,23.5809477333,9.88454277703,0.764232107993,3.58127944152
MLCC_C004286,MLCC_B029,MLCC_X7R,leakage_ua,0.12,SIM_X7R_10N_50V,FICTIONAL-MLCC-01,10,50,0805,X7R,49.7800123954,0.995600247909,49.8284621484,18.9441401288,TESTER_3,10,174,synthetic,True,mlcc-synthetic-1.0.0,0,0.0157829982647,123.483974377,23.5809477333,9.88340907642,0.583610345444,3.15709735963
MLCC_C004286,MLCC_B029,MLCC_X7R,leakage_ua,0.12,SIM_X7R_10N_50V,FICTIONAL-MLCC-01,10,50,0805,X7R,49.7800123954,0.995600247909,49.8284621484,18.9441401288,TESTER_3,10,174,synthetic,True,mlcc-synthetic-1.0.0,24,0.0134317745499,123.702100674,23.5809477333,9.82229923839,0.561690960568,3.70974527331
MLCC_C004398,MLCC_B029,MLCC_X7R,leakage_ua,0.12,SIM_X7R_10N_50V,FICTIONAL-MLCC-01,10,50,0805,X7R,49.7800123954,0.995600247909,49.8284621484,31.648005945,TESTER_3,3,74,synthetic,True,mlcc-synthetic-1.0.0,0,0.0193123086984,123.637470638,23.5809477333,9.91290055004,0.731110964583,2.58014010269
MLCC_C004398,MLCC_B029,MLCC_X7R,leakage_ua,0.12,SIM_X7R_10N_50V,FICTIONAL-MLCC-01,10,50,0805,X7R,49.7800123954,0.995600247909,49.8284621484,31.648005945,TESTER_3,3,74,synthetic,True,mlcc-synthetic-1.0.0,24,0.015566375718,123.54132981,23.5809477333,9.9402541943,0.730999221721,3.20103170136
MLCC_C004472,MLCC_B029,MLCC_X7R,leakage_ua,0.12,SIM_X7R_10N_50V,FICTIONAL-MLCC-01,10,50,0805,X7R,49.7800123954,0.995600247909,49.8284621484,20.3118382401,TESTER_3,15,150,synthetic,True,mlcc-synthetic-1.0.0,0,0.0135949283544,123.507130356,23.5809477333,9.97747916051,0.493404238823,3.66522432848
MLCC_C004472,MLCC_B029,MLCC_X7R,leakage_ua,0.12,SIM_X7R_10N_50V,FICTIONAL-MLCC-01,10,50,0805,X7R,49.7800123954,0.995600247909,49.8284621484,20.3118382401,TESTER_3,15,150,synthetic,True,mlcc-synthetic-1.0.0,24,0.0117718936512,123.316493138,23.5809477333,9.96285179106,0.538472092003,4.23283318935
MLCC_C004533,MLCC_B029,MLCC_X7R,leakage_ua,0.12,SIM_X7R_10N_50V,FICTIONAL-MLCC-01,10,50,0805,X7R,49.7800123954,0.995600247909,49.8284621484,17.7378203692,TESTER_3,16,63,synthetic,True,mlcc-synthetic-1.0.0,0,0.012474216201,123.663527307,23.5809477333,9.58583411354,0.69509540231,3.99451647668
MLCC_C004533,MLCC_B029,MLCC_X7R,leakage_ua,0.12,SIM_X7R_10N_50V,FICTIONAL-MLCC-01,10,50,0805,X7R,49.7800123954,0.995600247909,49.8284621484,17.7378203692,TESTER_3,16,63,synthetic,True,mlcc-synthetic-1.0.0,24,0.0123756039409,123.329659308,23.5809477333,9.57735612436,0.69144507501,4.02634589686
MLCC_C004542,MLCC_B029,MLCC_X7R,leakage_ua,0.12,SIM_X7R_10N_50V,FICTIONAL-MLCC-01,10,50,0805,X7R,49.7800123954,0.995600247909,49.8284621484,27.1780140574,TESTER_3,7,105,synthetic,True,mlcc-synthetic-1.0.0,0,0.0100365453751,123.65937086,23.5809477333,9.48859829903,0.630692176979,4.96470252323
MLCC_C004542,MLCC_B029,MLCC_X7R,leakage_ua,0.12,SIM_X7R_10N_50V,FICTIONAL-MLCC-01,10,50,0805,X7R,49.7800123954,0.995600247909,49.8284621484,27.1780140574,TESTER_3,7,105,synthetic,True,mlcc-synthetic-1.0.0,24,0.0105012169683,123.492180826,23.5809477333,9.42033842225,0.658133378847,4.74501786782
MLCC_C004554,MLCC_B029,MLCC_X7R,leakage_ua,0.12,SIM_X7R_10N_50V,FICTIONAL-MLCC-01,10,50,0805,X7R,49.7800123954,0.995600247909,49.8284621484,24.7144628327,TESTER_3,16,7,synthetic,True,mlcc-synthetic-1.0.0,0,0.0134217236733,123.625951184,23.5809477333,9.86908070631,0.983168384697,3.71252332125
MLCC_C004554,MLCC_B029,MLCC_X7R,leakage_ua,0.12,SIM_X7R_10N_50V,FICTIONAL-MLCC-01,10,50,0805,X7R,49.7800123954,0.995600247909,49.8284621484,24.7144628327,TESTER_3,16,7,synthetic,True,mlcc-synthetic-1.0.0,24,0.0127132119221,123.715089114,23.5809477333,9.79914715628,0.957627799651,3.91942354565
MLCC_C004556,MLCC_B029,MLCC_X7R,leakage_ua,0.12,SIM_X7R_10N_50V,FICTIONAL-MLCC-01,10,50,0805,X7R,49.7800123954,0.995600247909,49.8284621484,5,TESTER_3,8,182,synthetic,True,mlcc-synthetic-1.0.0,0,0.0128965478739,123.625633524,23.5809477333,10.6782251619,0.633492990596,3.86370543775
MLCC_C004556,MLCC_B029,MLCC_X7R,leakage_ua,0.12,SIM_X7R_10N_50V,FICTIONAL-MLCC-01,10,50,0805,X7R,49.7800123954,0.995600247909,49.8284621484,5,TESTER_3,8,182,synthetic,True,mlcc-synthetic-1.0.0,24,0.0110174389334,123.615971343,23.5809477333,10.5544608346,0.684993829171,4.52269011426
MLCC_C004579,MLCC_B029,MLCC_X7R,leakage_ua,0.12,SIM_X7R_10N_50V,FICTIONAL-MLCC-01,10,50,0805,X7R,49.7800123954,0.995600247909,49.8284621484,18.4951174459,TESTER_3,1,6,synthetic,True,mlcc-synthetic-1.0.0,0,0.0237374648016,123.566919236,23.5809477333,9.4616226546,0.912011571032,2.0991484375
MLCC_C004579,MLCC_B029,MLCC_X7R,leakage_ua,0.12,SIM_X7R_10N_50V,FICTIONAL-MLCC-01,10,50,0805,X7R,49.7800123954,0.995600247909,49.8284621484,18.4951174459,TESTER_3,1,6,synthetic,True,mlcc-synthetic-1.0.0,24,0.0201302574027,123.669275795,23.5809477333,9.37720750419,0.930455680862,2.47530178832
MLCC_C004617,MLCC_B029,MLCC_X7R,leakage_ua,0.12,SIM_X7R_10N_50V,FICTIONAL-MLCC-01,10,50,0805,X7R,49.7800123954,0.995600247909,49.8284621484,25.7762090925,TESTER_3,10,11,synthetic,True,mlcc-synthetic-1.0.0,0,0.00703279804067,123.417315064,23.5809477333,9.6744542632,0.818145463021,7.08515470802
MLCC_C004617,MLCC_B029,MLCC_X7R,leakage_ua,0.12,SIM_X7R_10N_50V,FICTIONAL-MLCC-01,10,50,0805,X7R,49.7800123954,0.995600247909,49.8284621484,25.7762090925,TESTER_3,10,11,synthetic,True,mlcc-synthetic-1.0.0,24,0.00686791345335,123.470665454,23.5809477333,9.6473863456,0.875165548307,7.25525481457
MLCC_C004639,MLCC_B029,MLCC_X7R,leakage_ua,0.12,SIM_X7R_10N_50V,FICTIONAL-MLCC-01,10,50,0805,X7R,49.7800123954,0.995600247909,49.8284621484,30.2859722578,TESTER_3,12,54,synthetic,True,mlcc-synthetic-1.0.0,0,0.013579070597,123.66061624,23.5809477333,9.97055234224,0.658312474404,3.66950460949
MLCC_C004639,MLCC_B029,MLCC_X7R,leakage_ua,0.12,SIM_X7R_10N_50V,FICTIONAL-MLCC-01,10,50,0805,X7R,49.7800123954,0.995600247909,49.8284621484,30.2859722578,TESTER_3,12,54,synthetic,True,mlcc-synthetic-1.0.0,24,0.0119576789096,123.506383657,23.5809477333,9.97521829061,0.711296498418,4.16706808446
MLCC_C004669,MLCC_B029,MLCC_X7R,leakage_ua,0.12,SIM_X7R_10N_50V,FICTIONAL-MLCC-01,10,50,0805,X7R,49.7800123954,0.995600247909,49.8284621484,27.7387089905,TESTER_3,8,184,synthetic,True,mlcc-synthetic-1.0.0,0,0.0146700799357,123.563237218,23.5809477333,9.93812178906,0.748293034818,3.39660467883
MLCC_C004669,MLCC_B029,MLCC_X7R,leakage_ua,0.12,SIM_X7R_10N_50V,FICTIONAL-MLCC-01,10,50,0805,X7R,49.7800123954,0.995600247909,49.8284621484,27.7387089905,TESTER_3,8,184,synthetic,True,mlcc-synthetic-1.0.0,24,0.0117526872287,123.64053599,23.5809477333,9.93366754157,0.77163402868,4.23975055057
MLCC_C004703,MLCC_B029,MLCC_X7R,leakage_ua,0.12,SIM_X7R_10N_50V,FICTIONAL-MLCC-01,10,50,0805,X7R,49.7800123954,0.995600247909,49.8284621484,28.3902421809,TESTER_3,13,24,synthetic,True,mlcc-synthetic-1.0.0,0,0.0116762283019,123.482970759,23.5809477333,10.1186094765,0.994500120438,4.26751352064
MLCC_C004703,MLCC_B029,MLCC_X7R,leakage_ua,0.12,SIM_X7R_10N_50V,FICTIONAL-MLCC-01,10,50,0805,X7R,49.7800123954,0.995600247909,49.8284621484,28.3902421809,TESTER_3,13,24,synthetic,True,mlcc-synthetic-1.0.0,24,0.00990595230466,123.547212519,23.5809477333,10.1332012533,1.03589268126,5.03015365065
MLCC_C004711,MLCC_B029,MLCC_X7R,leakage_ua,0.12,SIM_X7R_10N_50V,FICTIONAL-MLCC-01,10,50,0805,X7R,49.7800123954,0.995600247909,49.8284621484,25.6998453639,TESTER_3,7,52,synthetic,True,mlcc-synthetic-1.0.0,0,0.0139458005444,123.625685368,23.5809477333,10.2510150244,0.783535071119,3.57300837552
MLCC_C004711,MLCC_B029,MLCC_X7R,leakage_ua,0.12,SIM_X7R_10N_50V,FICTIONAL-MLCC-01,10,50,0805,X7R,49.7800123954,0.995600247909,49.8284621484,25.6998453639,TESTER_3,7,52,synthetic,True,mlcc-synthetic-1.0.0,24,0.0114930654284,123.892288746,23.5809477333,10.175439339,0.768677842036,4.33552410008
MLCC_C004732,MLCC_B029,MLCC_X7R,leakage_ua,0.12,SIM_X7R_10N_50V,FICTIONAL-MLCC-01,10,50,0805,X7R,49.7800123954,0.995600247909,49.8284621484,35.9290043084,TESTER_3,14,43,synthetic,True,mlcc-synthetic-1.0.0,0,0.0128025070534,123.638086983,23.5809477333,10.5234106499,0.598573072538,3.89208628752
MLCC_C004732,MLCC_B029,MLCC_X7R,leakage_ua,0.12,SIM_X7R_10N_50V,FICTIONAL-MLCC-01,10,50,0805,X7R,49.7800123954,0.995600247909,49.8284621484,35.9290043084,TESTER_3,14,43,synthetic,True,mlcc-synthetic-1.0.0,24,0.0747463829495,123.500592783,23.5809477333,10.4132954104,0.590035140033,0.666633757812
MLCC_C004797,MLCC_B029,MLCC_X7R,leakage_ua,0.12,SIM_X7R_10N_50V,FICTIONAL-MLCC-01,10,50,0805,X7R,49.7800123954,0.995600247909,49.8284621484,26.0692495049,TESTER_3,12,189,synthetic,True,mlcc-synthetic-1.0.0,0,0.0113253003033,123.679062705,23.5809477333,10.0406480702,0.549505824796,4.39974753995
MLCC_C004797,MLCC_B029,MLCC_X7R,leakage_ua,0.12,SIM_X7R_10N_50V,FICTIONAL-MLCC-01,10,50,0805,X7R,49.7800123954,0.995600247909,49.8284621484,26.0692495049,TESTER_3,12,189,synthetic,True,mlcc-synthetic-1.0.0,24,0.00970424638372,123.425620265,23.5809477333,10.0176312413,0.584414075289,5.13470703217
MLCC_C004856,MLCC_B029,MLCC_X7R,leakage_ua,0.12,SIM_X7R_10N_50V,FICTIONAL-MLCC-01,10,50,0805,X7R,49.7800123954,0.995600247909,49.8284621484,23.6756185987,TESTER_3,16,165,synthetic,True,mlcc-synthetic-1.0.0,0,0.00729444461942,123.487081679,23.5809477333,10.0971184399,1.04755338819,6.83101521063
MLCC_C004856,MLCC_B029,MLCC_X7R,leakage_ua,0.12,SIM_X7R_10N_50V,FICTIONAL-MLCC-01,10,50,0805,X7R,49.7800123954,0.995600247909,49.8284621484,23.6756185987,TESTER_3,16,165,synthetic,True,mlcc-synthetic-1.0.0,24,0.00669508353385,123.585753079,23.5809477333,9.99472160431,1.02775387096,7.44254524928
MLCC_C004895,MLCC_B029,MLCC_X7R,leakage_ua,0.12,SIM_X7R_10N_50V,FICTIONAL-MLCC-01,10,50,0805,X7R,49.7800123954,0.995600247909,49.8284621484,27.0718514823,TESTER_3,5,37,synthetic,True,mlcc-synthetic-1.0.0,0,0.0103222956635,123.907885031,23.5809477333,9.85877208247,1.0377840559,4.82726553985
MLCC_C004895,MLCC_B029,MLCC_X7R,leakage_ua,0.12,SIM_X7R_10N_50V,FICTIONAL-MLCC-01,10,50,0805,X7R,49.7800123954,0.995600247909,49.8284621484,27.0718514823,TESTER_3,5,37,synthetic,True,mlcc-synthetic-1.0.0,24,0.00928248950434,123.38741683,23.5809477333,9.74367963912,1.06425329886,5.36800630101
MLCC_C004902,MLCC_B029,MLCC_X7R,leakage_ua,0.12,SIM_X7R_10N_50V,FICTIONAL-MLCC-01,10,50,0805,X7R,49.7800123954,0.995600247909,49.8284621484,22.2339806818,TESTER_3,2,45,synthetic,True,mlcc-synthetic-1.0.0,0,0.0138921855651,123.391729228,23.5809477333,10.2008575588,0.560162387314,3.58679790986
MLCC_C004902,MLCC_B029,MLCC_X7R,leakage_ua,0.12,SIM_X7R_10N_50V,FICTIONAL-MLCC-01,10,50,0805,X7R,49.7800123954,0.995600247909,49.8284621484,22.2339806818,TESTER_3,2,45,synthetic,True,mlcc-synthetic-1.0.0,24,0.0193536500363,123.24315835,23.5809477333,10.2038111352,0.457957802891,2.57462866462
MLCC_C004903,MLCC_B029,MLCC_X7R,leakage_ua,0.12,SIM_X7R_10N_50V,FICTIONAL-MLCC-01,10,50,0805,X7R,49.7800123954,0.995600247909,49.8284621484,30.5627928459,TESTER_3,3,131,synthetic,True,mlcc-synthetic-1.0.0,0,0.0113802929901,123.478844066,23.5809477333,9.80745626098,0.474041364951,4.37848675705
MLCC_C004903,MLCC_B029,MLCC_X7R,leakage_ua,0.12,SIM_X7R_10N_50V,FICTIONAL-MLCC-01,10,50,0805,X7R,49.7800123954,0.995600247909,49.8284621484,30.5627928459,TESTER_3,3,131,synthetic,True,mlcc-synthetic-1.0.0,24,0.0263845608422,123.403438994,23.5809477333,9.71388063984,0.510349568168,1.88854620118
MLCC_C004906,MLCC_B029,MLCC_X7R,leakage_ua,0.12,SIM_X7R_10N_50V,FICTIONAL-MLCC-01,10,50,0805,X7R,49.7800123954,0.995600247909,49.8284621484,29.1820011058,TESTER_3,8,75,synthetic,True,mlcc-synthetic-1.0.0,0,0.0115434721634,123.502389748,23.5809477333,10.2417389377,0.609007002156,4.31659222141
MLCC_C004906,MLCC_B029,MLCC_X7R,leakage_ua,0.12,SIM_X7R_10N_50V,FICTIONAL-MLCC-01,10,50,0805,X7R,49.7800123954,0.995600247909,49.8284621484,29.1820011058,TESTER_3,8,75,synthetic,True,mlcc-synthetic-1.0.0,24,0.0115351962712,123.878067054,23.5809477333,10.1715109619,0.538155828494,4.31968914762
MLCC_C004948,MLCC_B029,MLCC_X7R,leakage_ua,0.12,SIM_X7R_10N_50V,FICTIONAL-MLCC-01,10,50,0805,X7R,49.7800123954,0.995600247909,49.8284621484,35.860805681,TESTER_3,10,175,synthetic,True,mlcc-synthetic-1.0.0,0,0.0275732497517,123.488465585,23.5809477333,9.84304759478,0.633225075147,1.80713055578
MLCC_C004948,MLCC_B029,MLCC_X7R,leakage_ua,0.12,SIM_X7R_10N_50V,FICTIONAL-MLCC-01,10,50,0805,X7R,49.7800123954,0.995600247909,49.8284621484,35.860805681,TESTER_3,10,175,synthetic,True,mlcc-synthetic-1.0.0,24,0.0356094632298,123.650238235,23.5809477333,9.76183047012,0.678575442238,1.39930393858
MLCC_C004971,MLCC_B029,MLCC_X7R,leakage_ua,0.12,SIM_X7R_10N_50V,FICTIONAL-MLCC-01,10,50,0805,X7R,49.7800123954,0.995600247909,49.8284621484,25.3097503668,TESTER_3,6,104,synthetic,True,mlcc-synthetic-1.0.0,0,0.0121883186451,123.20317946,23.5809477333,10.2407336788,0.726882050853,4.08821459295
MLCC_C004971,MLCC_B029,MLCC_X7R,leakage_ua,0.12,SIM_X7R_10N_50V,FICTIONAL-MLCC-01,10,50,0805,X7R,49.7800123954,0.995600247909,49.8284621484,25.3097503668,TESTER_3,6,104,synthetic,True,mlcc-synthetic-1.0.0,24,0.0117231766623,124.057864882,23.5809477333,10.1417224019,0.786529997246,4.25042320728
MLCC_C005020,MLCC_B029,MLCC_X7R,leakage_ua,0.12,SIM_X7R_10N_50V,FICTIONAL-MLCC-01,10,50,0805,X7R,49.7800123954,0.995600247909,49.8284621484,27.9149146771,TESTER_3,7,41,synthetic,True,mlcc-synthetic-1.0.0,0,0.0187235582164,123.709556478,23.5809477333,9.53114193515,0.721562351818,2.66127098132
MLCC_C005020,MLCC_B029,MLCC_X7R,leakage_ua,0.12,SIM_X7R_10N_50V,FICTIONAL-MLCC-01,10,50,0805,X7R,49.7800123954,0.995600247909,49.8284621484,27.9149146771,TESTER_3,7,41,synthetic,True,mlcc-synthetic-1.0.0,24,0.0183315161626,123.699033058,23.5809477333,9.47312105928,0.700104903392,2.7181855394
MLCC_C005090,MLCC_B029,MLCC_X7R,leakage_ua,0.12,SIM_X7R_10N_50V,FICTIONAL-MLCC-01,10,50,0805,X7R,49.7800123954,0.995600247909,49.8284621484,21.8148687604,TESTER_3,2,91,synthetic,True,mlcc-synthetic-1.0.0,0,0.0113624232009,123.542593691,23.5809477333,9.79946800434,0.662975356899,4.38537284412
MLCC_C005090,MLCC_B029,MLCC_X7R,leakage_ua,0.12,SIM_X7R_10N_50V,FICTIONAL-MLCC-01,10,50,0805,X7R,49.7800123954,0.995600247909,49.8284621484,21.8148687604,TESTER_3,2,91,synthetic,True,mlcc-synthetic-1.0.0,24,0.0101491800694,123.426541934,23.5809477333,9.74229733564,0.660567745741,4.9096046979
MLCC_C005154,MLCC_B029,MLCC_X7R,leakage_ua,0.12,SIM_X7R_10N_50V,FICTIONAL-MLCC-01,10,50,0805,X7R,49.7800123954,0.995600247909,49.8284621484,29.0053621858,TESTER_3,7,187,synthetic,True,mlcc-synthetic-1.0.0,0,0.014985851513,123.612396387,23.5809477333,9.59272344622,0.790425404978,3.32503375636
MLCC_C005154,MLCC_B029,MLCC_X7R,leakage_ua,0.12,SIM_X7R_10N_50V,FICTIONAL-MLCC-01,10,50,0805,X7R,49.7800123954,0.995600247909,49.8284621484,29.0053621858,TESTER_3,7,187,synthetic,True,mlcc-synthetic-1.0.0,24,0.014144517899,123.214810176,23.5809477333,9.53775880854,0.761365205369,3.52281092253
MLCC_C005210,MLCC_B029,MLCC_X7R,leakage_ua,0.12,SIM_X7R_10N_50V,FICTIONAL-MLCC-01,10,50,0805,X7R,49.7800123954,0.995600247909,49.8284621484,28.2655897896,TESTER_3,5,21,synthetic,True,mlcc-synthetic-1.0.0,0,0.00859578744256,123.672417366,23.5809477333,9.52870767279,0.593875124551,5.79684670908
MLCC_C005210,MLCC_B029,MLCC_X7R,leakage_ua,0.12,SIM_X7R_10N_50V,FICTIONAL-MLCC-01,10,50,0805,X7R,49.7800123954,0.995600247909,49.8284621484,28.2655897896,TESTER_3,5,21,synthetic,True,mlcc-synthetic-1.0.0,24,0.00911850917621,123.416324791,23.5809477333,9.42994645027,0.602484659197,5.46454044027
MLCC_C005282,MLCC_B029,MLCC_X7R,leakage_ua,0.12,SIM_X7R_10N_50V,FICTIONAL-MLCC-01,10,50,0805,X7R,49.7800123954,0.995600247909,49.8284621484,25.1860701918,TESTER_3,6,156,synthetic,True,mlcc-synthetic-1.0.0,0,0.0144845351686,123.38459766,23.5809477333,9.4992464589,0.823137563969,3.44011468565
MLCC_C005282,MLCC_B029,MLCC_X7R,leakage_ua,0.12,SIM_X7R_10N_50V,FICTIONAL-MLCC-01,10,50,0805,X7R,49.7800123954,0.995600247909,49.8284621484,25.1860701918,TESTER_3,6,156,synthetic,True,mlcc-synthetic-1.0.0,24,0.0976821532821,123.436156027,23.5809477333,9.33838850746,0.828383396711,0.510108146414
MLCC_C005316,MLCC_B029,MLCC_X7R,leakage_ua,0.12,SIM_X7R_10N_50V,FICTIONAL-MLCC-01,10,50,0805,X7R,49.7800123954,0.995600247909,49.8284621484,35.9462574998,TESTER_3,11,39,synthetic,True,mlcc-synthetic-1.0.0,0,0.010694365008,123.633548086,23.5809477333,9.77287941201,0.722818987066,4.65931938091
MLCC_C005316,MLCC_B029,MLCC_X7R,leakage_ua,0.12,SIM_X7R_10N_50V,FICTIONAL-MLCC-01,10,50,0805,X7R,49.7800123954,0.995600247909,49.8284621484,35.9462574998,TESTER_3,11,39,synthetic,True,mlcc-synthetic-1.0.0,24,0.00917598337168,123.653009992,23.5809477333,9.77812901465,0.767998803567,5.43031303895
MLCC_C005335,MLCC_B029,MLCC_X7R,leakage_ua,0.12,SIM_X7R_10N_50V,FICTIONAL-MLCC-01,10,50,0805,X7R,49.7800123954,0.995600247909,49.8284621484,42.2231144308,TESTER_3,14,197,synthetic,True,mlcc-synthetic-1.0.0,0,0.0115639314932,123.680726524,23.5809477333,10.0185355268,0.66746819484,4.30895514883
MLCC_C005335,MLCC_B029,MLCC_X7R,leakage_ua,0.12,SIM_X7R_10N_50V,FICTIONAL-MLCC-01,10,50,0805,X7R,49.7800123954,0.995600247909,49.8284621484,42.2231144308,TESTER_3,14,197,synthetic,True,mlcc-synthetic-1.0.0,24,0.0101440560332,123.519687059,23.5809477333,9.99573784954,0.559871420385,4.91208467159
MLCC_C005354,MLCC_B029,MLCC_X7R,leakage_ua,0.12,SIM_X7R_10N_50V,FICTIONAL-MLCC-01,10,50,0805,X7R,49.7800123954,0.995600247909,49.8284621484,21.2267507652,TESTER_3,14,199,synthetic,True,mlcc-synthetic-1.0.0,0,0.00987598739808,123.587221087,23.5809477333,9.57303310836,0.753390801354,5.04541572806
MLCC_C005354,MLCC_B029,MLCC_X7R,leakage_ua,0.12,SIM_X7R_10N_50V,FICTIONAL-MLCC-01,10,50,0805,X7R,49.7800123954,0.995600247909,49.8284621484,21.2267507652,TESTER_3,14,199,synthetic,True,mlcc-synthetic-1.0.0,24,0.00942104848941,123.423497046,23.5809477333,9.49337882436,0.707048827518,5.2890569669
MLCC_C005428,MLCC_B029,MLCC_X7R,leakage_ua,0.12,SIM_X7R_10N_50V,FICTIONAL-MLCC-01,10,50,0805,X7R,49.7800123954,0.995600247909,49.8284621484,10.5140903044,TESTER_3,7,125,synthetic,True,mlcc-synthetic-1.0.0,0,0.0105875761883,123.628105898,23.5809477333,10.3081835885,0.810250831013,4.70631438795
MLCC_C005428,MLCC_B029,MLCC_X7R,leakage_ua,0.12,SIM_X7R_10N_50V,FICTIONAL-MLCC-01,10,50,0805,X7R,49.7800123954,0.995600247909,49.8284621484,10.5140903044,TESTER_3,7,125,synthetic,True,mlcc-synthetic-1.0.0,24,0.0121427497748,123.774328528,23.5809477333,10.2657979235,0.829350766643,4.10355669619
MLCC_C005430,MLCC_B029,MLCC_X7R,leakage_ua,0.12,SIM_X7R_10N_50V,FICTIONAL-MLCC-01,10,50,0805,X7R,49.7800123954,0.995600247909,49.8284621484,28.2265282447,TESTER_3,12,73,synthetic,True,mlcc-synthetic-1.0.0,0,0.0130848988508,123.752692677,23.5809477333,10.677939709,0.944563084921,3.80808921158
MLCC_C005430,MLCC_B029,MLCC_X7R,leakage_ua,0.12,SIM_X7R_10N_50V,FICTIONAL-MLCC-01,10,50,0805,X7R,49.7800123954,0.995600247909,49.8284621484,28.2265282447,TESTER_3,12,73,synthetic,True,mlcc-synthetic-1.0.0,24,0.0121177794859,123.490933201,23.5809477333,10.7519072175,0.959918854714,4.11201261802
MLCC_C005443,MLCC_B029,MLCC_X7R,leakage_ua,0.12,SIM_X7R_10N_50V,FICTIONAL-MLCC-01,10,50,0805,X7R,49.7800123954,0.995600247909,49.8284621484,26.0047397715,TESTER_3,6,115,synthetic,True,mlcc-synthetic-1.0.0,0,0.0184631847032,123.575224838,23.5809477333,10.5072716934,0.503872567224,2.69880104377
MLCC_C005443,MLCC_B029,MLCC_X7R,leakage_ua,0.12,SIM_X7R_10N_50V,FICTIONAL-MLCC-01,10,50,0805,X7R,49.7800123954,0.995600247909,49.8284621484,26.0047397715,TESTER_3,6,115,synthetic,True,mlcc-synthetic-1.0.0,24,0.0171216801707,123.271081653,23.5809477333,10.4126193776,0.464851836393,2.91025539852
MLCC_C005675,MLCC_B029,MLCC_X7R,leakage_ua,0.12,SIM_X7R_10N_50V,FICTIONAL-MLCC-01,10,50,0805,X7R,49.7800123954,0.995600247909,49.8284621484,12.0359614687,TESTER_3,12,154,synthetic,True,mlcc-synthetic-1.0.0,0,0.011332664174,123.688224687,23.5809477333,10.082513745,0.399881050644,4.39688862064
MLCC_C005675,MLCC_B029,MLCC_X7R,leakage_ua,0.12,SIM_X7R_10N_50V,FICTIONAL-MLCC-01,10,50,0805,X7R,49.7800123954,0.995600247909,49.8284621484,12.0359614687,TESTER_3,12,154,synthetic,True,mlcc-synthetic-1.0.0,24,0.00890454975816,123.636304694,23.5809477333,9.97854433125,0.345539796549,5.59584296812
MLCC_C005725,MLCC_B029,MLCC_X7R,leakage_ua,0.12,SIM_X7R_10N_50V,FICTIONAL-MLCC-01,10,50,0805,X7R,49.7800123954,0.995600247909,49.8284621484,34.2504493199,TESTER_3,6,42,synthetic,True,mlcc-synthetic-1.0.0,0,0.0147171814227,123.542225761,23.5809477333,10.3226819308,0.756038097971,3.38573404223
MLCC_C005725,MLCC_B029,MLCC_X7R,leakage_ua,0.12,SIM_X7R_10N_50V,FICTIONAL-MLCC-01,10,50,0805,X7R,49.7800123954,0.995600247909,49.8284621484,34.2504493199,TESTER_3,6,42,synthetic,True,mlcc-synthetic-1.0.0,24,0.0137712373422,123.707573059,23.5809477333,10.2477765443,0.752665186972,3.61829956963
MLCC_C005809,MLCC_B029,MLCC_X7R,leakage_ua,0.12,SIM_X7R_10N_50V,FICTIONAL-MLCC-01,10,50,0805,X7R,49.7800123954,0.995600247909,49.8284621484,35.3163517974,TESTER_3,1,78,synthetic,True,mlcc-synthetic-1.0.0,0,0.0144738702094,123.523232409,23.5809477333,10.2724623399,0.802652186123,3.44264950754
MLCC_C005809,MLCC_B029,MLCC_X7R,leakage_ua,0.12,SIM_X7R_10N_50V,FICTIONAL-MLCC-01,10,50,0805,X7R,49.7800123954,0.995600247909,49.8284621484,35.3163517974,TESTER_3,1,78,synthetic,True,mlcc-synthetic-1.0.0,24,0.0202579672173,123.70032368,23.5809477333,10.1721606825,0.881102680712,2.45969704729
MLCC_C005818,MLCC_B029,MLCC_X7R,leakage_ua,0.12,SIM_X7R_10N_50V,FICTIONAL-MLCC-01,10,50,0805,X7R,49.7800123954,0.995600247909,49.8284621484,12.8002614779,TESTER_3,4,164,synthetic,True,mlcc-synthetic-1.0.0,0,0.0108311582236,123.488461673,23.5809477333,10.2146632567,0.871836289569,4.60047403241
MLCC_C005818,MLCC_B029,MLCC_X7R,leakage_ua,0.12,SIM_X7R_10N_50V,FICTIONAL-MLCC-01,10,50,0805,X7R,49.7800123954,0.995600247909,49.8284621484,12.8002614779,TESTER_3,4,164,synthetic,True,mlcc-synthetic-1.0.0,24,0.0182722513819,123.582637907,23.5809477333,10.195549641,0.792770870365,2.72700178577
MLCC_C005840,MLCC_B029,MLCC_X7R,leakage_ua,0.12,SIM_X7R_10N_50V,FICTIONAL-MLCC-01,10,50,0805,X7R,49.7800123954,0.995600247909,49.8284621484,31.1746825523,TESTER_3,14,107,synthetic,True,mlcc-synthetic-1.0.0,0,0.0151928992275,123.641563201,23.5809477333,9.58114463694,0.672079153068,3.2797204406
MLCC_C005840,MLCC_B029,MLCC_X7R,leakage_ua,0.12,SIM_X7R_10N_50V,FICTIONAL-MLCC-01,10,50,0805,X7R,49.7800123954,0.995600247909,49.8284621484,31.1746825523,TESTER_3,14,107,synthetic,True,mlcc-synthetic-1.0.0,24,0.0137240967035,123.695797577,23.5809477333,9.51275771185,0.610834530878,3.63072799799
MLCC_C005852,MLCC_B029,MLCC_X7R,leakage_ua,0.12,SIM_X7R_10N_50V,FICTIONAL-MLCC-01,10,50,0805,X7R,49.7800123954,0.995600247909,49.8284621484,37.5992649761,TESTER_3,9,44,synthetic,True,mlcc-synthetic-1.0.0,0,0.0170585331936,123.561248638,23.5809477333,10.0478515011,0.832756868483,2.92102853058
MLCC_C005852,MLCC_B029,MLCC_X7R,leakage_ua,0.12,SIM_X7R_10N_50V,FICTIONAL-MLCC-01,10,50,0805,X7R,49.7800123954,0.995600247909,49.8284621484,37.5992649761,TESTER_3,9,44,synthetic,True,mlcc-synthetic-1.0.0,24,0.0151842811802,123.580959779,23.5809477333,10.056894116,0.785440469951,3.28158189097
MLCC_C005854,MLCC_B029,MLCC_X7R,leakage_ua,0.12,SIM_X7R_10N_50V,FICTIONAL-MLCC-01,10,50,0805,X7R,49.7800123954,0.995600247909,49.8284621484,45.8460202816,TESTER_3,16,17,synthetic,True,mlcc-synthetic-1.0.0,0,0.0139091205171,123.690608901,23.5809477333,10.0562703441,0.989478128451,3.58243082927
MLCC_C005854,MLCC_B029,MLCC_X7R,leakage_ua,0.12,SIM_X7R_10N_50V,FICTIONAL-MLCC-01,10,50,0805,X7R,49.7800123954,0.995600247909,49.8284621484,45.8460202816,TESTER_3,16,17,synthetic,True,mlcc-synthetic-1.0.0,24,0.018113535294,123.690918246,23.5809477333,9.94347613605,1.02688218286,2.75089657208
MLCC_C006157,MLCC_B029,MLCC_X7R,leakage_ua,0.12,SIM_X7R_10N_50V,FICTIONAL-MLCC-01,10,50,0805,X7R,49.7800123954,0.995600247909,49.8284621484,20.6423541633,TESTER_3,11,71,synthetic,True,mlcc-synthetic-1.0.0,0,0.01514407012,123.368275255,23.5809477333,9.66057243518,0.678616540453,3.29029526103
MLCC_C006157,MLCC_B029,MLCC_X7R,leakage_ua,0.12,SIM_X7R_10N_50V,FICTIONAL-MLCC-01,10,50,0805,X7R,49.7800123954,0.995600247909,49.8284621484,20.6423541633,TESTER_3,11,71,synthetic,True,mlcc-synthetic-1.0.0,24,0.0128107154428,123.897498329,23.5809477333,9.61711086948,0.640717613844,3.88959245649
MLCC_C006349,MLCC_B029,MLCC_X7R,leakage_ua,0.12,SIM_X7R_10N_50V,FICTIONAL-MLCC-01,10,50,0805,X7R,49.7800123954,0.995600247909,49.8284621484,7.0183882713,TESTER_3,11,3,synthetic,True,mlcc-synthetic-1.0.0,0,0.0190625354048,123.540351827,23.5809477333,10.0926770255,0.625421587347,2.61394725781
MLCC_C006349,MLCC_B029,MLCC_X7R,leakage_ua,0.12,SIM_X7R_10N_50V,FICTIONAL-MLCC-01,10,50,0805,X7R,49.7800123954,0.995600247909,49.8284621484,7.0183882713,TESTER_3,11,3,synthetic,True,mlcc-synthetic-1.0.0,24,0.0168493344662,123.558737678,23.5809477333,10.0668491444,0.583198704161,2.95729556846
MLCC_C006397,MLCC_B029,MLCC_X7R,leakage_ua,0.12,SIM_X7R_10N_50V,FICTIONAL-MLCC-01,10,50,0805,X7R,49.7800123954,0.995600247909,49.8284621484,30.9481853515,TESTER_3,11,70,synthetic,True,mlcc-synthetic-1.0.0,0,0.0131846313372,123.559572395,23.5809477333,10.1309685825,0.74362546579,3.77928368826
MLCC_C006397,MLCC_B029,MLCC_X7R,leakage_ua,0.12,SIM_X7R_10N_50V,FICTIONAL-MLCC-01,10,50,0805,X7R,49.7800123954,0.995600247909,49.8284621484,30.9481853515,TESTER_3,11,70,synthetic,True,mlcc-synthetic-1.0.0,24,0.0101655460888,123.548623365,23.5809477333,10.0232599087,0.764766521009,4.90170048054
MLCC_C006441,MLCC_B029,MLCC_X7R,leakage_ua,0.12,SIM_X7R_10N_50V,FICTIONAL-MLCC-01,10,50,0805,X7R,49.7800123954,0.995600247909,49.8284621484,28.9896264852,TESTER_3,13,149,synthetic,True,mlcc-synthetic-1.0.0,0,0.015897343367,123.739388242,23.5809477333,10.4660007245,0.777741539999,3.13438924972
MLCC_C006441,MLCC_B029,MLCC_X7R,leakage_ua,0.12,SIM_X7R_10N_50V,FICTIONAL-MLCC-01,10,50,0805,X7R,49.7800123954,0.995600247909,49.8284621484,28.9896264852,TESTER_3,13,149,synthetic,True,mlcc-synthetic-1.0.0,24,0.014229457627,123.438951685,23.5809477333,10.4516363719,0.824241360554,3.50178225021
MLCC_C006579,MLCC_B029,MLCC_X7R,leakage_ua,0.12,SIM_X7R_10N_50V,FICTIONAL-MLCC-01,10,50,0805,X7R,49.7800123954,0.995600247909,49.8284621484,15.5573507931,TESTER_3,3,169,synthetic,True,mlcc-synthetic-1.0.0,0,0.0109285607238,123.439126367,23.5809477333,9.0895731305,0.856746173033,4.5594715908
MLCC_C006579,MLCC_B029,MLCC_X7R,leakage_ua,0.12,SIM_X7R_10N_50V,FICTIONAL-MLCC-01,10,50,0805,X7R,49.7800123954,0.995600247909,49.8284621484,15.5573507931,TESTER_3,3,169,synthetic,True,mlcc-synthetic-1.0.0,24,0.0106409351707,123.692763686,23.5809477333,9.04712793337,0.886263596747,4.68271456868
MLCC_C006659,MLCC_B029,MLCC_X7R,leakage_ua,0.12,SIM_X7R_10N_50V,FICTIONAL-MLCC-01,10,50,0805,X7R,49.7800123954,0.995600247909,49.8284621484,27.1743002714,TESTER_3,3,103,synthetic,True,mlcc-synthetic-1.0.0,0,0.0107169146725,123.784059063,23.5809477333,9.46267186764,0.608593252935,4.64951561818
MLCC_C006659,MLCC_B029,MLCC_X7R,leakage_ua,0.12,SIM_X7R_10N_50V,FICTIONAL-MLCC-01,10,50,0805,X7R,49.7800123954,0.995600247909,49.8284621484,27.1743002714,TESTER_3,3,103,synthetic,True,mlcc-synthetic-1.0.0,24,0.0103258853485,123.382913584,23.5809477333,9.48055939174,0.695741258768,4.82558739197
MLCC_C006749,MLCC_B029,MLCC_X7R,leakage_ua,0.12,SIM_X7R_10N_50V,FICTIONAL-MLCC-01,10,50,0805,X7R,49.7800123954,0.995600247909,49.8284621484,26.3617861665,TESTER_3,6,58,synthetic,True,mlcc-synthetic-1.0.0,0,0.0132127655186,123.507715258,23.5809477333,10.2150445313,0.754200334916,3.77123639092
MLCC_C006749,MLCC_B029,MLCC_X7R,leakage_ua,0.12,SIM_X7R_10N_50V,FICTIONAL-MLCC-01,10,50,0805,X7R,49.7800123954,0.995600247909,49.8284621484,26.3617861665,TESTER_3,6,58,synthetic,True,mlcc-synthetic-1.0.0,24,0.0117695154167,123.67989542,23.5809477333,10.2128271943,0.723415953226,4.23368850666
MLCC_C006755,MLCC_B029,MLCC_X7R,leakage_ua,0.12,SIM_X7R_10N_50V,FICTIONAL-MLCC-01,10,50,0805,X7R,49.7800123954,0.995600247909,49.8284621484,23.8108799655,TESTER_3,4,18,synthetic,True,mlcc-synthetic-1.0.0,0,0.0195608810391,123.468118851,23.5809477333,9.11564707037,0.605441964753,2.54735264985
MLCC_C006755,MLCC_B029,MLCC_X7R,leakage_ua,0.12,SIM_X7R_10N_50V,FICTIONAL-MLCC-01,10,50,0805,X7R,49.7800123954,0.995600247909,49.8284621484,23.8108799655,TESTER_3,4,18,synthetic,True,mlcc-synthetic-1.0.0,24,0.0164570915832,123.293294354,23.5809477333,9.00455573738,0.526466145954,3.02778057086
MLCC_C006767,MLCC_B029,MLCC_X7R,leakage_ua,0.12,SIM_X7R_10N_50V,FICTIONAL-MLCC-01,10,50,0805,X7R,49.7800123954,0.995600247909,49.8284621484,51.4612766341,TESTER_3,5,19,synthetic,True,mlcc-synthetic-1.0.0,0,0.0124403966028,123.27108839,23.5809477333,10.4564453454,0.540255556388,4.00537569172
MLCC_C006767,MLCC_B029,MLCC_X7R,leakage_ua,0.12,SIM_X7R_10N_50V,FICTIONAL-MLCC-01,10,50,0805,X7R,49.7800123954,0.995600247909,49.8284621484,51.4612766341,TESTER_3,5,19,synthetic,True,mlcc-synthetic-1.0.0,24,0.0128055682736,123.931515516,23.5809477333,10.363787988,0.523832017866,3.89115586936
MLCC_C006868,MLCC_B029,MLCC_X7R,leakage_ua,0.12,SIM_X7R_10N_50V,FICTIONAL-MLCC-01,10,50,0805,X7R,49.7800123954,0.995600247909,49.8284621484,20.7170378488,TESTER_3,15,56,synthetic,True,mlcc-synthetic-1.0.0,0,0.00995866411196,123.371477372,23.5809477333,9.39275622204,0.765424822896,5.00352874524
MLCC_C006868,MLCC_B029,MLCC_X7R,leakage_ua,0.12,SIM_X7R_10N_50V,FICTIONAL-MLCC-01,10,50,0805,X7R,49.7800123954,0.995600247909,49.8284621484,20.7170378488,TESTER_3,15,56,synthetic,True,mlcc-synthetic-1.0.0,24,0.00936745464827,123.63443314,23.5809477333,9.3797655816,0.791422887968,5.31931714851
MLCC_C006918,MLCC_B029,MLCC_X7R,leakage_ua,0.12,SIM_X7R_10N_50V,FICTIONAL-MLCC-01,10,50,0805,X7R,49.7800123954,0.995600247909,49.8284621484,22.6668431506,TESTER_3,9,25,synthetic,True,mlcc-synthetic-1.0.0,0,0.018496925529,123.889502562,23.5809477333,10.4717044791,0.737851792363,2.69387807559
MLCC_C006918,MLCC_B029,MLCC_X7R,leakage_ua,0.12,SIM_X7R_10N_50V,FICTIONAL-MLCC-01,10,50,0805,X7R,49.7800123954,0.995600247909,49.8284621484,22.6668431506,TESTER_3,9,25,synthetic,True,mlcc-synthetic-1.0.0,24,0.0140684274442,123.232016312,23.5809477333,10.4091117007,0.602938539697,3.54186438718
MLCC_C006927,MLCC_B029,MLCC_X7R,leakage_ua,0.12,SIM_X7R_10N_50V,FICTIONAL-MLCC-01,10,50,0805,X7R,49.7800123954,0.995600247909,49.8284621484,28.2286249294,TESTER_3,2,185,synthetic,True,mlcc-synthetic-1.0.0,0,0.00956814526672,123.634688656,23.5809477333,10.1329247656,0.506269073861,5.2077451543
MLCC_C006927,MLCC_B029,MLCC_X7R,leakage_ua,0.12,SIM_X7R_10N_50V,FICTIONAL-MLCC-01,10,50,0805,X7R,49.7800123954,0.995600247909,49.8284621484,28.2286249294,TESTER_3,2,185,synthetic,True,mlcc-synthetic-1.0.0,24,0.00854053163927,123.685566276,23.5809477333,10.0928978672,0.416428400556,5.83435133233
MLCC_C007098,MLCC_B029,MLCC_X7R,leakage_ua,0.12,SIM_X7R_10N_50V,FICTIONAL-MLCC-01,10,50,0805,X7R,49.7800123954,0.995600247909,49.8284621484,31.4930914771,TESTER_3,4,128,synthetic,True,mlcc-synthetic-1.0.0,0,0.00880810236885,123.756950844,23.5809477333,10.5234387176,0.821783131109,5.65711660262
MLCC_C007098,MLCC_B029,MLCC_X7R,leakage_ua,0.12,SIM_X7R_10N_50V,FICTIONAL-MLCC-01,10,50,0805,X7R,49.7800123954,0.995600247909,49.8284621484,31.4930914771,TESTER_3,4,128,synthetic,True,mlcc-synthetic-1.0.0,24,0.00857713256509,123.718674684,23.5809477333,10.5364353237,0.748778632204,5.80945458989
MLCC_C007113,MLCC_B029,MLCC_X7R,leakage_ua,0.12,SIM_X7R_10N_50V,FICTIONAL-MLCC-01,10,50,0805,X7R,49.7800123954,0.995600247909,49.8284621484,19.5746391264,TESTER_3,2,191,synthetic,True,mlcc-synthetic-1.0.0,0,0.00799684456587,123.636498703,23.5809477333,10.1597426169,0.567633585248,6.23101546341
MLCC_C007113,MLCC_B029,MLCC_X7R,leakage_ua,0.12,SIM_X7R_10N_50V,FICTIONAL-MLCC-01,10,50,0805,X7R,49.7800123954,0.995600247909,49.8284621484,19.5746391264,TESTER_3,2,191,synthetic,True,mlcc-synthetic-1.0.0,24,0.00703267193049,123.64524909,23.5809477333,10.0922298566,0.564204916228,7.08528175933
MLCC_C007139,MLCC_B029,MLCC_X7R,leakage_ua,0.12,SIM_X7R_10N_50V,FICTIONAL-MLCC-01,10,50,0805,X7R,49.7800123954,0.995600247909,49.8284621484,39.3478504813,TESTER_3,2,162,synthetic,True,mlcc-synthetic-1.0.0,0,0.00778549114843,123.707552908,23.5809477333,10.0397662129,0.754236242762,6.40016939181
MLCC_C007139,MLCC_B029,MLCC_X7R,leakage_ua,0.12,SIM_X7R_10N_50V,FICTIONAL-MLCC-01,10,50,0805,X7R,49.7800123954,0.995600247909,49.8284621484,39.3478504813,TESTER_3,2,162,synthetic,True,mlcc-synthetic-1.0.0,24,0.0153446268159,123.744825087,23.5809477333,9.96228144512,0.81583192635,3.24729058231
MLCC_C007372,MLCC_B029,MLCC_X7R,leakage_ua,0.12,SIM_X7R_10N_50V,FICTIONAL-MLCC-01,10,50,0805,X7R,49.7800123954,0.995600247909,49.8284621484,23.3462705534,TESTER_3,8,93,synthetic,True,mlcc-synthetic-1.0.0,0,0.0115711273874,123.361610312,23.5809477333,10.7097510926,0.710041574374,4.30627548036
MLCC_C007372,MLCC_B029,MLCC_X7R,leakage_ua,0.12,SIM_X7R_10N_50V,FICTIONAL-MLCC-01,10,50,0805,X7R,49.7800123954,0.995600247909,49.8284621484,23.3462705534,TESTER_3,8,93,synthetic,True,mlcc-synthetic-1.0.0,24,0.0100956508368,123.468177123,23.5809477333,10.5874508632,0.698254640245,4.9356364393
MLCC_C007528,MLCC_B029,MLCC_X7R,leakage_ua,0.12,SIM_X7R_10N_50V,FICTIONAL-MLCC-01,10,50,0805,X7R,49.7800123954,0.995600247909,49.8284621484,9.776640251,TESTER_3,2,141,synthetic,True,mlcc-synthetic-1.0.0,0,0.012244741804,123.606625732,23.5809477333,10.1731286729,0.650410497752,4.06937630422
MLCC_C007528,MLCC_B029,MLCC_X7R,leakage_ua,0.12,SIM_X7R_10N_50V,FICTIONAL-MLCC-01,10,50,0805,X7R,49.7800123954,0.995600247909,49.8284621484,9.776640251,TESTER_3,2,141,synthetic,True,mlcc-synthetic-1.0.0,24,0.0101380768365,123.39907594,23.5809477333,10.0736179288,0.665712744754,4.91498170234
MLCC_C007602,MLCC_B029,MLCC_X7R,leakage_ua,0.12,SIM_X7R_10N_50V,FICTIONAL-MLCC-01,10,50,0805,X7R,49.7800123954,0.995600247909,49.8284621484,15.3663927325,TESTER_3,3,127,synthetic,True,mlcc-synthetic-1.0.0,0,0.0109060023298,123.737691506,23.5809477333,9.33840090775,0.471369467863,4.56890257692
MLCC_C007602,MLCC_B029,MLCC_X7R,leakage_ua,0.12,SIM_X7R_10N_50V,FICTIONAL-MLCC-01,10,50,0805,X7R,49.7800123954,0.995600247909,49.8284621484,15.3663927325,TESTER_3,3,127,synthetic,True,mlcc-synthetic-1.0.0,24,0.0117888220202,123.605610761,23.5809477333,9.32749032258,0.408985811621,4.22675497712
MLCC_C007631,MLCC_B029,MLCC_X7R,leakage_ua,0.12,SIM_X7R_10N_50V,FICTIONAL-MLCC-01,10,50,0805,X7R,49.7800123954,0.995600247909,49.8284621484,20.600307242,TESTER_3,15,10,synthetic,True,mlcc-synthetic-1.0.0,0,0.0212869922871,123.569834179,23.5809477333,9.99917884426,1.06402512598,2.34079392131
MLCC_C007631,MLCC_B029,MLCC_X7R,leakage_ua,0.12,SIM_X7R_10N_50V,FICTIONAL-MLCC-01,10,50,0805,X7R,49.7800123954,0.995600247909,49.8284621484,20.600307242,TESTER_3,15,10,synthetic,True,mlcc-synthetic-1.0.0,24,0.0185441613654,123.534369329,23.5809477333,9.9530473299,0.971996135974,2.68701620778
MLCC_C007672,MLCC_B029,MLCC_X7R,leakage_ua,0.12,SIM_X7R_10N_50V,FICTIONAL-MLCC-01,10,50,0805,X7R,49.7800123954,0.995600247909,49.8284621484,20.6334814885,TESTER_3,12,171,synthetic,True,mlcc-synthetic-1.0.0,0,0.0133849913916,123.837824574,23.5809477333,9.98430799074,0.699145870599,3.72271155734
MLCC_C007672,MLCC_B029,MLCC_X7R,leakage_ua,0.12,SIM_X7R_10N_50V,FICTIONAL-MLCC-01,10,50,0805,X7R,49.7800123954,0.995600247909,49.8284621484,20.6334814885,TESTER_3,12,171,synthetic,True,mlcc-synthetic-1.0.0,24,0.0117502150214,123.85663411,23.5809477333,9.88371468949,0.780657904946,4.2406425804
MLCC_C007737,MLCC_B029,MLCC_X7R,leakage_ua,0.12,SIM_X7R_10N_50V,FICTIONAL-MLCC-01,10,50,0805,X7R,49.7800123954,0.995600247909,49.8284621484,22.2756177479,TESTER_3,8,126,synthetic,True,mlcc-synthetic-1.0.0,0,0.00596712992282,123.54200293,23.5809477333,9.82276498053,0.653048767108,8.35049056966
MLCC_C007737,MLCC_B029,MLCC_X7R,leakage_ua,0.12,SIM_X7R_10N_50V,FICTIONAL-MLCC-01,10,50,0805,X7R,49.7800123954,0.995600247909,49.8284621484,22.2756177479,TESTER_3,8,126,synthetic,True,mlcc-synthetic-1.0.0,24,0.00735342981645,123.73854565,23.5809477333,9.77645220593,0.734731427347,6.7762205382
MLCC_C007756,MLCC_B029,MLCC_X7R,leakage_ua,0.12,SIM_X7R_10N_50V,FICTIONAL-MLCC-01,10,50,0805,X7R,49.7800123954,0.995600247909,49.8284621484,20.4938128263,TESTER_3,7,15,synthetic,True,mlcc-synthetic-1.0.0,0,0.0232002294361,123.601229519,23.5809477333,9.79539793005,0.932924803222,2.14775730066
MLCC_C007756,MLCC_B029,MLCC_X7R,leakage_ua,0.12,SIM_X7R_10N_50V,FICTIONAL-MLCC-01,10,50,0805,X7R,49.7800123954,0.995600247909,49.8284621484,20.4938128263,TESTER_3,7,15,synthetic,True,mlcc-synthetic-1.0.0,24,0.0231388364654,123.716982039,23.5809477333,9.79708797403,0.85509716399,2.15345582407
MLCC_C007784,MLCC_B029,MLCC_X7R,leakage_ua,0.12,SIM_X7R_10N_50V,FICTIONAL-MLCC-01,10,50,0805,X7R,49.7800123954,0.995600247909,49.8284621484,20.4574376633,TESTER_3,5,135,synthetic,True,mlcc-synthetic-1.0.0,0,0.00910164188746,123.515568578,23.5809477333,10.3712708518,0.522504209664,5.47466740227
MLCC_C007784,MLCC_B029,MLCC_X7R,leakage_ua,0.12,SIM_X7R_10N_50V,FICTIONAL-MLCC-01,10,50,0805,X7R,49.7800123954,0.995600247909,49.8284621484,20.4574376633,TESTER_3,5,135,synthetic,True,mlcc-synthetic-1.0.0,24,0.00815625342972,123.39471077,23.5809477333,10.2736386454,0.534858761597,6.10923416956
MLCC_C007820,MLCC_B029,MLCC_X7R,leakage_ua,0.12,SIM_X7R_10N_50V,FICTIONAL-MLCC-01,10,50,0805,X7R,49.7800123954,0.995600247909,49.8284621484,38.841438341,TESTER_3,4,51,synthetic,True,mlcc-synthetic-1.0.0,0,0.0082944703337,123.593623576,23.5809477333,10.0741510888,1.18492474638,6.00743147467
MLCC_C007820,MLCC_B029,MLCC_X7R,leakage_ua,0.12,SIM_X7R_10N_50V,FICTIONAL-MLCC-01,10,50,0805,X7R,49.7800123954,0.995600247909,49.8284621484,38.841438341,TESTER_3,4,51,synthetic,True,mlcc-synthetic-1.0.0,24,0.00816136952851,123.473716663,23.5809477333,9.96899545771,1.15831850759,6.1054044881
MLCC_C007884,MLCC_B029,MLCC_X7R,leakage_ua,0.12,SIM_X7R_10N_50V,FICTIONAL-MLCC-01,10,50,0805,X7R,49.7800123954,0.995600247909,49.8284621484,22.3052652674,TESTER_3,4,172,synthetic,True,mlcc-synthetic-1.0.0,0,0.0109985647818,123.304292467,23.5809477333,9.66035149852,0.673696300167,4.53045130312
MLCC_C007884,MLCC_B029,MLCC_X7R,leakage_ua,0.12,SIM_X7R_10N_50V,FICTIONAL-MLCC-01,10,50,0805,X7R,49.7800123954,0.995600247909,49.8284621484,22.3052652674,TESTER_3,4,172,synthetic,True,mlcc-synthetic-1.0.0,24,0.00877943675507,123.570397417,23.5809477333,9.53431753861,0.642505259654,5.67558757338
MLCC_C007911,MLCC_B029,MLCC_X7R,leakage_ua,0.12,SIM_X7R_10N_50V,FICTIONAL-MLCC-01,10,50,0805,X7R,49.7800123954,0.995600247909,49.8284621484,29.1904164533,TESTER_3,3,181,synthetic,True,mlcc-synthetic-1.0.0,0,0.0172131757375,123.512018785,23.5809477333,9.77490834042,0.782262642447,2.89478611665
MLCC_C007911,MLCC_B029,MLCC_X7R,leakage_ua,0.12,SIM_X7R_10N_50V,FICTIONAL-MLCC-01,10,50,0805,X7R,49.7800123954,0.995600247909,49.8284621484,29.1904164533,TESTER_3,3,181,synthetic,True,mlcc-synthetic-1.0.0,24,0.0157281972286,123.68263049,23.5809477333,9.77923630965,0.877199536166,3.16809748912
MLCC_C008021,MLCC_B029,MLCC_X7R,leakage_ua,0.12,SIM_X7R_10N_50V,FICTIONAL-MLCC-01,10,50,0805,X7R,49.7800123954,0.995600247909,49.8284621484,34.223286537,TESTER_3,1,80,synthetic,True,mlcc-synthetic-1.0.0,0,0.0210756516837,123.5629134,23.5809477333,9.6827310269,0.755038185354,2.36426673283
MLCC_C008021,MLCC_B029,MLCC_X7R,leakage_ua,0.12,SIM_X7R_10N_50V,FICTIONAL-MLCC-01,10,50,0805,X7R,49.7800123954,0.995600247909,49.8284621484,34.223286537,TESTER_3,1,80,synthetic,True,mlcc-synthetic-1.0.0,24,0.0175756585849,123.659181681,23.5809477333,9.66860950132,0.777679430321,2.83508364184
MLCC_C008061,MLCC_B029,MLCC_X7R,leakage_ua,0.12,SIM_X7R_10N_50V,FICTIONAL-MLCC-01,10,50,0805,X7R,49.7800123954,0.995600247909,49.8284621484,17.8990770646,TESTER_3,3,102,synthetic,True,mlcc-synthetic-1.0.0,0,0.0104038121587,123.669589843,23.5809477333,9.50743357051,0.907035173933,4.78944269544
MLCC_C008061,MLCC_B029,MLCC_X7R,leakage_ua,0.12,SIM_X7R_10N_50V,FICTIONAL-MLCC-01,10,50,0805,X7R,49.7800123954,0.995600247909,49.8284621484,17.8990770646,TESTER_3,3,102,synthetic,True,mlcc-synthetic-1.0.0,24,0.00948912263704,123.342715245,23.5809477333,9.49695980811,0.898323887393,5.25111372825
MLCC_C008069,MLCC_B029,MLCC_X7R,leakage_ua,0.12,SIM_X7R_10N_50V,FICTIONAL-MLCC-01,10,50,0805,X7R,49.7800123954,0.995600247909,49.8284621484,17.3499187267,TESTER_3,11,32,synthetic,True,mlcc-synthetic-1.0.0,0,0.0190287924707,123.420215054,23.5809477333,10.2155348504,0.561135687769,2.61858245736
MLCC_C008069,MLCC_B029,MLCC_X7R,leakage_ua,0.12,SIM_X7R_10N_50V,FICTIONAL-MLCC-01,10,50,0805,X7R,49.7800123954,0.995600247909,49.8284621484,17.3499187267,TESTER_3,11,32,synthetic,True,mlcc-synthetic-1.0.0,24,0.017524180958,123.789665188,23.5809477333,10.1445475874,0.548989918026,2.8434117559
MLCC_C008113,MLCC_B029,MLCC_X7R,leakage_ua,0.12,SIM_X7R_10N_50V,FICTIONAL-MLCC-01,10,50,0805,X7R,49.7800123954,0.995600247909,49.8284621484,9.24894358405,TESTER_3,2,120,synthetic,True,mlcc-synthetic-1.0.0,0,0.00885467960154,123.421168145,23.5809477333,9.39855290788,0.735721420642,5.62735913559
MLCC_C008113,MLCC_B029,MLCC_X7R,leakage_ua,0.12,SIM_X7R_10N_50V,FICTIONAL-MLCC-01,10,50,0805,X7R,49.7800123954,0.995600247909,49.8284621484,9.24894358405,TESTER_3,2,120,synthetic,True,mlcc-synthetic-1.0.0,24,0.0166188230537,123.605937761,23.5809477333,9.31035496118,0.72654881008,2.99831474151
MLCC_C008186,MLCC_B029,MLCC_X7R,leakage_ua,0.12,SIM_X7R_10N_50V,FICTIONAL-MLCC-01,10,50,0805,X7R,49.7800123954,0.995600247909,49.8284621484,23.7019674403,TESTER_3,1,108,synthetic,True,mlcc-synthetic-1.0.0,0,0.0190733013336,123.631510132,23.5809477333,9.93999152116,0.849328167004,2.61247181476
MLCC_C008186,MLCC_B029,MLCC_X7R,leakage_ua,0.12,SIM_X7R_10N_50V,FICTIONAL-MLCC-01,10,50,0805,X7R,49.7800123954,0.995600247909,49.8284621484,23.7019674403,TESTER_3,1,108,synthetic,True,mlcc-synthetic-1.0.0,24,0.0151176713493,123.670845859,23.5809477333,9.9799943129,0.880829888035,3.29604083837
MLCC_C008220,MLCC_B029,MLCC_X7R,leakage_ua,0.12,SIM_X7R_10N_50V,FICTIONAL-MLCC-01,10,50,0805,X7R,49.7800123954,0.995600247909,49.8284621484,21.9449511887,TESTER_3,8,122,synthetic,True,mlcc-synthetic-1.0.0,0,0.0147529820094,123.706842157,23.5809477333,9.7392807152,0.710741127174,3.37751799037
MLCC_C008220,MLCC_B029,MLCC_X7R,leakage_ua,0.12,SIM_X7R_10N_50V,FICTIONAL-MLCC-01,10,50,0805,X7R,49.7800123954,0.995600247909,49.8284621484,21.9449511887,TESTER_3,8,122,synthetic,True,mlcc-synthetic-1.0.0,24,0.0150651068673,123.842541282,23.5809477333,9.61461715202,0.704772260641,3.30754123335
MLCC_C008240,MLCC_B029,MLCC_X7R,leakage_ua,0.12,SIM_X7R_10N_50V,FICTIONAL-MLCC-01,10,50,0805,X7R,49.7800123954,0.995600247909,49.8284621484,21.3173968988,TESTER_3,14,113,synthetic,True,mlcc-synthetic-1.0.0,0,0.0109754553452,123.24835856,23.5809477333,10.3869043573,0.852045278806,4.53999042239
MLCC_C008240,MLCC_B029,MLCC_X7R,leakage_ua,0.12,SIM_X7R_10N_50V,FICTIONAL-MLCC-01,10,50,0805,X7R,49.7800123954,0.995600247909,49.8284621484,21.3173968988,TESTER_3,14,113,synthetic,True,mlcc-synthetic-1.0.0,24,0.010227684627,123.613385381,23.5809477333,10.3641710128,0.863568387574,4.87192008411
MLCC_C008241,MLCC_B029,MLCC_X7R,leakage_ua,0.12,SIM_X7R_10N_50V,FICTIONAL-MLCC-01,10,50,0805,X7R,49.7800123954,0.995600247909,49.8284621484,36.1496493013,TESTER_3,10,34,synthetic,True,mlcc-synthetic-1.0.0,0,0.012232677327,123.573463261,23.5809477333,10.2304789954,0.888313828644,4.07338972626
MLCC_C008241,MLCC_B029,MLCC_X7R,leakage_ua,0.12,SIM_X7R_10N_50V,FICTIONAL-MLCC-01,10,50,0805,X7R,49.7800123954,0.995600247909,49.8284621484,36.1496493013,TESTER_3,10,34,synthetic,True,mlcc-synthetic-1.0.0,24,0.0115253632422,123.594622226,23.5809477333,10.2024100285,0.906736391845,4.32337455238
MLCC_C008325,MLCC_B029,MLCC_X7R,leakage_ua,0.12,SIM_X7R_10N_50V,FICTIONAL-MLCC-01,10,50,0805,X7R,49.7800123954,0.995600247909,49.8284621484,40.5178901396,TESTER_3,10,84,synthetic,True,mlcc-synthetic-1.0.0,0,0.00978165362496,123.709145415,23.5809477333,9.78761228496,0.999311291135,5.09407346231
MLCC_C008325,MLCC_B029,MLCC_X7R,leakage_ua,0.12,SIM_X7R_10N_50V,FICTIONAL-MLCC-01,10,50,0805,X7R,49.7800123954,0.995600247909,49.8284621484,40.5178901396,TESTER_3,10,84,synthetic,True,mlcc-synthetic-1.0.0,24,0.00876430678493,123.588502494,23.5809477333,9.77024119102,1.00168554979,5.68538543563
MLCC_C008359,MLCC_B029,MLCC_X7R,leakage_ua,0.12,SIM_X7R_10N_50V,FICTIONAL-MLCC-01,10,50,0805,X7R,49.7800123954,0.995600247909,49.8284621484,21.8504722671,TESTER_3,15,130,synthetic,True,mlcc-synthetic-1.0.0,0,0.0116628718304,123.521326541,23.5809477333,9.34064750222,0.849978868845,4.27240073225
MLCC_C008359,MLCC_B029,MLCC_X7R,leakage_ua,0.12,SIM_X7R_10N_50V,FICTIONAL-MLCC-01,10,50,0805,X7R,49.7800123954,0.995600247909,49.8284621484,21.8504722671,TESTER_3,15,130,synthetic,True,mlcc-synthetic-1.0.0,24,0.00993602848553,123.427654586,23.5809477333,9.30540045147,0.907528704703,5.01492746533
MLCC_C008402,MLCC_B029,MLCC_X7R,leakage_ua,0.12,SIM_X7R_10N_50V,FICTIONAL-MLCC-01,10,50,0805,X7R,49.7800123954,0.995600247909,49.8284621484,31.4871643161,TESTER_3,2,29,synthetic,True,mlcc-synthetic-1.0.0,0,0.0127717371339,123.590766742,23.5809477333,9.86339218087,0.510086918764,3.9014631781
MLCC_C008402,MLCC_B029,MLCC_X7R,leakage_ua,0.12,SIM_X7R_10N_50V,FICTIONAL-MLCC-01,10,50,0805,X7R,49.7800123954,0.995600247909,49.8284621484,31.4871643161,TESTER_3,2,29,synthetic,True,mlcc-synthetic-1.0.0,24,0.0253539524178,123.614377798,23.5809477333,9.80140253607,0.403328747441,1.96531338891
MLCC_C008437,MLCC_B029,MLCC_X7R,leakage_ua,0.12,SIM_X7R_10N_50V,FICTIONAL-MLCC-01,10,50,0805,X7R,49.7800123954,0.995600247909,49.8284621484,27.2270667926,TESTER_3,8,20,synthetic,True,mlcc-synthetic-1.0.0,0,0.019093085724,123.768793963,23.5809477333,10.1426718819,0.673490750641,2.60976475299
MLCC_C008437,MLCC_B029,MLCC_X7R,leakage_ua,0.12,SIM_X7R_10N_50V,FICTIONAL-MLCC-01,10,50,0805,X7R,49.7800123954,0.995600247909,49.8284621484,27.2270667926,TESTER_3,8,20,synthetic,True,mlcc-synthetic-1.0.0,24,0.0175097958088,123.697321134,23.5809477333,10.0988539754,0.688742283009,2.845747757
MLCC_C008612,MLCC_B029,MLCC_X7R,leakage_ua,0.12,SIM_X7R_10N_50V,FICTIONAL-MLCC-01,10,50,0805,X7R,49.7800123954,0.995600247909,49.8284621484,47.4381905523,TESTER_3,4,49,synthetic,True,mlcc-synthetic-1.0.0,0,0.0164664097784,123.481742706,23.5809477333,9.52428716113,0.415975898291,3.0260671767
MLCC_C008612,MLCC_B029,MLCC_X7R,leakage_ua,0.12,SIM_X7R_10N_50V,FICTIONAL-MLCC-01,10,50,0805,X7R,49.7800123954,0.995600247909,49.8284621484,47.4381905523,TESTER_3,4,49,synthetic,True,mlcc-synthetic-1.0.0,24,0.0151015128186,123.294129202,23.5809477333,9.53661671428,0.502266182158,3.29956758287
MLCC_C008682,MLCC_B029,MLCC_X7R,leakage_ua,0.12,SIM_X7R_10N_50V,FICTIONAL-MLCC-01,10,50,0805,X7R,49.7800123954,0.995600247909,49.8284621484,28.9079958985,TESTER_3,13,67,synthetic,True,mlcc-synthetic-1.0.0,0,0.0118813086952,123.817940315,23.5809477333,9.90627779587,0.825326074878,4.19385300277
MLCC_C008682,MLCC_B029,MLCC_X7R,leakage_ua,0.12,SIM_X7R_10N_50V,FICTIONAL-MLCC-01,10,50,0805,X7R,49.7800123954,0.995600247909,49.8284621484,28.9079958985,TESTER_3,13,67,synthetic,True,mlcc-synthetic-1.0.0,24,0.0114256328354,123.563381907,23.5809477333,9.87347709762,0.875184040372,4.36111179714
MLCC_C008689,MLCC_B029,MLCC_X7R,leakage_ua,0.12,SIM_X7R_10N_50V,FICTIONAL-MLCC-01,10,50,0805,X7R,49.7800123954,0.995600247909,49.8284621484,37.3314185532,TESTER_3,13,176,synthetic,True,mlcc-synthetic-1.0.0,0,0.0134642909368,123.377278796,23.5809477333,9.99273857018,0.586715101211,3.70078620422
MLCC_C008689,MLCC_B029,MLCC_X7R,leakage_ua,0.12,SIM_X7R_10N_50V,FICTIONAL-MLCC-01,10,50,0805,X7R,49.7800123954,0.995600247909,49.8284621484,37.3314185532,TESTER_3,13,176,synthetic,True,mlcc-synthetic-1.0.0,24,0.0124101143686,123.967584035,23.5809477333,9.97024042691,0.658603094298,4.01514931036
MLCC_C008698,MLCC_B029,MLCC_X7R,leakage_ua,0.12,SIM_X7R_10N_50V,FICTIONAL-MLCC-01,10,50,0805,X7R,49.7800123954,0.995600247909,49.8284621484,20.1796131253,TESTER_3,10,140,synthetic,True,mlcc-synthetic-1.0.0,0,0.00928022523503,123.464406026,23.5809477333,10.0513169211,0.624735122624,5.36931603344
MLCC_C008698,MLCC_B029,MLCC_X7R,leakage_ua,0.12,SIM_X7R_10N_50V,FICTIONAL-MLCC-01,10,50,0805,X7R,49.7800123954,0.995600247909,49.8284621484,20.1796131253,TESTER_3,10,140,synthetic,True,mlcc-synthetic-1.0.0,24,0.00932924938588,123.533685943,23.5809477333,10.009709773,0.672436420231,5.34110088469
MLCC_C008982,MLCC_B029,MLCC_X7R,leakage_ua,0.12,SIM_X7R_10N_50V,FICTIONAL-MLCC-01,10,50,0805,X7R,49.7800123954,0.995600247909,49.8284621484,26.0379268409,TESTER_3,6,111,synthetic,True,mlcc-synthetic-1.0.0,0,0.0129116293938,123.637422292,23.5809477333,10.0165124053,0.551932839052,3.85919240932
MLCC_C008982,MLCC_B029,MLCC_X7R,leakage_ua,0.12,SIM_X7R_10N_50V,FICTIONAL-MLCC-01,10,50,0805,X7R,49.7800123954,0.995600247909,49.8284621484,26.0379268409,TESTER_3,6,111,synthetic,True,mlcc-synthetic-1.0.0,24,0.0115767625347,123.300812867,23.5809477333,9.95385819635,0.65139269902,4.30417934193
MLCC_C008999,MLCC_B029,MLCC_X7R,leakage_ua,0.12,SIM_X7R_10N_50V,FICTIONAL-MLCC-01,10,50,0805,X7R,49.7800123954,0.995600247909,49.8284621484,14.2884284378,TESTER_3,1,160,synthetic,True,mlcc-synthetic-1.0.0,0,0.021662606651,123.578682323,23.5809477333,10.3676696938,0.714218181078,2.30020620099
MLCC_C008999,MLCC_B029,MLCC_X7R,leakage_ua,0.12,SIM_X7R_10N_50V,FICTIONAL-MLCC-01,10,50,0805,X7R,49.7800123954,0.995600247909,49.8284621484,14.2884284378,TESTER_3,1,160,synthetic,True,mlcc-synthetic-1.0.0,24,0.0216540373026,123.808973651,23.5809477333,10.295476464,0.79958211597,2.30111648244
MLCC_C009032,MLCC_B029,MLCC_X7R,leakage_ua,0.12,SIM_X7R_10N_50V,FICTIONAL-MLCC-01,10,50,0805,X7R,49.7800123954,0.995600247909,49.8284621484,26.1677249968,TESTER_3,1,89,synthetic,True,mlcc-synthetic-1.0.0,0,0.0172495694155,123.578917126,23.5809477333,9.43329904331,0.530933218411,2.88867860688
MLCC_C009032,MLCC_B029,MLCC_X7R,leakage_ua,0.12,SIM_X7R_10N_50V,FICTIONAL-MLCC-01,10,50,0805,X7R,49.7800123954,0.995600247909,49.8284621484,26.1677249968,TESTER_3,1,89,synthetic,True,mlcc-synthetic-1.0.0,24,0.0157839318818,123.637597492,23.5809477333,9.44484243586,0.542488936383,3.15691061781
MLCC_C009061,MLCC_B029,MLCC_X7R,leakage_ua,0.12,SIM_X7R_10N_50V,FICTIONAL-MLCC-01,10,50,0805,X7R,49.7800123954,0.995600247909,49.8284621484,18.6914144993,TESTER_3,9,180,synthetic,True,mlcc-synthetic-1.0.0,0,0.0212273315162,123.756847802,23.5809477333,9.72276484496,0.86117377495,2.34737287211
MLCC_C009061,MLCC_B029,MLCC_X7R,leakage_ua,0.12,SIM_X7R_10N_50V,FICTIONAL-MLCC-01,10,50,0805,X7R,49.7800123954,0.995600247909,49.8284621484,18.6914144993,TESTER_3,9,180,synthetic,True,mlcc-synthetic-1.0.0,24,0.0212434183712,123.556873318,23.5809477333,9.65786264993,0.78989949553,2.34559529346
MLCC_C009086,MLCC_B029,MLCC_X7R,leakage_ua,0.12,SIM_X7R_10N_50V,FICTIONAL-MLCC-01,10,50,0805,X7R,49.7800123954,0.995600247909,49.8284621484,45.371039892,TESTER_3,1,188,synthetic,True,mlcc-synthetic-1.0.0,0,0.00527351891121,123.77092297,23.5809477333,9.60144647204,0.623030309336,9.44880695175
MLCC_C009086,MLCC_B029,MLCC_X7R,leakage_ua,0.12,SIM_X7R_10N_50V,FICTIONAL-MLCC-01,10,50,0805,X7R,49.7800123954,0.995600247909,49.8284621484,45.371039892,TESTER_3,1,188,synthetic,True,mlcc-synthetic-1.0.0,24,0.00420362241953,123.242895531,23.5809477333,9.5497852899,0.639523898927,11.8536959735
MLCC_C009147,MLCC_B029,MLCC_X7R,leakage_ua,0.12,SIM_X7R_10N_50V,FICTIONAL-MLCC-01,10,50,0805,X7R,49.7800123954,0.995600247909,49.8284621484,25.1253752824,TESTER_3,14,14,synthetic,True,mlcc-synthetic-1.0.0,0,0.0142146568695,123.736553579,23.5809477333,9.9177627255,0.834659859515,3.50542841841
MLCC_C009147,MLCC_B029,MLCC_X7R,leakage_ua,0.12,SIM_X7R_10N_50V,FICTIONAL-MLCC-01,10,50,0805,X7R,49.7800123954,0.995600247909,49.8284621484,25.1253752824,TESTER_3,14,14,synthetic,True,mlcc-synthetic-1.0.0,24,0.0168110015852,123.52577665,23.5809477333,9.83242006344,0.854562612465,2.96403887038
MLCC_C009238,MLCC_B029,MLCC_X7R,leakage_ua,0.12,SIM_X7R_10N_50V,FICTIONAL-MLCC-01,10,50,0805,X7R,49.7800123954,0.995600247909,49.8284621484,25.9467969401,TESTER_3,16,142,synthetic,True,mlcc-synthetic-1.0.0,0,0.0102409914236,123.658015056,23.5809477333,9.99904680114,0.519891278565,4.86558967657
MLCC_C009238,MLCC_B029,MLCC_X7R,leakage_ua,0.12,SIM_X7R_10N_50V,FICTIONAL-MLCC-01,10,50,0805,X7R,49.7800123954,0.995600247909,49.8284621484,25.9467969401,TESTER_3,16,142,synthetic,True,mlcc-synthetic-1.0.0,24,0.00958690015982,123.458836689,23.5809477333,9.89863496572,0.531102663038,5.19755722056
MLCC_C009304,MLCC_B029,MLCC_X7R,leakage_ua,0.12,SIM_X7R_10N_50V,FICTIONAL-MLCC-01,10,50,0805,X7R,49.7800123954,0.995600247909,49.8284621484,40.1371191425,TESTER_3,9,97,synthetic,True,mlcc-synthetic-1.0.0,0,0.00729964188676,123.429749797,23.5809477333,9.7538673782,0.596413480636,6.8261516005
MLCC_C009304,MLCC_B029,MLCC_X7R,leakage_ua,0.12,SIM_X7R_10N_50V,FICTIONAL-MLCC-01,10,50,0805,X7R,49.7800123954,0.995600247909,49.8284621484,40.1371191425,TESTER_3,9,97,synthetic,True,mlcc-synthetic-1.0.0,24,0.00676853936247,123.951497576,23.5809477333,9.66882543297,0.556199452244,7.36177474637
MLCC_C009325,MLCC_B029,MLCC_X7R,leakage_ua,0.12,SIM_X7R_10N_50V,FICTIONAL-MLCC-01,10,50,0805,X7R,49.7800123954,0.995600247909,49.8284621484,31.8407753727,TESTER_3,13,114,synthetic,True,mlcc-synthetic-1.0.0,0,0.0195749094917,123.447188752,23.5809477333,9.86459712926,0.656563905483,2.54552707738
MLCC_C009325,MLCC_B029,MLCC_X7R,leakage_ua,0.12,SIM_X7R_10N_50V,FICTIONAL-MLCC-01,10,50,0805,X7R,49.7800123954,0.995600247909,49.8284621484,31.8407753727,TESTER_3,13,114,synthetic,True,mlcc-synthetic-1.0.0,24,0.0182584354681,123.397908111,23.5809477333,9.86201124372,0.615563968914,2.72906527153
MLCC_C009372,MLCC_B029,MLCC_X7R,leakage_ua,0.12,SIM_X7R_10N_50V,FICTIONAL-MLCC-01,10,50,0805,X7R,49.7800123954,0.995600247909,49.8284621484,29.9232344856,TESTER_3,12,161,synthetic,True,mlcc-synthetic-1.0.0,0,0.0146303175154,123.551474438,23.5809477333,9.6587259254,0.736799376977,3.40583600431
MLCC_C009372,MLCC_B029,MLCC_X7R,leakage_ua,0.12,SIM_X7R_10N_50V,FICTIONAL-MLCC-01,10,50,0805,X7R,49.7800123954,0.995600247909,49.8284621484,29.9232344856,TESTER_3,12,161,synthetic,True,mlcc-synthetic-1.0.0,24,0.0140609346164,123.889503581,23.5809477333,9.5920719648,0.827880186524,3.54375178519
MLCC_C009449,MLCC_B029,MLCC_X7R,leakage_ua,0.12,SIM_X7R_10N_50V,FICTIONAL-MLCC-01,10,50,0805,X7R,49.7800123954,0.995600247909,49.8284621484,28.331661929,TESTER_3,5,62,synthetic,True,mlcc-synthetic-1.0.0,0,0.0107780140792,123.657319163,23.5809477333,9.42904478646,0.627293197335,4.62315801244
MLCC_C009449,MLCC_B029,MLCC_X7R,leakage_ua,0.12,SIM_X7R_10N_50V,FICTIONAL-MLCC-01,10,50,0805,X7R,49.7800123954,0.995600247909,49.8284621484,28.331661929,TESTER_3,5,62,synthetic,True,mlcc-synthetic-1.0.0,24,0.0102827883263,123.790382208,23.5809477333,9.38273378317,0.70930075152,4.84581229986
MLCC_C009671,MLCC_B029,MLCC_X7R,leakage_ua,0.12,SIM_X7R_10N_50V,FICTIONAL-MLCC-01,10,50,0805,X7R,49.7800123954,0.995600247909,49.8284621484,23.9924281318,TESTER_3,5,151,synthetic,True,mlcc-synthetic-1.0.0,0,0.0149062385671,123.725912885,23.5809477333,9.62984536132,0.460981828949,3.34279247739
MLCC_C009671,MLCC_B029,MLCC_X7R,leakage_ua,0.12,SIM_X7R_10N_50V,FICTIONAL-MLCC-01,10,50,0805,X7R,49.7800123954,0.995600247909,49.8284621484,23.9924281318,TESTER_3,5,151,synthetic,True,mlcc-synthetic-1.0.0,24,0.0147937519438,123.349950145,23.5809477333,9.59601979868,0.430543236502,3.36820992658
MLCC_C009706,MLCC_B029,MLCC_X7R,leakage_ua,0.12,SIM_X7R_10N_50V,FICTIONAL-MLCC-01,10,50,0805,X7R,49.7800123954,0.995600247909,49.8284621484,12.546643234,TESTER_3,5,106,synthetic,True,mlcc-synthetic-1.0.0,0,0.0220632980306,123.667220663,23.5809477333,10.0400893777,0.559751733066,2.25843217453
MLCC_C009706,MLCC_B029,MLCC_X7R,leakage_ua,0.12,SIM_X7R_10N_50V,FICTIONAL-MLCC-01,10,50,0805,X7R,49.7800123954,0.995600247909,49.8284621484,12.546643234,TESTER_3,5,106,synthetic,True,mlcc-synthetic-1.0.0,24,0.0208373010692,123.628989711,23.5809477333,10.0041360606,0.642398263107,2.39131075483
MLCC_C009885,MLCC_B029,MLCC_X7R,leakage_ua,0.12,SIM_X7R_10N_50V,FICTIONAL-MLCC-01,10,50,0805,X7R,49.7800123954,0.995600247909,49.8284621484,26.0174179328,TESTER_3,3,123,synthetic,True,mlcc-synthetic-1.0.0,0,0.0126236974734,123.573545079,23.5809477333,10.3310958343,0.64101433174,3.947216119
MLCC_C009885,MLCC_B029,MLCC_X7R,leakage_ua,0.12,SIM_X7R_10N_50V,FICTIONAL-MLCC-01,10,50,0805,X7R,49.7800123954,0.995600247909,49.8284621484,26.0174179328,TESTER_3,3,123,synthetic,True,mlcc-synthetic-1.0.0,24,0.0110131260671,123.562920768,23.5809477333,10.4169815583,0.712305092251,4.52446125149
MLCC_C009907,MLCC_B029,MLCC_X7R,leakage_ua,0.12,SIM_X7R_10N_50V,FICTIONAL-MLCC-01,10,50,0805,X7R,49.7800123954,0.995600247909,49.8284621484,25.6203830034,TESTER_3,9,118,synthetic,True,mlcc-synthetic-1.0.0,0,0.0118878499664,123.490248302,23.5809477333,10.4156013464,0.735888360788,4.19154534161
MLCC_C009907,MLCC_B029,MLCC_X7R,leakage_ua,0.12,SIM_X7R_10N_50V,FICTIONAL-MLCC-01,10,50,0805,X7R,49.7800123954,0.995600247909,49.8284621484,25.6203830034,TESTER_3,9,118,synthetic,True,mlcc-synthetic-1.0.0,24,0.0118231321046,123.5163727,23.5809477333,10.3601422505,0.720248636495,4.21448916478
MLCC_C010077,MLCC_B029,MLCC_X7R,leakage_ua,0.12,SIM_X7R_10N_50V,FICTIONAL-MLCC-01,10,50,0805,X7R,49.7800123954,0.995600247909,49.8284621484,27.0946250225,TESTER_3,15,173,synthetic,True,mlcc-synthetic-1.0.0,0,0.0119252350432,123.256265625,23.5809477333,9.514502097,0.85712345541,4.17840503502
MLCC_C010077,MLCC_B029,MLCC_X7R,leakage_ua,0.12,SIM_X7R_10N_50V,FICTIONAL-MLCC-01,10,50,0805,X7R,49.7800123954,0.995600247909,49.8284621484,27.0946250225,TESTER_3,15,173,synthetic,True,mlcc-synthetic-1.0.0,24,0.00997213339298,123.68914237,23.5809477333,9.5065160436,0.815014499791,4.99677051888
MLCC_C010157,MLCC_B029,MLCC_X7R,leakage_ua,0.12,SIM_X7R_10N_50V,FICTIONAL-MLCC-01,10,50,0805,X7R,49.7800123954,0.995600247909,49.8284621484,25.8531229523,TESTER_3,3,23,synthetic,True,mlcc-synthetic-1.0.0,0,0.0113270370393,123.537515991,23.5809477333,9.66104772657,0.75932816218,4.39907294164
MLCC_C010157,MLCC_B029,MLCC_X7R,leakage_ua,0.12,SIM_X7R_10N_50V,FICTIONAL-MLCC-01,10,50,0805,X7R,49.7800123954,0.995600247909,49.8284621484,25.8531229523,TESTER_3,3,23,synthetic,True,mlcc-synthetic-1.0.0,24,0.0100353994272,123.551446665,23.5809477333,9.56825980733,0.751125428339,4.9652694454
MLCC_C010266,MLCC_B029,MLCC_X7R,leakage_ua,0.12,SIM_X7R_10N_50V,FICTIONAL-MLCC-01,10,50,0805,X7R,49.7800123954,0.995600247909,49.8284621484,26.1340783258,TESTER_3,14,86,synthetic,True,mlcc-synthetic-1.0.0,0,0.010250588015,123.267133814,23.5809477333,9.44090277694,0.589995623432,4.86103451585
MLCC_C010266,MLCC_B029,MLCC_X7R,leakage_ua,0.12,SIM_X7R_10N_50V,FICTIONAL-MLCC-01,10,50,0805,X7R,49.7800123954,0.995600247909,49.8284621484,26.1340783258,TESTER_3,14,86,synthetic,True,mlcc-synthetic-1.0.0,24,0.00930316930954,123.348024743,23.5809477333,9.42999148449,0.592916055032,5.3560738809
MLCC_C010283,MLCC_B029,MLCC_X7R,leakage_ua,0.12,SIM_X7R_10N_50V,FICTIONAL-MLCC-01,10,50,0805,X7R,49.7800123954,0.995600247909,49.8284621484,33.4803460448,TESTER_3,10,119,synthetic,True,mlcc-synthetic-1.0.0,0,0.00823694141262,123.355184652,23.5809477333,10.0486870928,0.675176155854,6.04938892391
MLCC_C010283,MLCC_B029,MLCC_X7R,leakage_ua,0.12,SIM_X7R_10N_50V,FICTIONAL-MLCC-01,10,50,0805,X7R,49.7800123954,0.995600247909,49.8284621484,33.4803460448,TESTER_3,10,119,synthetic,True,mlcc-synthetic-1.0.0,24,0.00801256211775,123.403688384,23.5809477333,9.94522359856,0.669440166209,6.21879261791
MLCC_C010315,MLCC_B029,MLCC_X7R,leakage_ua,0.12,SIM_X7R_10N_50V,FICTIONAL-MLCC-01,10,50,0805,X7R,49.7800123954,0.995600247909,49.8284621484,22.9612974584,TESTER_3,12,153,synthetic,True,mlcc-synthetic-1.0.0,0,0.0119326595441,123.447647725,23.5809477333,10.5272901336,1.09618258335,4.17580523136
MLCC_C010315,MLCC_B029,MLCC_X7R,leakage_ua,0.12,SIM_X7R_10N_50V,FICTIONAL-MLCC-01,10,50,0805,X7R,49.7800123954,0.995600247909,49.8284621484,22.9612974584,TESTER_3,12,153,synthetic,True,mlcc-synthetic-1.0.0,24,0.013773129708,123.337135403,23.5809477333,10.4524946536,1.01836367275,3.61780243161
MLCC_C010323,MLCC_B029,MLCC_X7R,leakage_ua,0.12,SIM_X7R_10N_50V,FICTIONAL-MLCC-01,10,50,0805,X7R,49.7800123954,0.995600247909,49.8284621484,20.5865265011,TESTER_3,16,87,synthetic,True,mlcc-synthetic-1.0.0,0,0.0175536507175,123.43438715,23.5809477333,10.2386466431,0.649839920217,2.83863812437
MLCC_C010323,MLCC_B029,MLCC_X7R,leakage_ua,0.12,SIM_X7R_10N_50V,FICTIONAL-MLCC-01,10,50,0805,X7R,49.7800123954,0.995600247909,49.8284621484,20.5865265011,TESTER_3,16,87,synthetic,True,mlcc-synthetic-1.0.0,24,0.0177880731987,123.80053638,23.5809477333,10.189411591,0.62335009964,2.80122875545
MLCC_C010403,MLCC_B029,MLCC_X7R,leakage_ua,0.12,SIM_X7R_10N_50V,FICTIONAL-MLCC-01,10,50,0805,X7R,49.7800123954,0.995600247909,49.8284621484,24.3234609579,TESTER_3,11,96,synthetic,True,mlcc-synthetic-1.0.0,0,0.013840921573,123.701911601,23.5809477333,9.72988723876,1.09113682916,3.60008268855
MLCC_C010403,MLCC_B029,MLCC_X7R,leakage_ua,0.12,SIM_X7R_10N_50V,FICTIONAL-MLCC-01,10,50,0805,X7R,49.7800123954,0.995600247909,49.8284621484,24.3234609579,TESTER_3,11,96,synthetic,True,mlcc-synthetic-1.0.0,24,0.0132371261816,123.735082762,23.5809477333,9.67819481457,1.12885244764,3.76429607643
MLCC_C010457,MLCC_B029,MLCC_X7R,leakage_ua,0.12,SIM_X7R_10N_50V,FICTIONAL-MLCC-01,10,50,0805,X7R,49.7800123954,0.995600247909,49.8284621484,11.4707420338,TESTER_3,9,8,synthetic,True,mlcc-synthetic-1.0.0,0,0.00904224594375,123.388310203,23.5809477333,10.0016180049,0.763204650644,5.51062893649
MLCC_C010457,MLCC_B029,MLCC_X7R,leakage_ua,0.12,SIM_X7R_10N_50V,FICTIONAL-MLCC-01,10,50,0805,X7R,49.7800123954,0.995600247909,49.8284621484,11.4707420338,TESTER_3,9,8,synthetic,True,mlcc-synthetic-1.0.0,24,0.00874389415539,123.490911442,23.5809477333,9.92853251076,0.75956702198,5.69865797354
MLCC_C010510,MLCC_B029,MLCC_X7R,leakage_ua,0.12,SIM_X7R_10N_50V,FICTIONAL-MLCC-01,10,50,0805,X7R,49.7800123954,0.995600247909,49.8284621484,22.5372084811,TESTER_3,12,2,synthetic,True,mlcc-synthetic-1.0.0,0,0.00850564369878,123.541501134,23.5809477333,9.84606770646,0.482581216059,5.8582823256
MLCC_C010510,MLCC_B029,MLCC_X7R,leakage_ua,0.12,SIM_X7R_10N_50V,FICTIONAL-MLCC-01,10,50,0805,X7R,49.7800123954,0.995600247909,49.8284621484,22.5372084811,TESTER_3,12,2,synthetic,True,mlcc-synthetic-1.0.0,24,0.00800349504493,123.459210879,23.5809477333,9.82614737274,0.429569142781,6.22583782069
MLCC_C010511,MLCC_B029,MLCC_X7R,leakage_ua,0.12,SIM_X7R_10N_50V,FICTIONAL-MLCC-01,10,50,0805,X7R,49.7800123954,0.995600247909,49.8284621484,25.341802112,TESTER_3,6,53,synthetic,True,mlcc-synthetic-1.0.0,0,0.0078067115479,123.441232698,23.5809477333,10.31696214,0.664585356725,6.38277229057
MLCC_C010511,MLCC_B029,MLCC_X7R,leakage_ua,0.12,SIM_X7R_10N_50V,FICTIONAL-MLCC-01,10,50,0805,X7R,49.7800123954,0.995600247909,49.8284621484,25.341802112,TESTER_3,6,53,synthetic,True,mlcc-synthetic-1.0.0,24,0.00638961285773,123.770276376,23.5809477333,10.2890815813,0.658702825701,7.79835386868
MLCC_C010584,MLCC_B029,MLCC_X7R,leakage_ua,0.12,SIM_X7R_10N_50V,FICTIONAL-MLCC-01,10,50,0805,X7R,49.7800123954,0.995600247909,49.8284621484,21.7368877031,TESTER_3,11,13,synthetic,True,mlcc-synthetic-1.0.0,0,0.0154140180506,123.374628614,23.5809477333,9.97609436156,0.596796974775,3.23267184356
MLCC_C010584,MLCC_B029,MLCC_X7R,leakage_ua,0.12,SIM_X7R_10N_50V,FICTIONAL-MLCC-01,10,50,0805,X7R,49.7800123954,0.995600247909,49.8284621484,21.7368877031,TESTER_3,11,13,synthetic,True,mlcc-synthetic-1.0.0,24,0.0530624521657,123.401286232,23.5809477333,9.92416413117,0.666107898688,0.939053136724
MLCC_C010631,MLCC_B029,MLCC_X7R,leakage_ua,0.12,SIM_X7R_10N_50V,FICTIONAL-MLCC-01,10,50,0805,X7R,49.7800123954,0.995600247909,49.8284621484,27.4072597689,TESTER_3,7,36,synthetic,True,mlcc-synthetic-1.0.0,0,0.0120593490063,123.375297448,23.5809477333,10.274830462,1.04632324737,4.13193631948
MLCC_C010631,MLCC_B029,MLCC_X7R,leakage_ua,0.12,SIM_X7R_10N_50V,FICTIONAL-MLCC-01,10,50,0805,X7R,49.7800123954,0.995600247909,49.8284621484,27.4072597689,TESTER_3,7,36,synthetic,True,mlcc-synthetic-1.0.0,24,0.0103805858646,123.479996637,23.5809477333,10.2055189483,0.973661903725,4.80015895041
MLCC_C010687,MLCC_B029,MLCC_X7R,leakage_ua,0.12,SIM_X7R_10N_50V,FICTIONAL-MLCC-01,10,50,0805,X7R,49.7800123954,0.995600247909,49.8284621484,27.2547546301,TESTER_3,16,12,synthetic,True,mlcc-synthetic-1.0.0,0,0.00864257501307,123.630976844,23.5809477333,9.66249015711,0.738193980082,5.76546481495
MLCC_C010687,MLCC_B029,MLCC_X7R,leakage_ua,0.12,SIM_X7R_10N_50V,FICTIONAL-MLCC-01,10,50,0805,X7R,49.7800123954,0.995600247909,49.8284621484,27.2547546301,TESTER_3,16,12,synthetic,True,mlcc-synthetic-1.0.0,24,0.00856987306028,123.348626975,23.5809477333,9.61999295966,0.717388835361,5.81437575538
MLCC_C010731,MLCC_B029,MLCC_X7R,leakage_ua,0.12,SIM_X7R_10N_50V,FICTIONAL-MLCC-01,10,50,0805,X7R,49.7800123954,0.995600247909,49.8284621484,19.1104598084,TESTER_3,5,99,synthetic,True,mlcc-synthetic-1.0.0,0,0.016207286588,123.776338101,23.5809477333,9.94200406014,0.588228701686,3.07444814269
MLCC_C010731,MLCC_B029,MLCC_X7R,leakage_ua,0.12,SIM_X7R_10N_50V,FICTIONAL-MLCC-01,10,50,0805,X7R,49.7800123954,0.995600247909,49.8284621484,19.1104598084,TESTER_3,5,99,synthetic,True,mlcc-synthetic-1.0.0,24,0.014656567863,123.464356169,23.5809477333,9.83757781781,0.543348285113,3.39973605105
MLCC_C010733,MLCC_B029,MLCC_X7R,leakage_ua,0.12,SIM_X7R_10N_50V,FICTIONAL-MLCC-01,10,50,0805,X7R,49.7800123954,0.995600247909,49.8284621484,8.37831735405,TESTER_3,14,4,synthetic,True,mlcc-synthetic-1.0.0,0,0.010326992877,123.614959137,23.5809477333,10.1480130945,0.980551300552,4.82506986709
MLCC_C010733,MLCC_B029,MLCC_X7R,leakage_ua,0.12,SIM_X7R_10N_50V,FICTIONAL-MLCC-01,10,50,0805,X7R,49.7800123954,0.995600247909,49.8284621484,8.37831735405,TESTER_3,14,4,synthetic,True,mlcc-synthetic-1.0.0,24,0.0096041402162,123.483725025,23.5809477333,10.0356503967,1.02838159717,5.18822726727
MLCC_C010791,MLCC_B029,MLCC_X7R,leakage_ua,0.12,SIM_X7R_10N_50V,FICTIONAL-MLCC-01,10,50,0805,X7R,49.7800123954,0.995600247909,49.8284621484,5,TESTER_3,13,48,synthetic,True,mlcc-synthetic-1.0.0,0,0.029556678069,123.490969306,23.5809477333,9.70903084527,0.612099632522,1.6858613824
MLCC_C010791,MLCC_B029,MLCC_X7R,leakage_ua,0.12,SIM_X7R_10N_50V,FICTIONAL-MLCC-01,10,50,0805,X7R,49.7800123954,0.995600247909,49.8284621484,5,TESTER_3,13,48,synthetic,True,mlcc-synthetic-1.0.0,24,0.0248705388376,123.782091876,23.5809477333,9.63772920334,0.583314888984,2.00351357378
MLCC_C010843,MLCC_B029,MLCC_X7R,leakage_ua,0.12,SIM_X7R_10N_50V,FICTIONAL-MLCC-01,10,50,0805,X7R,49.7800123954,0.995600247909,49.8284621484,24.7530762624,TESTER_3,16,100,synthetic,True,mlcc-synthetic-1.0.0,0,0.0102936209265,123.550632619,23.5809477333,9.72926305271,0.732508666978,4.84071275836
MLCC_C010843,MLCC_B029,MLCC_X7R,leakage_ua,0.12,SIM_X7R_10N_50V,FICTIONAL-MLCC-01,10,50,0805,X7R,49.7800123954,0.995600247909,49.8284621484,24.7530762624,TESTER_3,16,100,synthetic,True,mlcc-synthetic-1.0.0,24,0.00950745597126,123.376772582,23.5809477333,9.55351090225,0.687607328718,5.24098794662
MLCC_C010847,MLCC_B029,MLCC_X7R,leakage_ua,0.12,SIM_X7R_10N_50V,FICTIONAL-MLCC-01,10,50,0805,X7R,49.7800123954,0.995600247909,49.8284621484,19.3865844751,TESTER_3,9,157,synthetic,True,mlcc-synthetic-1.0.0,0,0.00775317885134,123.75623916,23.5809477333,10.1652239541,0.991856976473,6.4268428607
MLCC_C010847,MLCC_B029,MLCC_X7R,leakage_ua,0.12,SIM_X7R_10N_50V,FICTIONAL-MLCC-01,10,50,0805,X7R,49.7800123954,0.995600247909,49.8284621484,19.3865844751,TESTER_3,9,157,synthetic,True,mlcc-synthetic-1.0.0,24,0.00713372949691,123.64374588,23.5809477333,10.182742836,0.991483424841,6.98491051139
MLCC_C010862,MLCC_B029,MLCC_X7R,leakage_ua,0.12,SIM_X7R_10N_50V,FICTIONAL-MLCC-01,10,50,0805,X7R,49.7800123954,0.995600247909,49.8284621484,18.0906379086,TESTER_3,5,22,synthetic,True,mlcc-synthetic-1.0.0,0,0.0159912297274,123.671491441,23.5809477333,10.3339976193,0.412680903733,3.11598688767
MLCC_C010862,MLCC_B029,MLCC_X7R,leakage_ua,0.12,SIM_X7R_10N_50V,FICTIONAL-MLCC-01,10,50,0805,X7R,49.7800123954,0.995600247909,49.8284621484,18.0906379086,TESTER_3,5,22,synthetic,True,mlcc-synthetic-1.0.0,24,0.0137252317937,123.44895641,23.5809477333,10.3528937644,0.524776473531,3.63042773321
MLCC_C010908,MLCC_B029,MLCC_X7R,leakage_ua,0.12,SIM_X7R_10N_50V,FICTIONAL-MLCC-01,10,50,0805,X7R,49.7800123954,0.995600247909,49.8284621484,35.2705759077,TESTER_3,15,167,synthetic,True,mlcc-synthetic-1.0.0,0,0.0218469947346,123.529494484,23.5809477333,10.1898789342,0.535157220459,2.28079251878
MLCC_C010908,MLCC_B029,MLCC_X7R,leakage_ua,0.12,SIM_X7R_10N_50V,FICTIONAL-MLCC-01,10,50,0805,X7R,49.7800123954,0.995600247909,49.8284621484,35.2705759077,TESTER_3,15,167,synthetic,True,mlcc-synthetic-1.0.0,24,0.0241588174328,123.811572795,23.5809477333,10.1356759052,0.582059697995,2.06253730287
MLCC_C011090,MLCC_B029,MLCC_X7R,leakage_ua,0.12,SIM_X7R_10N_50V,FICTIONAL-MLCC-01,10,50,0805,X7R,49.7800123954,0.995600247909,49.8284621484,26.3664053008,TESTER_3,16,195,synthetic,True,mlcc-synthetic-1.0.0,0,0.0118844394575,123.430005038,23.5809477333,10.4567307359,0.452690982327,4.19274820041
MLCC_C011090,MLCC_B029,MLCC_X7R,leakage_ua,0.12,SIM_X7R_10N_50V,FICTIONAL-MLCC-01,10,50,0805,X7R,49.7800123954,0.995600247909,49.8284621484,26.3664053008,TESTER_3,16,195,synthetic,True,mlcc-synthetic-1.0.0,24,0.0111133566477,123.818506423,23.5809477333,10.4474992639,0.50108164344,4.48365545426
MLCC_C011099,MLCC_B029,MLCC_X7R,leakage_ua,0.12,SIM_X7R_10N_50V,FICTIONAL-MLCC-01,10,50,0805,X7R,49.7800123954,0.995600247909,49.8284621484,43.3280757119,TESTER_3,6,168,synthetic,True,mlcc-synthetic-1.0.0,0,0.0142701396155,123.727674618,23.5809477333,9.82770661417,0.895834452506,3.49179920385
MLCC_C011099,MLCC_B029,MLCC_X7R,leakage_ua,0.12,SIM_X7R_10N_50V,FICTIONAL-MLCC-01,10,50,0805,X7R,49.7800123954,0.995600247909,49.8284621484,43.3280757119,TESTER_3,6,168,synthetic,True,mlcc-synthetic-1.0.0,24,0.0119220798422,123.546701886,23.5809477333,9.89444286197,0.879046389824,4.17951085783
MLCC_C011290,MLCC_B029,MLCC_X7R,leakage_ua,0.12,SIM_X7R_10N_50V,FICTIONAL-MLCC-01,10,50,0805,X7R,49.7800123954,0.995600247909,49.8284621484,44.0331377656,TESTER_3,7,170,synthetic,True,mlcc-synthetic-1.0.0,0,0.0232513967678,123.730011301,23.5809477333,10.0844497504,0.619161144531,2.1430309175
MLCC_C011290,MLCC_B029,MLCC_X7R,leakage_ua,0.12,SIM_X7R_10N_50V,FICTIONAL-MLCC-01,10,50,0805,X7R,49.7800123954,0.995600247909,49.8284621484,44.0331377656,TESTER_3,7,170,synthetic,True,mlcc-synthetic-1.0.0,24,0.0158871237196,123.810538423,23.5809477333,9.96755362052,0.655334386808,3.13640549591
MLCC_C011536,MLCC_B029,MLCC_X7R,leakage_ua,0.12,SIM_X7R_10N_50V,FICTIONAL-MLCC-01,10,50,0805,X7R,49.7800123954,0.995600247909,49.8284621484,10.9266622807,TESTER_3,11,166,synthetic,True,mlcc-synthetic-1.0.0,0,0.0190330494196,123.588701009,23.5809477333,9.85702797331,0.663207177706,2.61799678286
MLCC_C011536,MLCC_B029,MLCC_X7R,leakage_ua,0.12,SIM_X7R_10N_50V,FICTIONAL-MLCC-01,10,50,0805,X7R,49.7800123954,0.995600247909,49.8284621484,10.9266622807,TESTER_3,11,166,synthetic,True,mlcc-synthetic-1.0.0,24,0.0112078838828,123.701989325,23.5809477333,9.7903762171,0.654207088271,4.44584032717
MLCC_C011574,MLCC_B029,MLCC_X7R,leakage_ua,0.12,SIM_X7R_10N_50V,FICTIONAL-MLCC-01,10,50,0805,X7R,49.7800123954,0.995600247909,49.8284621484,26.0627558099,TESTER_3,9,138,synthetic,True,mlcc-synthetic-1.0.0,0,0.0107071886897,123.335846214,23.5809477333,9.76552517504,0.728524057455,4.65373905256
MLCC_C011574,MLCC_B029,MLCC_X7R,leakage_ua,0.12,SIM_X7R_10N_50V,FICTIONAL-MLCC-01,10,50,0805,X7R,49.7800123954,0.995600247909,49.8284621484,26.0627558099,TESTER_3,9,138,synthetic,True,mlcc-synthetic-1.0.0,24,0.00965810451504,123.770643975,23.5809477333,9.76901922821,0.81179710507,5.15923824088
MLCC_C011575,MLCC_B029,MLCC_X7R,leakage_ua,0.12,SIM_X7R_10N_50V,FICTIONAL-MLCC-01,10,50,0805,X7R,49.7800123954,0.995600247909,49.8284621484,25.6973070818,TESTER_3,3,57,synthetic,True,mlcc-synthetic-1.0.0,0,0.0133362217857,123.495125326,23.5809477333,9.63242819252,0.825810766951,3.73632524633
MLCC_C011575,MLCC_B029,MLCC_X7R,leakage_ua,0.12,SIM_X7R_10N_50V,FICTIONAL-MLCC-01,10,50,0805,X7R,49.7800123954,0.995600247909,49.8284621484,25.6973070818,TESTER_3,3,57,synthetic,True,mlcc-synthetic-1.0.0,24,0.0120811878859,123.411932979,23.5809477333,9.61505555947,0.734577678582,4.12446711525
MLCC_C011815,MLCC_B029,MLCC_X7R,leakage_ua,0.12,SIM_X7R_10N_50V,FICTIONAL-MLCC-01,10,50,0805,X7R,49.7800123954,0.995600247909,49.8284621484,21.394187404,TESTER_3,4,145,synthetic,True,mlcc-synthetic-1.0.0,0,0.0140123969224,123.241491996,23.5809477333,10.2840308769,0.883061963511,3.55602702551
MLCC_C011815,MLCC_B029,MLCC_X7R,leakage_ua,0.12,SIM_X7R_10N_50V,FICTIONAL-MLCC-01,10,50,0805,X7R,49.7800123954,0.995600247909,49.8284621484,21.394187404,TESTER_3,4,145,synthetic,True,mlcc-synthetic-1.0.0,24,0.0130641025721,123.812756122,23.5809477333,10.1976350804,0.878160905168,3.81415117292
MLCC_C011824,MLCC_B029,MLCC_X7R,leakage_ua,0.12,SIM_X7R_10N_50V,FICTIONAL-MLCC-01,10,50,0805,X7R,49.7800123954,0.995600247909,49.8284621484,35.2694744875,TESTER_3,6,85,synthetic,True,mlcc-synthetic-1.0.0,0,0.00903366435476,123.412037085,23.5809477333,9.7085678206,0.534477912587,5.51586379476
MLCC_C011824,MLCC_B029,MLCC_X7R,leakage_ua,0.12,SIM_X7R_10N_50V,FICTIONAL-MLCC-01,10,50,0805,X7R,49.7800123954,0.995600247909,49.8284621484,35.2694744875,TESTER_3,6,85,synthetic,True,mlcc-synthetic-1.0.0,24,0.0167948830242,123.842489867,23.5809477333,9.68103398602,0.474762852775,2.96688354879
MLCC_C011992,MLCC_B029,MLCC_X7R,leakage_ua,0.12,SIM_X7R_10N_50V,FICTIONAL-MLCC-01,10,50,0805,X7R,49.7800123954,0.995600247909,49.8284621484,23.8760519136,TESTER_3,14,88,synthetic,True,mlcc-synthetic-1.0.0,0,0.0113869282691,123.421143123,23.5809477333,9.78785393282,0.959237554782,4.37593536826
MLCC_C011992,MLCC_B029,MLCC_X7R,leakage_ua,0.12,SIM_X7R_10N_50V,FICTIONAL-MLCC-01,10,50,0805,X7R,49.7800123954,0.995600247909,49.8284621484,23.8760519136,TESTER_3,14,88,synthetic,True,mlcc-synthetic-1.0.0,24,0.0115279740109,123.467328701,23.5809477333,9.79470360564,0.938239479581,4.32239542708
