component_id,batch_id,component_family,measurement_name,profile_id,scenario,component_scenario,is_defect,is_healthy,is_tester_fault,anomaly_onset_hour,tester_fault_onset_hour,final_value,true_final_value,is_future_failure,is_observed_final_exceedance,ever_latent_exceedance,upper_limit,data_source,is_synthetic
MLCC_UNSEEN_CONDITION_C000042,MLCC_UNSEEN_CONDITION_B001,MLCC_X7R,leakage_ua,SIM_X7R_10N_50V,healthy_settling,healthy_settling,False,True,False,,,0.0236571001962,0.0231082498715,False,False,False,0.12,synthetic,True
MLCC_UNSEEN_CONDITION_C000044,MLCC_UNSEEN_CONDITION_B001,MLCC_X7R,leakage_ua,SIM_X7R_10N_50V,healthy_settling,healthy_settling,False,True,False,,,0.0145810552213,0.0153018201713,False,False,False,0.12,synthetic,True
MLCC_UNSEEN_CONDITION_C000062,MLCC_UNSEEN_CONDITION_B001,MLCC_X7R,leakage_ua,SIM_X7R_10N_50V,healthy_settling,healthy_settling,False,True,False,,,0.0235888791,0.0236130471706,False,False,False,0.12,synthetic,True
MLCC_UNSEEN_CONDITION_C000091,MLCC_UNSEEN_CONDITION_B001,MLCC_X7R,leakage_ua,SIM_X7R_10N_50V,healthy_settling,healthy_settling,False,True,False,,,0.0203702480012,0.0203450132583,False,False,False,0.12,synthetic,True
MLCC_UNSEEN_CONDITION_C000112,MLCC_UNSEEN_CONDITION_B001,MLCC_X7R,leakage_ua,SIM_X7R_10N_50V,ordinary_noise,ordinary_noise,False,True,False,,,0.0246134397135,0.0237463821682,False,False,False,0.12,synthetic,True
MLCC_UNSEEN_CONDITION_C000118,MLCC_UNSEEN_CONDITION_B001,MLCC_X7R,leakage_ua,SIM_X7R_10N_50V,healthy_settling,healthy_settling,False,True,False,,,0.0204181136413,0.021884727334,False,False,False,0.12,synthetic,True
MLCC_UNSEEN_CONDITION_C000162,MLCC_UNSEEN_CONDITION_B001,MLCC_X7R,leakage_ua,SIM_X7R_10N_50V,healthy_settling,healthy_settling,False,True,False,,,0.0274990423876,0.0267707955251,False,False,False,0.12,synthetic,True
MLCC_UNSEEN_CONDITION_C000164,MLCC_UNSEEN_CONDITION_B001,MLCC_X7R,leakage_ua,SIM_X7R_10N_50V,healthy_settling,healthy_settling,False,True,False,,,0.0121677145871,0.0123666666777,False,False,False,0.12,synthetic,True
MLCC_UNSEEN_CONDITION_C000201,MLCC_UNSEEN_CONDITION_B001,MLCC_X7R,leakage_ua,SIM_X7R_10N_50V,intermittent_leakage,intermittent_leakage,True,False,False,24,,0.0230099254201,0.0237098771402,False,False,False,0.12,synthetic,True
MLCC_UNSEEN_CONDITION_C000248,MLCC_UNSEEN_CONDITION_B001,MLCC_X7R,leakage_ua,SIM_X7R_10N_50V,gradual_drift,gradual_drift,True,False,False,6,,0.135129407393,0.133340155908,True,True,True,0.12,synthetic,True
MLCC_UNSEEN_CONDITION_C000266,MLCC_UNSEEN_CONDITION_B001,MLCC_X7R,leakage_ua,SIM_X7R_10N_50V,healthy_settling,healthy_settling,False,True,False,,,0.0167299916895,0.0165515984644,False,False,False,0.12,synthetic,True
MLCC_UNSEEN_CONDITION_C000270,MLCC_UNSEEN_CONDITION_B001,MLCC_X7R,leakage_ua,SIM_X7R_10N_50V,moisture_associated_history,moisture_associated_history,True,False,False,12,,0.0541055949413,0.056628684082,False,False,False,0.12,synthetic,True
MLCC_UNSEEN_CONDITION_C000299,MLCC_UNSEEN_CONDITION_B001,MLCC_X7R,leakage_ua,SIM_X7R_10N_50V,accelerating_drift,accelerating_drift,True,False,False,6,,0.064782466437,0.0666405240082,False,False,False,0.12,synthetic,True
MLCC_UNSEEN_CONDITION_C000315,MLCC_UNSEEN_CONDITION_B001,MLCC_X7R,leakage_ua,SIM_X7R_10N_50V,healthy_settling,healthy_settling,False,True,False,,,0.019745158242,0.0203316241715,False,False,False,0.12,synthetic,True
MLCC_UNSEEN_CONDITION_C000324,MLCC_UNSEEN_CONDITION_B001,MLCC_X7R,leakage_ua,SIM_X7R_10N_50V,healthy_settling,healthy_settling,False,True,False,,,0.021348491238,0.0212869174941,False,False,False,0.12,synthetic,True
MLCC_UNSEEN_CONDITION_C000336,MLCC_UNSEEN_CONDITION_B001,MLCC_X7R,leakage_ua,SIM_X7R_10N_50V,ordinary_noise,ordinary_noise,False,True,False,,,0.0292853611229,0.0347362785799,False,False,False,0.12,synthetic,True
MLCC_UNSEEN_CONDITION_C000338,MLCC_UNSEEN_CONDITION_B001,MLCC_X7R,leakage_ua,SIM_X7R_10N_50V,healthy_settling,healthy_settling,False,True,False,,,0.023816754584,0.0237662977352,False,False,False,0.12,synthetic,True
MLCC_UNSEEN_CONDITION_C000371,MLCC_UNSEEN_CONDITION_B001,MLCC_X7R,leakage_ua,SIM_X7R_10N_50V,healthy_settling,healthy_settling,False,True,False,,,0.0208136225075,0.020244070631,False,False,False,0.12,synthetic,True
MLCC_UNSEEN_CONDITION_C000372,MLCC_UNSEEN_CONDITION_B001,MLCC_X7R,leakage_ua,SIM_X7R_10N_50V,ordinary_noise,ordinary_noise,False,True,False,,,0.0294873019802,0.0267527722009,False,False,False,0.12,synthetic,True
MLCC_UNSEEN_CONDITION_C000404,MLCC_UNSEEN_CONDITION_B001,MLCC_X7R,leakage_ua,SIM_X7R_10N_50V,intermittent_leakage,intermittent_leakage,True,False,False,6,,0.021812636055,0.0219737835746,False,False,False,0.12,synthetic,True
MLCC_UNSEEN_CONDITION_C000416,MLCC_UNSEEN_CONDITION_B001,MLCC_X7R,leakage_ua,SIM_X7R_10N_50V,late_abrupt_onset,late_abrupt_onset,True,False,False,120,,0.0522423777721,0.0525910573305,False,False,False,0.12,synthetic,True
MLCC_UNSEEN_CONDITION_C000442,MLCC_UNSEEN_CONDITION_B001,MLCC_X7R,leakage_ua,SIM_X7R_10N_50V,late_abrupt_onset,late_abrupt_onset,True,False,False,144,,0.241449515925,0.233972973496,True,True,True,0.12,synthetic,True
MLCC_UNSEEN_CONDITION_C000465,MLCC_UNSEEN_CONDITION_B001,MLCC_X7R,leakage_ua,SIM_X7R_10N_50V,tester_channel_fault,healthy_settling,False,False,True,,12,0.0771698723867,0.0178760281803,False,False,False,0.12,synthetic,True
MLCC_UNSEEN_CONDITION_C000474,MLCC_UNSEEN_CONDITION_B001,MLCC_X7R,leakage_ua,SIM_X7R_10N_50V,intermittent_leakage,intermittent_leakage,True,False,False,6,,0.0220781695254,0.022338323424,False,False,False,0.12,synthetic,True
MLCC_UNSEEN_CONDITION_C000488,MLCC_UNSEEN_CONDITION_B001,MLCC_X7R,leakage_ua,SIM_X7R_10N_50V,healthy_settling,healthy_settling,False,True,False,,,0.0177748095473,0.0177033464186,False,False,False,0.12,synthetic,True
MLCC_UNSEEN_CONDITION_C000522,MLCC_UNSEEN_CONDITION_B001,MLCC_X7R,leakage_ua,SIM_X7R_10N_50V,gradual_drift,gradual_drift,True,False,False,12,,0.0433464496021,0.0459592376595,False,False,False,0.12,synthetic,True
MLCC_UNSEEN_CONDITION_C000544,MLCC_UNSEEN_CONDITION_B001,MLCC_X7R,leakage_ua,SIM_X7R_10N_50V,healthy_settling,healthy_settling,False,True,False,,,0.027793175354,0.0266280305518,False,False,False,0.12,synthetic,True
MLCC_UNSEEN_CONDITION_C000549,MLCC_UNSEEN_CONDITION_B001,MLCC_X7R,leakage_ua,SIM_X7R_10N_50V,tester_channel_fault,healthy_settling,False,False,True,,12,0.0798860780465,0.0202643326198,False,False,False,0.12,synthetic,True
MLCC_UNSEEN_CONDITION_C000560,MLCC_UNSEEN_CONDITION_B001,MLCC_X7R,leakage_ua,SIM_X7R_10N_50V,healthy_settling,healthy_settling,False,True,False,,,0.0241441167316,0.0254494986934,False,False,False,0.12,synthetic,True
MLCC_UNSEEN_CONDITION_C000570,MLCC_UNSEEN_CONDITION_B001,MLCC_X7R,leakage_ua,SIM_X7R_10N_50V,accelerating_drift,accelerating_drift,True,False,False,24,,0.0489461210626,0.0476297690386,False,False,False,0.12,synthetic,True
MLCC_UNSEEN_CONDITION_C000634,MLCC_UNSEEN_CONDITION_B001,MLCC_X7R,leakage_ua,SIM_X7R_10N_50V,late_abrupt_onset,late_abrupt_onset,True,False,False,120,,0.293246952596,0.271840423084,True,True,True,0.12,synthetic,True
MLCC_UNSEEN_CONDITION_C000669,MLCC_UNSEEN_CONDITION_B001,MLCC_X7R,leakage_ua,SIM_X7R_10N_50V,ordinary_noise,ordinary_noise,False,True,False,,,0.0352857768846,0.0305054293765,False,False,False,0.12,synthetic,True
MLCC_UNSEEN_CONDITION_C000672,MLCC_UNSEEN_CONDITION_B001,MLCC_X7R,leakage_ua,SIM_X7R_10N_50V,healthy_settling,healthy_settling,False,True,False,,,0.0245235560634,0.0251732624173,False,False,False,0.12,synthetic,True
MLCC_UNSEEN_CONDITION_C000685,MLCC_UNSEEN_CONDITION_B001,MLCC_X7R,leakage_ua,SIM_X7R_10N_50V,healthy_settling,healthy_settling,False,True,False,,,0.0193803581864,0.0201670461786,False,False,False,0.12,synthetic,True
MLCC_UNSEEN_CONDITION_C000696,MLCC_UNSEEN_CONDITION_B001,MLCC_X7R,leakage_ua,SIM_X7R_10N_50V,gradual_drift,gradual_drift,True,False,False,12,,0.0578296448965,0.0596573088205,False,False,False,0.12,synthetic,True
MLCC_UNSEEN_CONDITION_C000730,MLCC_UNSEEN_CONDITION_B001,MLCC_X7R,leakage_ua,SIM_X7R_10N_50V,intermittent_leakage,intermittent_leakage,True,False,False,12,,0.266459511789,0.261780094625,True,True,True,0.12,synthetic,True
MLCC_UNSEEN_CONDITION_C000747,MLCC_UNSEEN_CONDITION_B001,MLCC_X7R,leakage_ua,SIM_X7R_10N_50V,ordinary_noise,ordinary_noise,False,True,False,,,0.023041285329,0.0214714193444,False,False,False,0.12,synthetic,True
MLCC_UNSEEN_CONDITION_C000754,MLCC_UNSEEN_CONDITION_B001,MLCC_X7R,leakage_ua,SIM_X7R_10N_50V,healthy_settling,healthy_settling,False,True,False,,,0.0321879881645,0.032309576799,False,False,False,0.12,synthetic,True
MLCC_UNSEEN_CONDITION_C000761,MLCC_UNSEEN_CONDITION_B001,MLCC_X7R,leakage_ua,SIM_X7R_10N_50V,late_abrupt_onset,late_abrupt_onset,True,False,False,72,,0.0796272525059,0.0773495560356,False,False,False,0.12,synthetic,True
MLCC_UNSEEN_CONDITION_C000763,MLCC_UNSEEN_CONDITION_B001,MLCC_X7R,leakage_ua,SIM_X7R_10N_50V,healthy_settling,healthy_settling,False,True,False,,,0.013121603275,0.0129439743985,False,False,False,0.12,synthetic,True
MLCC_UNSEEN_CONDITION_C000774,MLCC_UNSEEN_CONDITION_B001,MLCC_X7R,leakage_ua,SIM_X7R_10N_50V,healthy_settling,healthy_settling,False,True,False,,,0.027512726028,0.0279291925122,False,False,False,0.12,synthetic,True
MLCC_UNSEEN_CONDITION_C000791,MLCC_UNSEEN_CONDITION_B001,MLCC_X7R,leakage_ua,SIM_X7R_10N_50V,healthy_settling,healthy_settling,False,True,False,,,0.0250744273216,0.0249020366482,False,False,False,0.12,synthetic,True
MLCC_UNSEEN_CONDITION_C000812,MLCC_UNSEEN_CONDITION_B001,MLCC_X7R,leakage_ua,SIM_X7R_10N_50V,ordinary_noise,ordinary_noise,False,True,False,,,0.015070642384,0.0139083956473,False,False,False,0.12,synthetic,True
MLCC_UNSEEN_CONDITION_C000818,MLCC_UNSEEN_CONDITION_B001,MLCC_X7R,leakage_ua,SIM_X7R_10N_50V,healthy_settling,healthy_settling,False,True,False,,,0.0272387150095,0.0270094588239,False,False,False,0.12,synthetic,True
MLCC_UNSEEN_CONDITION_C000821,MLCC_UNSEEN_CONDITION_B001,MLCC_X7R,leakage_ua,SIM_X7R_10N_50V,healthy_settling,healthy_settling,False,True,False,,,0.017465039494,0.0182208742973,False,False,False,0.12,synthetic,True
MLCC_UNSEEN_CONDITION_C000847,MLCC_UNSEEN_CONDITION_B001,MLCC_X7R,leakage_ua,SIM_X7R_10N_50V,ordinary_noise,ordinary_noise,False,True,False,,,0.0216628995246,0.0216213114453,False,False,False,0.12,synthetic,True
MLCC_UNSEEN_CONDITION_C000853,MLCC_UNSEEN_CONDITION_B001,MLCC_X7R,leakage_ua,SIM_X7R_10N_50V,healthy_settling,healthy_settling,False,True,False,,,0.0249386003215,0.024586678412,False,False,False,0.12,synthetic,True
MLCC_UNSEEN_CONDITION_C000942,MLCC_UNSEEN_CONDITION_B001,MLCC_X7R,leakage_ua,SIM_X7R_10N_50V,healthy_settling,healthy_settling,False,True,False,,,0.0251959332045,0.02532540909,False,False,False,0.12,synthetic,True
MLCC_UNSEEN_CONDITION_C000964,MLCC_UNSEEN_CONDITION_B001,MLCC_X7R,leakage_ua,SIM_X7R_10N_50V,intermittent_leakage,intermittent_leakage,True,False,False,24,,0.0199839584947,0.0199222912477,False,False,True,0.12,synthetic,True
MLCC_UNSEEN_CONDITION_C000988,MLCC_UNSEEN_CONDITION_B001,MLCC_X7R,leakage_ua,SIM_X7R_10N_50V,healthy_settling,healthy_settling,False,True,False,,,0.0385436343557,0.0369806603061,False,False,False,0.12,synthetic,True
MLCC_UNSEEN_CONDITION_C001004,MLCC_UNSEEN_CONDITION_B001,MLCC_X7R,leakage_ua,SIM_X7R_10N_50V,healthy_settling,healthy_settling,False,True,False,,,0.0187814409979,0.0188339553812,False,False,False,0.12,synthetic,True
MLCC_UNSEEN_CONDITION_C001112,MLCC_UNSEEN_CONDITION_B001,MLCC_X7R,leakage_ua,SIM_X7R_10N_50V,tester_channel_fault,healthy_settling,False,False,True,,12,0.0886308442724,0.0260589976135,False,False,False,0.12,synthetic,True
MLCC_UNSEEN_CONDITION_C001130,MLCC_UNSEEN_CONDITION_B001,MLCC_X7R,leakage_ua,SIM_X7R_10N_50V,healthy_settling,healthy_settling,False,True,False,,,0.0283917635527,0.0295500694577,False,False,False,0.12,synthetic,True
MLCC_UNSEEN_CONDITION_C001138,MLCC_UNSEEN_CONDITION_B001,MLCC_X7R,leakage_ua,SIM_X7R_10N_50V,tester_channel_fault,healthy_settling,False,False,True,,12,0.0797747714217,0.0196493526322,False,False,False,0.12,synthetic,True
MLCC_UNSEEN_CONDITION_C001152,MLCC_UNSEEN_CONDITION_B001,MLCC_X7R,leakage_ua,SIM_X7R_10N_50V,ordinary_noise,ordinary_noise,False,True,False,,,0.0167324589336,0.018390893142,False,False,False,0.12,synthetic,True
MLCC_UNSEEN_CONDITION_C001170,MLCC_UNSEEN_CONDITION_B001,MLCC_X7R,leakage_ua,SIM_X7R_10N_50V,accelerating_drift,accelerating_drift,True,False,False,6,,0.0942068405196,0.0965809203678,False,False,False,0.12,synthetic,True
MLCC_UNSEEN_CONDITION_C001187,MLCC_UNSEEN_CONDITION_B001,MLCC_X7R,leakage_ua,SIM_X7R_10N_50V,healthy_settling,healthy_settling,False,True,False,,,0.0180711452647,0.0181884372657,False,False,False,0.12,synthetic,True
MLCC_UNSEEN_CONDITION_C001196,MLCC_UNSEEN_CONDITION_B001,MLCC_X7R,leakage_ua,SIM_X7R_10N_50V,healthy_settling,healthy_settling,False,True,False,,,0.0255446209492,0.0254416921384,False,False,False,0.12,synthetic,True
MLCC_UNSEEN_CONDITION_C001216,MLCC_UNSEEN_CONDITION_B001,MLCC_X7R,leakage_ua,SIM_X7R_10N_50V,healthy_settling,healthy_settling,False,True,False,,,0.0250579990689,0.0244002817748,False,False,False,0.12,synthetic,True
MLCC_UNSEEN_CONDITION_C001218,MLCC_UNSEEN_CONDITION_B001,MLCC_X7R,leakage_ua,SIM_X7R_10N_50V,accelerating_drift,accelerating_drift,True,False,False,12,,0.1099930265,0.112334673604,False,False,False,0.12,synthetic,True
MLCC_UNSEEN_CONDITION_C001243,MLCC_UNSEEN_CONDITION_B001,MLCC_X7R,leakage_ua,SIM_X7R_10N_50V,healthy_settling,healthy_settling,False,True,False,,,0.0258477421131,0.0271781041837,False,False,False,0.12,synthetic,True
MLCC_UNSEEN_CONDITION_C001274,MLCC_UNSEEN_CONDITION_B001,MLCC_X7R,leakage_ua,SIM_X7R_10N_50V,healthy_settling,healthy_settling,False,True,False,,,0.0258239327018,0.0261140884115,False,False,False,0.12,synthetic,True
MLCC_UNSEEN_CONDITION_C001283,MLCC_UNSEEN_CONDITION_B001,MLCC_X7R,leakage_ua,SIM_X7R_10N_50V,healthy_settling,healthy_settling,False,True,False,,,0.0224915093809,0.0221999539992,False,False,False,0.12,synthetic,True
MLCC_UNSEEN_CONDITION_C001286,MLCC_UNSEEN_CONDITION_B001,MLCC_X7R,leakage_ua,SIM_X7R_10N_50V,healthy_settling,healthy_settling,False,True,False,,,0.0193217386854,0.0192878477165,False,False,False,0.12,synthetic,True
MLCC_UNSEEN_CONDITION_C001310,MLCC_UNSEEN_CONDITION_B001,MLCC_X7R,leakage_ua,SIM_X7R_10N_50V,healthy_settling,healthy_settling,False,True,False,,,0.0359140300405,0.0354795565305,False,False,False,0.12,synthetic,True
MLCC_UNSEEN_CONDITION_C001392,MLCC_UNSEEN_CONDITION_B001,MLCC_X7R,leakage_ua,SIM_X7R_10N_50V,healthy_settling,healthy_settling,False,True,False,,,0.0157157408079,0.0149206357879,False,False,False,0.12,synthetic,True
MLCC_UNSEEN_CONDITION_C001399,MLCC_UNSEEN_CONDITION_B001,MLCC_X7R,leakage_ua,SIM_X7R_10N_50V,healthy_settling,healthy_settling,False,True,False,,,0.0190200857207,0.0181970935437,False,False,False,0.12,synthetic,True
MLCC_UNSEEN_CONDITION_C001403,MLCC_UNSEEN_CONDITION_B001,MLCC_X7R,leakage_ua,SIM_X7R_10N_50V,accelerating_drift,accelerating_drift,True,False,False,12,,0.199677136484,0.185483875508,True,True,True,0.12,synthetic,True
MLCC_UNSEEN_CONDITION_C001433,MLCC_UNSEEN_CONDITION_B001,MLCC_X7R,leakage_ua,SIM_X7R_10N_50V,healthy_settling,healthy_settling,False,True,False,,,0.0430877363646,0.0431119778386,False,False,False,0.12,synthetic,True
MLCC_UNSEEN_CONDITION_C001440,MLCC_UNSEEN_CONDITION_B001,MLCC_X7R,leakage_ua,SIM_X7R_10N_50V,gradual_drift,gradual_drift,True,False,False,6,,0.050054426264,0.0513450702133,False,False,False,0.12,synthetic,True
MLCC_UNSEEN_CONDITION_C001449,MLCC_UNSEEN_CONDITION_B001,MLCC_X7R,leakage_ua,SIM_X7R_10N_50V,moisture_associated_history,moisture_associated_history,True,False,False,0,,0.0551455721415,0.0562405611154,False,False,False,0.12,synthetic,True
MLCC_UNSEEN_CONDITION_C001454,MLCC_UNSEEN_CONDITION_B001,MLCC_X7R,leakage_ua,SIM_X7R_10N_50V,late_abrupt_onset,late_abrupt_onset,True,False,False,48,,0.106500145981,0.104173430862,False,False,False,0.12,synthetic,True
MLCC_UNSEEN_CONDITION_C001470,MLCC_UNSEEN_CONDITION_B001,MLCC_X7R,leakage_ua,SIM_X7R_10N_50V,healthy_settling,healthy_settling,False,True,False,,,0.0221321302684,0.0226268899563,False,False,False,0.12,synthetic,True
MLCC_UNSEEN_CONDITION_C001507,MLCC_UNSEEN_CONDITION_B001,MLCC_X7R,leakage_ua,SIM_X7R_10N_50V,accelerating_drift,accelerating_drift,True,False,False,0,,0.0909904003789,0.0892277738718,False,False,False,0.12,synthetic,True
MLCC_UNSEEN_CONDITION_C001543,MLCC_UNSEEN_CONDITION_B001,MLCC_X7R,leakage_ua,SIM_X7R_10N_50V,healthy_settling,healthy_settling,False,True,False,,,0.0297387827071,0.0289370039261,False,False,False,0.12,synthetic,True
MLCC_UNSEEN_CONDITION_C001567,MLCC_UNSEEN_CONDITION_B001,MLCC_X7R,leakage_ua,SIM_X7R_10N_50V,healthy_settling,healthy_settling,False,True,False,,,0.0254015971844,0.0270554513983,False,False,False,0.12,synthetic,True
MLCC_UNSEEN_CONDITION_C001571,MLCC_UNSEEN_CONDITION_B001,MLCC_X7R,leakage_ua,SIM_X7R_10N_50V,healthy_settling,healthy_settling,False,True,False,,,0.0178503438607,0.0177932644695,False,False,False,0.12,synthetic,True
MLCC_UNSEEN_CONDITION_C001578,MLCC_UNSEEN_CONDITION_B001,MLCC_X7R,leakage_ua,SIM_X7R_10N_50V,healthy_settling,healthy_settling,False,True,False,,,0.0186237258148,0.0192098745963,False,False,False,0.12,synthetic,True
MLCC_UNSEEN_CONDITION_C001579,MLCC_UNSEEN_CONDITION_B001,MLCC_X7R,leakage_ua,SIM_X7R_10N_50V,ordinary_noise,ordinary_noise,False,True,False,,,0.0217411699877,0.0218442943704,False,False,False,0.12,synthetic,True
MLCC_UNSEEN_CONDITION_C001580,MLCC_UNSEEN_CONDITION_B001,MLCC_X7R,leakage_ua,SIM_X7R_10N_50V,healthy_settling,healthy_settling,False,True,False,,,0.0195207724517,0.0204707637016,False,False,False,0.12,synthetic,True
MLCC_UNSEEN_CONDITION_C001600,MLCC_UNSEEN_CONDITION_B001,MLCC_X7R,leakage_ua,SIM_X7R_10N_50V,late_abrupt_onset,late_abrupt_onset,True,False,False,120,,0.0824979370536,0.0845045613009,False,False,False,0.12,synthetic,True
MLCC_UNSEEN_CONDITION_C001607,MLCC_UNSEEN_CONDITION_B001,MLCC_X7R,leakage_ua,SIM_X7R_10N_50V,ordinary_noise,ordinary_noise,False,True,False,,,0.0166147810388,0.0155012976402,False,False,False,0.12,synthetic,True
MLCC_UNSEEN_CONDITION_C001635,MLCC_UNSEEN_CONDITION_B001,MLCC_X7R,leakage_ua,SIM_X7R_10N_50V,healthy_settling,healthy_settling,False,True,False,,,0.0255826113529,0.025719283347,False,False,False,0.12,synthetic,True
MLCC_UNSEEN_CONDITION_C001655,MLCC_UNSEEN_CONDITION_B001,MLCC_X7R,leakage_ua,SIM_X7R_10N_50V,ordinary_noise,ordinary_noise,False,True,False,,,0.0172963727559,0.0175108258677,False,False,False,0.12,synthetic,True
MLCC_UNSEEN_CONDITION_C001670,MLCC_UNSEEN_CONDITION_B001,MLCC_X7R,leakage_ua,SIM_X7R_10N_50V,tester_channel_fault,ordinary_noise,False,False,True,,12,0.0834875252782,0.0185060949341,False,False,False,0.12,synthetic,True
MLCC_UNSEEN_CONDITION_C001703,MLCC_UNSEEN_CONDITION_B001,MLCC_X7R,leakage_ua,SIM_X7R_10N_50V,healthy_settling,healthy_settling,False,True,False,,,0.0244520695174,0.0256977373465,False,False,False,0.12,synthetic,True
MLCC_UNSEEN_CONDITION_C001726,MLCC_UNSEEN_CONDITION_B001,MLCC_X7R,leakage_ua,SIM_X7R_10N_50V,healthy_settling,healthy_settling,False,True,False,,,0.019431491866,0.0193716132988,False,False,False,0.12,synthetic,True
MLCC_UNSEEN_CONDITION_C001750,MLCC_UNSEEN_CONDITION_B001,MLCC_X7R,leakage_ua,SIM_X7R_10N_50V,healthy_settling,healthy_settling,False,True,False,,,0.0151528313384,0.0151427002148,False,False,False,0.12,synthetic,True
MLCC_UNSEEN_CONDITION_C001772,MLCC_UNSEEN_CONDITION_B001,MLCC_X7R,leakage_ua,SIM_X7R_10N_50V,healthy_settling,healthy_settling,False,True,False,,,0.0214925084756,0.0212191855594,False,False,False,0.12,synthetic,True
MLCC_UNSEEN_CONDITION_C001813,MLCC_UNSEEN_CONDITION_B001,MLCC_X7R,leakage_ua,SIM_X7R_10N_50V,ordinary_noise,ordinary_noise,False,True,False,,,0.0287736191682,0.0302940167562,False,False,False,0.12,synthetic,True
MLCC_UNSEEN_CONDITION_C001817,MLCC_UNSEEN_CONDITION_B001,MLCC_X7R,leakage_ua,SIM_X7R_10N_50V,healthy_settling,healthy_settling,False,True,False,,,0.0197974006425,0.0196595610247,False,False,False,0.12,synthetic,True
MLCC_UNSEEN_CONDITION_C001825,MLCC_UNSEEN_CONDITION_B001,MLCC_X7R,leakage_ua,SIM_X7R_10N_50V,healthy_settling,healthy_settling,False,True,False,,,0.0197540652123,0.0195900361516,False,False,False,0.12,synthetic,True
MLCC_UNSEEN_CONDITION_C001844,MLCC_UNSEEN_CONDITION_B001,MLCC_X7R,leakage_ua,SIM_X7R_10N_50V,late_abrupt_onset,late_abrupt_onset,True,False,False,72,,0.0896365634015,0.0894687257567,False,False,False,0.12,synthetic,True
MLCC_UNSEEN_CONDITION_C001846,MLCC_UNSEEN_CONDITION_B001,MLCC_X7R,leakage_ua,SIM_X7R_10N_50V,accelerating_drift,accelerating_drift,True,False,False,12,,0.243753862898,0.244638024742,True,True,True,0.12,synthetic,True
MLCC_UNSEEN_CONDITION_C001871,MLCC_UNSEEN_CONDITION_B001,MLCC_X7R,leakage_ua,SIM_X7R_10N_50V,intermittent_leakage,intermittent_leakage,True,False,False,24,,0.011601141887,0.0118862088455,False,False,False,0.12,synthetic,True
MLCC_UNSEEN_CONDITION_C001901,MLCC_UNSEEN_CONDITION_B001,MLCC_X7R,leakage_ua,SIM_X7R_10N_50V,healthy_settling,healthy_settling,False,True,False,,,0.018337241842,0.0181138234684,False,False,False,0.12,synthetic,True
MLCC_UNSEEN_CONDITION_C001909,MLCC_UNSEEN_CONDITION_B001,MLCC_X7R,leakage_ua,SIM_X7R_10N_50V,tester_channel_fault,healthy_settling,False,False,True,,12,0.0843705023931,0.0230817158223,False,False,False,0.12,synthetic,True
MLCC_UNSEEN_CONDITION_C001923,MLCC_UNSEEN_CONDITION_B001,MLCC_X7R,leakage_ua,SIM_X7R_10N_50V,healthy_settling,healthy_settling,False,True,False,,,0.0214375391124,0.0216942757889,False,False,False,0.12,synthetic,True
MLCC_UNSEEN_CONDITION_C001948,MLCC_UNSEEN_CONDITION_B001,MLCC_X7R,leakage_ua,SIM_X7R_10N_50V,healthy_settling,healthy_settling,False,True,False,,,0.0229233279639,0.0229419240753,False,False,False,0.12,synthetic,True
MLCC_UNSEEN_CONDITION_C001955,MLCC_UNSEEN_CONDITION_B001,MLCC_X7R,leakage_ua,SIM_X7R_10N_50V,ordinary_noise,ordinary_noise,False,True,False,,,0.0393942897946,0.0335791057017,False,False,False,0.12,synthetic,True
MLCC_UNSEEN_CONDITION_C000004,MLCC_UNSEEN_CONDITION_B002,MLCC_X7R,leakage_ua,SIM_X7R_1U_25V,healthy_settling,healthy_settling,False,True,False,,,0.150690330283,0.155988072459,False,False,False,0.7,synthetic,True
MLCC_UNSEEN_CONDITION_C000012,MLCC_UNSEEN_CONDITION_B002,MLCC_X7R,leakage_ua,SIM_X7R_1U_25V,accelerating_drift,accelerating_drift,True,False,False,6,,0.275565287606,0.269764016533,False,False,False,0.7,synthetic,True
MLCC_UNSEEN_CONDITION_C000020,MLCC_UNSEEN_CONDITION_B002,MLCC_X7R,leakage_ua,SIM_X7R_1U_25V,healthy_settling,healthy_settling,False,True,False,,,0.24397159236,0.246943436862,False,False,False,0.7,synthetic,True
MLCC_UNSEEN_CONDITION_C000024,MLCC_UNSEEN_CONDITION_B002,MLCC_X7R,leakage_ua,SIM_X7R_1U_25V,intermittent_leakage,intermittent_leakage,True,False,False,24,,0.92994573867,0.8584585237,True,True,True,0.7,synthetic,True
MLCC_UNSEEN_CONDITION_C000026,MLCC_UNSEEN_CONDITION_B002,MLCC_X7R,leakage_ua,SIM_X7R_1U_25V,healthy_settling,healthy_settling,False,True,False,,,0.120397141854,0.12366089179,False,False,False,0.7,synthetic,True
MLCC_UNSEEN_CONDITION_C000028,MLCC_UNSEEN_CONDITION_B002,MLCC_X7R,leakage_ua,SIM_X7R_1U_25V,tester_channel_fault,healthy_settling,False,False,True,,12,0.653490564428,0.145395029123,False,False,False,0.7,synthetic,True
MLCC_UNSEEN_CONDITION_C000056,MLCC_UNSEEN_CONDITION_B002,MLCC_X7R,leakage_ua,SIM_X7R_1U_25V,ordinary_noise,ordinary_noise,False,True,False,,,0.225863411417,0.204180582885,False,False,False,0.7,synthetic,True
MLCC_UNSEEN_CONDITION_C000073,MLCC_UNSEEN_CONDITION_B002,MLCC_X7R,leakage_ua,SIM_X7R_1U_25V,healthy_settling,healthy_settling,False,True,False,,,0.146979019194,0.151088299464,False,False,False,0.7,synthetic,True
MLCC_UNSEEN_CONDITION_C000077,MLCC_UNSEEN_CONDITION_B002,MLCC_X7R,leakage_ua,SIM_X7R_1U_25V,healthy_settling,healthy_settling,False,True,False,,,0.113952772865,0.118719746997,False,False,False,0.7,synthetic,True
MLCC_UNSEEN_CONDITION_C000087,MLCC_UNSEEN_CONDITION_B002,MLCC_X7R,leakage_ua,SIM_X7R_1U_25V,ordinary_noise,ordinary_noise,False,True,False,,,0.197780758439,0.20420859553,False,False,False,0.7,synthetic,True
MLCC_UNSEEN_CONDITION_C000115,MLCC_UNSEEN_CONDITION_B002,MLCC_X7R,leakage_ua,SIM_X7R_1U_25V,healthy_settling,healthy_settling,False,True,False,,,0.0978350259166,0.0980821295599,False,False,False,0.7,synthetic,True
MLCC_UNSEEN_CONDITION_C000129,MLCC_UNSEEN_CONDITION_B002,MLCC_X7R,leakage_ua,SIM_X7R_1U_25V,healthy_settling,healthy_settling,False,True,False,,,0.0870902886736,0.0868746143775,False,False,False,0.7,synthetic,True
MLCC_UNSEEN_CONDITION_C000148,MLCC_UNSEEN_CONDITION_B002,MLCC_X7R,leakage_ua,SIM_X7R_1U_25V,healthy_settling,healthy_settling,False,True,False,,,0.119158991259,0.12124558955,False,False,False,0.7,synthetic,True
MLCC_UNSEEN_CONDITION_C000149,MLCC_UNSEEN_CONDITION_B002,MLCC_X7R,leakage_ua,SIM_X7R_1U_25V,late_abrupt_onset,late_abrupt_onset,True,False,True,120,12,1.22014245187,0.722385692903,True,True,True,0.7,synthetic,True
MLCC_UNSEEN_CONDITION_C000206,MLCC_UNSEEN_CONDITION_B002,MLCC_X7R,leakage_ua,SIM_X7R_1U_25V,healthy_settling,healthy_settling,False,True,False,,,0.0882364444991,0.0900169429387,False,False,False,0.7,synthetic,True
MLCC_UNSEEN_CONDITION_C000221,MLCC_UNSEEN_CONDITION_B002,MLCC_X7R,leakage_ua,SIM_X7R_1U_25V,ordinary_noise,ordinary_noise,False,True,False,,,0.123042446078,0.108046005791,False,False,False,0.7,synthetic,True
MLCC_UNSEEN_CONDITION_C000223,MLCC_UNSEEN_CONDITION_B002,MLCC_X7R,leakage_ua,SIM_X7R_1U_25V,ordinary_noise,ordinary_noise,False,True,False,,,0.145757011244,0.118798788944,False,False,False,0.7,synthetic,True
MLCC_UNSEEN_CONDITION_C000256,MLCC_UNSEEN_CONDITION_B002,MLCC_X7R,leakage_ua,SIM_X7R_1U_25V,healthy_settling,healthy_settling,False,True,False,,,0.1455084686,0.146191078347,False,False,False,0.7,synthetic,True
MLCC_UNSEEN_CONDITION_C000321,MLCC_UNSEEN_CONDITION_B002,MLCC_X7R,leakage_ua,SIM_X7R_1U_25V,healthy_settling,healthy_settling,False,True,False,,,0.132455309973,0.131066030426,False,False,False,0.7,synthetic,True
MLCC_UNSEEN_CONDITION_C000334,MLCC_UNSEEN_CONDITION_B002,MLCC_X7R,leakage_ua,SIM_X7R_1U_25V,gradual_drift,gradual_drift,True,False,False,12,,0.619598718418,0.628486757251,False,False,False,0.7,synthetic,True
MLCC_UNSEEN_CONDITION_C000370,MLCC_UNSEEN_CONDITION_B002,MLCC_X7R,leakage_ua,SIM_X7R_1U_25V,healthy_settling,healthy_settling,False,True,False,,,0.155384520569,0.155663069583,False,False,False,0.7,synthetic,True
MLCC_UNSEEN_CONDITION_C000385,MLCC_UNSEEN_CONDITION_B002,MLCC_X7R,leakage_ua,SIM_X7R_1U_25V,moisture_associated_history,moisture_associated_history,True,False,False,6,,0.600389998541,0.586227327257,False,False,False,0.7,synthetic,True
MLCC_UNSEEN_CONDITION_C000409,MLCC_UNSEEN_CONDITION_B002,MLCC_X7R,leakage_ua,SIM_X7R_1U_25V,healthy_settling,healthy_settling,False,True,False,,,0.185712964475,0.187176720044,False,False,False,0.7,synthetic,True
MLCC_UNSEEN_CONDITION_C000426,MLCC_UNSEEN_CONDITION_B002,MLCC_X7R,leakage_ua,SIM_X7R_1U_25V,healthy_settling,healthy_settling,False,True,False,,,0.129770784384,0.127947645065,False,False,False,0.7,synthetic,True
MLCC_UNSEEN_CONDITION_C000441,MLCC_UNSEEN_CONDITION_B002,MLCC_X7R,leakage_ua,SIM_X7R_1U_25V,ordinary_noise,ordinary_noise,False,True,False,,,0.162409975655,0.20534723158,False,False,False,0.7,synthetic,True
MLCC_UNSEEN_CONDITION_C000498,MLCC_UNSEEN_CONDITION_B002,MLCC_X7R,leakage_ua,SIM_X7R_1U_25V,ordinary_noise,ordinary_noise,False,True,False,,,0.110121966833,0.104203197776,False,False,False,0.7,synthetic,True
MLCC_UNSEEN_CONDITION_C000504,MLCC_UNSEEN_CONDITION_B002,MLCC_X7R,leakage_ua,SIM_X7R_1U_25V,healthy_settling,healthy_settling,False,True,False,,,0.195282725703,0.186495500213,False,False,False,0.7,synthetic,True
MLCC_UNSEEN_CONDITION_C000506,MLCC_UNSEEN_CONDITION_B002,MLCC_X7R,leakage_ua,SIM_X7R_1U_25V,healthy_settling,healthy_settling,False,True,False,,,0.0696374448555,0.0719996846511,False,False,False,0.7,synthetic,True
MLCC_UNSEEN_CONDITION_C000509,MLCC_UNSEEN_CONDITION_B002,MLCC_X7R,leakage_ua,SIM_X7R_1U_25V,ordinary_noise,ordinary_noise,False,True,False,,,0.138082960345,0.152484318488,False,False,False,0.7,synthetic,True
MLCC_UNSEEN_CONDITION_C000534,MLCC_UNSEEN_CONDITION_B002,MLCC_X7R,leakage_ua,SIM_X7R_1U_25V,healthy_settling,healthy_settling,False,True,False,,,0.0929605867891,0.0894763067494,False,False,False,0.7,synthetic,True
MLCC_UNSEEN_CONDITION_C000539,MLCC_UNSEEN_CONDITION_B002,MLCC_X7R,leakage_ua,SIM_X7R_1U_25V,healthy_settling,healthy_settling,False,True,False,,,0.108745732681,0.111971114618,False,False,False,0.7,synthetic,True
MLCC_UNSEEN_CONDITION_C000575,MLCC_UNSEEN_CONDITION_B002,MLCC_X7R,leakage_ua,SIM_X7R_1U_25V,gradual_drift,gradual_drift,True,False,False,12,,0.64484239352,0.61509973932,False,False,False,0.7,synthetic,True
MLCC_UNSEEN_CONDITION_C000578,MLCC_UNSEEN_CONDITION_B002,MLCC_X7R,leakage_ua,SIM_X7R_1U_25V,healthy_settling,healthy_settling,False,True,False,,,0.130480237379,0.132571726766,False,False,False,0.7,synthetic,True
MLCC_UNSEEN_CONDITION_C000608,MLCC_UNSEEN_CONDITION_B002,MLCC_X7R,leakage_ua,SIM_X7R_1U_25V,healthy_settling,healthy_settling,False,True,False,,,0.108731802579,0.111972147185,False,False,False,0.7,synthetic,True
MLCC_UNSEEN_CONDITION_C000655,MLCC_UNSEEN_CONDITION_B002,MLCC_X7R,leakage_ua,SIM_X7R_1U_25V,ordinary_noise,ordinary_noise,False,True,False,,,0.175433257771,0.163373561794,False,False,False,0.7,synthetic,True
MLCC_UNSEEN_CONDITION_C000665,MLCC_UNSEEN_CONDITION_B002,MLCC_X7R,leakage_ua,SIM_X7R_1U_25V,healthy_settling,healthy_settling,False,True,False,,,0.0875673692726,0.0837183098037,False,False,False,0.7,synthetic,True
MLCC_UNSEEN_CONDITION_C000670,MLCC_UNSEEN_CONDITION_B002,MLCC_X7R,leakage_ua,SIM_X7R_1U_25V,tester_channel_fault,healthy_settling,False,False,True,,12,0.636222977217,0.136009239888,False,False,False,0.7,synthetic,True
MLCC_UNSEEN_CONDITION_C000718,MLCC_UNSEEN_CONDITION_B002,MLCC_X7R,leakage_ua,SIM_X7R_1U_25V,ordinary_noise,ordinary_noise,False,True,False,,,0.114587742377,0.11640897766,False,False,False,0.7,synthetic,True
MLCC_UNSEEN_CONDITION_C000728,MLCC_UNSEEN_CONDITION_B002,MLCC_X7R,leakage_ua,SIM_X7R_1U_25V,healthy_settling,healthy_settling,False,True,False,,,0.148927640314,0.147387210372,False,False,False,0.7,synthetic,True
MLCC_UNSEEN_CONDITION_C000745,MLCC_UNSEEN_CONDITION_B002,MLCC_X7R,leakage_ua,SIM_X7R_1U_25V,ordinary_noise,ordinary_noise,False,True,False,,,0.110742204934,0.103797578334,False,False,False,0.7,synthetic,True
MLCC_UNSEEN_CONDITION_C000762,MLCC_UNSEEN_CONDITION_B002,MLCC_X7R,leakage_ua,SIM_X7R_1U_25V,healthy_settling,healthy_settling,False,True,False,,,0.104550463961,0.100065546179,False,False,False,0.7,synthetic,True
MLCC_UNSEEN_CONDITION_C000823,MLCC_UNSEEN_CONDITION_B002,MLCC_X7R,leakage_ua,SIM_X7R_1U_25V,healthy_settling,healthy_settling,False,True,False,,,0.103112228654,0.108639534691,False,False,False,0.7,synthetic,True
MLCC_UNSEEN_CONDITION_C000837,MLCC_UNSEEN_CONDITION_B002,MLCC_X7R,leakage_ua,SIM_X7R_1U_25V,healthy_settling,healthy_settling,False,True,False,,,0.151411127826,0.154487397976,False,False,False,0.7,synthetic,True
MLCC_UNSEEN_CONDITION_C000846,MLCC_UNSEEN_CONDITION_B002,MLCC_X7R,leakage_ua,SIM_X7R_1U_25V,tester_channel_fault,ordinary_noise,False,False,True,,12,0.725031183951,0.217892381775,False,True,False,0.7,synthetic,True
MLCC_UNSEEN_CONDITION_C000855,MLCC_UNSEEN_CONDITION_B002,MLCC_X7R,leakage_ua,SIM_X7R_1U_25V,late_abrupt_onset,late_abrupt_onset,True,False,False,144,,0.190019768651,0.189839903671,False,False,False,0.7,synthetic,True
MLCC_UNSEEN_CONDITION_C000865,MLCC_UNSEEN_CONDITION_B002,MLCC_X7R,leakage_ua,SIM_X7R_1U_25V,accelerating_drift,accelerating_drift,True,False,False,0,,0.511305435894,0.487856220425,False,False,False,0.7,synthetic,True
MLCC_UNSEEN_CONDITION_C000875,MLCC_UNSEEN_CONDITION_B002,MLCC_X7R,leakage_ua,SIM_X7R_1U_25V,tester_channel_fault,healthy_settling,False,False,True,,12,0.617910989446,0.112955858804,False,False,False,0.7,synthetic,True
MLCC_UNSEEN_CONDITION_C000899,MLCC_UNSEEN_CONDITION_B002,MLCC_X7R,leakage_ua,SIM_X7R_1U_25V,late_abrupt_onset,late_abrupt_onset,True,False,False,120,,1.01383295698,1.02365064693,True,True,True,0.7,synthetic,True
MLCC_UNSEEN_CONDITION_C000920,MLCC_UNSEEN_CONDITION_B002,MLCC_X7R,leakage_ua,SIM_X7R_1U_25V,gradual_drift,gradual_drift,True,False,False,12,,0.375127531987,0.371683190246,False,False,False,0.7,synthetic,True
MLCC_UNSEEN_CONDITION_C000925,MLCC_UNSEEN_CONDITION_B002,MLCC_X7R,leakage_ua,SIM_X7R_1U_25V,moisture_associated_history,moisture_associated_history,True,False,False,48,,1.22758635125,1.23466085974,True,True,True,0.7,synthetic,True
MLCC_UNSEEN_CONDITION_C000966,MLCC_UNSEEN_CONDITION_B002,MLCC_X7R,leakage_ua,SIM_X7R_1U_25V,ordinary_noise,ordinary_noise,False,True,False,,,0.0921534616887,0.0947206329153,False,False,False,0.7,synthetic,True
MLCC_UNSEEN_CONDITION_C000991,MLCC_UNSEEN_CONDITION_B002,MLCC_X7R,leakage_ua,SIM_X7R_1U_25V,healthy_settling,healthy_settling,False,True,False,,,0.101869053989,0.0999168041121,False,False,False,0.7,synthetic,True
MLCC_UNSEEN_CONDITION_C000994,MLCC_UNSEEN_CONDITION_B002,MLCC_X7R,leakage_ua,SIM_X7R_1U_25V,ordinary_noise,ordinary_noise,False,True,False,,,0.165964466468,0.155967055715,False,False,False,0.7,synthetic,True
MLCC_UNSEEN_CONDITION_C000998,MLCC_UNSEEN_CONDITION_B002,MLCC_X7R,leakage_ua,SIM_X7R_1U_25V,gradual_drift,gradual_drift,True,False,False,0,,0.150893932958,0.149353032458,False,False,False,0.7,synthetic,True
MLCC_UNSEEN_CONDITION_C001006,MLCC_UNSEEN_CONDITION_B002,MLCC_X7R,leakage_ua,SIM_X7R_1U_25V,healthy_settling,healthy_settling,False,True,False,,,0.12442506415,0.119234860427,False,False,False,0.7,synthetic,True
MLCC_UNSEEN_CONDITION_C001007,MLCC_UNSEEN_CONDITION_B002,MLCC_X7R,leakage_ua,SIM_X7R_1U_25V,healthy_settling,healthy_settling,False,True,False,,,0.26095992078,0.254366714307,False,False,False,0.7,synthetic,True
MLCC_UNSEEN_CONDITION_C001012,MLCC_UNSEEN_CONDITION_B002,MLCC_X7R,leakage_ua,SIM_X7R_1U_25V,healthy_settling,healthy_settling,False,True,False,,,0.16551441516,0.161838724747,False,False,False,0.7,synthetic,True
MLCC_UNSEEN_CONDITION_C001044,MLCC_UNSEEN_CONDITION_B002,MLCC_X7R,leakage_ua,SIM_X7R_1U_25V,healthy_settling,healthy_settling,False,True,False,,,0.122267646416,0.118962485024,False,False,False,0.7,synthetic,True
MLCC_UNSEEN_CONDITION_C001096,MLCC_UNSEEN_CONDITION_B002,MLCC_X7R,leakage_ua,SIM_X7R_1U_25V,healthy_settling,healthy_settling,False,True,False,,,0.16732598424,0.170646190508,False,False,False,0.7,synthetic,True
MLCC_UNSEEN_CONDITION_C001103,MLCC_UNSEEN_CONDITION_B002,MLCC_X7R,leakage_ua,SIM_X7R_1U_25V,moisture_associated_history,moisture_associated_history,True,False,False,0,,0.730713665611,0.749850102508,True,True,True,0.7,synthetic,True
MLCC_UNSEEN_CONDITION_C001128,MLCC_UNSEEN_CONDITION_B002,MLCC_X7R,leakage_ua,SIM_X7R_1U_25V,healthy_settling,healthy_settling,False,True,False,,,0.145568432518,0.143496396741,False,False,False,0.7,synthetic,True
MLCC_UNSEEN_CONDITION_C001160,MLCC_UNSEEN_CONDITION_B002,MLCC_X7R,leakage_ua,SIM_X7R_1U_25V,healthy_settling,healthy_settling,False,True,False,,,0.231518460213,0.222258813493,False,False,False,0.7,synthetic,True
MLCC_UNSEEN_CONDITION_C001163,MLCC_UNSEEN_CONDITION_B002,MLCC_X7R,leakage_ua,SIM_X7R_1U_25V,intermittent_leakage,intermittent_leakage,True,False,False,24,,0.140279260249,0.139109638914,False,False,True,0.7,synthetic,True
MLCC_UNSEEN_CONDITION_C001166,MLCC_UNSEEN_CONDITION_B002,MLCC_X7R,leakage_ua,SIM_X7R_1U_25V,healthy_settling,healthy_settling,False,True,False,,,0.167607805658,0.166627694701,False,False,False,0.7,synthetic,True
MLCC_UNSEEN_CONDITION_C001173,MLCC_UNSEEN_CONDITION_B002,MLCC_X7R,leakage_ua,SIM_X7R_1U_25V,healthy_settling,healthy_settling,False,True,False,,,0.104660572318,0.106598426667,False,False,False,0.7,synthetic,True
MLCC_UNSEEN_CONDITION_C001177,MLCC_UNSEEN_CONDITION_B002,MLCC_X7R,leakage_ua,SIM_X7R_1U_25V,healthy_settling,healthy_settling,False,True,False,,,0.108268515161,0.110090965505,False,False,False,0.7,synthetic,True
MLCC_UNSEEN_CONDITION_C001182,MLCC_UNSEEN_CONDITION_B002,MLCC_X7R,leakage_ua,SIM_X7R_1U_25V,healthy_settling,healthy_settling,False,True,False,,,0.101640757383,0.109538308113,False,False,False,0.7,synthetic,True
MLCC_UNSEEN_CONDITION_C001225,MLCC_UNSEEN_CONDITION_B002,MLCC_X7R,leakage_ua,SIM_X7R_1U_25V,ordinary_noise,ordinary_noise,False,True,False,,,0.11632674219,0.118886856855,False,False,False,0.7,synthetic,True
MLCC_UNSEEN_CONDITION_C001234,MLCC_UNSEEN_CONDITION_B002,MLCC_X7R,leakage_ua,SIM_X7R_1U_25V,healthy_settling,healthy_settling,False,True,False,,,0.144831752521,0.146506342292,False,False,False,0.7,synthetic,True
MLCC_UNSEEN_CONDITION_C001257,MLCC_UNSEEN_CONDITION_B002,MLCC_X7R,leakage_ua,SIM_X7R_1U_25V,healthy_settling,healthy_settling,False,True,False,,,0.154444298139,0.160947077511,False,False,False,0.7,synthetic,True
MLCC_UNSEEN_CONDITION_C001275,MLCC_UNSEEN_CONDITION_B002,MLCC_X7R,leakage_ua,SIM_X7R_1U_25V,moisture_associated_history,moisture_associated_history,True,False,False,48,,0.277577081272,0.289414457025,False,False,False,0.7,synthetic,True
MLCC_UNSEEN_CONDITION_C001311,MLCC_UNSEEN_CONDITION_B002,MLCC_X7R,leakage_ua,SIM_X7R_1U_25V,healthy_settling,healthy_settling,False,True,False,,,0.156666482498,0.164013664147,False,False,False,0.7,synthetic,True
MLCC_UNSEEN_CONDITION_C001406,MLCC_UNSEEN_CONDITION_B002,MLCC_X7R,leakage_ua,SIM_X7R_1U_25V,moisture_associated_history,moisture_associated_history,True,False,False,24,,0.409778081887,0.391482419925,False,False,False,0.7,synthetic,True
MLCC_UNSEEN_CONDITION_C001426,MLCC_UNSEEN_CONDITION_B002,MLCC_X7R,leakage_ua,SIM_X7R_1U_25V,healthy_settling,healthy_settling,False,True,False,,,0.18356908524,0.177729142291,False,False,False,0.7,synthetic,True
MLCC_UNSEEN_CONDITION_C001448,MLCC_UNSEEN_CONDITION_B002,MLCC_X7R,leakage_ua,SIM_X7R_1U_25V,late_abrupt_onset,late_abrupt_onset,True,False,True,48,12,1.24803344561,0.751346925562,True,True,True,0.7,synthetic,True
MLCC_UNSEEN_CONDITION_C001533,MLCC_UNSEEN_CONDITION_B002,MLCC_X7R,leakage_ua,SIM_X7R_1U_25V,ordinary_noise,ordinary_noise,False,True,False,,,0.0975327531164,0.116214390044,False,False,False,0.7,synthetic,True
MLCC_UNSEEN_CONDITION_C001538,MLCC_UNSEEN_CONDITION_B002,MLCC_X7R,leakage_ua,SIM_X7R_1U_25V,ordinary_noise,ordinary_noise,False,True,False,,,0.222092129238,0.220204363541,False,False,False,0.7,synthetic,True
MLCC_UNSEEN_CONDITION_C001548,MLCC_UNSEEN_CONDITION_B002,MLCC_X7R,leakage_ua,SIM_X7R_1U_25V,healthy_settling,healthy_settling,False,True,False,,,0.107992522287,0.11071341485,False,False,False,0.7,synthetic,True
MLCC_UNSEEN_CONDITION_C001568,MLCC_UNSEEN_CONDITION_B002,MLCC_X7R,leakage_ua,SIM_X7R_1U_25V,healthy_settling,healthy_settling,False,True,False,,,0.168278706204,0.171382475705,False,False,False,0.7,synthetic,True
MLCC_UNSEEN_CONDITION_C001588,MLCC_UNSEEN_CONDITION_B002,MLCC_X7R,leakage_ua,SIM_X7R_1U_25V,accelerating_drift,accelerating_drift,True,False,False,6,,0.261191246897,0.25834437531,False,False,False,0.7,synthetic,True
MLCC_UNSEEN_CONDITION_C001606,MLCC_UNSEEN_CONDITION_B002,MLCC_X7R,leakage_ua,SIM_X7R_1U_25V,healthy_settling,healthy_settling,False,True,False,,,0.12374338994,0.123447993676,False,False,False,0.7,synthetic,True
MLCC_UNSEEN_CONDITION_C001629,MLCC_UNSEEN_CONDITION_B002,MLCC_X7R,leakage_ua,SIM_X7R_1U_25V,healthy_settling,healthy_settling,False,True,False,,,0.175000907702,0.178232841141,False,False,False,0.7,synthetic,True
MLCC_UNSEEN_CONDITION_C001641,MLCC_UNSEEN_CONDITION_B002,MLCC_X7R,leakage_ua,SIM_X7R_1U_25V,healthy_settling,healthy_settling,False,True,False,,,0.0992559572307,0.101698410801,False,False,False,0.7,synthetic,True
MLCC_UNSEEN_CONDITION_C001658,MLCC_UNSEEN_CONDITION_B002,MLCC_X7R,leakage_ua,SIM_X7R_1U_25V,healthy_settling,healthy_settling,False,True,False,,,0.135245482898,0.125942068339,False,False,False,0.7,synthetic,True
MLCC_UNSEEN_CONDITION_C001679,MLCC_UNSEEN_CONDITION_B002,MLCC_X7R,leakage_ua,SIM_X7R_1U_25V,accelerating_drift,accelerating_drift,True,False,False,12,,0.474932492109,0.463876695629,False,False,False,0.7,synthetic,True
MLCC_UNSEEN_CONDITION_C001683,MLCC_UNSEEN_CONDITION_B002,MLCC_X7R,leakage_ua,SIM_X7R_1U_25V,moisture_associated_history,moisture_associated_history,True,False,False,24,,0.547784663048,0.549352265172,False,False,False,0.7,synthetic,True
MLCC_UNSEEN_CONDITION_C001759,MLCC_UNSEEN_CONDITION_B002,MLCC_X7R,leakage_ua,SIM_X7R_1U_25V,healthy_settling,healthy_settling,False,True,False,,,0.131318185645,0.130041999375,False,False,False,0.7,synthetic,True
MLCC_UNSEEN_CONDITION_C001767,MLCC_UNSEEN_CONDITION_B002,MLCC_X7R,leakage_ua,SIM_X7R_1U_25V,healthy_settling,healthy_settling,False,True,False,,,0.086118578948,0.0832623260177,False,False,False,0.7,synthetic,True
MLCC_UNSEEN_CONDITION_C001808,MLCC_UNSEEN_CONDITION_B002,MLCC_X7R,leakage_ua,SIM_X7R_1U_25V,healthy_settling,healthy_settling,False,True,False,,,0.125254949462,0.131701702377,False,False,False,0.7,synthetic,True
MLCC_UNSEEN_CONDITION_C001838,MLCC_UNSEEN_CONDITION_B002,MLCC_X7R,leakage_ua,SIM_X7R_1U_25V,ordinary_noise,ordinary_noise,False,True,False,,,0.0848089290289,0.0985713926209,False,False,False,0.7,synthetic,True
MLCC_UNSEEN_CONDITION_C001883,MLCC_UNSEEN_CONDITION_B002,MLCC_X7R,leakage_ua,SIM_X7R_1U_25V,late_abrupt_onset,late_abrupt_onset,True,False,False,72,,0.257294368145,0.269555103695,False,False,False,0.7,synthetic,True
MLCC_UNSEEN_CONDITION_C001907,MLCC_UNSEEN_CONDITION_B002,MLCC_X7R,leakage_ua,SIM_X7R_1U_25V,intermittent_leakage,intermittent_leakage,True,False,False,6,,0.158824926837,0.156509516662,False,False,False,0.7,synthetic,True
MLCC_UNSEEN_CONDITION_C001932,MLCC_UNSEEN_CONDITION_B002,MLCC_X7R,leakage_ua,SIM_X7R_1U_25V,accelerating_drift,accelerating_drift,True,False,False,24,,0.379021837256,0.393358271145,False,False,False,0.7,synthetic,True
MLCC_UNSEEN_CONDITION_C001937,MLCC_UNSEEN_CONDITION_B002,MLCC_X7R,leakage_ua,SIM_X7R_1U_25V,healthy_settling,healthy_settling,False,True,False,,,0.0977991838865,0.0964495298204,False,False,False,0.7,synthetic,True
MLCC_UNSEEN_CONDITION_C001944,MLCC_UNSEEN_CONDITION_B002,MLCC_X7R,leakage_ua,SIM_X7R_1U_25V,healthy_settling,healthy_settling,False,True,False,,,0.158421947609,0.1634100658,False,False,False,0.7,synthetic,True
MLCC_UNSEEN_CONDITION_C001951,MLCC_UNSEEN_CONDITION_B002,MLCC_X7R,leakage_ua,SIM_X7R_1U_25V,gradual_drift,gradual_drift,True,False,False,0,,0.76483667021,0.762727012,True,True,True,0.7,synthetic,True
MLCC_UNSEEN_CONDITION_C001958,MLCC_UNSEEN_CONDITION_B002,MLCC_X7R,leakage_ua,SIM_X7R_1U_25V,healthy_settling,healthy_settling,False,True,False,,,0.0992784124293,0.100137063324,False,False,False,0.7,synthetic,True
MLCC_UNSEEN_CONDITION_C001966,MLCC_UNSEEN_CONDITION_B002,MLCC_X7R,leakage_ua,SIM_X7R_1U_25V,healthy_settling,healthy_settling,False,True,False,,,0.119744542102,0.117806057923,False,False,False,0.7,synthetic,True
MLCC_UNSEEN_CONDITION_C001972,MLCC_UNSEEN_CONDITION_B002,MLCC_X7R,leakage_ua,SIM_X7R_1U_25V,healthy_settling,healthy_settling,False,True,False,,,0.0878182143581,0.089396707251,False,False,False,0.7,synthetic,True
MLCC_UNSEEN_CONDITION_C001999,MLCC_UNSEEN_CONDITION_B002,MLCC_X7R,leakage_ua,SIM_X7R_1U_25V,ordinary_noise,ordinary_noise,False,True,False,,,0.16670165111,0.157372961888,False,False,False,0.7,synthetic,True
MLCC_UNSEEN_CONDITION_C000029,MLCC_UNSEEN_CONDITION_B003,MLCC_X7R,leakage_ua,SIM_X7R_100N_50V,healthy_settling,healthy_settling,False,True,False,,,0.0465100199966,0.0442987286985,False,False,False,0.25,synthetic,True
MLCC_UNSEEN_CONDITION_C000032,MLCC_UNSEEN_CONDITION_B003,MLCC_X7R,leakage_ua,SIM_X7R_100N_50V,healthy_settling,healthy_settling,False,True,False,,,0.03856763427,0.0360456911401,False,False,False,0.25,synthetic,True
MLCC_UNSEEN_CONDITION_C000043,MLCC_UNSEEN_CONDITION_B003,MLCC_X7R,leakage_ua,SIM_X7R_100N_50V,healthy_settling,healthy_settling,False,True,False,,,0.0292344454975,0.0307255467624,False,False,False,0.25,synthetic,True
MLCC_UNSEEN_CONDITION_C000052,MLCC_UNSEEN_CONDITION_B003,MLCC_X7R,leakage_ua,SIM_X7R_100N_50V,healthy_settling,healthy_settling,False,True,False,,,0.0441814478293,0.0446987929104,False,False,False,0.25,synthetic,True
MLCC_UNSEEN_CONDITION_C000061,MLCC_UNSEEN_CONDITION_B003,MLCC_X7R,leakage_ua,SIM_X7R_100N_50V,healthy_settling,healthy_settling,False,True,False,,,0.0369109525532,0.0368101984339,False,False,False,0.25,synthetic,True
MLCC_UNSEEN_CONDITION_C000120,MLCC_UNSEEN_CONDITION_B003,MLCC_X7R,leakage_ua,SIM_X7R_100N_50V,healthy_settling,healthy_settling,False,True,False,,,0.0410171465285,0.0410387997503,False,False,False,0.25,synthetic,True
MLCC_UNSEEN_CONDITION_C000130,MLCC_UNSEEN_CONDITION_B003,MLCC_X7R,leakage_ua,SIM_X7R_100N_50V,healthy_settling,healthy_settling,False,True,False,,,0.0406140811797,0.0414417088273,False,False,False,0.25,synthetic,True
MLCC_UNSEEN_CONDITION_C000142,MLCC_UNSEEN_CONDITION_B003,MLCC_X7R,leakage_ua,SIM_X7R_100N_50V,accelerating_drift,accelerating_drift,True,False,False,6,,0.139387317084,0.142627989037,False,False,False,0.25,synthetic,True
MLCC_UNSEEN_CONDITION_C000147,MLCC_UNSEEN_CONDITION_B003,MLCC_X7R,leakage_ua,SIM_X7R_100N_50V,ordinary_noise,ordinary_noise,False,True,False,,,0.0342336830356,0.0311431855534,False,False,False,0.25,synthetic,True
MLCC_UNSEEN_CONDITION_C000178,MLCC_UNSEEN_CONDITION_B003,MLCC_X7R,leakage_ua,SIM_X7R_100N_50V,accelerating_drift,accelerating_drift,True,False,False,0,,0.246595962147,0.249211176848,False,False,False,0.25,synthetic,True
MLCC_UNSEEN_CONDITION_C000204,MLCC_UNSEEN_CONDITION_B003,MLCC_X7R,leakage_ua,SIM_X7R_100N_50V,healthy_settling,healthy_settling,False,True,False,,,0.038672369677,0.0394419703436,False,False,False,0.25,synthetic,True
MLCC_UNSEEN_CONDITION_C000226,MLCC_UNSEEN_CONDITION_B003,MLCC_X7R,leakage_ua,SIM_X7R_100N_50V,accelerating_drift,accelerating_drift,True,False,False,24,,0.0581560462832,0.0587509594333,False,False,False,0.25,synthetic,True
MLCC_UNSEEN_CONDITION_C000263,MLCC_UNSEEN_CONDITION_B003,MLCC_X7R,leakage_ua,SIM_X7R_100N_50V,ordinary_noise,ordinary_noise,False,True,False,,,0.0338296677985,0.030401961474,False,False,False,0.25,synthetic,True
MLCC_UNSEEN_CONDITION_C000275,MLCC_UNSEEN_CONDITION_B003,MLCC_X7R,leakage_ua,SIM_X7R_100N_50V,gradual_drift,gradual_drift,True,False,False,6,,0.223947954519,0.236213966518,False,False,False,0.25,synthetic,True
MLCC_UNSEEN_CONDITION_C000345,MLCC_UNSEEN_CONDITION_B003,MLCC_X7R,leakage_ua,SIM_X7R_100N_50V,healthy_settling,healthy_settling,False,True,False,,,0.0490664047491,0.0485070562762,False,False,False,0.25,synthetic,True
MLCC_UNSEEN_CONDITION_C000347,MLCC_UNSEEN_CONDITION_B003,MLCC_X7R,leakage_ua,SIM_X7R_100N_50V,gradual_drift,gradual_drift,True,False,False,12,,0.157327573511,0.162033399079,False,False,False,0.25,synthetic,True
MLCC_UNSEEN_CONDITION_C000354,MLCC_UNSEEN_CONDITION_B003,MLCC_X7R,leakage_ua,SIM_X7R_100N_50V,ordinary_noise,ordinary_noise,False,True,False,,,0.0275976548233,0.0323348409284,False,False,False,0.25,synthetic,True
MLCC_UNSEEN_CONDITION_C000357,MLCC_UNSEEN_CONDITION_B003,MLCC_X7R,leakage_ua,SIM_X7R_100N_50V,healthy_settling,healthy_settling,False,True,False,,,0.0355609443128,0.0350503718853,False,False,False,0.25,synthetic,True
MLCC_UNSEEN_CONDITION_C000361,MLCC_UNSEEN_CONDITION_B003,MLCC_X7R,leakage_ua,SIM_X7R_100N_50V,late_abrupt_onset,late_abrupt_onset,True,False,False,72,,0.13039125955,0.129097782846,False,False,False,0.25,synthetic,True
MLCC_UNSEEN_CONDITION_C000364,MLCC_UNSEEN_CONDITION_B003,MLCC_X7R,leakage_ua,SIM_X7R_100N_50V,healthy_settling,healthy_settling,False,True,False,,,0.0436503362452,0.0416014348019,False,False,False,0.25,synthetic,True
MLCC_UNSEEN_CONDITION_C000393,MLCC_UNSEEN_CONDITION_B003,MLCC_X7R,leakage_ua,SIM_X7R_100N_50V,accelerating_drift,accelerating_drift,True,False,False,12,,0.200097557216,0.202918019999,False,False,False,0.25,synthetic,True
MLCC_UNSEEN_CONDITION_C000413,MLCC_UNSEEN_CONDITION_B003,MLCC_X7R,leakage_ua,SIM_X7R_100N_50V,healthy_settling,healthy_settling,False,True,False,,,0.0426173598939,0.0424378105073,False,False,False,0.25,synthetic,True
MLCC_UNSEEN_CONDITION_C000414,MLCC_UNSEEN_CONDITION_B003,MLCC_X7R,leakage_ua,SIM_X7R_100N_50V,ordinary_noise,ordinary_noise,False,True,False,,,0.0547766064449,0.0533791131902,False,False,False,0.25,synthetic,True
MLCC_UNSEEN_CONDITION_C000470,MLCC_UNSEEN_CONDITION_B003,MLCC_X7R,leakage_ua,SIM_X7R_100N_50V,healthy_settling,healthy_settling,False,True,False,,,0.0320747130393,0.0321352498165,False,False,False,0.25,synthetic,True
MLCC_UNSEEN_CONDITION_C000503,MLCC_UNSEEN_CONDITION_B003,MLCC_X7R,leakage_ua,SIM_X7R_100N_50V,late_abrupt_onset,late_abrupt_onset,True,False,False,144,,0.0932768518838,0.0938645723405,False,False,False,0.25,synthetic,True
MLCC_UNSEEN_CONDITION_C000525,MLCC_UNSEEN_CONDITION_B003,MLCC_X7R,leakage_ua,SIM_X7R_100N_50V,ordinary_noise,ordinary_noise,False,True,False,,,0.0407715541045,0.0425342742713,False,False,False,0.25,synthetic,True
MLCC_UNSEEN_CONDITION_C000541,MLCC_UNSEEN_CONDITION_B003,MLCC_X7R,leakage_ua,SIM_X7R_100N_50V,healthy_settling,healthy_settling,False,True,False,,,0.048845380764,0.048800386478,False,False,False,0.25,synthetic,True
MLCC_UNSEEN_CONDITION_C000542,MLCC_UNSEEN_CONDITION_B003,MLCC_X7R,leakage_ua,SIM_X7R_100N_50V,healthy_settling,healthy_settling,False,True,False,,,0.0464846117994,0.0459651098349,False,False,False,0.25,synthetic,True
MLCC_UNSEEN_CONDITION_C000569,MLCC_UNSEEN_CONDITION_B003,MLCC_X7R,leakage_ua,SIM_X7R_100N_50V,healthy_settling,healthy_settling,False,True,False,,,0.0412941733087,0.0401075551511,False,False,False,0.25,synthetic,True
MLCC_UNSEEN_CONDITION_C000591,MLCC_UNSEEN_CONDITION_B003,MLCC_X7R,leakage_ua,SIM_X7R_100N_50V,healthy_settling,healthy_settling,False,True,False,,,0.0385133408266,0.0384559169047,False,False,False,0.25,synthetic,True
MLCC_UNSEEN_CONDITION_C000609,MLCC_UNSEEN_CONDITION_B003,MLCC_X7R,leakage_ua,SIM_X7R_100N_50V,healthy_settling,healthy_settling,False,True,False,,,0.0293249563015,0.0292706737848,False,False,False,0.25,synthetic,True
MLCC_UNSEEN_CONDITION_C000610,MLCC_UNSEEN_CONDITION_B003,MLCC_X7R,leakage_ua,SIM_X7R_100N_50V,accelerating_drift,accelerating_drift,True,False,False,0,,0.312079253999,0.316907463405,True,True,True,0.25,synthetic,True
MLCC_UNSEEN_CONDITION_C000621,MLCC_UNSEEN_CONDITION_B003,MLCC_X7R,leakage_ua,SIM_X7R_100N_50V,healthy_settling,healthy_settling,False,True,False,,,0.0267198317233,0.026542162503,False,False,False,0.25,synthetic,True
MLCC_UNSEEN_CONDITION_C000624,MLCC_UNSEEN_CONDITION_B003,MLCC_X7R,leakage_ua,SIM_X7R_100N_50V,intermittent_leakage,intermittent_leakage,True,False,False,24,,0.032465478355,0.0324684125498,False,False,False,0.25,synthetic,True
MLCC_UNSEEN_CONDITION_C000627,MLCC_UNSEEN_CONDITION_B003,MLCC_X7R,leakage_ua,SIM_X7R_100N_50V,ordinary_noise,ordinary_noise,False,True,False,,,0.0457636172733,0.0563797813944,False,False,False,0.25,synthetic,True
MLCC_UNSEEN_CONDITION_C000645,MLCC_UNSEEN_CONDITION_B003,MLCC_X7R,leakage_ua,SIM_X7R_100N_50V,healthy_settling,healthy_settling,False,True,False,,,0.0346314039437,0.0380101140753,False,False,False,0.25,synthetic,True
MLCC_UNSEEN_CONDITION_C000697,MLCC_UNSEEN_CONDITION_B003,MLCC_X7R,leakage_ua,SIM_X7R_100N_50V,ordinary_noise,ordinary_noise,False,True,False,,,0.0240144846704,0.0288940001871,False,False,False,0.25,synthetic,True
MLCC_UNSEEN_CONDITION_C000710,MLCC_UNSEEN_CONDITION_B003,MLCC_X7R,leakage_ua,SIM_X7R_100N_50V,ordinary_noise,ordinary_noise,False,True,False,,,0.0356524253335,0.0358878040997,False,False,False,0.25,synthetic,True
MLCC_UNSEEN_CONDITION_C000717,MLCC_UNSEEN_CONDITION_B003,MLCC_X7R,leakage_ua,SIM_X7R_100N_50V,healthy_settling,healthy_settling,False,True,False,,,0.0383467660373,0.0375894192746,False,False,False,0.25,synthetic,True
MLCC_UNSEEN_CONDITION_C000720,MLCC_UNSEEN_CONDITION_B003,MLCC_X7R,leakage_ua,SIM_X7R_100N_50V,healthy_settling,healthy_settling,False,True,False,,,0.0379269343723,0.0368716795257,False,False,False,0.25,synthetic,True
MLCC_UNSEEN_CONDITION_C000749,MLCC_UNSEEN_CONDITION_B003,MLCC_X7R,leakage_ua,SIM_X7R_100N_50V,ordinary_noise,ordinary_noise,False,True,False,,,0.0354409073212,0.0425804985137,False,False,False,0.25,synthetic,True
MLCC_UNSEEN_CONDITION_C000781,MLCC_UNSEEN_CONDITION_B003,MLCC_X7R,leakage_ua,SIM_X7R_100N_50V,healthy_settling,healthy_settling,False,True,False,,,0.0345216419731,0.0342782486632,False,False,False,0.25,synthetic,True
MLCC_UNSEEN_CONDITION_C000783,MLCC_UNSEEN_CONDITION_B003,MLCC_X7R,leakage_ua,SIM_X7R_100N_50V,moisture_associated_history,moisture_associated_history,True,False,False,12,,0.120749829172,0.128115036439,False,False,False,0.25,synthetic,True
MLCC_UNSEEN_CONDITION_C000792,MLCC_UNSEEN_CONDITION_B003,MLCC_X7R,leakage_ua,SIM_X7R_100N_50V,gradual_drift,gradual_drift,True,False,False,0,,0.303949657689,0.295522453285,True,True,True,0.25,synthetic,True
MLCC_UNSEEN_CONDITION_C000794,MLCC_UNSEEN_CONDITION_B003,MLCC_X7R,leakage_ua,SIM_X7R_100N_50V,accelerating_drift,accelerating_drift,True,False,False,0,,0.268169181542,0.265067748674,True,True,True,0.25,synthetic,True
MLCC_UNSEEN_CONDITION_C000822,MLCC_UNSEEN_CONDITION_B003,MLCC_X7R,leakage_ua,SIM_X7R_100N_50V,healthy_settling,healthy_settling,False,True,False,,,0.0487786632847,0.0477349278337,False,False,False,0.25,synthetic,True
MLCC_UNSEEN_CONDITION_C000879,MLCC_UNSEEN_CONDITION_B003,MLCC_X7R,leakage_ua,SIM_X7R_100N_50V,healthy_settling,healthy_settling,False,True,False,,,0.0325608453445,0.032353953631,False,False,False,0.25,synthetic,True
MLCC_UNSEEN_CONDITION_C000882,MLCC_UNSEEN_CONDITION_B003,MLCC_X7R,leakage_ua,SIM_X7R_100N_50V,gradual_drift,gradual_drift,True,False,False,0,,0.26065507312,0.253393240969,True,True,True,0.25,synthetic,True
MLCC_UNSEEN_CONDITION_C000923,MLCC_UNSEEN_CONDITION_B003,MLCC_X7R,leakage_ua,SIM_X7R_100N_50V,healthy_settling,healthy_settling,False,True,False,,,0.0332049871845,0.0323889070693,False,False,False,0.25,synthetic,True
MLCC_UNSEEN_CONDITION_C000929,MLCC_UNSEEN_CONDITION_B003,MLCC_X7R,leakage_ua,SIM_X7R_100N_50V,healthy_settling,healthy_settling,False,True,False,,,0.0274285806986,0.026486808642,False,False,False,0.25,synthetic,True
MLCC_UNSEEN_CONDITION_C001019,MLCC_UNSEEN_CONDITION_B003,MLCC_X7R,leakage_ua,SIM_X7R_100N_50V,ordinary_noise,ordinary_noise,False,True,False,,,0.0381004032756,0.0416281834257,False,False,False,0.25,synthetic,True
MLCC_UNSEEN_CONDITION_C001020,MLCC_UNSEEN_CONDITION_B003,MLCC_X7R,leakage_ua,SIM_X7R_100N_50V,healthy_settling,healthy_settling,False,True,False,,,0.0313047346774,0.0317498603499,False,False,False,0.25,synthetic,True
MLCC_UNSEEN_CONDITION_C001058,MLCC_UNSEEN_CONDITION_B003,MLCC_X7R,leakage_ua,SIM_X7R_100N_50V,intermittent_leakage,intermittent_leakage,True,False,False,12,,0.0325496041325,0.0324306155681,False,False,False,0.25,synthetic,True
MLCC_UNSEEN_CONDITION_C001063,MLCC_UNSEEN_CONDITION_B003,MLCC_X7R,leakage_ua,SIM_X7R_100N_50V,healthy_settling,healthy_settling,False,True,False,,,0.0456311174768,0.0433820189352,False,False,False,0.25,synthetic,True
MLCC_UNSEEN_CONDITION_C001070,MLCC_UNSEEN_CONDITION_B003,MLCC_X7R,leakage_ua,SIM_X7R_100N_50V,healthy_settling,healthy_settling,False,True,False,,,0.0407339327697,0.0382442030215,False,False,False,0.25,synthetic,True
MLCC_UNSEEN_CONDITION_C001085,MLCC_UNSEEN_CONDITION_B003,MLCC_X7R,leakage_ua,SIM_X7R_100N_50V,healthy_settling,healthy_settling,False,True,False,,,0.0610128710978,0.0635909095001,False,False,False,0.25,synthetic,True
MLCC_UNSEEN_CONDITION_C001126,MLCC_UNSEEN_CONDITION_B003,MLCC_X7R,leakage_ua,SIM_X7R_100N_50V,late_abrupt_onset,late_abrupt_onset,True,False,False,96,,0.0803376307988,0.0762890913322,False,False,False,0.25,synthetic,True
MLCC_UNSEEN_CONDITION_C001189,MLCC_UNSEEN_CONDITION_B003,MLCC_X7R,leakage_ua,SIM_X7R_100N_50V,accelerating_drift,accelerating_drift,True,False,False,0,,0.279124682184,0.276733541585,True,True,True,0.25,synthetic,True
MLCC_UNSEEN_CONDITION_C001235,MLCC_UNSEEN_CONDITION_B003,MLCC_X7R,leakage_ua,SIM_X7R_100N_50V,ordinary_noise,ordinary_noise,False,True,False,,,0.0418299780255,0.0433015080867,False,False,False,0.25,synthetic,True
MLCC_UNSEEN_CONDITION_C001247,MLCC_UNSEEN_CONDITION_B003,MLCC_X7R,leakage_ua,SIM_X7R_100N_50V,healthy_settling,healthy_settling,False,True,False,,,0.0327255866037,0.0316859181157,False,False,False,0.25,synthetic,True
MLCC_UNSEEN_CONDITION_C001253,MLCC_UNSEEN_CONDITION_B003,MLCC_X7R,leakage_ua,SIM_X7R_100N_50V,healthy_settling,healthy_settling,False,True,False,,,0.0384453075531,0.0388990515648,False,False,False,0.25,synthetic,True
MLCC_UNSEEN_CONDITION_C001256,MLCC_UNSEEN_CONDITION_B003,MLCC_X7R,leakage_ua,SIM_X7R_100N_50V,ordinary_noise,ordinary_noise,False,True,False,,,0.0323027118822,0.0427279879802,False,False,False,0.25,synthetic,True
MLCC_UNSEEN_CONDITION_C001261,MLCC_UNSEEN_CONDITION_B003,MLCC_X7R,leakage_ua,SIM_X7R_100N_50V,healthy_settling,healthy_settling,False,True,False,,,0.0423392435898,0.042731005289,False,False,False,0.25,synthetic,True
MLCC_UNSEEN_CONDITION_C001267,MLCC_UNSEEN_CONDITION_B003,MLCC_X7R,leakage_ua,SIM_X7R_100N_50V,intermittent_leakage,intermittent_leakage,True,False,False,48,,0.277268388791,0.272229488916,True,True,True,0.25,synthetic,True
MLCC_UNSEEN_CONDITION_C001282,MLCC_UNSEEN_CONDITION_B003,MLCC_X7R,leakage_ua,SIM_X7R_100N_50V,healthy_settling,healthy_settling,False,True,False,,,0.0390315520879,0.0413234637899,False,False,False,0.25,synthetic,True
MLCC_UNSEEN_CONDITION_C001298,MLCC_UNSEEN_CONDITION_B003,MLCC_X7R,leakage_ua,SIM_X7R_100N_50V,healthy_settling,healthy_settling,False,True,False,,,0.0311645192567,0.0310459108969,False,False,False,0.25,synthetic,True
MLCC_UNSEEN_CONDITION_C001335,MLCC_UNSEEN_CONDITION_B003,MLCC_X7R,leakage_ua,SIM_X7R_100N_50V,healthy_settling,healthy_settling,False,True,False,,,0.032442610617,0.0320127270421,False,False,False,0.25,synthetic,True
MLCC_UNSEEN_CONDITION_C001337,MLCC_UNSEEN_CONDITION_B003,MLCC_X7R,leakage_ua,SIM_X7R_100N_50V,gradual_drift,gradual_drift,True,False,False,0,,0.2281042958,0.216906102087,False,False,False,0.25,synthetic,True
MLCC_UNSEEN_CONDITION_C001341,MLCC_UNSEEN_CONDITION_B003,MLCC_X7R,leakage_ua,SIM_X7R_100N_50V,healthy_settling,healthy_settling,False,True,False,,,0.0439632597998,0.0442322536197,False,False,False,0.25,synthetic,True
MLCC_UNSEEN_CONDITION_C001363,MLCC_UNSEEN_CONDITION_B003,MLCC_X7R,leakage_ua,SIM_X7R_100N_50V,healthy_settling,healthy_settling,False,True,False,,,0.0374695484313,0.0375834388947,False,False,False,0.25,synthetic,True
MLCC_UNSEEN_CONDITION_C001380,MLCC_UNSEEN_CONDITION_B003,MLCC_X7R,leakage_ua,SIM_X7R_100N_50V,healthy_settling,healthy_settling,False,True,False,,,0.0453078753609,0.0447518880927,False,False,False,0.25,synthetic,True
MLCC_UNSEEN_CONDITION_C001395,MLCC_UNSEEN_CONDITION_B003,MLCC_X7R,leakage_ua,SIM_X7R_100N_50V,intermittent_leakage,intermittent_leakage,True,False,False,12,,0.200043049972,0.190311054578,False,False,False,0.25,synthetic,True
MLCC_UNSEEN_CONDITION_C001435,MLCC_UNSEEN_CONDITION_B003,MLCC_X7R,leakage_ua,SIM_X7R_100N_50V,moisture_associated_history,moisture_associated_history,True,False,False,12,,0.0835089499935,0.0835830258037,False,False,False,0.25,synthetic,True
MLCC_UNSEEN_CONDITION_C001466,MLCC_UNSEEN_CONDITION_B003,MLCC_X7R,leakage_ua,SIM_X7R_100N_50V,healthy_settling,healthy_settling,False,True,False,,,0.0369834638914,0.0383646623251,False,False,False,0.25,synthetic,True
MLCC_UNSEEN_CONDITION_C001467,MLCC_UNSEEN_CONDITION_B003,MLCC_X7R,leakage_ua,SIM_X7R_100N_50V,intermittent_leakage,intermittent_leakage,True,False,False,24,,0.0866550195639,0.0881011315265,False,False,False,0.25,synthetic,True
MLCC_UNSEEN_CONDITION_C001472,MLCC_UNSEEN_CONDITION_B003,MLCC_X7R,leakage_ua,SIM_X7R_100N_50V,healthy_settling,healthy_settling,False,True,False,,,0.0669018629539,0.0648170449883,False,False,False,0.25,synthetic,True
MLCC_UNSEEN_CONDITION_C001476,MLCC_UNSEEN_CONDITION_B003,MLCC_X7R,leakage_ua,SIM_X7R_100N_50V,healthy_settling,healthy_settling,False,True,False,,,0.045065466947,0.0438386990882,False,False,False,0.25,synthetic,True
MLCC_UNSEEN_CONDITION_C001480,MLCC_UNSEEN_CONDITION_B003,MLCC_X7R,leakage_ua,SIM_X7R_100N_50V,healthy_settling,healthy_settling,False,True,False,,,0.0465128787369,0.0443298984469,False,False,False,0.25,synthetic,True
MLCC_UNSEEN_CONDITION_C001515,MLCC_UNSEEN_CONDITION_B003,MLCC_X7R,leakage_ua,SIM_X7R_100N_50V,healthy_settling,healthy_settling,False,True,False,,,0.044650168555,0.043906961043,False,False,False,0.25,synthetic,True
MLCC_UNSEEN_CONDITION_C001528,MLCC_UNSEEN_CONDITION_B003,MLCC_X7R,leakage_ua,SIM_X7R_100N_50V,healthy_settling,healthy_settling,False,True,False,,,0.0259798108161,0.0291848748868,False,False,False,0.25,synthetic,True
MLCC_UNSEEN_CONDITION_C001532,MLCC_UNSEEN_CONDITION_B003,MLCC_X7R,leakage_ua,SIM_X7R_100N_50V,healthy_settling,healthy_settling,False,True,False,,,0.0500372380115,0.0497141786568,False,False,False,0.25,synthetic,True
MLCC_UNSEEN_CONDITION_C001553,MLCC_UNSEEN_CONDITION_B003,MLCC_X7R,leakage_ua,SIM_X7R_100N_50V,healthy_settling,healthy_settling,False,True,False,,,0.0357590195195,0.0361378016433,False,False,False,0.25,synthetic,True
MLCC_UNSEEN_CONDITION_C001636,MLCC_UNSEEN_CONDITION_B003,MLCC_X7R,leakage_ua,SIM_X7R_100N_50V,healthy_settling,healthy_settling,False,True,False,,,0.0369778045135,0.0372902295352,False,False,False,0.25,synthetic,True
MLCC_UNSEEN_CONDITION_C001654,MLCC_UNSEEN_CONDITION_B003,MLCC_X7R,leakage_ua,SIM_X7R_100N_50V,healthy_settling,healthy_settling,False,True,False,,,0.0580326285516,0.0565336801146,False,False,False,0.25,synthetic,True
MLCC_UNSEEN_CONDITION_C001666,MLCC_UNSEEN_CONDITION_B003,MLCC_X7R,leakage_ua,SIM_X7R_100N_50V,healthy_settling,healthy_settling,False,True,False,,,0.0366092170609,0.0363669005501,False,False,False,0.25,synthetic,True
MLCC_UNSEEN_CONDITION_C001682,MLCC_UNSEEN_CONDITION_B003,MLCC_X7R,leakage_ua,SIM_X7R_100N_50V,accelerating_drift,accelerating_drift,True,False,False,0,,0.132364636064,0.134535616858,False,False,False,0.25,synthetic,True
MLCC_UNSEEN_CONDITION_C001687,MLCC_UNSEEN_CONDITION_B003,MLCC_X7R,leakage_ua,SIM_X7R_100N_50V,ordinary_noise,ordinary_noise,False,True,False,,,0.0319736754549,0.0324107611768,False,False,False,0.25,synthetic,True
MLCC_UNSEEN_CONDITION_C001709,MLCC_UNSEEN_CONDITION_B003,MLCC_X7R,leakage_ua,SIM_X7R_100N_50V,ordinary_noise,ordinary_noise,False,True,False,,,0.0376175958805,0.0469066035467,False,False,False,0.25,synthetic,True
MLCC_UNSEEN_CONDITION_C001711,MLCC_UNSEEN_CONDITION_B003,MLCC_X7R,leakage_ua,SIM_X7R_100N_50V,moisture_associated_history,moisture_associated_history,True,False,False,12,,0.564374794128,0.557408166008,True,True,True,0.25,synthetic,True
MLCC_UNSEEN_CONDITION_C001732,MLCC_UNSEEN_CONDITION_B003,MLCC_X7R,leakage_ua,SIM_X7R_100N_50V,ordinary_noise,ordinary_noise,False,True,False,,,0.0585178637211,0.0375202303052,False,False,False,0.25,synthetic,True
MLCC_UNSEEN_CONDITION_C001779,MLCC_UNSEEN_CONDITION_B003,MLCC_X7R,leakage_ua,SIM_X7R_100N_50V,healthy_settling,healthy_settling,False,True,False,,,0.0265605917081,0.0257634631364,False,False,False,0.25,synthetic,True
MLCC_UNSEEN_CONDITION_C001788,MLCC_UNSEEN_CONDITION_B003,MLCC_X7R,leakage_ua,SIM_X7R_100N_50V,ordinary_noise,ordinary_noise,False,True,False,,,0.0463692884593,0.0471205052142,False,False,False,0.25,synthetic,True
MLCC_UNSEEN_CONDITION_C001794,MLCC_UNSEEN_CONDITION_B003,MLCC_X7R,leakage_ua,SIM_X7R_100N_50V,healthy_settling,healthy_settling,False,True,False,,,0.0411725509932,0.041316921707,False,False,False,0.25,synthetic,True
MLCC_UNSEEN_CONDITION_C001797,MLCC_UNSEEN_CONDITION_B003,MLCC_X7R,leakage_ua,SIM_X7R_100N_50V,healthy_settling,healthy_settling,False,True,False,,,0.0220117411299,0.0224656345637,False,False,False,0.25,synthetic,True
MLCC_UNSEEN_CONDITION_C001815,MLCC_UNSEEN_CONDITION_B003,MLCC_X7R,leakage_ua,SIM_X7R_100N_50V,gradual_drift,gradual_drift,True,False,False,6,,0.300534024246,0.286897713302,True,True,True,0.25,synthetic,True
MLCC_UNSEEN_CONDITION_C001857,MLCC_UNSEEN_CONDITION_B003,MLCC_X7R,leakage_ua,SIM_X7R_100N_50V,healthy_settling,healthy_settling,False,True,False,,,0.0295169691557,0.0298155586905,False,False,False,0.25,synthetic,True
MLCC_UNSEEN_CONDITION_C001877,MLCC_UNSEEN_CONDITION_B003,MLCC_X7R,leakage_ua,SIM_X7R_100N_50V,healthy_settling,healthy_settling,False,True,False,,,0.0512933113615,0.0523084301936,False,False,False,0.25,synthetic,True
MLCC_UNSEEN_CONDITION_C001952,MLCC_UNSEEN_CONDITION_B003,MLCC_X7R,leakage_ua,SIM_X7R_100N_50V,moisture_associated_history,moisture_associated_history,True,False,False,12,,0.0604887784004,0.0613893465121,False,False,False,0.25,synthetic,True
MLCC_UNSEEN_CONDITION_C001973,MLCC_UNSEEN_CONDITION_B003,MLCC_X7R,leakage_ua,SIM_X7R_100N_50V,healthy_settling,healthy_settling,False,True,False,,,0.0423821845555,0.0395261327865,False,False,False,0.25,synthetic,True
MLCC_UNSEEN_CONDITION_C001986,MLCC_UNSEEN_CONDITION_B003,MLCC_X7R,leakage_ua,SIM_X7R_100N_50V,ordinary_noise,ordinary_noise,False,True,False,,,0.0341223800376,0.0319379239178,False,False,False,0.25,synthetic,True
MLCC_UNSEEN_CONDITION_C000036,MLCC_UNSEEN_CONDITION_B004,MLCC_X7R,leakage_ua,SIM_X7R_4U7_16V,healthy_settling,healthy_settling,False,True,False,,,0.229883208866,0.228955920554,False,False,False,1.3,synthetic,True
MLCC_UNSEEN_CONDITION_C000064,MLCC_UNSEEN_CONDITION_B004,MLCC_X7R,leakage_ua,SIM_X7R_4U7_16V,healthy_settling,healthy_settling,False,True,False,,,0.482331136313,0.503267546976,False,False,False,1.3,synthetic,True
MLCC_UNSEEN_CONDITION_C000076,MLCC_UNSEEN_CONDITION_B004,MLCC_X7R,leakage_ua,SIM_X7R_4U7_16V,ordinary_noise,ordinary_noise,False,True,False,,,0.306432435064,0.389415413089,False,False,False,1.3,synthetic,True
MLCC_UNSEEN_CONDITION_C000126,MLCC_UNSEEN_CONDITION_B004,MLCC_X7R,leakage_ua,SIM_X7R_4U7_16V,healthy_settling,healthy_settling,False,True,False,,,0.20889218218,0.212868246892,False,False,False,1.3,synthetic,True
MLCC_UNSEEN_CONDITION_C000168,MLCC_UNSEEN_CONDITION_B004,MLCC_X7R,leakage_ua,SIM_X7R_4U7_16V,ordinary_noise,ordinary_noise,False,True,False,,,0.232037150902,0.254645649173,False,False,False,1.3,synthetic,True
MLCC_UNSEEN_CONDITION_C000173,MLCC_UNSEEN_CONDITION_B004,MLCC_X7R,leakage_ua,SIM_X7R_4U7_16V,healthy_settling,healthy_settling,False,True,False,,,0.348486163751,0.368778738119,False,False,False,1.3,synthetic,True
MLCC_UNSEEN_CONDITION_C000197,MLCC_UNSEEN_CONDITION_B004,MLCC_X7R,leakage_ua,SIM_X7R_4U7_16V,healthy_settling,healthy_settling,False,True,False,,,0.223809045272,0.229369819575,False,False,False,1.3,synthetic,True
MLCC_UNSEEN_CONDITION_C000218,MLCC_UNSEEN_CONDITION_B004,MLCC_X7R,leakage_ua,SIM_X7R_4U7_16V,healthy_settling,healthy_settling,False,True,False,,,0.313700017929,0.310937784061,False,False,False,1.3,synthetic,True
MLCC_UNSEEN_CONDITION_C000282,MLCC_UNSEEN_CONDITION_B004,MLCC_X7R,leakage_ua,SIM_X7R_4U7_16V,healthy_settling,healthy_settling,False,True,False,,,0.381400580805,0.359444249283,False,False,False,1.3,synthetic,True
MLCC_UNSEEN_CONDITION_C000294,MLCC_UNSEEN_CONDITION_B004,MLCC_X7R,leakage_ua,SIM_X7R_4U7_16V,healthy_settling,healthy_settling,False,True,False,,,0.389931705789,0.406093336173,False,False,False,1.3,synthetic,True
MLCC_UNSEEN_CONDITION_C000316,MLCC_UNSEEN_CONDITION_B004,MLCC_X7R,leakage_ua,SIM_X7R_4U7_16V,healthy_settling,healthy_settling,False,True,False,,,0.225138067319,0.233544238783,False,False,False,1.3,synthetic,True
MLCC_UNSEEN_CONDITION_C000327,MLCC_UNSEEN_CONDITION_B004,MLCC_X7R,leakage_ua,SIM_X7R_4U7_16V,healthy_settling,healthy_settling,False,True,False,,,0.430462193947,0.410492858857,False,False,False,1.3,synthetic,True
MLCC_UNSEEN_CONDITION_C000330,MLCC_UNSEEN_CONDITION_B004,MLCC_X7R,leakage_ua,SIM_X7R_4U7_16V,healthy_settling,healthy_settling,False,True,False,,,0.411388390525,0.418938513453,False,False,False,1.3,synthetic,True
MLCC_UNSEEN_CONDITION_C000365,MLCC_UNSEEN_CONDITION_B004,MLCC_X7R,leakage_ua,SIM_X7R_4U7_16V,late_abrupt_onset,late_abrupt_onset,True,False,False,48,,1.43870417938,1.48343147404,True,True,True,1.3,synthetic,True
MLCC_UNSEEN_CONDITION_C000376,MLCC_UNSEEN_CONDITION_B004,MLCC_X7R,leakage_ua,SIM_X7R_4U7_16V,gradual_drift,gradual_drift,True,False,False,12,,1.77748066811,1.77053619468,True,True,True,1.3,synthetic,True
MLCC_UNSEEN_CONDITION_C000392,MLCC_UNSEEN_CONDITION_B004,MLCC_X7R,leakage_ua,SIM_X7R_4U7_16V,healthy_settling,healthy_settling,False,True,False,,,0.246815576172,0.242132516,False,False,False,1.3,synthetic,True
MLCC_UNSEEN_CONDITION_C000448,MLCC_UNSEEN_CONDITION_B004,MLCC_X7R,leakage_ua,SIM_X7R_4U7_16V,intermittent_leakage,intermittent_leakage,True,False,False,24,,0.981715924196,1.00714978731,False,False,False,1.3,synthetic,True
MLCC_UNSEEN_CONDITION_C000453,MLCC_UNSEEN_CONDITION_B004,MLCC_X7R,leakage_ua,SIM_X7R_4U7_16V,ordinary_noise,ordinary_noise,False,True,False,,,0.186353642992,0.200634808746,False,False,False,1.3,synthetic,True
MLCC_UNSEEN_CONDITION_C000455,MLCC_UNSEEN_CONDITION_B004,MLCC_X7R,leakage_ua,SIM_X7R_4U7_16V,late_abrupt_onset,late_abrupt_onset,True,False,False,48,,1.02224422282,1.02985518629,False,False,False,1.3,synthetic,True
MLCC_UNSEEN_CONDITION_C000475,MLCC_UNSEEN_CONDITION_B004,MLCC_X7R,leakage_ua,SIM_X7R_4U7_16V,healthy_settling,healthy_settling,False,True,False,,,0.275788310861,0.298038153086,False,False,False,1.3,synthetic,True
MLCC_UNSEEN_CONDITION_C000511,MLCC_UNSEEN_CONDITION_B004,MLCC_X7R,leakage_ua,SIM_X7R_4U7_16V,healthy_settling,healthy_settling,False,True,False,,,0.280133875567,0.272361875557,False,False,False,1.3,synthetic,True
MLCC_UNSEEN_CONDITION_C000524,MLCC_UNSEEN_CONDITION_B004,MLCC_X7R,leakage_ua,SIM_X7R_4U7_16V,healthy_settling,healthy_settling,False,True,False,,,0.207751039104,0.194855300702,False,False,False,1.3,synthetic,True
MLCC_UNSEEN_CONDITION_C000556,MLCC_UNSEEN_CONDITION_B004,MLCC_X7R,leakage_ua,SIM_X7R_4U7_16V,moisture_associated_history,moisture_associated_history,True,False,False,6,,1.12023565444,1.1492878556,False,False,False,1.3,synthetic,True
MLCC_UNSEEN_CONDITION_C000557,MLCC_UNSEEN_CONDITION_B004,MLCC_X7R,leakage_ua,SIM_X7R_4U7_16V,healthy_settling,healthy_settling,False,True,False,,,0.443220870853,0.439537181176,False,False,False,1.3,synthetic,True
MLCC_UNSEEN_CONDITION_C000680,MLCC_UNSEEN_CONDITION_B004,MLCC_X7R,leakage_ua,SIM_X7R_4U7_16V,late_abrupt_onset,late_abrupt_onset,True,False,False,120,,3.86244255886,3.94566598263,True,True,True,1.3,synthetic,True
MLCC_UNSEEN_CONDITION_C000686,MLCC_UNSEEN_CONDITION_B004,MLCC_X7R,leakage_ua,SIM_X7R_4U7_16V,healthy_settling,healthy_settling,False,True,False,,,0.190286570345,0.189846199498,False,False,False,1.3,synthetic,True
MLCC_UNSEEN_CONDITION_C000695,MLCC_UNSEEN_CONDITION_B004,MLCC_X7R,leakage_ua,SIM_X7R_4U7_16V,healthy_settling,healthy_settling,False,True,False,,,0.350349188337,0.359494513434,False,False,False,1.3,synthetic,True
MLCC_UNSEEN_CONDITION_C000735,MLCC_UNSEEN_CONDITION_B004,MLCC_X7R,leakage_ua,SIM_X7R_4U7_16V,healthy_settling,healthy_settling,False,True,False,,,0.273401857039,0.269650923445,False,False,False,1.3,synthetic,True
MLCC_UNSEEN_CONDITION_C000752,MLCC_UNSEEN_CONDITION_B004,MLCC_X7R,leakage_ua,SIM_X7R_4U7_16V,ordinary_noise,ordinary_noise,False,True,False,,,0.312947854291,0.248801050782,False,False,False,1.3,synthetic,True
MLCC_UNSEEN_CONDITION_C000825,MLCC_UNSEEN_CONDITION_B004,MLCC_X7R,leakage_ua,SIM_X7R_4U7_16V,ordinary_noise,ordinary_noise,False,True,False,,,0.281665099028,0.263293569961,False,False,False,1.3,synthetic,True
MLCC_UNSEEN_CONDITION_C000842,MLCC_UNSEEN_CONDITION_B004,MLCC_X7R,leakage_ua,SIM_X7R_4U7_16V,healthy_settling,healthy_settling,False,True,False,,,0.221562647074,0.218250800506,False,False,False,1.3,synthetic,True
MLCC_UNSEEN_CONDITION_C000849,MLCC_UNSEEN_CONDITION_B004,MLCC_X7R,leakage_ua,SIM_X7R_4U7_16V,healthy_settling,healthy_settling,False,True,False,,,0.18006611774,0.18777090454,False,False,False,1.3,synthetic,True
MLCC_UNSEEN_CONDITION_C000860,MLCC_UNSEEN_CONDITION_B004,MLCC_X7R,leakage_ua,SIM_X7R_4U7_16V,healthy_settling,healthy_settling,False,True,False,,,0.235050482066,0.234850710249,False,False,False,1.3,synthetic,True
MLCC_UNSEEN_CONDITION_C000867,MLCC_UNSEEN_CONDITION_B004,MLCC_X7R,leakage_ua,SIM_X7R_4U7_16V,healthy_settling,healthy_settling,False,True,False,,,0.22384378127,0.227258737318,False,False,False,1.3,synthetic,True
MLCC_UNSEEN_CONDITION_C000876,MLCC_UNSEEN_CONDITION_B004,MLCC_X7R,leakage_ua,SIM_X7R_4U7_16V,moisture_associated_history,moisture_associated_history,True,False,False,12,,0.759660699805,0.787225816658,False,False,False,1.3,synthetic,True
MLCC_UNSEEN_CONDITION_C000887,MLCC_UNSEEN_CONDITION_B004,MLCC_X7R,leakage_ua,SIM_X7R_4U7_16V,healthy_settling,healthy_settling,False,True,False,,,0.340676332981,0.34041270658,False,False,False,1.3,synthetic,True
MLCC_UNSEEN_CONDITION_C000915,MLCC_UNSEEN_CONDITION_B004,MLCC_X7R,leakage_ua,SIM_X7R_4U7_16V,healthy_settling,healthy_settling,False,True,False,,,0.34834998403,0.334741688038,False,False,False,1.3,synthetic,True
MLCC_UNSEEN_CONDITION_C000936,MLCC_UNSEEN_CONDITION_B004,MLCC_X7R,leakage_ua,SIM_X7R_4U7_16V,late_abrupt_onset,late_abrupt_onset,True,False,False,72,,1.15035937664,1.16539879247,False,False,False,1.3,synthetic,True
MLCC_UNSEEN_CONDITION_C000948,MLCC_UNSEEN_CONDITION_B004,MLCC_X7R,leakage_ua,SIM_X7R_4U7_16V,ordinary_noise,ordinary_noise,False,True,False,,,0.196433328583,0.182289706911,False,False,False,1.3,synthetic,True
MLCC_UNSEEN_CONDITION_C000971,MLCC_UNSEEN_CONDITION_B004,MLCC_X7R,leakage_ua,SIM_X7R_4U7_16V,ordinary_noise,ordinary_noise,False,True,False,,,0.406312391114,0.409019050356,False,False,False,1.3,synthetic,True
MLCC_UNSEEN_CONDITION_C000973,MLCC_UNSEEN_CONDITION_B004,MLCC_X7R,leakage_ua,SIM_X7R_4U7_16V,healthy_settling,healthy_settling,False,True,False,,,0.391752720425,0.383373022571,False,False,False,1.3,synthetic,True
MLCC_UNSEEN_CONDITION_C000975,MLCC_UNSEEN_CONDITION_B004,MLCC_X7R,leakage_ua,SIM_X7R_4U7_16V,moisture_associated_history,moisture_associated_history,True,False,False,0,,0.873350136416,0.891830546343,False,False,False,1.3,synthetic,True
MLCC_UNSEEN_CONDITION_C001027,MLCC_UNSEEN_CONDITION_B004,MLCC_X7R,leakage_ua,SIM_X7R_4U7_16V,ordinary_noise,ordinary_noise,False,True,False,,,0.310652788338,0.295343013938,False,False,False,1.3,synthetic,True
MLCC_UNSEEN_CONDITION_C001031,MLCC_UNSEEN_CONDITION_B004,MLCC_X7R,leakage_ua,SIM_X7R_4U7_16V,healthy_settling,healthy_settling,False,True,False,,,0.179275211238,0.177483897974,False,False,False,1.3,synthetic,True
MLCC_UNSEEN_CONDITION_C001045,MLCC_UNSEEN_CONDITION_B004,MLCC_X7R,leakage_ua,SIM_X7R_4U7_16V,healthy_settling,healthy_settling,False,True,False,,,0.271977094304,0.2625241191,False,False,False,1.3,synthetic,True
MLCC_UNSEEN_CONDITION_C001054,MLCC_UNSEEN_CONDITION_B004,MLCC_X7R,leakage_ua,SIM_X7R_4U7_16V,healthy_settling,healthy_settling,False,True,False,,,0.365473993969,0.369301300431,False,False,False,1.3,synthetic,True
MLCC_UNSEEN_CONDITION_C001069,MLCC_UNSEEN_CONDITION_B004,MLCC_X7R,leakage_ua,SIM_X7R_4U7_16V,healthy_settling,healthy_settling,False,True,False,,,0.307241426913,0.313765546874,False,False,False,1.3,synthetic,True
MLCC_UNSEEN_CONDITION_C001071,MLCC_UNSEEN_CONDITION_B004,MLCC_X7R,leakage_ua,SIM_X7R_4U7_16V,moisture_associated_history,moisture_associated_history,True,False,False,6,,1.0296968347,1.00745245786,False,False,False,1.3,synthetic,True
MLCC_UNSEEN_CONDITION_C001084,MLCC_UNSEEN_CONDITION_B004,MLCC_X7R,leakage_ua,SIM_X7R_4U7_16V,gradual_drift,gradual_drift,True,False,False,12,,0.661810291474,0.660344554652,False,False,False,1.3,synthetic,True
MLCC_UNSEEN_CONDITION_C001101,MLCC_UNSEEN_CONDITION_B004,MLCC_X7R,leakage_ua,SIM_X7R_4U7_16V,moisture_associated_history,moisture_associated_history,True,False,False,48,,1.45467727344,1.42616285324,True,True,True,1.3,synthetic,True
MLCC_UNSEEN_CONDITION_C001107,MLCC_UNSEEN_CONDITION_B004,MLCC_X7R,leakage_ua,SIM_X7R_4U7_16V,healthy_settling,healthy_settling,False,True,False,,,0.248071367418,0.245182755687,False,False,False,1.3,synthetic,True
MLCC_UNSEEN_CONDITION_C001115,MLCC_UNSEEN_CONDITION_B004,MLCC_X7R,leakage_ua,SIM_X7R_4U7_16V,ordinary_noise,ordinary_noise,False,True,False,,,0.273565008742,0.288518114715,False,False,False,1.3,synthetic,True
MLCC_UNSEEN_CONDITION_C001141,MLCC_UNSEEN_CONDITION_B004,MLCC_X7R,leakage_ua,SIM_X7R_4U7_16V,healthy_settling,healthy_settling,False,True,False,,,0.375392024044,0.372106472247,False,False,False,1.3,synthetic,True
MLCC_UNSEEN_CONDITION_C001156,MLCC_UNSEEN_CONDITION_B004,MLCC_X7R,leakage_ua,SIM_X7R_4U7_16V,ordinary_noise,ordinary_noise,False,True,False,,,0.296523780607,0.315259423498,False,False,False,1.3,synthetic,True
MLCC_UNSEEN_CONDITION_C001159,MLCC_UNSEEN_CONDITION_B004,MLCC_X7R,leakage_ua,SIM_X7R_4U7_16V,ordinary_noise,ordinary_noise,False,True,False,,,0.20604941177,0.192136976475,False,False,False,1.3,synthetic,True
MLCC_UNSEEN_CONDITION_C001195,MLCC_UNSEEN_CONDITION_B004,MLCC_X7R,leakage_ua,SIM_X7R_4U7_16V,healthy_settling,healthy_settling,False,True,False,,,0.348827515729,0.326816603827,False,False,False,1.3,synthetic,True
MLCC_UNSEEN_CONDITION_C001211,MLCC_UNSEEN_CONDITION_B004,MLCC_X7R,leakage_ua,SIM_X7R_4U7_16V,healthy_settling,healthy_settling,False,True,False,,,0.345791520919,0.343109698387,False,False,False,1.3,synthetic,True
MLCC_UNSEEN_CONDITION_C001214,MLCC_UNSEEN_CONDITION_B004,MLCC_X7R,leakage_ua,SIM_X7R_4U7_16V,ordinary_noise,ordinary_noise,False,True,False,,,0.157316061081,0.183290328762,False,False,False,1.3,synthetic,True
MLCC_UNSEEN_CONDITION_C001219,MLCC_UNSEEN_CONDITION_B004,MLCC_X7R,leakage_ua,SIM_X7R_4U7_16V,ordinary_noise,ordinary_noise,False,True,False,,,0.313522644236,0.311530459935,False,False,False,1.3,synthetic,True
MLCC_UNSEEN_CONDITION_C001278,MLCC_UNSEEN_CONDITION_B004,MLCC_X7R,leakage_ua,SIM_X7R_4U7_16V,late_abrupt_onset,late_abrupt_onset,True,False,False,96,,2.99923505323,3.00547523185,True,True,True,1.3,synthetic,True
MLCC_UNSEEN_CONDITION_C001327,MLCC_UNSEEN_CONDITION_B004,MLCC_X7R,leakage_ua,SIM_X7R_4U7_16V,healthy_settling,healthy_settling,False,True,False,,,0.224530222263,0.223194677091,False,False,False,1.3,synthetic,True
MLCC_UNSEEN_CONDITION_C001332,MLCC_UNSEEN_CONDITION_B004,MLCC_X7R,leakage_ua,SIM_X7R_4U7_16V,late_abrupt_onset,late_abrupt_onset,True,False,False,48,,0.717609644205,0.73371215142,False,False,False,1.3,synthetic,True
MLCC_UNSEEN_CONDITION_C001334,MLCC_UNSEEN_CONDITION_B004,MLCC_X7R,leakage_ua,SIM_X7R_4U7_16V,healthy_settling,healthy_settling,False,True,False,,,0.20110789497,0.198003457826,False,False,False,1.3,synthetic,True
MLCC_UNSEEN_CONDITION_C001361,MLCC_UNSEEN_CONDITION_B004,MLCC_X7R,leakage_ua,SIM_X7R_4U7_16V,healthy_settling,healthy_settling,False,True,False,,,0.241459271872,0.237842016467,False,False,False,1.3,synthetic,True
MLCC_UNSEEN_CONDITION_C001367,MLCC_UNSEEN_CONDITION_B004,MLCC_X7R,leakage_ua,SIM_X7R_4U7_16V,healthy_settling,healthy_settling,False,True,False,,,0.299658115067,0.30133971982,False,False,False,1.3,synthetic,True
MLCC_UNSEEN_CONDITION_C001376,MLCC_UNSEEN_CONDITION_B004,MLCC_X7R,leakage_ua,SIM_X7R_4U7_16V,healthy_settling,healthy_settling,False,True,False,,,0.387159399758,0.381830878319,False,False,False,1.3,synthetic,True
MLCC_UNSEEN_CONDITION_C001409,MLCC_UNSEEN_CONDITION_B004,MLCC_X7R,leakage_ua,SIM_X7R_4U7_16V,ordinary_noise,ordinary_noise,False,True,False,,,0.21290746194,0.191794060624,False,False,False,1.3,synthetic,True
MLCC_UNSEEN_CONDITION_C001415,MLCC_UNSEEN_CONDITION_B004,MLCC_X7R,leakage_ua,SIM_X7R_4U7_16V,healthy_settling,healthy_settling,False,True,False,,,0.267054941084,0.268228131104,False,False,False,1.3,synthetic,True
MLCC_UNSEEN_CONDITION_C001421,MLCC_UNSEEN_CONDITION_B004,MLCC_X7R,leakage_ua,SIM_X7R_4U7_16V,ordinary_noise,ordinary_noise,False,True,False,,,0.163995647837,0.176335345816,False,False,False,1.3,synthetic,True
MLCC_UNSEEN_CONDITION_C001455,MLCC_UNSEEN_CONDITION_B004,MLCC_X7R,leakage_ua,SIM_X7R_4U7_16V,healthy_settling,healthy_settling,False,True,False,,,0.200880230746,0.208647047502,False,False,False,1.3,synthetic,True
MLCC_UNSEEN_CONDITION_C001464,MLCC_UNSEEN_CONDITION_B004,MLCC_X7R,leakage_ua,SIM_X7R_4U7_16V,moisture_associated_history,moisture_associated_history,True,False,False,6,,1.01738266725,0.981109926708,False,False,False,1.3,synthetic,True
MLCC_UNSEEN_CONDITION_C001487,MLCC_UNSEEN_CONDITION_B004,MLCC_X7R,leakage_ua,SIM_X7R_4U7_16V,late_abrupt_onset,late_abrupt_onset,True,False,False,144,,0.646598636789,0.635633797381,False,False,False,1.3,synthetic,True
MLCC_UNSEEN_CONDITION_C001506,MLCC_UNSEEN_CONDITION_B004,MLCC_X7R,leakage_ua,SIM_X7R_4U7_16V,healthy_settling,healthy_settling,False,True,False,,,0.380610182,0.381874466997,False,False,False,1.3,synthetic,True
MLCC_UNSEEN_CONDITION_C001512,MLCC_UNSEEN_CONDITION_B004,MLCC_X7R,leakage_ua,SIM_X7R_4U7_16V,healthy_settling,healthy_settling,False,True,False,,,0.38901429788,0.394520201972,False,False,False,1.3,synthetic,True
MLCC_UNSEEN_CONDITION_C001517,MLCC_UNSEEN_CONDITION_B004,MLCC_X7R,leakage_ua,SIM_X7R_4U7_16V,late_abrupt_onset,late_abrupt_onset,True,False,False,72,,4.60719135815,4.59687742088,True,True,True,1.3,synthetic,True
MLCC_UNSEEN_CONDITION_C001557,MLCC_UNSEEN_CONDITION_B004,MLCC_X7R,leakage_ua,SIM_X7R_4U7_16V,ordinary_noise,ordinary_noise,False,True,False,,,0.307577917585,0.286606668531,False,False,False,1.3,synthetic,True
MLCC_UNSEEN_CONDITION_C001651,MLCC_UNSEEN_CONDITION_B004,MLCC_X7R,leakage_ua,SIM_X7R_4U7_16V,ordinary_noise,ordinary_noise,False,True,False,,,0.253774642631,0.20339436378,False,False,False,1.3,synthetic,True
MLCC_UNSEEN_CONDITION_C001714,MLCC_UNSEEN_CONDITION_B004,MLCC_X7R,leakage_ua,SIM_X7R_4U7_16V,ordinary_noise,ordinary_noise,False,True,False,,,0.198017055265,0.220274528255,False,False,False,1.3,synthetic,True
MLCC_UNSEEN_CONDITION_C001715,MLCC_UNSEEN_CONDITION_B004,MLCC_X7R,leakage_ua,SIM_X7R_4U7_16V,gradual_drift,gradual_drift,True,False,False,6,,0.46533486095,0.453640178352,False,False,False,1.3,synthetic,True
MLCC_UNSEEN_CONDITION_C001724,MLCC_UNSEEN_CONDITION_B004,MLCC_X7R,leakage_ua,SIM_X7R_4U7_16V,healthy_settling,healthy_settling,False,True,False,,,0.221452748413,0.211428772306,False,False,False,1.3,synthetic,True
MLCC_UNSEEN_CONDITION_C001728,MLCC_UNSEEN_CONDITION_B004,MLCC_X7R,leakage_ua,SIM_X7R_4U7_16V,healthy_settling,healthy_settling,False,True,False,,,0.436576269001,0.425754540529,False,False,False,1.3,synthetic,True
MLCC_UNSEEN_CONDITION_C001746,MLCC_UNSEEN_CONDITION_B004,MLCC_X7R,leakage_ua,SIM_X7R_4U7_16V,moisture_associated_history,moisture_associated_history,True,False,False,24,,0.552012818667,0.524108965458,False,False,False,1.3,synthetic,True
MLCC_UNSEEN_CONDITION_C001756,MLCC_UNSEEN_CONDITION_B004,MLCC_X7R,leakage_ua,SIM_X7R_4U7_16V,healthy_settling,healthy_settling,False,True,False,,,0.322367587149,0.323586572784,False,False,False,1.3,synthetic,True
MLCC_UNSEEN_CONDITION_C001758,MLCC_UNSEEN_CONDITION_B004,MLCC_X7R,leakage_ua,SIM_X7R_4U7_16V,healthy_settling,healthy_settling,False,True,False,,,0.189738592586,0.190998397049,False,False,False,1.3,synthetic,True
MLCC_UNSEEN_CONDITION_C001762,MLCC_UNSEEN_CONDITION_B004,MLCC_X7R,leakage_ua,SIM_X7R_4U7_16V,healthy_settling,healthy_settling,False,True,False,,,0.171379047227,0.170114565686,False,False,False,1.3,synthetic,True
MLCC_UNSEEN_CONDITION_C001809,MLCC_UNSEEN_CONDITION_B004,MLCC_X7R,leakage_ua,SIM_X7R_4U7_16V,healthy_settling,healthy_settling,False,True,False,,,0.242799338212,0.225777242544,False,False,False,1.3,synthetic,True
MLCC_UNSEEN_CONDITION_C001811,MLCC_UNSEEN_CONDITION_B004,MLCC_X7R,leakage_ua,SIM_X7R_4U7_16V,accelerating_drift,accelerating_drift,True,False,False,24,,0.906421944368,0.907636494889,False,False,False,1.3,synthetic,True
MLCC_UNSEEN_CONDITION_C001842,MLCC_UNSEEN_CONDITION_B004,MLCC_X7R,leakage_ua,SIM_X7R_4U7_16V,ordinary_noise,ordinary_noise,False,True,False,,,0.277128818591,0.219863411424,False,False,False,1.3,synthetic,True
MLCC_UNSEEN_CONDITION_C001868,MLCC_UNSEEN_CONDITION_B004,MLCC_X7R,leakage_ua,SIM_X7R_4U7_16V,healthy_settling,healthy_settling,False,True,False,,,0.277117904624,0.269671888778,False,False,False,1.3,synthetic,True
MLCC_UNSEEN_CONDITION_C001875,MLCC_UNSEEN_CONDITION_B004,MLCC_X7R,leakage_ua,SIM_X7R_4U7_16V,gradual_drift,gradual_drift,True,False,False,0,,0.444251387834,0.431174224529,False,False,False,1.3,synthetic,True
MLCC_UNSEEN_CONDITION_C001888,MLCC_UNSEEN_CONDITION_B004,MLCC_X7R,leakage_ua,SIM_X7R_4U7_16V,ordinary_noise,ordinary_noise,False,True,False,,,0.267757421927,0.221378317674,False,False,False,1.3,synthetic,True
MLCC_UNSEEN_CONDITION_C001904,MLCC_UNSEEN_CONDITION_B004,MLCC_X7R,leakage_ua,SIM_X7R_4U7_16V,healthy_settling,healthy_settling,False,True,False,,,0.322885438622,0.315988584157,False,False,False,1.3,synthetic,True
MLCC_UNSEEN_CONDITION_C001915,MLCC_UNSEEN_CONDITION_B004,MLCC_X7R,leakage_ua,SIM_X7R_4U7_16V,healthy_settling,healthy_settling,False,True,False,,,0.23415883033,0.229763331055,False,False,False,1.3,synthetic,True
MLCC_UNSEEN_CONDITION_C001938,MLCC_UNSEEN_CONDITION_B004,MLCC_X7R,leakage_ua,SIM_X7R_4U7_16V,healthy_settling,healthy_settling,False,True,False,,,0.264088447,0.26796564317,False,False,False,1.3,synthetic,True
MLCC_UNSEEN_CONDITION_C001941,MLCC_UNSEEN_CONDITION_B004,MLCC_X7R,leakage_ua,SIM_X7R_4U7_16V,healthy_settling,healthy_settling,False,True,False,,,0.167449833826,0.174742492492,False,False,False,1.3,synthetic,True
MLCC_UNSEEN_CONDITION_C001946,MLCC_UNSEEN_CONDITION_B004,MLCC_X7R,leakage_ua,SIM_X7R_4U7_16V,healthy_settling,healthy_settling,False,True,False,,,0.35328934905,0.347437260593,False,False,False,1.3,synthetic,True
MLCC_UNSEEN_CONDITION_C001967,MLCC_UNSEEN_CONDITION_B004,MLCC_X7R,leakage_ua,SIM_X7R_4U7_16V,late_abrupt_onset,late_abrupt_onset,True,False,False,144,,1.16418675688,1.16632089465,False,False,False,1.3,synthetic,True
MLCC_UNSEEN_CONDITION_C001970,MLCC_UNSEEN_CONDITION_B004,MLCC_X7R,leakage_ua,SIM_X7R_4U7_16V,healthy_settling,healthy_settling,False,True,False,,,0.331514384162,0.334348480132,False,False,False,1.3,synthetic,True
MLCC_UNSEEN_CONDITION_C001976,MLCC_UNSEEN_CONDITION_B004,MLCC_X7R,leakage_ua,SIM_X7R_4U7_16V,healthy_settling,healthy_settling,False,True,False,,,0.245661559712,0.236729182246,False,False,False,1.3,synthetic,True
MLCC_UNSEEN_CONDITION_C001997,MLCC_UNSEEN_CONDITION_B004,MLCC_X7R,leakage_ua,SIM_X7R_4U7_16V,healthy_settling,healthy_settling,False,True,False,,,0.145488621206,0.142208004697,False,False,False,1.3,synthetic,True
MLCC_UNSEEN_CONDITION_C000013,MLCC_UNSEEN_CONDITION_B005,MLCC_X7R,leakage_ua,SIM_X7R_100N_50V,healthy_settling,healthy_settling,False,True,False,,,0.0501104919521,0.051132906921,False,False,False,0.25,synthetic,True
MLCC_UNSEEN_CONDITION_C000014,MLCC_UNSEEN_CONDITION_B005,MLCC_X7R,leakage_ua,SIM_X7R_100N_50V,healthy_settling,healthy_settling,False,True,False,,,0.0648362571598,0.0662057664994,False,False,False,0.25,synthetic,True
MLCC_UNSEEN_CONDITION_C000017,MLCC_UNSEEN_CONDITION_B005,MLCC_X7R,leakage_ua,SIM_X7R_100N_50V,healthy_settling,healthy_settling,False,True,False,,,0.0508691307133,0.0505956203258,False,False,False,0.25,synthetic,True
MLCC_UNSEEN_CONDITION_C000034,MLCC_UNSEEN_CONDITION_B005,MLCC_X7R,leakage_ua,SIM_X7R_100N_50V,ordinary_noise,ordinary_noise,False,True,False,,,0.0370850828574,0.0366305282031,False,False,False,0.25,synthetic,True
MLCC_UNSEEN_CONDITION_C000035,MLCC_UNSEEN_CONDITION_B005,MLCC_X7R,leakage_ua,SIM_X7R_100N_50V,healthy_settling,healthy_settling,False,True,False,,,0.0634944370031,0.066828953881,False,False,False,0.25,synthetic,True
MLCC_UNSEEN_CONDITION_C000045,MLCC_UNSEEN_CONDITION_B005,MLCC_X7R,leakage_ua,SIM_X7R_100N_50V,healthy_settling,healthy_settling,False,True,False,,,0.0419447164123,0.0441041353833,False,False,False,0.25,synthetic,True
MLCC_UNSEEN_CONDITION_C000054,MLCC_UNSEEN_CONDITION_B005,MLCC_X7R,leakage_ua,SIM_X7R_100N_50V,healthy_settling,healthy_settling,False,True,False,,,0.0450894598497,0.0451049818946,False,False,False,0.25,synthetic,True
MLCC_UNSEEN_CONDITION_C000121,MLCC_UNSEEN_CONDITION_B005,MLCC_X7R,leakage_ua,SIM_X7R_100N_50V,moisture_associated_history,moisture_associated_history,True,False,False,0,,0.119029716411,0.116825944831,False,False,False,0.25,synthetic,True
MLCC_UNSEEN_CONDITION_C000127,MLCC_UNSEEN_CONDITION_B005,MLCC_X7R,leakage_ua,SIM_X7R_100N_50V,healthy_settling,healthy_settling,False,True,False,,,0.0334577261421,0.0338546566219,False,False,False,0.25,synthetic,True
MLCC_UNSEEN_CONDITION_C000132,MLCC_UNSEEN_CONDITION_B005,MLCC_X7R,leakage_ua,SIM_X7R_100N_50V,healthy_settling,healthy_settling,False,True,False,,,0.0306275112631,0.0296374065716,False,False,False,0.25,synthetic,True
MLCC_UNSEEN_CONDITION_C000144,MLCC_UNSEEN_CONDITION_B005,MLCC_X7R,leakage_ua,SIM_X7R_100N_50V,healthy_settling,healthy_settling,False,True,False,,,0.0860376168361,0.0865743488574,False,False,False,0.25,synthetic,True
MLCC_UNSEEN_CONDITION_C000146,MLCC_UNSEEN_CONDITION_B005,MLCC_X7R,leakage_ua,SIM_X7R_100N_50V,ordinary_noise,ordinary_noise,False,True,False,,,0.0265949427944,0.0302848969214,False,False,False,0.25,synthetic,True
MLCC_UNSEEN_CONDITION_C000190,MLCC_UNSEEN_CONDITION_B005,MLCC_X7R,leakage_ua,SIM_X7R_100N_50V,ordinary_noise,ordinary_noise,False,True,False,,,0.0382848604881,0.0397773990227,False,False,False,0.25,synthetic,True
MLCC_UNSEEN_CONDITION_C000194,MLCC_UNSEEN_CONDITION_B005,MLCC_X7R,leakage_ua,SIM_X7R_100N_50V,gradual_drift,gradual_drift,True,False,False,0,,0.135168855543,0.136367843503,False,False,False,0.25,synthetic,True
MLCC_UNSEEN_CONDITION_C000202,MLCC_UNSEEN_CONDITION_B005,MLCC_X7R,leakage_ua,SIM_X7R_100N_50V,gradual_drift,gradual_drift,True,False,False,0,,0.138471401193,0.136940832823,False,False,False,0.25,synthetic,True
MLCC_UNSEEN_CONDITION_C000271,MLCC_UNSEEN_CONDITION_B005,MLCC_X7R,leakage_ua,SIM_X7R_100N_50V,healthy_settling,healthy_settling,False,True,False,,,0.0490199474124,0.0511083074532,False,False,False,0.25,synthetic,True
MLCC_UNSEEN_CONDITION_C000272,MLCC_UNSEEN_CONDITION_B005,MLCC_X7R,leakage_ua,SIM_X7R_100N_50V,ordinary_noise,ordinary_noise,False,True,False,,,0.0310060927063,0.0344208976472,False,False,False,0.25,synthetic,True
MLCC_UNSEEN_CONDITION_C000325,MLCC_UNSEEN_CONDITION_B005,MLCC_X7R,leakage_ua,SIM_X7R_100N_50V,healthy_settling,healthy_settling,False,True,False,,,0.059941868051,0.058274402134,False,False,False,0.25,synthetic,True
MLCC_UNSEEN_CONDITION_C000348,MLCC_UNSEEN_CONDITION_B005,MLCC_X7R,leakage_ua,SIM_X7R_100N_50V,healthy_settling,healthy_settling,False,True,False,,,0.0629287879448,0.0622253457162,False,False,False,0.25,synthetic,True
MLCC_UNSEEN_CONDITION_C000353,MLCC_UNSEEN_CONDITION_B005,MLCC_X7R,leakage_ua,SIM_X7R_100N_50V,healthy_settling,healthy_settling,False,True,False,,,0.0360328200046,0.0352001585674,False,False,False,0.25,synthetic,True
MLCC_UNSEEN_CONDITION_C000355,MLCC_UNSEEN_CONDITION_B005,MLCC_X7R,leakage_ua,SIM_X7R_100N_50V,late_abrupt_onset,late_abrupt_onset,True,False,False,72,,0.283903831076,0.28127191493,True,True,True,0.25,synthetic,True
MLCC_UNSEEN_CONDITION_C000417,MLCC_UNSEEN_CONDITION_B005,MLCC_X7R,leakage_ua,SIM_X7R_100N_50V,gradual_drift,gradual_drift,True,False,False,12,,0.0995426911596,0.10432160396,False,False,False,0.25,synthetic,True
MLCC_UNSEEN_CONDITION_C000422,MLCC_UNSEEN_CONDITION_B005,MLCC_X7R,leakage_ua,SIM_X7R_100N_50V,healthy_settling,healthy_settling,False,True,False,,,0.0490041604996,0.0481421455446,False,False,False,0.25,synthetic,True
MLCC_UNSEEN_CONDITION_C000430,MLCC_UNSEEN_CONDITION_B005,MLCC_X7R,leakage_ua,SIM_X7R_100N_50V,gradual_drift,gradual_drift,True,False,False,0,,0.143058002695,0.140277086572,False,False,False,0.25,synthetic,True
MLCC_UNSEEN_CONDITION_C000436,MLCC_UNSEEN_CONDITION_B005,MLCC_X7R,leakage_ua,SIM_X7R_100N_50V,healthy_settling,healthy_settling,False,True,False,,,0.0401121662331,0.0392285694649,False,False,False,0.25,synthetic,True
MLCC_UNSEEN_CONDITION_C000446,MLCC_UNSEEN_CONDITION_B005,MLCC_X7R,leakage_ua,SIM_X7R_100N_50V,ordinary_noise,ordinary_noise,False,True,False,,,0.0469383352323,0.0424051150972,False,False,False,0.25,synthetic,True
MLCC_UNSEEN_CONDITION_C000490,MLCC_UNSEEN_CONDITION_B005,MLCC_X7R,leakage_ua,SIM_X7R_100N_50V,gradual_drift,gradual_drift,True,False,False,0,,0.2086877983,0.209782186013,False,False,False,0.25,synthetic,True
MLCC_UNSEEN_CONDITION_C000492,MLCC_UNSEEN_CONDITION_B005,MLCC_X7R,leakage_ua,SIM_X7R_100N_50V,healthy_settling,healthy_settling,False,True,False,,,0.0446055896907,0.0453716251721,False,False,False,0.25,synthetic,True
MLCC_UNSEEN_CONDITION_C000507,MLCC_UNSEEN_CONDITION_B005,MLCC_X7R,leakage_ua,SIM_X7R_100N_50V,ordinary_noise,ordinary_noise,False,True,False,,,0.0544545265122,0.0568633113022,False,False,False,0.25,synthetic,True
MLCC_UNSEEN_CONDITION_C000514,MLCC_UNSEEN_CONDITION_B005,MLCC_X7R,leakage_ua,SIM_X7R_100N_50V,healthy_settling,healthy_settling,False,True,False,,,0.0737981249625,0.0743191351514,False,False,False,0.25,synthetic,True
MLCC_UNSEEN_CONDITION_C000519,MLCC_UNSEEN_CONDITION_B005,MLCC_X7R,leakage_ua,SIM_X7R_100N_50V,healthy_settling,healthy_settling,False,True,False,,,0.0462187537298,0.0462040530125,False,False,False,0.25,synthetic,True
MLCC_UNSEEN_CONDITION_C000530,MLCC_UNSEEN_CONDITION_B005,MLCC_X7R,leakage_ua,SIM_X7R_100N_50V,ordinary_noise,ordinary_noise,False,True,False,,,0.0412926288342,0.0427385444946,False,False,False,0.25,synthetic,True
MLCC_UNSEEN_CONDITION_C000606,MLCC_UNSEEN_CONDITION_B005,MLCC_X7R,leakage_ua,SIM_X7R_100N_50V,healthy_settling,healthy_settling,False,True,False,,,0.0578793728834,0.0591390311404,False,False,False,0.25,synthetic,True
MLCC_UNSEEN_CONDITION_C000614,MLCC_UNSEEN_CONDITION_B005,MLCC_X7R,leakage_ua,SIM_X7R_100N_50V,healthy_settling,healthy_settling,False,True,False,,,0.0734510851036,0.074238124883,False,False,False,0.25,synthetic,True
MLCC_UNSEEN_CONDITION_C000626,MLCC_UNSEEN_CONDITION_B005,MLCC_X7R,leakage_ua,SIM_X7R_100N_50V,accelerating_drift,accelerating_drift,True,False,False,6,,0.12067295911,0.11767374762,False,False,False,0.25,synthetic,True
MLCC_UNSEEN_CONDITION_C000631,MLCC_UNSEEN_CONDITION_B005,MLCC_X7R,leakage_ua,SIM_X7R_100N_50V,healthy_settling,healthy_settling,False,True,False,,,0.0390074939769,0.0391275047817,False,False,False,0.25,synthetic,True
MLCC_UNSEEN_CONDITION_C000657,MLCC_UNSEEN_CONDITION_B005,MLCC_X7R,leakage_ua,SIM_X7R_100N_50V,healthy_settling,healthy_settling,False,True,False,,,0.0525311345295,0.0513806677235,False,False,False,0.25,synthetic,True
MLCC_UNSEEN_CONDITION_C000671,MLCC_UNSEEN_CONDITION_B005,MLCC_X7R,leakage_ua,SIM_X7R_100N_50V,ordinary_noise,ordinary_noise,False,True,False,,,0.0604071804521,0.0715966336871,False,False,False,0.25,synthetic,True
MLCC_UNSEEN_CONDITION_C000714,MLCC_UNSEEN_CONDITION_B005,MLCC_X7R,leakage_ua,SIM_X7R_100N_50V,healthy_settling,healthy_settling,False,True,False,,,0.0630402695088,0.0644468646246,False,False,False,0.25,synthetic,True
MLCC_UNSEEN_CONDITION_C000739,MLCC_UNSEEN_CONDITION_B005,MLCC_X7R,leakage_ua,SIM_X7R_100N_50V,healthy_settling,healthy_settling,False,True,False,,,0.0279754780957,0.027742532862,False,False,False,0.25,synthetic,True
MLCC_UNSEEN_CONDITION_C000758,MLCC_UNSEEN_CONDITION_B005,MLCC_X7R,leakage_ua,SIM_X7R_100N_50V,healthy_settling,healthy_settling,False,True,False,,,0.0448452642022,0.043912952656,False,False,False,0.25,synthetic,True
MLCC_UNSEEN_CONDITION_C000769,MLCC_UNSEEN_CONDITION_B005,MLCC_X7R,leakage_ua,SIM_X7R_100N_50V,healthy_settling,healthy_settling,False,True,False,,,0.0462765295228,0.0439856194005,False,False,False,0.25,synthetic,True
MLCC_UNSEEN_CONDITION_C000770,MLCC_UNSEEN_CONDITION_B005,MLCC_X7R,leakage_ua,SIM_X7R_100N_50V,gradual_drift,gradual_drift,True,False,False,0,,0.285674552039,0.271441706848,True,True,True,0.25,synthetic,True
MLCC_UNSEEN_CONDITION_C000782,MLCC_UNSEEN_CONDITION_B005,MLCC_X7R,leakage_ua,SIM_X7R_100N_50V,healthy_settling,healthy_settling,False,True,False,,,0.0311342931545,0.0311472832484,False,False,False,0.25,synthetic,True
MLCC_UNSEEN_CONDITION_C000784,MLCC_UNSEEN_CONDITION_B005,MLCC_X7R,leakage_ua,SIM_X7R_100N_50V,healthy_settling,healthy_settling,False,True,False,,,0.0515662313911,0.0508934689758,False,False,False,0.25,synthetic,True
MLCC_UNSEEN_CONDITION_C000803,MLCC_UNSEEN_CONDITION_B005,MLCC_X7R,leakage_ua,SIM_X7R_100N_50V,healthy_settling,healthy_settling,False,True,False,,,0.0740544145936,0.0729994527716,False,False,False,0.25,synthetic,True
MLCC_UNSEEN_CONDITION_C000805,MLCC_UNSEEN_CONDITION_B005,MLCC_X7R,leakage_ua,SIM_X7R_100N_50V,ordinary_noise,ordinary_noise,False,True,False,,,0.0325381078516,0.0331338077889,False,False,False,0.25,synthetic,True
MLCC_UNSEEN_CONDITION_C000838,MLCC_UNSEEN_CONDITION_B005,MLCC_X7R,leakage_ua,SIM_X7R_100N_50V,ordinary_noise,ordinary_noise,False,True,False,,,0.0411347013672,0.0346538398959,False,False,False,0.25,synthetic,True
MLCC_UNSEEN_CONDITION_C000914,MLCC_UNSEEN_CONDITION_B005,MLCC_X7R,leakage_ua,SIM_X7R_100N_50V,healthy_settling,healthy_settling,False,True,False,,,0.0703476460395,0.0701926069917,False,False,False,0.25,synthetic,True
MLCC_UNSEEN_CONDITION_C000922,MLCC_UNSEEN_CONDITION_B005,MLCC_X7R,leakage_ua,SIM_X7R_100N_50V,healthy_settling,healthy_settling,False,True,False,,,0.0304293908577,0.0300002836513,False,False,False,0.25,synthetic,True
MLCC_UNSEEN_CONDITION_C000955,MLCC_UNSEEN_CONDITION_B005,MLCC_X7R,leakage_ua,SIM_X7R_100N_50V,healthy_settling,healthy_settling,False,True,False,,,0.0667198948128,0.067908769572,False,False,False,0.25,synthetic,True
MLCC_UNSEEN_CONDITION_C000962,MLCC_UNSEEN_CONDITION_B005,MLCC_X7R,leakage_ua,SIM_X7R_100N_50V,healthy_settling,healthy_settling,False,True,False,,,0.0474919705571,0.0471920421114,False,False,False,0.25,synthetic,True
MLCC_UNSEEN_CONDITION_C000979,MLCC_UNSEEN_CONDITION_B005,MLCC_X7R,leakage_ua,SIM_X7R_100N_50V,ordinary_noise,ordinary_noise,False,True,False,,,0.0487606292035,0.0548132493439,False,False,False,0.25,synthetic,True
MLCC_UNSEEN_CONDITION_C000984,MLCC_UNSEEN_CONDITION_B005,MLCC_X7R,leakage_ua,SIM_X7R_100N_50V,healthy_settling,healthy_settling,False,True,False,,,0.0383662158092,0.0364870896133,False,False,False,0.25,synthetic,True
MLCC_UNSEEN_CONDITION_C001048,MLCC_UNSEEN_CONDITION_B005,MLCC_X7R,leakage_ua,SIM_X7R_100N_50V,intermittent_leakage,intermittent_leakage,True,False,False,12,,0.0322375214741,0.0327000254031,False,False,False,0.25,synthetic,True
MLCC_UNSEEN_CONDITION_C001049,MLCC_UNSEEN_CONDITION_B005,MLCC_X7R,leakage_ua,SIM_X7R_100N_50V,ordinary_noise,ordinary_noise,False,True,False,,,0.0358646953007,0.0341010951568,False,False,False,0.25,synthetic,True
MLCC_UNSEEN_CONDITION_C001102,MLCC_UNSEEN_CONDITION_B005,MLCC_X7R,leakage_ua,SIM_X7R_100N_50V,accelerating_drift,accelerating_drift,True,False,False,6,,0.108365878564,0.10789591609,False,False,False,0.25,synthetic,True
MLCC_UNSEEN_CONDITION_C001127,MLCC_UNSEEN_CONDITION_B005,MLCC_X7R,leakage_ua,SIM_X7R_100N_50V,healthy_settling,healthy_settling,False,True,False,,,0.0520827268446,0.0523533409648,False,False,False,0.25,synthetic,True
MLCC_UNSEEN_CONDITION_C001150,MLCC_UNSEEN_CONDITION_B005,MLCC_X7R,leakage_ua,SIM_X7R_100N_50V,ordinary_noise,ordinary_noise,False,True,False,,,0.0326870724708,0.0387310739459,False,False,False,0.25,synthetic,True
MLCC_UNSEEN_CONDITION_C001169,MLCC_UNSEEN_CONDITION_B005,MLCC_X7R,leakage_ua,SIM_X7R_100N_50V,healthy_settling,healthy_settling,False,True,False,,,0.0489450546549,0.0470001648327,False,False,False,0.25,synthetic,True
MLCC_UNSEEN_CONDITION_C001180,MLCC_UNSEEN_CONDITION_B005,MLCC_X7R,leakage_ua,SIM_X7R_100N_50V,ordinary_noise,ordinary_noise,False,True,False,,,0.0421446656284,0.0474975197701,False,False,False,0.25,synthetic,True
MLCC_UNSEEN_CONDITION_C001191,MLCC_UNSEEN_CONDITION_B005,MLCC_X7R,leakage_ua,SIM_X7R_100N_50V,healthy_settling,healthy_settling,False,True,False,,,0.0490775925067,0.0519752070158,False,False,False,0.25,synthetic,True
MLCC_UNSEEN_CONDITION_C001228,MLCC_UNSEEN_CONDITION_B005,MLCC_X7R,leakage_ua,SIM_X7R_100N_50V,healthy_settling,healthy_settling,False,True,False,,,0.0265881171129,0.0257960886684,False,False,False,0.25,synthetic,True
MLCC_UNSEEN_CONDITION_C001237,MLCC_UNSEEN_CONDITION_B005,MLCC_X7R,leakage_ua,SIM_X7R_100N_50V,healthy_settling,healthy_settling,False,True,False,,,0.0696771774063,0.066237765099,False,False,False,0.25,synthetic,True
MLCC_UNSEEN_CONDITION_C001258,MLCC_UNSEEN_CONDITION_B005,MLCC_X7R,leakage_ua,SIM_X7R_100N_50V,healthy_settling,healthy_settling,False,True,False,,,0.0492745796216,0.0484320398915,False,False,False,0.25,synthetic,True
MLCC_UNSEEN_CONDITION_C001262,MLCC_UNSEEN_CONDITION_B005,MLCC_X7R,leakage_ua,SIM_X7R_100N_50V,healthy_settling,healthy_settling,False,True,False,,,0.0474680533722,0.0487887426288,False,False,False,0.25,synthetic,True
MLCC_UNSEEN_CONDITION_C001264,MLCC_UNSEEN_CONDITION_B005,MLCC_X7R,leakage_ua,SIM_X7R_100N_50V,healthy_settling,healthy_settling,False,True,False,,,0.0354396515146,0.0351312974715,False,False,False,0.25,synthetic,True
MLCC_UNSEEN_CONDITION_C001276,MLCC_UNSEEN_CONDITION_B005,MLCC_X7R,leakage_ua,SIM_X7R_100N_50V,ordinary_noise,ordinary_noise,False,True,False,,,0.0443427495625,0.040019115438,False,False,False,0.25,synthetic,True
MLCC_UNSEEN_CONDITION_C001328,MLCC_UNSEEN_CONDITION_B005,MLCC_X7R,leakage_ua,SIM_X7R_100N_50V,ordinary_noise,ordinary_noise,False,True,False,,,0.0332774437758,0.039741008938,False,False,False,0.25,synthetic,True
MLCC_UNSEEN_CONDITION_C001329,MLCC_UNSEEN_CONDITION_B005,MLCC_X7R,leakage_ua,SIM_X7R_100N_50V,healthy_settling,healthy_settling,False,True,False,,,0.0433256203654,0.0400028268337,False,False,False,0.25,synthetic,True
MLCC_UNSEEN_CONDITION_C001348,MLCC_UNSEEN_CONDITION_B005,MLCC_X7R,leakage_ua,SIM_X7R_100N_50V,healthy_settling,healthy_settling,False,True,False,,,0.0381304082621,0.0376518858005,False,False,False,0.25,synthetic,True
MLCC_UNSEEN_CONDITION_C001371,MLCC_UNSEEN_CONDITION_B005,MLCC_X7R,leakage_ua,SIM_X7R_100N_50V,ordinary_noise,ordinary_noise,False,True,False,,,0.0795589578817,0.0764333176075,False,False,False,0.25,synthetic,True
MLCC_UNSEEN_CONDITION_C001394,MLCC_UNSEEN_CONDITION_B005,MLCC_X7R,leakage_ua,SIM_X7R_100N_50V,healthy_settling,healthy_settling,False,True,False,,,0.0444149895107,0.0440800446195,False,False,False,0.25,synthetic,True
MLCC_UNSEEN_CONDITION_C001396,MLCC_UNSEEN_CONDITION_B005,MLCC_X7R,leakage_ua,SIM_X7R_100N_50V,healthy_settling,healthy_settling,False,True,False,,,0.0614962685191,0.0592315230701,False,False,False,0.25,synthetic,True
MLCC_UNSEEN_CONDITION_C001405,MLCC_UNSEEN_CONDITION_B005,MLCC_X7R,leakage_ua,SIM_X7R_100N_50V,ordinary_noise,ordinary_noise,False,True,False,,,0.0467140464781,0.0550749094163,False,False,False,0.25,synthetic,True
MLCC_UNSEEN_CONDITION_C001424,MLCC_UNSEEN_CONDITION_B005,MLCC_X7R,leakage_ua,SIM_X7R_100N_50V,healthy_settling,healthy_settling,False,True,False,,,0.0557210824682,0.0579569745526,False,False,False,0.25,synthetic,True
MLCC_UNSEEN_CONDITION_C001438,MLCC_UNSEEN_CONDITION_B005,MLCC_X7R,leakage_ua,SIM_X7R_100N_50V,healthy_settling,healthy_settling,False,True,False,,,0.0657179484064,0.0665597109177,False,False,False,0.25,synthetic,True
MLCC_UNSEEN_CONDITION_C001492,MLCC_UNSEEN_CONDITION_B005,MLCC_X7R,leakage_ua,SIM_X7R_100N_50V,healthy_settling,healthy_settling,False,True,False,,,0.0500390507457,0.0494282580477,False,False,False,0.25,synthetic,True
MLCC_UNSEEN_CONDITION_C001523,MLCC_UNSEEN_CONDITION_B005,MLCC_X7R,leakage_ua,SIM_X7R_100N_50V,gradual_drift,gradual_drift,True,False,False,12,,0.183288458164,0.186721217487,False,False,False,0.25,synthetic,True
MLCC_UNSEEN_CONDITION_C001625,MLCC_UNSEEN_CONDITION_B005,MLCC_X7R,leakage_ua,SIM_X7R_100N_50V,healthy_settling,healthy_settling,False,True,False,,,0.053846846899,0.0548318635617,False,False,False,0.25,synthetic,True
MLCC_UNSEEN_CONDITION_C001646,MLCC_UNSEEN_CONDITION_B005,MLCC_X7R,leakage_ua,SIM_X7R_100N_50V,healthy_settling,healthy_settling,False,True,False,,,0.0447990499694,0.0448139253889,False,False,False,0.25,synthetic,True
MLCC_UNSEEN_CONDITION_C001699,MLCC_UNSEEN_CONDITION_B005,MLCC_X7R,leakage_ua,SIM_X7R_100N_50V,late_abrupt_onset,late_abrupt_onset,True,False,False,48,,0.148248791032,0.146056568871,False,False,False,0.25,synthetic,True
MLCC_UNSEEN_CONDITION_C001707,MLCC_UNSEEN_CONDITION_B005,MLCC_X7R,leakage_ua,SIM_X7R_100N_50V,healthy_settling,healthy_settling,False,True,False,,,0.0779340363796,0.0780470605127,False,False,False,0.25,synthetic,True
MLCC_UNSEEN_CONDITION_C001742,MLCC_UNSEEN_CONDITION_B005,MLCC_X7R,leakage_ua,SIM_X7R_100N_50V,ordinary_noise,ordinary_noise,False,True,False,,,0.0428820628878,0.0493705634967,False,False,False,0.25,synthetic,True
MLCC_UNSEEN_CONDITION_C001743,MLCC_UNSEEN_CONDITION_B005,MLCC_X7R,leakage_ua,SIM_X7R_100N_50V,healthy_settling,healthy_settling,False,True,False,,,0.040813627159,0.0428858960618,False,False,False,0.25,synthetic,True
MLCC_UNSEEN_CONDITION_C001745,MLCC_UNSEEN_CONDITION_B005,MLCC_X7R,leakage_ua,SIM_X7R_100N_50V,accelerating_drift,accelerating_drift,True,False,False,6,,0.118677173583,0.117721156231,False,False,False,0.25,synthetic,True
MLCC_UNSEEN_CONDITION_C001753,MLCC_UNSEEN_CONDITION_B005,MLCC_X7R,leakage_ua,SIM_X7R_100N_50V,healthy_settling,healthy_settling,False,True,False,,,0.0420017880047,0.0437931944011,False,False,False,0.25,synthetic,True
MLCC_UNSEEN_CONDITION_C001766,MLCC_UNSEEN_CONDITION_B005,MLCC_X7R,leakage_ua,SIM_X7R_100N_50V,moisture_associated_history,moisture_associated_history,True,False,False,24,,0.590238791114,0.593273734036,True,True,True,0.25,synthetic,True
MLCC_UNSEEN_CONDITION_C001773,MLCC_UNSEEN_CONDITION_B005,MLCC_X7R,leakage_ua,SIM_X7R_100N_50V,accelerating_drift,accelerating_drift,True,False,False,24,,0.179871384497,0.176910681257,False,False,False,0.25,synthetic,True
MLCC_UNSEEN_CONDITION_C001824,MLCC_UNSEEN_CONDITION_B005,MLCC_X7R,leakage_ua,SIM_X7R_100N_50V,healthy_settling,healthy_settling,False,True,False,,,0.0618354995271,0.0587767916553,False,False,False,0.25,synthetic,True
MLCC_UNSEEN_CONDITION_C001826,MLCC_UNSEEN_CONDITION_B005,MLCC_X7R,leakage_ua,SIM_X7R_100N_50V,healthy_settling,healthy_settling,False,True,False,,,0.0320140994075,0.0303271218755,False,False,False,0.25,synthetic,True
MLCC_UNSEEN_CONDITION_C001834,MLCC_UNSEEN_CONDITION_B005,MLCC_X7R,leakage_ua,SIM_X7R_100N_50V,healthy_settling,healthy_settling,False,True,False,,,0.0324629073837,0.0328807514655,False,False,False,0.25,synthetic,True
MLCC_UNSEEN_CONDITION_C001870,MLCC_UNSEEN_CONDITION_B005,MLCC_X7R,leakage_ua,SIM_X7R_100N_50V,healthy_settling,healthy_settling,False,True,False,,,0.0418714846769,0.042784494569,False,False,False,0.25,synthetic,True
MLCC_UNSEEN_CONDITION_C001886,MLCC_UNSEEN_CONDITION_B005,MLCC_X7R,leakage_ua,SIM_X7R_100N_50V,healthy_settling,healthy_settling,False,True,False,,,0.0825572549002,0.0804787216983,False,False,False,0.25,synthetic,True
MLCC_UNSEEN_CONDITION_C001897,MLCC_UNSEEN_CONDITION_B005,MLCC_X7R,leakage_ua,SIM_X7R_100N_50V,healthy_settling,healthy_settling,False,True,False,,,0.0371792018361,0.037329460063,False,False,False,0.25,synthetic,True
MLCC_UNSEEN_CONDITION_C001963,MLCC_UNSEEN_CONDITION_B005,MLCC_X7R,leakage_ua,SIM_X7R_100N_50V,healthy_settling,healthy_settling,False,True,False,,,0.0784981880686,0.0800920135234,False,False,False,0.25,synthetic,True
MLCC_UNSEEN_CONDITION_C001974,MLCC_UNSEEN_CONDITION_B005,MLCC_X7R,leakage_ua,SIM_X7R_100N_50V,ordinary_noise,ordinary_noise,False,True,False,,,0.017319677682,0.0208655743849,False,False,False,0.25,synthetic,True
MLCC_UNSEEN_CONDITION_C001980,MLCC_UNSEEN_CONDITION_B005,MLCC_X7R,leakage_ua,SIM_X7R_100N_50V,healthy_settling,healthy_settling,False,True,False,,,0.0376920656034,0.0375321465896,False,False,False,0.25,synthetic,True
MLCC_UNSEEN_CONDITION_C001981,MLCC_UNSEEN_CONDITION_B005,MLCC_X7R,leakage_ua,SIM_X7R_100N_50V,healthy_settling,healthy_settling,False,True,False,,,0.0484559190839,0.0484381993438,False,False,False,0.25,synthetic,True
MLCC_UNSEEN_CONDITION_C001991,MLCC_UNSEEN_CONDITION_B005,MLCC_X7R,leakage_ua,SIM_X7R_100N_50V,healthy_settling,healthy_settling,False,True,False,,,0.0453249214564,0.0449931553355,False,False,False,0.25,synthetic,True
MLCC_UNSEEN_CONDITION_C000016,MLCC_UNSEEN_CONDITION_B006,MLCC_X7R,leakage_ua,SIM_X7R_10N_50V,ordinary_noise,ordinary_noise,False,True,False,,,0.0194971671582,0.0218053699428,False,False,False,0.12,synthetic,True
MLCC_UNSEEN_CONDITION_C000023,MLCC_UNSEEN_CONDITION_B006,MLCC_X7R,leakage_ua,SIM_X7R_10N_50V,healthy_settling,healthy_settling,False,True,False,,,0.0172550226904,0.0175279196918,False,False,False,0.12,synthetic,True
MLCC_UNSEEN_CONDITION_C000081,MLCC_UNSEEN_CONDITION_B006,MLCC_X7R,leakage_ua,SIM_X7R_10N_50V,healthy_settling,healthy_settling,False,True,False,,,0.0291008143389,0.0289694537539,False,False,False,0.12,synthetic,True
MLCC_UNSEEN_CONDITION_C000094,MLCC_UNSEEN_CONDITION_B006,MLCC_X7R,leakage_ua,SIM_X7R_10N_50V,healthy_settling,healthy_settling,False,True,False,,,0.0371427525642,0.0346287972197,False,False,False,0.12,synthetic,True
MLCC_UNSEEN_CONDITION_C000106,MLCC_UNSEEN_CONDITION_B006,MLCC_X7R,leakage_ua,SIM_X7R_10N_50V,ordinary_noise,ordinary_noise,False,True,False,,,0.0295918779987,0.0247931918009,False,False,False,0.12,synthetic,True
MLCC_UNSEEN_CONDITION_C000165,MLCC_UNSEEN_CONDITION_B006,MLCC_X7R,leakage_ua,SIM_X7R_10N_50V,moisture_associated_history,moisture_associated_history,True,False,False,24,,0.133042940585,0.134932010282,True,True,True,0.12,synthetic,True
MLCC_UNSEEN_CONDITION_C000179,MLCC_UNSEEN_CONDITION_B006,MLCC_X7R,leakage_ua,SIM_X7R_10N_50V,gradual_drift,gradual_drift,True,False,False,12,,0.0779477109029,0.0745169307389,False,False,False,0.12,synthetic,True
MLCC_UNSEEN_CONDITION_C000193,MLCC_UNSEEN_CONDITION_B006,MLCC_X7R,leakage_ua,SIM_X7R_10N_50V,healthy_settling,healthy_settling,False,True,False,,,0.0194011194331,0.0188938788831,False,False,False,0.12,synthetic,True
MLCC_UNSEEN_CONDITION_C000225,MLCC_UNSEEN_CONDITION_B006,MLCC_X7R,leakage_ua,SIM_X7R_10N_50V,ordinary_noise,ordinary_noise,False,True,False,,,0.0163904509859,0.0182207823805,False,False,False,0.12,synthetic,True
MLCC_UNSEEN_CONDITION_C000240,MLCC_UNSEEN_CONDITION_B006,MLCC_X7R,leakage_ua,SIM_X7R_10N_50V,healthy_settling,healthy_settling,False,True,False,,,0.0181797016868,0.0182676100045,False,False,False,0.12,synthetic,True
MLCC_UNSEEN_CONDITION_C000286,MLCC_UNSEEN_CONDITION_B006,MLCC_X7R,leakage_ua,SIM_X7R_10N_50V,healthy_settling,healthy_settling,False,True,False,,,0.028617273131,0.0285719951359,False,False,False,0.12,synthetic,True
MLCC_UNSEEN_CONDITION_C000311,MLCC_UNSEEN_CONDITION_B006,MLCC_X7R,leakage_ua,SIM_X7R_10N_50V,ordinary_noise,ordinary_noise,False,True,False,,,0.0171378867187,0.0207364401058,False,False,False,0.12,synthetic,True
MLCC_UNSEEN_CONDITION_C000318,MLCC_UNSEEN_CONDITION_B006,MLCC_X7R,leakage_ua,SIM_X7R_10N_50V,healthy_settling,healthy_settling,False,True,False,,,0.0284770794992,0.0310636985106,False,False,False,0.12,synthetic,True
MLCC_UNSEEN_CONDITION_C000341,MLCC_UNSEEN_CONDITION_B006,MLCC_X7R,leakage_ua,SIM_X7R_10N_50V,healthy_settling,healthy_settling,False,True,False,,,0.0276689058776,0.0273515395996,False,False,False,0.12,synthetic,True
MLCC_UNSEEN_CONDITION_C000343,MLCC_UNSEEN_CONDITION_B006,MLCC_X7R,leakage_ua,SIM_X7R_10N_50V,tester_channel_fault,healthy_settling,False,False,True,,0,0.0829047465463,0.0279315829,False,False,False,0.12,synthetic,True
MLCC_UNSEEN_CONDITION_C000379,MLCC_UNSEEN_CONDITION_B006,MLCC_X7R,leakage_ua,SIM_X7R_10N_50V,ordinary_noise,ordinary_noise,False,True,False,,,0.0182619939506,0.0217974439791,False,False,False,0.12,synthetic,True
MLCC_UNSEEN_CONDITION_C000399,MLCC_UNSEEN_CONDITION_B006,MLCC_X7R,leakage_ua,SIM_X7R_10N_50V,ordinary_noise,ordinary_noise,False,True,False,,,0.0283125751764,0.0275411555477,False,False,False,0.12,synthetic,True
MLCC_UNSEEN_CONDITION_C000415,MLCC_UNSEEN_CONDITION_B006,MLCC_X7R,leakage_ua,SIM_X7R_10N_50V,healthy_settling,healthy_settling,False,True,False,,,0.0171725119077,0.0173518770525,False,False,False,0.12,synthetic,True
MLCC_UNSEEN_CONDITION_C000420,MLCC_UNSEEN_CONDITION_B006,MLCC_X7R,leakage_ua,SIM_X7R_10N_50V,healthy_settling,healthy_settling,False,True,False,,,0.0226425554985,0.0224327915409,False,False,False,0.12,synthetic,True
MLCC_UNSEEN_CONDITION_C000421,MLCC_UNSEEN_CONDITION_B006,MLCC_X7R,leakage_ua,SIM_X7R_10N_50V,healthy_settling,healthy_settling,False,True,False,,,0.0357314995413,0.0360693200436,False,False,False,0.12,synthetic,True
MLCC_UNSEEN_CONDITION_C000423,MLCC_UNSEEN_CONDITION_B006,MLCC_X7R,leakage_ua,SIM_X7R_10N_50V,accelerating_drift,accelerating_drift,True,False,False,12,,0.0693978743907,0.0720720884579,False,False,False,0.12,synthetic,True
MLCC_UNSEEN_CONDITION_C000459,MLCC_UNSEEN_CONDITION_B006,MLCC_X7R,leakage_ua,SIM_X7R_10N_50V,healthy_settling,healthy_settling,False,True,False,,,0.0245237904475,0.0246834403813,False,False,False,0.12,synthetic,True
MLCC_UNSEEN_CONDITION_C000461,MLCC_UNSEEN_CONDITION_B006,MLCC_X7R,leakage_ua,SIM_X7R_10N_50V,healthy_settling,healthy_settling,False,True,False,,,0.0215828634392,0.0211599926025,False,False,False,0.12,synthetic,True
MLCC_UNSEEN_CONDITION_C000478,MLCC_UNSEEN_CONDITION_B006,MLCC_X7R,leakage_ua,SIM_X7R_10N_50V,healthy_settling,healthy_settling,False,True,False,,,0.016165462621,0.0166158332738,False,False,False,0.12,synthetic,True
MLCC_UNSEEN_CONDITION_C000523,MLCC_UNSEEN_CONDITION_B006,MLCC_X7R,leakage_ua,SIM_X7R_10N_50V,ordinary_noise,ordinary_noise,False,True,False,,,0.048005483996,0.034882332484,False,False,False,0.12,synthetic,True
MLCC_UNSEEN_CONDITION_C000596,MLCC_UNSEEN_CONDITION_B006,MLCC_X7R,leakage_ua,SIM_X7R_10N_50V,healthy_settling,healthy_settling,False,True,False,,,0.0270591072093,0.0274598300382,False,False,False,0.12,synthetic,True
MLCC_UNSEEN_CONDITION_C000660,MLCC_UNSEEN_CONDITION_B006,MLCC_X7R,leakage_ua,SIM_X7R_10N_50V,healthy_settling,healthy_settling,False,True,False,,,0.0334972542448,0.0308359513964,False,False,False,0.12,synthetic,True
MLCC_UNSEEN_CONDITION_C000666,MLCC_UNSEEN_CONDITION_B006,MLCC_X7R,leakage_ua,SIM_X7R_10N_50V,healthy_settling,healthy_settling,False,True,False,,,0.0259020410274,0.0251906559609,False,False,False,0.12,synthetic,True
MLCC_UNSEEN_CONDITION_C000676,MLCC_UNSEEN_CONDITION_B006,MLCC_X7R,leakage_ua,SIM_X7R_10N_50V,tester_channel_fault,healthy_settling,False,False,True,,0,0.0724280747235,0.0175956276075,False,False,False,0.12,synthetic,True
MLCC_UNSEEN_CONDITION_C000683,MLCC_UNSEEN_CONDITION_B006,MLCC_X7R,leakage_ua,SIM_X7R_10N_50V,ordinary_noise,ordinary_noise,False,True,False,,,0.0198616096839,0.0190819642646,False,False,False,0.12,synthetic,True
MLCC_UNSEEN_CONDITION_C000684,MLCC_UNSEEN_CONDITION_B006,MLCC_X7R,leakage_ua,SIM_X7R_10N_50V,healthy_settling,healthy_settling,False,True,False,,,0.0276819190804,0.0274399496406,False,False,False,0.12,synthetic,True
MLCC_UNSEEN_CONDITION_C000690,MLCC_UNSEEN_CONDITION_B006,MLCC_X7R,leakage_ua,SIM_X7R_10N_50V,healthy_settling,healthy_settling,False,True,False,,,0.0380954300663,0.037153086482,False,False,False,0.12,synthetic,True
MLCC_UNSEEN_CONDITION_C000711,MLCC_UNSEEN_CONDITION_B006,MLCC_X7R,leakage_ua,SIM_X7R_10N_50V,tester_channel_fault,ordinary_noise,False,False,True,,0,0.0873476114378,0.0302454582262,False,False,False,0.12,synthetic,True
MLCC_UNSEEN_CONDITION_C000741,MLCC_UNSEEN_CONDITION_B006,MLCC_X7R,leakage_ua,SIM_X7R_10N_50V,moisture_associated_history,moisture_associated_history,True,False,False,24,,0.0667537696118,0.0667128338651,False,False,False,0.12,synthetic,True
MLCC_UNSEEN_CONDITION_C000743,MLCC_UNSEEN_CONDITION_B006,MLCC_X7R,leakage_ua,SIM_X7R_10N_50V,healthy_settling,healthy_settling,False,True,False,,,0.0222669649126,0.0207814793712,False,False,False,0.12,synthetic,True
MLCC_UNSEEN_CONDITION_C000756,MLCC_UNSEEN_CONDITION_B006,MLCC_X7R,leakage_ua,SIM_X7R_10N_50V,healthy_settling,healthy_settling,False,True,False,,,0.0201840055081,0.0204508601971,False,False,False,0.12,synthetic,True
MLCC_UNSEEN_CONDITION_C000771,MLCC_UNSEEN_CONDITION_B006,MLCC_X7R,leakage_ua,SIM_X7R_10N_50V,gradual_drift,gradual_drift,True,False,False,0,,0.0907641683119,0.0914331538489,False,False,False,0.12,synthetic,True
MLCC_UNSEEN_CONDITION_C000780,MLCC_UNSEEN_CONDITION_B006,MLCC_X7R,leakage_ua,SIM_X7R_10N_50V,healthy_settling,healthy_settling,False,True,False,,,0.0144900512625,0.0143711185019,False,False,False,0.12,synthetic,True
MLCC_UNSEEN_CONDITION_C000799,MLCC_UNSEEN_CONDITION_B006,MLCC_X7R,leakage_ua,SIM_X7R_10N_50V,healthy_settling,healthy_settling,False,True,False,,,0.0173840948158,0.0192946203394,False,False,False,0.12,synthetic,True
MLCC_UNSEEN_CONDITION_C000819,MLCC_UNSEEN_CONDITION_B006,MLCC_X7R,leakage_ua,SIM_X7R_10N_50V,healthy_settling,healthy_settling,False,True,False,,,0.0189041511067,0.0177947572376,False,False,False,0.12,synthetic,True
MLCC_UNSEEN_CONDITION_C000832,MLCC_UNSEEN_CONDITION_B006,MLCC_X7R,leakage_ua,SIM_X7R_10N_50V,healthy_settling,healthy_settling,False,True,False,,,0.019906113744,0.0196418267318,False,False,False,0.12,synthetic,True
MLCC_UNSEEN_CONDITION_C000844,MLCC_UNSEEN_CONDITION_B006,MLCC_X7R,leakage_ua,SIM_X7R_10N_50V,healthy_settling,healthy_settling,False,True,False,,,0.0156362720285,0.0161929607042,False,False,False,0.12,synthetic,True
MLCC_UNSEEN_CONDITION_C000869,MLCC_UNSEEN_CONDITION_B006,MLCC_X7R,leakage_ua,SIM_X7R_10N_50V,healthy_settling,healthy_settling,False,True,False,,,0.0272100873046,0.0269911438214,False,False,False,0.12,synthetic,True
MLCC_UNSEEN_CONDITION_C000900,MLCC_UNSEEN_CONDITION_B006,MLCC_X7R,leakage_ua,SIM_X7R_10N_50V,healthy_settling,healthy_settling,False,True,False,,,0.0163449547999,0.016090590952,False,False,False,0.12,synthetic,True
MLCC_UNSEEN_CONDITION_C000903,MLCC_UNSEEN_CONDITION_B006,MLCC_X7R,leakage_ua,SIM_X7R_10N_50V,healthy_settling,healthy_settling,False,True,False,,,0.0256524633595,0.0257714012768,False,False,False,0.12,synthetic,True
MLCC_UNSEEN_CONDITION_C000904,MLCC_UNSEEN_CONDITION_B006,MLCC_X7R,leakage_ua,SIM_X7R_10N_50V,moisture_associated_history,moisture_associated_history,True,False,False,6,,0.107810836056,0.102310414562,False,False,False,0.12,synthetic,True
MLCC_UNSEEN_CONDITION_C000917,MLCC_UNSEEN_CONDITION_B006,MLCC_X7R,leakage_ua,SIM_X7R_10N_50V,healthy_settling,healthy_settling,False,True,False,,,0.0172903767361,0.017711073419,False,False,False,0.12,synthetic,True
MLCC_UNSEEN_CONDITION_C000931,MLCC_UNSEEN_CONDITION_B006,MLCC_X7R,leakage_ua,SIM_X7R_10N_50V,healthy_settling,healthy_settling,False,True,False,,,0.039788132497,0.0400805236071,False,False,False,0.12,synthetic,True
MLCC_UNSEEN_CONDITION_C000947,MLCC_UNSEEN_CONDITION_B006,MLCC_X7R,leakage_ua,SIM_X7R_10N_50V,ordinary_noise,ordinary_noise,False,True,False,,,0.0197427052025,0.0216444446281,False,False,False,0.12,synthetic,True
MLCC_UNSEEN_CONDITION_C000957,MLCC_UNSEEN_CONDITION_B006,MLCC_X7R,leakage_ua,SIM_X7R_10N_50V,late_abrupt_onset,late_abrupt_onset,True,False,False,96,,0.127821048616,0.124796283325,True,True,True,0.12,synthetic,True
MLCC_UNSEEN_CONDITION_C001015,MLCC_UNSEEN_CONDITION_B006,MLCC_X7R,leakage_ua,SIM_X7R_10N_50V,healthy_settling,healthy_settling,False,True,False,,,0.0265904539704,0.026501800456,False,False,False,0.12,synthetic,True
MLCC_UNSEEN_CONDITION_C001040,MLCC_UNSEEN_CONDITION_B006,MLCC_X7R,leakage_ua,SIM_X7R_10N_50V,healthy_settling,healthy_settling,False,True,False,,,0.0307090719358,0.0305349751375,False,False,False,0.12,synthetic,True
MLCC_UNSEEN_CONDITION_C001067,MLCC_UNSEEN_CONDITION_B006,MLCC_X7R,leakage_ua,SIM_X7R_10N_50V,ordinary_noise,ordinary_noise,False,True,False,,,0.0453739532863,0.036493036856,False,False,False,0.12,synthetic,True
MLCC_UNSEEN_CONDITION_C001086,MLCC_UNSEEN_CONDITION_B006,MLCC_X7R,leakage_ua,SIM_X7R_10N_50V,intermittent_leakage,intermittent_leakage,True,False,False,48,,0.0209519119945,0.0214268280371,False,False,False,0.12,synthetic,True
MLCC_UNSEEN_CONDITION_C001134,MLCC_UNSEEN_CONDITION_B006,MLCC_X7R,leakage_ua,SIM_X7R_10N_50V,moisture_associated_history,moisture_associated_history,True,False,False,48,,0.0570448014151,0.0597839391582,False,False,False,0.12,synthetic,True
MLCC_UNSEEN_CONDITION_C001144,MLCC_UNSEEN_CONDITION_B006,MLCC_X7R,leakage_ua,SIM_X7R_10N_50V,accelerating_drift,accelerating_drift,True,False,False,12,,0.0845489438094,0.084724370257,False,False,False,0.12,synthetic,True
MLCC_UNSEEN_CONDITION_C001168,MLCC_UNSEEN_CONDITION_B006,MLCC_X7R,leakage_ua,SIM_X7R_10N_50V,healthy_settling,healthy_settling,False,True,False,,,0.0305165308371,0.029363268703,False,False,False,0.12,synthetic,True
MLCC_UNSEEN_CONDITION_C001192,MLCC_UNSEEN_CONDITION_B006,MLCC_X7R,leakage_ua,SIM_X7R_10N_50V,healthy_settling,healthy_settling,False,True,False,,,0.0248329427341,0.0259925196187,False,False,False,0.12,synthetic,True
MLCC_UNSEEN_CONDITION_C001212,MLCC_UNSEEN_CONDITION_B006,MLCC_X7R,leakage_ua,SIM_X7R_10N_50V,ordinary_noise,ordinary_noise,False,True,False,,,0.0247377308189,0.0272105385692,False,False,False,0.12,synthetic,True
MLCC_UNSEEN_CONDITION_C001229,MLCC_UNSEEN_CONDITION_B006,MLCC_X7R,leakage_ua,SIM_X7R_10N_50V,gradual_drift,gradual_drift,True,False,False,0,,0.0513292100692,0.0525322598799,False,False,False,0.12,synthetic,True
MLCC_UNSEEN_CONDITION_C001241,MLCC_UNSEEN_CONDITION_B006,MLCC_X7R,leakage_ua,SIM_X7R_10N_50V,healthy_settling,healthy_settling,False,True,False,,,0.0171219118261,0.0155838477605,False,False,False,0.12,synthetic,True
MLCC_UNSEEN_CONDITION_C001250,MLCC_UNSEEN_CONDITION_B006,MLCC_X7R,leakage_ua,SIM_X7R_10N_50V,healthy_settling,healthy_settling,False,True,False,,,0.0251738066554,0.0260900804008,False,False,False,0.12,synthetic,True
MLCC_UNSEEN_CONDITION_C001263,MLCC_UNSEEN_CONDITION_B006,MLCC_X7R,leakage_ua,SIM_X7R_10N_50V,moisture_associated_history,moisture_associated_history,True,False,False,24,,0.142332872298,0.140982212797,True,True,True,0.12,synthetic,True
MLCC_UNSEEN_CONDITION_C001365,MLCC_UNSEEN_CONDITION_B006,MLCC_X7R,leakage_ua,SIM_X7R_10N_50V,late_abrupt_onset,late_abrupt_onset,True,False,False,96,,0.132664271837,0.134620654069,True,True,True,0.12,synthetic,True
MLCC_UNSEEN_CONDITION_C001379,MLCC_UNSEEN_CONDITION_B006,MLCC_X7R,leakage_ua,SIM_X7R_10N_50V,healthy_settling,healthy_settling,False,True,False,,,0.0289894985952,0.0292592718954,False,False,False,0.12,synthetic,True
MLCC_UNSEEN_CONDITION_C001441,MLCC_UNSEEN_CONDITION_B006,MLCC_X7R,leakage_ua,SIM_X7R_10N_50V,ordinary_noise,ordinary_noise,False,True,False,,,0.0304400637655,0.0278347501069,False,False,False,0.12,synthetic,True
MLCC_UNSEEN_CONDITION_C001451,MLCC_UNSEEN_CONDITION_B006,MLCC_X7R,leakage_ua,SIM_X7R_10N_50V,healthy_settling,healthy_settling,False,True,False,,,0.0224413638277,0.0227903763343,False,False,False,0.12,synthetic,True
MLCC_UNSEEN_CONDITION_C001457,MLCC_UNSEEN_CONDITION_B006,MLCC_X7R,leakage_ua,SIM_X7R_10N_50V,tester_channel_fault,ordinary_noise,False,False,True,,0,0.0857359462993,0.0300446652096,False,False,False,0.12,synthetic,True
MLCC_UNSEEN_CONDITION_C001458,MLCC_UNSEEN_CONDITION_B006,MLCC_X7R,leakage_ua,SIM_X7R_10N_50V,healthy_settling,healthy_settling,False,True,False,,,0.0422208166119,0.0420087367852,False,False,False,0.12,synthetic,True
MLCC_UNSEEN_CONDITION_C001483,MLCC_UNSEEN_CONDITION_B006,MLCC_X7R,leakage_ua,SIM_X7R_10N_50V,ordinary_noise,ordinary_noise,False,True,False,,,0.0596834204713,0.0556016305783,False,False,False,0.12,synthetic,True
MLCC_UNSEEN_CONDITION_C001484,MLCC_UNSEEN_CONDITION_B006,MLCC_X7R,leakage_ua,SIM_X7R_10N_50V,healthy_settling,healthy_settling,False,True,False,,,0.0183693635631,0.0185172293774,False,False,False,0.12,synthetic,True
MLCC_UNSEEN_CONDITION_C001494,MLCC_UNSEEN_CONDITION_B006,MLCC_X7R,leakage_ua,SIM_X7R_10N_50V,ordinary_noise,ordinary_noise,False,True,False,,,0.0494357695282,0.0451653423806,False,False,False,0.12,synthetic,True
MLCC_UNSEEN_CONDITION_C001502,MLCC_UNSEEN_CONDITION_B006,MLCC_X7R,leakage_ua,SIM_X7R_10N_50V,late_abrupt_onset,late_abrupt_onset,True,False,False,120,,0.147299754833,0.143736996307,True,True,True,0.12,synthetic,True
MLCC_UNSEEN_CONDITION_C001539,MLCC_UNSEEN_CONDITION_B006,MLCC_X7R,leakage_ua,SIM_X7R_10N_50V,ordinary_noise,ordinary_noise,False,True,False,,,0.0138363177455,0.0144839516305,False,False,False,0.12,synthetic,True
MLCC_UNSEEN_CONDITION_C001540,MLCC_UNSEEN_CONDITION_B006,MLCC_X7R,leakage_ua,SIM_X7R_10N_50V,healthy_settling,healthy_settling,False,True,False,,,0.0310428327983,0.0299205091385,False,False,False,0.12,synthetic,True
MLCC_UNSEEN_CONDITION_C001550,MLCC_UNSEEN_CONDITION_B006,MLCC_X7R,leakage_ua,SIM_X7R_10N_50V,moisture_associated_history,moisture_associated_history,True,False,False,24,,0.0583306236985,0.0583253385889,False,False,False,0.12,synthetic,True
MLCC_UNSEEN_CONDITION_C001554,MLCC_UNSEEN_CONDITION_B006,MLCC_X7R,leakage_ua,SIM_X7R_10N_50V,late_abrupt_onset,late_abrupt_onset,True,False,False,120,,0.147331889985,0.14961005378,True,True,True,0.12,synthetic,True
MLCC_UNSEEN_CONDITION_C001590,MLCC_UNSEEN_CONDITION_B006,MLCC_X7R,leakage_ua,SIM_X7R_10N_50V,gradual_drift,gradual_drift,True,False,False,0,,0.0814028311195,0.0812153518099,False,False,False,0.12,synthetic,True
MLCC_UNSEEN_CONDITION_C001598,MLCC_UNSEEN_CONDITION_B006,MLCC_X7R,leakage_ua,SIM_X7R_10N_50V,healthy_settling,healthy_settling,False,True,False,,,0.0126574525779,0.0124154763903,False,False,False,0.12,synthetic,True
MLCC_UNSEEN_CONDITION_C001620,MLCC_UNSEEN_CONDITION_B006,MLCC_X7R,leakage_ua,SIM_X7R_10N_50V,ordinary_noise,ordinary_noise,False,True,False,,,0.0311961868454,0.0260240189856,False,False,False,0.12,synthetic,True
MLCC_UNSEEN_CONDITION_C001669,MLCC_UNSEEN_CONDITION_B006,MLCC_X7R,leakage_ua,SIM_X7R_10N_50V,ordinary_noise,ordinary_noise,False,True,False,,,0.0334916270832,0.0324867009599,False,False,False,0.12,synthetic,True
MLCC_UNSEEN_CONDITION_C001698,MLCC_UNSEEN_CONDITION_B006,MLCC_X7R,leakage_ua,SIM_X7R_10N_50V,healthy_settling,healthy_settling,False,True,False,,,0.0211545520615,0.0218759801099,False,False,False,0.12,synthetic,True
MLCC_UNSEEN_CONDITION_C001731,MLCC_UNSEEN_CONDITION_B006,MLCC_X7R,leakage_ua,SIM_X7R_10N_50V,healthy_settling,healthy_settling,False,True,False,,,0.0305759953265,0.0307303698469,False,False,False,0.12,synthetic,True
MLCC_UNSEEN_CONDITION_C001755,MLCC_UNSEEN_CONDITION_B006,MLCC_X7R,leakage_ua,SIM_X7R_10N_50V,intermittent_leakage,intermittent_leakage,True,False,True,12,0,0.0878028662176,0.031842222764,False,False,False,0.12,synthetic,True
MLCC_UNSEEN_CONDITION_C001783,MLCC_UNSEEN_CONDITION_B006,MLCC_X7R,leakage_ua,SIM_X7R_10N_50V,late_abrupt_onset,late_abrupt_onset,True,False,True,144,0,0.212718252108,0.165613911782,True,True,True,0.12,synthetic,True
MLCC_UNSEEN_CONDITION_C001798,MLCC_UNSEEN_CONDITION_B006,MLCC_X7R,leakage_ua,SIM_X7R_10N_50V,healthy_settling,healthy_settling,False,True,False,,,0.0153224346835,0.0154896006568,False,False,False,0.12,synthetic,True
MLCC_UNSEEN_CONDITION_C001805,MLCC_UNSEEN_CONDITION_B006,MLCC_X7R,leakage_ua,SIM_X7R_10N_50V,healthy_settling,healthy_settling,False,True,False,,,0.0323698663299,0.0327973443943,False,False,False,0.12,synthetic,True
MLCC_UNSEEN_CONDITION_C001820,MLCC_UNSEEN_CONDITION_B006,MLCC_X7R,leakage_ua,SIM_X7R_10N_50V,healthy_settling,healthy_settling,False,True,False,,,0.0273244879605,0.0286683943975,False,False,False,0.12,synthetic,True
MLCC_UNSEEN_CONDITION_C001895,MLCC_UNSEEN_CONDITION_B006,MLCC_X7R,leakage_ua,SIM_X7R_10N_50V,healthy_settling,healthy_settling,False,True,False,,,0.0345845814158,0.0332558696046,False,False,False,0.12,synthetic,True
MLCC_UNSEEN_CONDITION_C001924,MLCC_UNSEEN_CONDITION_B006,MLCC_X7R,leakage_ua,SIM_X7R_10N_50V,healthy_settling,healthy_settling,False,True,False,,,0.0249427089821,0.0256951586645,False,False,False,0.12,synthetic,True
MLCC_UNSEEN_CONDITION_C001928,MLCC_UNSEEN_CONDITION_B006,MLCC_X7R,leakage_ua,SIM_X7R_10N_50V,healthy_settling,healthy_settling,False,True,False,,,0.041998138751,0.040713655236,False,False,False,0.12,synthetic,True
MLCC_UNSEEN_CONDITION_C001929,MLCC_UNSEEN_CONDITION_B006,MLCC_X7R,leakage_ua,SIM_X7R_10N_50V,healthy_settling,healthy_settling,False,True,False,,,0.0289016293057,0.0278895604039,False,False,False,0.12,synthetic,True
MLCC_UNSEEN_CONDITION_C001947,MLCC_UNSEEN_CONDITION_B006,MLCC_X7R,leakage_ua,SIM_X7R_10N_50V,healthy_settling,healthy_settling,False,True,False,,,0.0167303736588,0.0168299285439,False,False,False,0.12,synthetic,True
MLCC_UNSEEN_CONDITION_C001965,MLCC_UNSEEN_CONDITION_B006,MLCC_X7R,leakage_ua,SIM_X7R_10N_50V,late_abrupt_onset,late_abrupt_onset,True,False,False,48,,0.127369516564,0.126063345441,True,True,True,0.12,synthetic,True
MLCC_UNSEEN_CONDITION_C001971,MLCC_UNSEEN_CONDITION_B006,MLCC_X7R,leakage_ua,SIM_X7R_10N_50V,moisture_associated_history,moisture_associated_history,True,False,False,48,,0.108187164458,0.106694658937,False,False,False,0.12,synthetic,True
MLCC_UNSEEN_CONDITION_C001985,MLCC_UNSEEN_CONDITION_B006,MLCC_X7R,leakage_ua,SIM_X7R_10N_50V,healthy_settling,healthy_settling,False,True,False,,,0.0393755702492,0.0405627321846,False,False,False,0.12,synthetic,True
MLCC_UNSEEN_CONDITION_C001992,MLCC_UNSEEN_CONDITION_B006,MLCC_X7R,leakage_ua,SIM_X7R_10N_50V,healthy_settling,healthy_settling,False,True,False,,,0.0297198894073,0.0293247914398,False,False,False,0.12,synthetic,True
MLCC_UNSEEN_CONDITION_C001993,MLCC_UNSEEN_CONDITION_B006,MLCC_X7R,leakage_ua,SIM_X7R_10N_50V,ordinary_noise,ordinary_noise,False,True,False,,,0.0231245282595,0.0206204125879,False,False,False,0.12,synthetic,True
MLCC_UNSEEN_CONDITION_C001995,MLCC_UNSEEN_CONDITION_B006,MLCC_X7R,leakage_ua,SIM_X7R_10N_50V,gradual_drift,gradual_drift,True,False,False,6,,0.130325474848,0.13507123338,True,True,True,0.12,synthetic,True
MLCC_UNSEEN_CONDITION_C002000,MLCC_UNSEEN_CONDITION_B006,MLCC_X7R,leakage_ua,SIM_X7R_10N_50V,healthy_settling,healthy_settling,False,True,False,,,0.0219519868811,0.0218830938575,False,False,False,0.12,synthetic,True
MLCC_UNSEEN_CONDITION_C000002,MLCC_UNSEEN_CONDITION_B007,MLCC_X7R,leakage_ua,SIM_X7R_10N_50V,healthy_settling,healthy_settling,False,True,False,,,0.0299143361007,0.0294455118934,False,False,False,0.12,synthetic,True
MLCC_UNSEEN_CONDITION_C000060,MLCC_UNSEEN_CONDITION_B007,MLCC_X7R,leakage_ua,SIM_X7R_10N_50V,healthy_settling,healthy_settling,False,True,False,,,0.026847194933,0.0265315457828,False,False,False,0.12,synthetic,True
MLCC_UNSEEN_CONDITION_C000085,MLCC_UNSEEN_CONDITION_B007,MLCC_X7R,leakage_ua,SIM_X7R_10N_50V,healthy_settling,healthy_settling,False,True,False,,,0.0309133913247,0.0311397728713,False,False,False,0.12,synthetic,True
MLCC_UNSEEN_CONDITION_C000099,MLCC_UNSEEN_CONDITION_B007,MLCC_X7R,leakage_ua,SIM_X7R_10N_50V,ordinary_noise,ordinary_noise,False,True,False,,,0.0214745229662,0.0208244844899,False,False,False,0.12,synthetic,True
MLCC_UNSEEN_CONDITION_C000110,MLCC_UNSEEN_CONDITION_B007,MLCC_X7R,leakage_ua,SIM_X7R_10N_50V,healthy_settling,healthy_settling,False,True,False,,,0.0247860622707,0.0241264133065,False,False,False,0.12,synthetic,True
MLCC_UNSEEN_CONDITION_C000119,MLCC_UNSEEN_CONDITION_B007,MLCC_X7R,leakage_ua,SIM_X7R_10N_50V,healthy_settling,healthy_settling,False,True,False,,,0.038470361086,0.0383891707926,False,False,False,0.12,synthetic,True
MLCC_UNSEEN_CONDITION_C000135,MLCC_UNSEEN_CONDITION_B007,MLCC_X7R,leakage_ua,SIM_X7R_10N_50V,moisture_associated_history,moisture_associated_history,True,False,False,0,,0.0810548094256,0.0782328766747,False,False,False,0.12,synthetic,True
MLCC_UNSEEN_CONDITION_C000166,MLCC_UNSEEN_CONDITION_B007,MLCC_X7R,leakage_ua,SIM_X7R_10N_50V,healthy_settling,healthy_settling,False,True,False,,,0.0285630905817,0.0278416623069,False,False,False,0.12,synthetic,True
MLCC_UNSEEN_CONDITION_C000171,MLCC_UNSEEN_CONDITION_B007,MLCC_X7R,leakage_ua,SIM_X7R_10N_50V,healthy_settling,healthy_settling,False,True,False,,,0.0222162937701,0.0227138248381,False,False,False,0.12,synthetic,True
MLCC_UNSEEN_CONDITION_C000176,MLCC_UNSEEN_CONDITION_B007,MLCC_X7R,leakage_ua,SIM_X7R_10N_50V,healthy_settling,healthy_settling,False,True,False,,,0.0257079118508,0.0269378097682,False,False,False,0.12,synthetic,True
MLCC_UNSEEN_CONDITION_C000188,MLCC_UNSEEN_CONDITION_B007,MLCC_X7R,leakage_ua,SIM_X7R_10N_50V,healthy_settling,healthy_settling,False,True,False,,,0.017561988881,0.0170471005852,False,False,False,0.12,synthetic,True
MLCC_UNSEEN_CONDITION_C000192,MLCC_UNSEEN_CONDITION_B007,MLCC_X7R,leakage_ua,SIM_X7R_10N_50V,accelerating_drift,accelerating_drift,True,False,False,0,,0.152396321764,0.160677577316,True,True,True,0.12,synthetic,True
MLCC_UNSEEN_CONDITION_C000199,MLCC_UNSEEN_CONDITION_B007,MLCC_X7R,leakage_ua,SIM_X7R_10N_50V,healthy_settling,healthy_settling,False,True,False,,,0.0287325044892,0.0278928952652,False,False,False,0.12,synthetic,True
MLCC_UNSEEN_CONDITION_C000236,MLCC_UNSEEN_CONDITION_B007,MLCC_X7R,leakage_ua,SIM_X7R_10N_50V,healthy_settling,healthy_settling,False,True,False,,,0.026282596982,0.0279912155168,False,False,False,0.12,synthetic,True
MLCC_UNSEEN_CONDITION_C000254,MLCC_UNSEEN_CONDITION_B007,MLCC_X7R,leakage_ua,SIM_X7R_10N_50V,healthy_settling,healthy_settling,False,True,False,,,0.026984181116,0.0266431003318,False,False,False,0.12,synthetic,True
MLCC_UNSEEN_CONDITION_C000277,MLCC_UNSEEN_CONDITION_B007,MLCC_X7R,leakage_ua,SIM_X7R_10N_50V,healthy_settling,healthy_settling,False,True,False,,,0.0287873445355,0.0286576365279,False,False,False,0.12,synthetic,True
MLCC_UNSEEN_CONDITION_C000293,MLCC_UNSEEN_CONDITION_B007,MLCC_X7R,leakage_ua,SIM_X7R_10N_50V,moisture_associated_history,moisture_associated_history,True,False,True,6,12,0.226634687628,0.0834562374678,False,True,False,0.12,synthetic,True
MLCC_UNSEEN_CONDITION_C000298,MLCC_UNSEEN_CONDITION_B007,MLCC_X7R,leakage_ua,SIM_X7R_10N_50V,intermittent_leakage,intermittent_leakage,True,False,False,48,,0.0994067003142,0.103477874269,False,False,False,0.12,synthetic,True
MLCC_UNSEEN_CONDITION_C000304,MLCC_UNSEEN_CONDITION_B007,MLCC_X7R,leakage_ua,SIM_X7R_10N_50V,healthy_settling,healthy_settling,False,True,False,,,0.0223845233367,0.0228443021283,False,False,False,0.12,synthetic,True
MLCC_UNSEEN_CONDITION_C000319,MLCC_UNSEEN_CONDITION_B007,MLCC_X7R,leakage_ua,SIM_X7R_10N_50V,healthy_settling,healthy_settling,False,True,False,,,0.0290382181119,0.0289870952511,False,False,False,0.12,synthetic,True
MLCC_UNSEEN_CONDITION_C000322,MLCC_UNSEEN_CONDITION_B007,MLCC_X7R,leakage_ua,SIM_X7R_10N_50V,healthy_settling,healthy_settling,False,True,False,,,0.0293232935038,0.029166891852,False,False,False,0.12,synthetic,True
MLCC_UNSEEN_CONDITION_C000349,MLCC_UNSEEN_CONDITION_B007,MLCC_X7R,leakage_ua,SIM_X7R_10N_50V,healthy_settling,healthy_settling,False,True,False,,,0.0298289346781,0.0291847596564,False,False,False,0.12,synthetic,True
MLCC_UNSEEN_CONDITION_C000363,MLCC_UNSEEN_CONDITION_B007,MLCC_X7R,leakage_ua,SIM_X7R_10N_50V,healthy_settling,healthy_settling,False,True,False,,,0.0337831194408,0.0336834815513,False,False,False,0.12,synthetic,True
MLCC_UNSEEN_CONDITION_C000437,MLCC_UNSEEN_CONDITION_B007,MLCC_X7R,leakage_ua,SIM_X7R_10N_50V,healthy_settling,healthy_settling,False,True,False,,,0.0221629703909,0.0220729375683,False,False,False,0.12,synthetic,True
MLCC_UNSEEN_CONDITION_C000439,MLCC_UNSEEN_CONDITION_B007,MLCC_X7R,leakage_ua,SIM_X7R_10N_50V,ordinary_noise,ordinary_noise,False,True,False,,,0.019315245235,0.0211160658579,False,False,False,0.12,synthetic,True
MLCC_UNSEEN_CONDITION_C000444,MLCC_UNSEEN_CONDITION_B007,MLCC_X7R,leakage_ua,SIM_X7R_10N_50V,ordinary_noise,ordinary_noise,False,True,False,,,0.0263814062217,0.0265537026231,False,False,False,0.12,synthetic,True
MLCC_UNSEEN_CONDITION_C000469,MLCC_UNSEEN_CONDITION_B007,MLCC_X7R,leakage_ua,SIM_X7R_10N_50V,accelerating_drift,accelerating_drift,True,False,False,6,,0.301570788975,0.298887811234,True,True,True,0.12,synthetic,True
MLCC_UNSEEN_CONDITION_C000515,MLCC_UNSEEN_CONDITION_B007,MLCC_X7R,leakage_ua,SIM_X7R_10N_50V,healthy_settling,healthy_settling,False,True,False,,,0.0285590892377,0.0290658967912,False,False,False,0.12,synthetic,True
MLCC_UNSEEN_CONDITION_C000526,MLCC_UNSEEN_CONDITION_B007,MLCC_X7R,leakage_ua,SIM_X7R_10N_50V,accelerating_drift,accelerating_drift,True,False,False,0,,0.0802511242538,0.0805836183989,False,False,False,0.12,synthetic,True
MLCC_UNSEEN_CONDITION_C000527,MLCC_UNSEEN_CONDITION_B007,MLCC_X7R,leakage_ua,SIM_X7R_10N_50V,healthy_settling,healthy_settling,False,True,False,,,0.0332814658666,0.0338344114446,False,False,False,0.12,synthetic,True
MLCC_UNSEEN_CONDITION_C000536,MLCC_UNSEEN_CONDITION_B007,MLCC_X7R,leakage_ua,SIM_X7R_10N_50V,healthy_settling,healthy_settling,False,True,False,,,0.0223569348359,0.0229862564071,False,False,False,0.12,synthetic,True
MLCC_UNSEEN_CONDITION_C000554,MLCC_UNSEEN_CONDITION_B007,MLCC_X7R,leakage_ua,SIM_X7R_10N_50V,healthy_settling,healthy_settling,False,True,False,,,0.0302758578673,0.0309325477133,False,False,False,0.12,synthetic,True
MLCC_UNSEEN_CONDITION_C000562,MLCC_UNSEEN_CONDITION_B007,MLCC_X7R,leakage_ua,SIM_X7R_10N_50V,healthy_settling,healthy_settling,False,True,False,,,0.0435958443167,0.0463636302232,False,False,False,0.12,synthetic,True
MLCC_UNSEEN_CONDITION_C000565,MLCC_UNSEEN_CONDITION_B007,MLCC_X7R,leakage_ua,SIM_X7R_10N_50V,ordinary_noise,ordinary_noise,False,True,False,,,0.0289957330639,0.028272546849,False,False,False,0.12,synthetic,True
MLCC_UNSEEN_CONDITION_C000589,MLCC_UNSEEN_CONDITION_B007,MLCC_X7R,leakage_ua,SIM_X7R_10N_50V,healthy_settling,healthy_settling,False,True,False,,,0.0440757298825,0.0439896215832,False,False,False,0.12,synthetic,True
MLCC_UNSEEN_CONDITION_C000629,MLCC_UNSEEN_CONDITION_B007,MLCC_X7R,leakage_ua,SIM_X7R_10N_50V,gradual_drift,gradual_drift,True,False,False,6,,0.0622572579241,0.0637073466637,False,False,False,0.12,synthetic,True
MLCC_UNSEEN_CONDITION_C000654,MLCC_UNSEEN_CONDITION_B007,MLCC_X7R,leakage_ua,SIM_X7R_10N_50V,accelerating_drift,accelerating_drift,True,False,False,0,,0.0743148202019,0.0728391437753,False,False,False,0.12,synthetic,True
MLCC_UNSEEN_CONDITION_C000687,MLCC_UNSEEN_CONDITION_B007,MLCC_X7R,leakage_ua,SIM_X7R_10N_50V,healthy_settling,healthy_settling,False,True,False,,,0.0323895435165,0.0337177882077,False,False,False,0.12,synthetic,True
MLCC_UNSEEN_CONDITION_C000688,MLCC_UNSEEN_CONDITION_B007,MLCC_X7R,leakage_ua,SIM_X7R_10N_50V,healthy_settling,healthy_settling,False,True,False,,,0.0129725588958,0.0134091471868,False,False,False,0.12,synthetic,True
MLCC_UNSEEN_CONDITION_C000699,MLCC_UNSEEN_CONDITION_B007,MLCC_X7R,leakage_ua,SIM_X7R_10N_50V,healthy_settling,healthy_settling,False,True,False,,,0.018701783157,0.0190092710652,False,False,False,0.12,synthetic,True
MLCC_UNSEEN_CONDITION_C000725,MLCC_UNSEEN_CONDITION_B007,MLCC_X7R,leakage_ua,SIM_X7R_10N_50V,healthy_settling,healthy_settling,False,True,False,,,0.031450770319,0.0320744557232,False,False,False,0.12,synthetic,True
MLCC_UNSEEN_CONDITION_C000736,MLCC_UNSEEN_CONDITION_B007,MLCC_X7R,leakage_ua,SIM_X7R_10N_50V,gradual_drift,gradual_drift,True,False,False,0,,0.0518659549019,0.0514658259514,False,False,False,0.12,synthetic,True
MLCC_UNSEEN_CONDITION_C000748,MLCC_UNSEEN_CONDITION_B007,MLCC_X7R,leakage_ua,SIM_X7R_10N_50V,healthy_settling,healthy_settling,False,True,False,,,0.0446521454712,0.0456126486978,False,False,False,0.12,synthetic,True
MLCC_UNSEEN_CONDITION_C000766,MLCC_UNSEEN_CONDITION_B007,MLCC_X7R,leakage_ua,SIM_X7R_10N_50V,gradual_drift,gradual_drift,True,False,False,0,,0.0806802567401,0.0813626111359,False,False,False,0.12,synthetic,True
MLCC_UNSEEN_CONDITION_C000786,MLCC_UNSEEN_CONDITION_B007,MLCC_X7R,leakage_ua,SIM_X7R_10N_50V,moisture_associated_history,moisture_associated_history,True,False,True,48,12,0.222051907043,0.0771549897929,False,True,False,0.12,synthetic,True
MLCC_UNSEEN_CONDITION_C000815,MLCC_UNSEEN_CONDITION_B007,MLCC_X7R,leakage_ua,SIM_X7R_10N_50V,moisture_associated_history,moisture_associated_history,True,False,False,0,,0.0534773245369,0.0508735049976,False,False,False,0.12,synthetic,True
MLCC_UNSEEN_CONDITION_C000820,MLCC_UNSEEN_CONDITION_B007,MLCC_X7R,leakage_ua,SIM_X7R_10N_50V,healthy_settling,healthy_settling,False,True,False,,,0.0334211110038,0.0316840707417,False,False,False,0.12,synthetic,True
MLCC_UNSEEN_CONDITION_C000841,MLCC_UNSEEN_CONDITION_B007,MLCC_X7R,leakage_ua,SIM_X7R_10N_50V,ordinary_noise,ordinary_noise,False,True,False,,,0.0145895922953,0.0171409836929,False,False,False,0.12,synthetic,True
MLCC_UNSEEN_CONDITION_C000856,MLCC_UNSEEN_CONDITION_B007,MLCC_X7R,leakage_ua,SIM_X7R_10N_50V,healthy_settling,healthy_settling,False,True,False,,,0.0283525814248,0.0285199769946,False,False,False,0.12,synthetic,True
MLCC_UNSEEN_CONDITION_C000872,MLCC_UNSEEN_CONDITION_B007,MLCC_X7R,leakage_ua,SIM_X7R_10N_50V,gradual_drift,gradual_drift,True,False,False,0,,0.04532506621,0.0433527324831,False,False,False,0.12,synthetic,True
MLCC_UNSEEN_CONDITION_C000928,MLCC_UNSEEN_CONDITION_B007,MLCC_X7R,leakage_ua,SIM_X7R_10N_50V,healthy_settling,healthy_settling,False,True,False,,,0.0149768631052,0.0151226360485,False,False,False,0.12,synthetic,True
MLCC_UNSEEN_CONDITION_C000946,MLCC_UNSEEN_CONDITION_B007,MLCC_X7R,leakage_ua,SIM_X7R_10N_50V,healthy_settling,healthy_settling,False,True,False,,,0.0178407344599,0.0186170142763,False,False,False,0.12,synthetic,True
MLCC_UNSEEN_CONDITION_C000956,MLCC_UNSEEN_CONDITION_B007,MLCC_X7R,leakage_ua,SIM_X7R_10N_50V,healthy_settling,healthy_settling,False,True,False,,,0.0366891138599,0.0369080341714,False,False,False,0.12,synthetic,True
MLCC_UNSEEN_CONDITION_C000967,MLCC_UNSEEN_CONDITION_B007,MLCC_X7R,leakage_ua,SIM_X7R_10N_50V,healthy_settling,healthy_settling,False,True,False,,,0.039939873154,0.0388847219293,False,False,False,0.12,synthetic,True
MLCC_UNSEEN_CONDITION_C001035,MLCC_UNSEEN_CONDITION_B007,MLCC_X7R,leakage_ua,SIM_X7R_10N_50V,healthy_settling,healthy_settling,False,True,False,,,0.0437722874205,0.0412160587992,False,False,False,0.12,synthetic,True
MLCC_UNSEEN_CONDITION_C001053,MLCC_UNSEEN_CONDITION_B007,MLCC_X7R,leakage_ua,SIM_X7R_10N_50V,tester_channel_fault,healthy_settling,False,False,True,,12,0.171402400931,0.027198922658,False,True,False,0.12,synthetic,True
MLCC_UNSEEN_CONDITION_C001068,MLCC_UNSEEN_CONDITION_B007,MLCC_X7R,leakage_ua,SIM_X7R_10N_50V,intermittent_leakage,intermittent_leakage,True,False,False,12,,0.0710098660532,0.0721697218166,False,False,False,0.12,synthetic,True
MLCC_UNSEEN_CONDITION_C001097,MLCC_UNSEEN_CONDITION_B007,MLCC_X7R,leakage_ua,SIM_X7R_10N_50V,gradual_drift,gradual_drift,True,False,False,12,,0.0814961639067,0.0850944450587,False,False,False,0.12,synthetic,True
MLCC_UNSEEN_CONDITION_C001117,MLCC_UNSEEN_CONDITION_B007,MLCC_X7R,leakage_ua,SIM_X7R_10N_50V,healthy_settling,healthy_settling,False,True,False,,,0.0238228394612,0.0245987651874,False,False,False,0.12,synthetic,True
MLCC_UNSEEN_CONDITION_C001183,MLCC_UNSEEN_CONDITION_B007,MLCC_X7R,leakage_ua,SIM_X7R_10N_50V,ordinary_noise,ordinary_noise,False,True,False,,,0.020508650709,0.0209812162839,False,False,False,0.12,synthetic,True
MLCC_UNSEEN_CONDITION_C001221,MLCC_UNSEEN_CONDITION_B007,MLCC_X7R,leakage_ua,SIM_X7R_10N_50V,ordinary_noise,ordinary_noise,False,True,False,,,0.01430729239,0.0162734196096,False,False,False,0.12,synthetic,True
MLCC_UNSEEN_CONDITION_C001244,MLCC_UNSEEN_CONDITION_B007,MLCC_X7R,leakage_ua,SIM_X7R_10N_50V,healthy_settling,healthy_settling,False,True,False,,,0.0410908514346,0.041028513845,False,False,False,0.12,synthetic,True
MLCC_UNSEEN_CONDITION_C001290,MLCC_UNSEEN_CONDITION_B007,MLCC_X7R,leakage_ua,SIM_X7R_10N_50V,tester_channel_fault,healthy_settling,False,False,True,,12,0.171911373408,0.0271418744066,False,True,False,0.12,synthetic,True
MLCC_UNSEEN_CONDITION_C001302,MLCC_UNSEEN_CONDITION_B007,MLCC_X7R,leakage_ua,SIM_X7R_10N_50V,ordinary_noise,ordinary_noise,False,True,False,,,0.042828898883,0.041897173773,False,False,False,0.12,synthetic,True
MLCC_UNSEEN_CONDITION_C001309,MLCC_UNSEEN_CONDITION_B007,MLCC_X7R,leakage_ua,SIM_X7R_10N_50V,tester_channel_fault,ordinary_noise,False,False,True,,12,0.186297329929,0.0371584211062,False,True,False,0.12,synthetic,True
MLCC_UNSEEN_CONDITION_C001320,MLCC_UNSEEN_CONDITION_B007,MLCC_X7R,leakage_ua,SIM_X7R_10N_50V,healthy_settling,healthy_settling,False,True,False,,,0.0202691245762,0.0208571246546,False,False,False,0.12,synthetic,True
MLCC_UNSEEN_CONDITION_C001333,MLCC_UNSEEN_CONDITION_B007,MLCC_X7R,leakage_ua,SIM_X7R_10N_50V,healthy_settling,healthy_settling,False,True,False,,,0.0503994038955,0.0477651432111,False,False,False,0.12,synthetic,True
MLCC_UNSEEN_CONDITION_C001338,MLCC_UNSEEN_CONDITION_B007,MLCC_X7R,leakage_ua,SIM_X7R_10N_50V,healthy_settling,healthy_settling,False,True,False,,,0.035850092849,0.0364384567968,False,False,False,0.12,synthetic,True
MLCC_UNSEEN_CONDITION_C001342,MLCC_UNSEEN_CONDITION_B007,MLCC_X7R,leakage_ua,SIM_X7R_10N_50V,moisture_associated_history,moisture_associated_history,True,False,False,48,,0.0615541906084,0.0633971217682,False,False,False,0.12,synthetic,True
MLCC_UNSEEN_CONDITION_C001356,MLCC_UNSEEN_CONDITION_B007,MLCC_X7R,leakage_ua,SIM_X7R_10N_50V,healthy_settling,healthy_settling,False,True,False,,,0.0259290124407,0.0259649410692,False,False,False,0.12,synthetic,True
MLCC_UNSEEN_CONDITION_C001360,MLCC_UNSEEN_CONDITION_B007,MLCC_X7R,leakage_ua,SIM_X7R_10N_50V,tester_channel_fault,healthy_settling,False,False,True,,12,0.174204387888,0.0296292455496,False,True,False,0.12,synthetic,True
MLCC_UNSEEN_CONDITION_C001369,MLCC_UNSEEN_CONDITION_B007,MLCC_X7R,leakage_ua,SIM_X7R_10N_50V,healthy_settling,healthy_settling,False,True,False,,,0.0311274754703,0.0316276036442,False,False,False,0.12,synthetic,True
MLCC_UNSEEN_CONDITION_C001387,MLCC_UNSEEN_CONDITION_B007,MLCC_X7R,leakage_ua,SIM_X7R_10N_50V,healthy_settling,healthy_settling,False,True,False,,,0.0248735636301,0.0240626856586,False,False,False,0.12,synthetic,True
MLCC_UNSEEN_CONDITION_C001408,MLCC_UNSEEN_CONDITION_B007,MLCC_X7R,leakage_ua,SIM_X7R_10N_50V,healthy_settling,healthy_settling,False,True,False,,,0.0304714229077,0.0307321888376,False,False,False,0.12,synthetic,True
MLCC_UNSEEN_CONDITION_C001412,MLCC_UNSEEN_CONDITION_B007,MLCC_X7R,leakage_ua,SIM_X7R_10N_50V,healthy_settling,healthy_settling,False,True,False,,,0.0186982486582,0.0189129436817,False,False,False,0.12,synthetic,True
MLCC_UNSEEN_CONDITION_C001416,MLCC_UNSEEN_CONDITION_B007,MLCC_X7R,leakage_ua,SIM_X7R_10N_50V,healthy_settling,healthy_settling,False,True,False,,,0.0234633456315,0.0237518632165,False,False,False,0.12,synthetic,True
MLCC_UNSEEN_CONDITION_C001418,MLCC_UNSEEN_CONDITION_B007,MLCC_X7R,leakage_ua,SIM_X7R_10N_50V,healthy_settling,healthy_settling,False,True,False,,,0.0261391122451,0.0258871588452,False,False,False,0.12,synthetic,True
MLCC_UNSEEN_CONDITION_C001420,MLCC_UNSEEN_CONDITION_B007,MLCC_X7R,leakage_ua,SIM_X7R_10N_50V,healthy_settling,healthy_settling,False,True,False,,,0.0291930141788,0.0293810768969,False,False,False,0.12,synthetic,True
MLCC_UNSEEN_CONDITION_C001439,MLCC_UNSEEN_CONDITION_B007,MLCC_X7R,leakage_ua,SIM_X7R_10N_50V,ordinary_noise,ordinary_noise,False,True,False,,,0.0216085739186,0.0220378101948,False,False,False,0.12,synthetic,True
MLCC_UNSEEN_CONDITION_C001473,MLCC_UNSEEN_CONDITION_B007,MLCC_X7R,leakage_ua,SIM_X7R_10N_50V,healthy_settling,healthy_settling,False,True,False,,,0.0186739309364,0.0184669823506,False,False,False,0.12,synthetic,True
MLCC_UNSEEN_CONDITION_C001519,MLCC_UNSEEN_CONDITION_B007,MLCC_X7R,leakage_ua,SIM_X7R_10N_50V,healthy_settling,healthy_settling,False,True,False,,,0.0324884339693,0.0325537888671,False,False,False,0.12,synthetic,True
MLCC_UNSEEN_CONDITION_C001546,MLCC_UNSEEN_CONDITION_B007,MLCC_X7R,leakage_ua,SIM_X7R_10N_50V,healthy_settling,healthy_settling,False,True,False,,,0.039254228404,0.0397777225414,False,False,False,0.12,synthetic,True
MLCC_UNSEEN_CONDITION_C001552,MLCC_UNSEEN_CONDITION_B007,MLCC_X7R,leakage_ua,SIM_X7R_10N_50V,healthy_settling,healthy_settling,False,True,False,,,0.0271077420821,0.02676421035,False,False,False,0.12,synthetic,True
MLCC_UNSEEN_CONDITION_C001561,MLCC_UNSEEN_CONDITION_B007,MLCC_X7R,leakage_ua,SIM_X7R_10N_50V,ordinary_noise,ordinary_noise,False,True,False,,,0.0346245259546,0.0311195240874,False,False,False,0.12,synthetic,True
MLCC_UNSEEN_CONDITION_C001602,MLCC_UNSEEN_CONDITION_B007,MLCC_X7R,leakage_ua,SIM_X7R_10N_50V,healthy_settling,healthy_settling,False,True,False,,,0.0244354111083,0.0250465721201,False,False,False,0.12,synthetic,True
MLCC_UNSEEN_CONDITION_C001660,MLCC_UNSEEN_CONDITION_B007,MLCC_X7R,leakage_ua,SIM_X7R_10N_50V,healthy_settling,healthy_settling,False,True,False,,,0.0359724662641,0.0361881414429,False,False,False,0.12,synthetic,True
MLCC_UNSEEN_CONDITION_C001663,MLCC_UNSEEN_CONDITION_B007,MLCC_X7R,leakage_ua,SIM_X7R_10N_50V,healthy_settling,healthy_settling,False,True,False,,,0.026250765628,0.0248782602312,False,False,False,0.12,synthetic,True
MLCC_UNSEEN_CONDITION_C001720,MLCC_UNSEEN_CONDITION_B007,MLCC_X7R,leakage_ua,SIM_X7R_10N_50V,healthy_settling,healthy_settling,False,True,False,,,0.0396711523654,0.040390577858,False,False,False,0.12,synthetic,True
MLCC_UNSEEN_CONDITION_C001725,MLCC_UNSEEN_CONDITION_B007,MLCC_X7R,leakage_ua,SIM_X7R_10N_50V,ordinary_noise,ordinary_noise,False,True,False,,,0.0249792573008,0.0247409801449,False,False,False,0.12,synthetic,True
MLCC_UNSEEN_CONDITION_C001749,MLCC_UNSEEN_CONDITION_B007,MLCC_X7R,leakage_ua,SIM_X7R_10N_50V,healthy_settling,healthy_settling,False,True,False,,,0.0341132657725,0.0337128762784,False,False,False,0.12,synthetic,True
MLCC_UNSEEN_CONDITION_C001792,MLCC_UNSEEN_CONDITION_B007,MLCC_X7R,leakage_ua,SIM_X7R_10N_50V,ordinary_noise,ordinary_noise,False,True,False,,,0.0265645569846,0.0289218420918,False,False,False,0.12,synthetic,True
MLCC_UNSEEN_CONDITION_C001843,MLCC_UNSEEN_CONDITION_B007,MLCC_X7R,leakage_ua,SIM_X7R_10N_50V,ordinary_noise,ordinary_noise,False,True,False,,,0.0481476566962,0.0454712644991,False,False,False,0.12,synthetic,True
MLCC_UNSEEN_CONDITION_C001861,MLCC_UNSEEN_CONDITION_B007,MLCC_X7R,leakage_ua,SIM_X7R_10N_50V,healthy_settling,healthy_settling,False,True,False,,,0.0416113953439,0.0405868464331,False,False,False,0.12,synthetic,True
MLCC_UNSEEN_CONDITION_C001880,MLCC_UNSEEN_CONDITION_B007,MLCC_X7R,leakage_ua,SIM_X7R_10N_50V,accelerating_drift,accelerating_drift,True,False,False,24,,0.0590997350258,0.0605591704582,False,False,False,0.12,synthetic,True
MLCC_UNSEEN_CONDITION_C001887,MLCC_UNSEEN_CONDITION_B007,MLCC_X7R,leakage_ua,SIM_X7R_10N_50V,healthy_settling,healthy_settling,False,True,False,,,0.0386530100732,0.0376790266372,False,False,False,0.12,synthetic,True
MLCC_UNSEEN_CONDITION_C001912,MLCC_UNSEEN_CONDITION_B007,MLCC_X7R,leakage_ua,SIM_X7R_10N_50V,healthy_settling,healthy_settling,False,True,False,,,0.0250734795531,0.0238692485352,False,False,False,0.12,synthetic,True
MLCC_UNSEEN_CONDITION_C001913,MLCC_UNSEEN_CONDITION_B007,MLCC_X7R,leakage_ua,SIM_X7R_10N_50V,healthy_settling,healthy_settling,False,True,False,,,0.0280766515866,0.0283485537223,False,False,False,0.12,synthetic,True
MLCC_UNSEEN_CONDITION_C001921,MLCC_UNSEEN_CONDITION_B007,MLCC_X7R,leakage_ua,SIM_X7R_10N_50V,intermittent_leakage,intermittent_leakage,True,False,True,6,12,0.177787331285,0.0347709911726,False,True,False,0.12,synthetic,True
MLCC_UNSEEN_CONDITION_C001960,MLCC_UNSEEN_CONDITION_B007,MLCC_X7R,leakage_ua,SIM_X7R_10N_50V,accelerating_drift,accelerating_drift,True,False,False,6,,0.136287285392,0.13180290206,True,True,True,0.12,synthetic,True
MLCC_UNSEEN_CONDITION_C001975,MLCC_UNSEEN_CONDITION_B007,MLCC_X7R,leakage_ua,SIM_X7R_10N_50V,healthy_settling,healthy_settling,False,True,False,,,0.0341749737905,0.0338741418202,False,False,False,0.12,synthetic,True
MLCC_UNSEEN_CONDITION_C000003,MLCC_UNSEEN_CONDITION_B008,MLCC_X7R,leakage_ua,SIM_X7R_1U_25V,accelerating_drift,accelerating_drift,True,False,False,24,,0.601303894165,0.603696063052,False,False,False,0.7,synthetic,True
MLCC_UNSEEN_CONDITION_C000006,MLCC_UNSEEN_CONDITION_B008,MLCC_X7R,leakage_ua,SIM_X7R_1U_25V,healthy_settling,healthy_settling,False,True,False,,,0.118907370675,0.12042734287,False,False,False,0.7,synthetic,True
MLCC_UNSEEN_CONDITION_C000022,MLCC_UNSEEN_CONDITION_B008,MLCC_X7R,leakage_ua,SIM_X7R_1U_25V,healthy_settling,healthy_settling,False,True,False,,,0.186814616753,0.186921257658,False,False,False,0.7,synthetic,True
MLCC_UNSEEN_CONDITION_C000078,MLCC_UNSEEN_CONDITION_B008,MLCC_X7R,leakage_ua,SIM_X7R_1U_25V,healthy_settling,healthy_settling,False,True,False,,,0.164710124091,0.160948983963,False,False,False,0.7,synthetic,True
MLCC_UNSEEN_CONDITION_C000082,MLCC_UNSEEN_CONDITION_B008,MLCC_X7R,leakage_ua,SIM_X7R_1U_25V,ordinary_noise,ordinary_noise,False,True,False,,,0.110089527736,0.103792841726,False,False,False,0.7,synthetic,True
MLCC_UNSEEN_CONDITION_C000083,MLCC_UNSEEN_CONDITION_B008,MLCC_X7R,leakage_ua,SIM_X7R_1U_25V,late_abrupt_onset,late_abrupt_onset,True,False,False,96,,0.297310181243,0.279735807069,False,False,False,0.7,synthetic,True
MLCC_UNSEEN_CONDITION_C000134,MLCC_UNSEEN_CONDITION_B008,MLCC_X7R,leakage_ua,SIM_X7R_1U_25V,healthy_settling,healthy_settling,False,True,False,,,0.106977209127,0.108731235734,False,False,False,0.7,synthetic,True
MLCC_UNSEEN_CONDITION_C000152,MLCC_UNSEEN_CONDITION_B008,MLCC_X7R,leakage_ua,SIM_X7R_1U_25V,healthy_settling,healthy_settling,False,True,False,,,0.12747526494,0.129256984854,False,False,False,0.7,synthetic,True
MLCC_UNSEEN_CONDITION_C000180,MLCC_UNSEEN_CONDITION_B008,MLCC_X7R,leakage_ua,SIM_X7R_1U_25V,healthy_settling,healthy_settling,False,True,False,,,0.087685857124,0.0944545066499,False,False,False,0.7,synthetic,True
MLCC_UNSEEN_CONDITION_C000205,MLCC_UNSEEN_CONDITION_B008,MLCC_X7R,leakage_ua,SIM_X7R_1U_25V,healthy_settling,healthy_settling,False,True,False,,,0.0907748068913,0.0917514321305,False,False,False,0.7,synthetic,True
MLCC_UNSEEN_CONDITION_C000216,MLCC_UNSEEN_CONDITION_B008,MLCC_X7R,leakage_ua,SIM_X7R_1U_25V,healthy_settling,healthy_settling,False,True,False,,,0.0970626169232,0.0965359087105,False,False,False,0.7,synthetic,True
MLCC_UNSEEN_CONDITION_C000241,MLCC_UNSEEN_CONDITION_B008,MLCC_X7R,leakage_ua,SIM_X7R_1U_25V,healthy_settling,healthy_settling,False,True,False,,,0.129805713446,0.13598835073,False,False,False,0.7,synthetic,True
MLCC_UNSEEN_CONDITION_C000255,MLCC_UNSEEN_CONDITION_B008,MLCC_X7R,leakage_ua,SIM_X7R_1U_25V,healthy_settling,healthy_settling,False,True,False,,,0.122371739309,0.115316662086,False,False,False,0.7,synthetic,True
MLCC_UNSEEN_CONDITION_C000258,MLCC_UNSEEN_CONDITION_B008,MLCC_X7R,leakage_ua,SIM_X7R_1U_25V,late_abrupt_onset,late_abrupt_onset,True,False,False,96,,0.774914838567,0.771378942092,True,True,True,0.7,synthetic,True
MLCC_UNSEEN_CONDITION_C000280,MLCC_UNSEEN_CONDITION_B008,MLCC_X7R,leakage_ua,SIM_X7R_1U_25V,healthy_settling,healthy_settling,False,True,False,,,0.114809410019,0.115821706807,False,False,False,0.7,synthetic,True
MLCC_UNSEEN_CONDITION_C000292,MLCC_UNSEEN_CONDITION_B008,MLCC_X7R,leakage_ua,SIM_X7R_1U_25V,ordinary_noise,ordinary_noise,False,True,False,,,0.136147781627,0.119542564161,False,False,False,0.7,synthetic,True
MLCC_UNSEEN_CONDITION_C000295,MLCC_UNSEEN_CONDITION_B008,MLCC_X7R,leakage_ua,SIM_X7R_1U_25V,ordinary_noise,ordinary_noise,False,True,False,,,0.0847839147546,0.0861779640366,False,False,False,0.7,synthetic,True
MLCC_UNSEEN_CONDITION_C000300,MLCC_UNSEEN_CONDITION_B008,MLCC_X7R,leakage_ua,SIM_X7R_1U_25V,accelerating_drift,accelerating_drift,True,False,False,6,,0.582503036885,0.584091827553,False,False,False,0.7,synthetic,True
MLCC_UNSEEN_CONDITION_C000335,MLCC_UNSEEN_CONDITION_B008,MLCC_X7R,leakage_ua,SIM_X7R_1U_25V,accelerating_drift,accelerating_drift,True,False,False,24,,2.01391460533,2.00617908961,True,True,True,0.7,synthetic,True
MLCC_UNSEEN_CONDITION_C000342,MLCC_UNSEEN_CONDITION_B008,MLCC_X7R,leakage_ua,SIM_X7R_1U_25V,healthy_settling,healthy_settling,False,True,False,,,0.0869097582705,0.0899904429437,False,False,False,0.7,synthetic,True
MLCC_UNSEEN_CONDITION_C000368,MLCC_UNSEEN_CONDITION_B008,MLCC_X7R,leakage_ua,SIM_X7R_1U_25V,accelerating_drift,accelerating_drift,True,False,False,24,,0.322540801444,0.326850891383,False,False,False,0.7,synthetic,True
MLCC_UNSEEN_CONDITION_C000400,MLCC_UNSEEN_CONDITION_B008,MLCC_X7R,leakage_ua,SIM_X7R_1U_25V,healthy_settling,healthy_settling,False,True,False,,,0.155751597411,0.151505471248,False,False,False,0.7,synthetic,True
MLCC_UNSEEN_CONDITION_C000401,MLCC_UNSEEN_CONDITION_B008,MLCC_X7R,leakage_ua,SIM_X7R_1U_25V,late_abrupt_onset,late_abrupt_onset,True,False,False,96,,0.534974721246,0.520897656785,False,False,False,0.7,synthetic,True
MLCC_UNSEEN_CONDITION_C000405,MLCC_UNSEEN_CONDITION_B008,MLCC_X7R,leakage_ua,SIM_X7R_1U_25V,healthy_settling,healthy_settling,False,True,False,,,0.121059236563,0.122920964368,False,False,False,0.7,synthetic,True
MLCC_UNSEEN_CONDITION_C000472,MLCC_UNSEEN_CONDITION_B008,MLCC_X7R,leakage_ua,SIM_X7R_1U_25V,gradual_drift,gradual_drift,True,False,False,12,,0.838349320104,0.791077342317,True,True,True,0.7,synthetic,True
MLCC_UNSEEN_CONDITION_C000476,MLCC_UNSEEN_CONDITION_B008,MLCC_X7R,leakage_ua,SIM_X7R_1U_25V,healthy_settling,healthy_settling,False,True,False,,,0.161963128626,0.158390693916,False,False,False,0.7,synthetic,True
MLCC_UNSEEN_CONDITION_C000479,MLCC_UNSEEN_CONDITION_B008,MLCC_X7R,leakage_ua,SIM_X7R_1U_25V,healthy_settling,healthy_settling,False,True,False,,,0.137650384647,0.139958556408,False,False,False,0.7,synthetic,True
MLCC_UNSEEN_CONDITION_C000513,MLCC_UNSEEN_CONDITION_B008,MLCC_X7R,leakage_ua,SIM_X7R_1U_25V,ordinary_noise,ordinary_noise,False,True,False,,,0.114036460628,0.115613098296,False,False,False,0.7,synthetic,True
MLCC_UNSEEN_CONDITION_C000517,MLCC_UNSEEN_CONDITION_B008,MLCC_X7R,leakage_ua,SIM_X7R_1U_25V,ordinary_noise,ordinary_noise,False,True,False,,,0.128519020148,0.140290467255,False,False,False,0.7,synthetic,True
MLCC_UNSEEN_CONDITION_C000529,MLCC_UNSEEN_CONDITION_B008,MLCC_X7R,leakage_ua,SIM_X7R_1U_25V,healthy_settling,healthy_settling,False,True,False,,,0.140388681121,0.140310229462,False,False,False,0.7,synthetic,True
MLCC_UNSEEN_CONDITION_C000572,MLCC_UNSEEN_CONDITION_B008,MLCC_X7R,leakage_ua,SIM_X7R_1U_25V,late_abrupt_onset,late_abrupt_onset,True,False,False,96,,0.14815682468,0.152840459533,False,False,False,0.7,synthetic,True
MLCC_UNSEEN_CONDITION_C000601,MLCC_UNSEEN_CONDITION_B008,MLCC_X7R,leakage_ua,SIM_X7R_1U_25V,ordinary_noise,ordinary_noise,False,True,False,,,0.0829707646369,0.0903777558596,False,False,False,0.7,synthetic,True
MLCC_UNSEEN_CONDITION_C000636,MLCC_UNSEEN_CONDITION_B008,MLCC_X7R,leakage_ua,SIM_X7R_1U_25V,healthy_settling,healthy_settling,False,True,False,,,0.129344068321,0.130145631841,False,False,False,0.7,synthetic,True
MLCC_UNSEEN_CONDITION_C000659,MLCC_UNSEEN_CONDITION_B008,MLCC_X7R,leakage_ua,SIM_X7R_1U_25V,healthy_settling,healthy_settling,False,True,False,,,0.0845480268404,0.0813310153537,False,False,False,0.7,synthetic,True
MLCC_UNSEEN_CONDITION_C000724,MLCC_UNSEEN_CONDITION_B008,MLCC_X7R,leakage_ua,SIM_X7R_1U_25V,healthy_settling,healthy_settling,False,True,False,,,0.0621108690869,0.061527100664,False,False,False,0.7,synthetic,True
MLCC_UNSEEN_CONDITION_C000726,MLCC_UNSEEN_CONDITION_B008,MLCC_X7R,leakage_ua,SIM_X7R_1U_25V,moisture_associated_history,moisture_associated_history,True,False,False,6,,0.303229816414,0.29514602557,False,False,False,0.7,synthetic,True
MLCC_UNSEEN_CONDITION_C000737,MLCC_UNSEEN_CONDITION_B008,MLCC_X7R,leakage_ua,SIM_X7R_1U_25V,ordinary_noise,ordinary_noise,False,True,False,,,0.110022234745,0.0891767922914,False,False,False,0.7,synthetic,True
MLCC_UNSEEN_CONDITION_C000764,MLCC_UNSEEN_CONDITION_B008,MLCC_X7R,leakage_ua,SIM_X7R_1U_25V,accelerating_drift,accelerating_drift,True,False,False,0,,0.358975058428,0.345105086,False,False,False,0.7,synthetic,True
MLCC_UNSEEN_CONDITION_C000775,MLCC_UNSEEN_CONDITION_B008,MLCC_X7R,leakage_ua,SIM_X7R_1U_25V,ordinary_noise,ordinary_noise,False,True,False,,,0.091052261427,0.0946139291056,False,False,False,0.7,synthetic,True
MLCC_UNSEEN_CONDITION_C000777,MLCC_UNSEEN_CONDITION_B008,MLCC_X7R,leakage_ua,SIM_X7R_1U_25V,healthy_settling,healthy_settling,False,True,False,,,0.159675368765,0.166876631321,False,False,False,0.7,synthetic,True
MLCC_UNSEEN_CONDITION_C000779,MLCC_UNSEEN_CONDITION_B008,MLCC_X7R,leakage_ua,SIM_X7R_1U_25V,healthy_settling,healthy_settling,False,True,False,,,0.127835423392,0.134242836991,False,False,False,0.7,synthetic,True
MLCC_UNSEEN_CONDITION_C000797,MLCC_UNSEEN_CONDITION_B008,MLCC_X7R,leakage_ua,SIM_X7R_1U_25V,healthy_settling,healthy_settling,False,True,False,,,0.174030680452,0.171451917356,False,False,False,0.7,synthetic,True
MLCC_UNSEEN_CONDITION_C000858,MLCC_UNSEEN_CONDITION_B008,MLCC_X7R,leakage_ua,SIM_X7R_1U_25V,accelerating_drift,accelerating_drift,True,False,False,12,,0.363141227758,0.360926787048,False,False,False,0.7,synthetic,True
MLCC_UNSEEN_CONDITION_C000885,MLCC_UNSEEN_CONDITION_B008,MLCC_X7R,leakage_ua,SIM_X7R_1U_25V,healthy_settling,healthy_settling,False,True,False,,,0.137914855281,0.146899649468,False,False,False,0.7,synthetic,True
MLCC_UNSEEN_CONDITION_C000907,MLCC_UNSEEN_CONDITION_B008,MLCC_X7R,leakage_ua,SIM_X7R_1U_25V,healthy_settling,healthy_settling,False,True,False,,,0.108447000025,0.109728423529,False,False,False,0.7,synthetic,True
MLCC_UNSEEN_CONDITION_C000910,MLCC_UNSEEN_CONDITION_B008,MLCC_X7R,leakage_ua,SIM_X7R_1U_25V,moisture_associated_history,moisture_associated_history,True,False,False,0,,0.284986558734,0.288355948637,False,False,False,0.7,synthetic,True
MLCC_UNSEEN_CONDITION_C000930,MLCC_UNSEEN_CONDITION_B008,MLCC_X7R,leakage_ua,SIM_X7R_1U_25V,healthy_settling,healthy_settling,False,True,False,,,0.154648419103,0.155372537365,False,False,False,0.7,synthetic,True
MLCC_UNSEEN_CONDITION_C000949,MLCC_UNSEEN_CONDITION_B008,MLCC_X7R,leakage_ua,SIM_X7R_1U_25V,ordinary_noise,ordinary_noise,False,True,False,,,0.0884037034695,0.112468479093,False,False,False,0.7,synthetic,True
MLCC_UNSEEN_CONDITION_C000953,MLCC_UNSEEN_CONDITION_B008,MLCC_X7R,leakage_ua,SIM_X7R_1U_25V,ordinary_noise,ordinary_noise,False,True,False,,,0.0691143818962,0.0739725985414,False,False,False,0.7,synthetic,True
MLCC_UNSEEN_CONDITION_C000960,MLCC_UNSEEN_CONDITION_B008,MLCC_X7R,leakage_ua,SIM_X7R_1U_25V,intermittent_leakage,intermittent_leakage,True,False,False,48,,0.170810335107,0.167047027477,False,False,False,0.7,synthetic,True
MLCC_UNSEEN_CONDITION_C000961,MLCC_UNSEEN_CONDITION_B008,MLCC_X7R,leakage_ua,SIM_X7R_1U_25V,ordinary_noise,ordinary_noise,False,True,False,,,0.105304237865,0.107683713698,False,False,False,0.7,synthetic,True
MLCC_UNSEEN_CONDITION_C000977,MLCC_UNSEEN_CONDITION_B008,MLCC_X7R,leakage_ua,SIM_X7R_1U_25V,healthy_settling,healthy_settling,False,True,False,,,0.0897025749212,0.0907587889081,False,False,False,0.7,synthetic,True
MLCC_UNSEEN_CONDITION_C000989,MLCC_UNSEEN_CONDITION_B008,MLCC_X7R,leakage_ua,SIM_X7R_1U_25V,healthy_settling,healthy_settling,False,True,False,,,0.0904199837096,0.0908022563708,False,False,False,0.7,synthetic,True
MLCC_UNSEEN_CONDITION_C001000,MLCC_UNSEEN_CONDITION_B008,MLCC_X7R,leakage_ua,SIM_X7R_1U_25V,ordinary_noise,ordinary_noise,False,True,False,,,0.133841706538,0.129575812753,False,False,False,0.7,synthetic,True
MLCC_UNSEEN_CONDITION_C001017,MLCC_UNSEEN_CONDITION_B008,MLCC_X7R,leakage_ua,SIM_X7R_1U_25V,healthy_settling,healthy_settling,False,True,False,,,0.0990216624918,0.094704238471,False,False,False,0.7,synthetic,True
MLCC_UNSEEN_CONDITION_C001036,MLCC_UNSEEN_CONDITION_B008,MLCC_X7R,leakage_ua,SIM_X7R_1U_25V,ordinary_noise,ordinary_noise,False,True,False,,,0.179990520738,0.151551682003,False,False,False,0.7,synthetic,True
MLCC_UNSEEN_CONDITION_C001081,MLCC_UNSEEN_CONDITION_B008,MLCC_X7R,leakage_ua,SIM_X7R_1U_25V,healthy_settling,healthy_settling,False,True,False,,,0.132253842903,0.133369657483,False,False,False,0.7,synthetic,True
MLCC_UNSEEN_CONDITION_C001151,MLCC_UNSEEN_CONDITION_B008,MLCC_X7R,leakage_ua,SIM_X7R_1U_25V,ordinary_noise,ordinary_noise,False,True,False,,,0.127601638423,0.124548932272,False,False,False,0.7,synthetic,True
MLCC_UNSEEN_CONDITION_C001167,MLCC_UNSEEN_CONDITION_B008,MLCC_X7R,leakage_ua,SIM_X7R_1U_25V,moisture_associated_history,moisture_associated_history,True,False,False,24,,0.364594486436,0.359070000688,False,False,False,0.7,synthetic,True
MLCC_UNSEEN_CONDITION_C001186,MLCC_UNSEEN_CONDITION_B008,MLCC_X7R,leakage_ua,SIM_X7R_1U_25V,ordinary_noise,ordinary_noise,False,True,False,,,0.103993605651,0.114129840726,False,False,False,0.7,synthetic,True
MLCC_UNSEEN_CONDITION_C001197,MLCC_UNSEEN_CONDITION_B008,MLCC_X7R,leakage_ua,SIM_X7R_1U_25V,healthy_settling,healthy_settling,False,True,False,,,0.197707195523,0.197035875208,False,False,False,0.7,synthetic,True
MLCC_UNSEEN_CONDITION_C001220,MLCC_UNSEEN_CONDITION_B008,MLCC_X7R,leakage_ua,SIM_X7R_1U_25V,healthy_settling,healthy_settling,False,True,False,,,0.171193263615,0.173752027874,False,False,False,0.7,synthetic,True
MLCC_UNSEEN_CONDITION_C001222,MLCC_UNSEEN_CONDITION_B008,MLCC_X7R,leakage_ua,SIM_X7R_1U_25V,healthy_settling,healthy_settling,False,True,False,,,0.131645037594,0.130996834215,False,False,False,0.7,synthetic,True
MLCC_UNSEEN_CONDITION_C001259,MLCC_UNSEEN_CONDITION_B008,MLCC_X7R,leakage_ua,SIM_X7R_1U_25V,healthy_settling,healthy_settling,False,True,False,,,0.160815052521,0.158190628314,False,False,False,0.7,synthetic,True
MLCC_UNSEEN_CONDITION_C001260,MLCC_UNSEEN_CONDITION_B008,MLCC_X7R,leakage_ua,SIM_X7R_1U_25V,ordinary_noise,ordinary_noise,False,True,False,,,0.12309518901,0.113569378762,False,False,False,0.7,synthetic,True
MLCC_UNSEEN_CONDITION_C001317,MLCC_UNSEEN_CONDITION_B008,MLCC_X7R,leakage_ua,SIM_X7R_1U_25V,ordinary_noise,ordinary_noise,False,True,False,,,0.0969600561989,0.121372491022,False,False,False,0.7,synthetic,True
MLCC_UNSEEN_CONDITION_C001352,MLCC_UNSEEN_CONDITION_B008,MLCC_X7R,leakage_ua,SIM_X7R_1U_25V,ordinary_noise,ordinary_noise,False,True,False,,,0.113096649222,0.103060912685,False,False,False,0.7,synthetic,True
MLCC_UNSEEN_CONDITION_C001397,MLCC_UNSEEN_CONDITION_B008,MLCC_X7R,leakage_ua,SIM_X7R_1U_25V,ordinary_noise,ordinary_noise,False,True,False,,,0.0907635757607,0.0807779690478,False,False,False,0.7,synthetic,True
MLCC_UNSEEN_CONDITION_C001411,MLCC_UNSEEN_CONDITION_B008,MLCC_X7R,leakage_ua,SIM_X7R_1U_25V,healthy_settling,healthy_settling,False,True,False,,,0.169416298113,0.165016685653,False,False,False,0.7,synthetic,True
MLCC_UNSEEN_CONDITION_C001461,MLCC_UNSEEN_CONDITION_B008,MLCC_X7R,leakage_ua,SIM_X7R_1U_25V,intermittent_leakage,intermittent_leakage,True,False,False,12,,0.179678277268,0.180110649671,False,False,False,0.7,synthetic,True
MLCC_UNSEEN_CONDITION_C001471,MLCC_UNSEEN_CONDITION_B008,MLCC_X7R,leakage_ua,SIM_X7R_1U_25V,healthy_settling,healthy_settling,False,True,False,,,0.0648408907886,0.0663648616438,False,False,False,0.7,synthetic,True
MLCC_UNSEEN_CONDITION_C001489,MLCC_UNSEEN_CONDITION_B008,MLCC_X7R,leakage_ua,SIM_X7R_1U_25V,healthy_settling,healthy_settling,False,True,False,,,0.21528992085,0.204493416316,False,False,False,0.7,synthetic,True
MLCC_UNSEEN_CONDITION_C001505,MLCC_UNSEEN_CONDITION_B008,MLCC_X7R,leakage_ua,SIM_X7R_1U_25V,healthy_settling,healthy_settling,False,True,False,,,0.089580305286,0.0885665434976,False,False,False,0.7,synthetic,True
MLCC_UNSEEN_CONDITION_C001508,MLCC_UNSEEN_CONDITION_B008,MLCC_X7R,leakage_ua,SIM_X7R_1U_25V,gradual_drift,gradual_drift,True,False,False,6,,0.280996538251,0.288785616451,False,False,False,0.7,synthetic,True
MLCC_UNSEEN_CONDITION_C001511,MLCC_UNSEEN_CONDITION_B008,MLCC_X7R,leakage_ua,SIM_X7R_1U_25V,healthy_settling,healthy_settling,False,True,False,,,0.0994310876905,0.0993528353771,False,False,False,0.7,synthetic,True
MLCC_UNSEEN_CONDITION_C001516,MLCC_UNSEEN_CONDITION_B008,MLCC_X7R,leakage_ua,SIM_X7R_1U_25V,ordinary_noise,ordinary_noise,False,True,False,,,0.134976767059,0.127744097771,False,False,False,0.7,synthetic,True
MLCC_UNSEEN_CONDITION_C001536,MLCC_UNSEEN_CONDITION_B008,MLCC_X7R,leakage_ua,SIM_X7R_1U_25V,healthy_settling,healthy_settling,False,True,False,,,0.0647422665816,0.0658479123636,False,False,False,0.7,synthetic,True
MLCC_UNSEEN_CONDITION_C001555,MLCC_UNSEEN_CONDITION_B008,MLCC_X7R,leakage_ua,SIM_X7R_1U_25V,ordinary_noise,ordinary_noise,False,True,False,,,0.148645231026,0.145940930457,False,False,False,0.7,synthetic,True
MLCC_UNSEEN_CONDITION_C001570,MLCC_UNSEEN_CONDITION_B008,MLCC_X7R,leakage_ua,SIM_X7R_1U_25V,accelerating_drift,accelerating_drift,True,False,False,0,,1.06287089425,1.05301105335,True,True,True,0.7,synthetic,True
MLCC_UNSEEN_CONDITION_C001599,MLCC_UNSEEN_CONDITION_B008,MLCC_X7R,leakage_ua,SIM_X7R_1U_25V,accelerating_drift,accelerating_drift,True,False,False,24,,0.203668416424,0.196576019084,False,False,False,0.7,synthetic,True
MLCC_UNSEEN_CONDITION_C001640,MLCC_UNSEEN_CONDITION_B008,MLCC_X7R,leakage_ua,SIM_X7R_1U_25V,healthy_settling,healthy_settling,False,True,False,,,0.107430401591,0.104649381929,False,False,False,0.7,synthetic,True
MLCC_UNSEEN_CONDITION_C001649,MLCC_UNSEEN_CONDITION_B008,MLCC_X7R,leakage_ua,SIM_X7R_1U_25V,ordinary_noise,ordinary_noise,False,True,False,,,0.267925544292,0.205807829831,False,False,False,0.7,synthetic,True
MLCC_UNSEEN_CONDITION_C001652,MLCC_UNSEEN_CONDITION_B008,MLCC_X7R,leakage_ua,SIM_X7R_1U_25V,ordinary_noise,ordinary_noise,False,True,False,,,0.0766524926766,0.0623209242154,False,False,False,0.7,synthetic,True
MLCC_UNSEEN_CONDITION_C001665,MLCC_UNSEEN_CONDITION_B008,MLCC_X7R,leakage_ua,SIM_X7R_1U_25V,ordinary_noise,ordinary_noise,False,True,False,,,0.156989116646,0.152951631296,False,False,False,0.7,synthetic,True
MLCC_UNSEEN_CONDITION_C001708,MLCC_UNSEEN_CONDITION_B008,MLCC_X7R,leakage_ua,SIM_X7R_1U_25V,healthy_settling,healthy_settling,False,True,False,,,0.154168169767,0.151043507187,False,False,False,0.7,synthetic,True
MLCC_UNSEEN_CONDITION_C001733,MLCC_UNSEEN_CONDITION_B008,MLCC_X7R,leakage_ua,SIM_X7R_1U_25V,healthy_settling,healthy_settling,False,True,False,,,0.151239873814,0.156597475525,False,False,False,0.7,synthetic,True
MLCC_UNSEEN_CONDITION_C001795,MLCC_UNSEEN_CONDITION_B008,MLCC_X7R,leakage_ua,SIM_X7R_1U_25V,healthy_settling,healthy_settling,False,True,False,,,0.0916116821684,0.0932496990604,False,False,False,0.7,synthetic,True
MLCC_UNSEEN_CONDITION_C001831,MLCC_UNSEEN_CONDITION_B008,MLCC_X7R,leakage_ua,SIM_X7R_1U_25V,accelerating_drift,accelerating_drift,True,False,False,24,,0.193616007471,0.200271239256,False,False,False,0.7,synthetic,True
MLCC_UNSEEN_CONDITION_C001835,MLCC_UNSEEN_CONDITION_B008,MLCC_X7R,leakage_ua,SIM_X7R_1U_25V,gradual_drift,gradual_drift,True,False,False,0,,0.629264672547,0.635400823209,False,False,False,0.7,synthetic,True
MLCC_UNSEEN_CONDITION_C001839,MLCC_UNSEEN_CONDITION_B008,MLCC_X7R,leakage_ua,SIM_X7R_1U_25V,healthy_settling,healthy_settling,False,True,False,,,0.105767824575,0.0994717793408,False,False,False,0.7,synthetic,True
MLCC_UNSEEN_CONDITION_C001849,MLCC_UNSEEN_CONDITION_B008,MLCC_X7R,leakage_ua,SIM_X7R_1U_25V,healthy_settling,healthy_settling,False,True,False,,,0.149995996633,0.147973245357,False,False,False,0.7,synthetic,True
MLCC_UNSEEN_CONDITION_C001854,MLCC_UNSEEN_CONDITION_B008,MLCC_X7R,leakage_ua,SIM_X7R_1U_25V,late_abrupt_onset,late_abrupt_onset,True,False,False,96,,0.245628577793,0.249790578394,False,False,False,0.7,synthetic,True
MLCC_UNSEEN_CONDITION_C001869,MLCC_UNSEEN_CONDITION_B008,MLCC_X7R,leakage_ua,SIM_X7R_1U_25V,healthy_settling,healthy_settling,False,True,False,,,0.130565008277,0.134052963703,False,False,False,0.7,synthetic,True
MLCC_UNSEEN_CONDITION_C001879,MLCC_UNSEEN_CONDITION_B008,MLCC_X7R,leakage_ua,SIM_X7R_1U_25V,ordinary_noise,ordinary_noise,False,True,False,,,0.0946367283927,0.102071669855,False,False,False,0.7,synthetic,True
MLCC_UNSEEN_CONDITION_C001890,MLCC_UNSEEN_CONDITION_B008,MLCC_X7R,leakage_ua,SIM_X7R_1U_25V,ordinary_noise,ordinary_noise,False,True,False,,,0.094150917791,0.0869932941076,False,False,False,0.7,synthetic,True
MLCC_UNSEEN_CONDITION_C001891,MLCC_UNSEEN_CONDITION_B008,MLCC_X7R,leakage_ua,SIM_X7R_1U_25V,healthy_settling,healthy_settling,False,True,False,,,0.0754465842493,0.0793189968882,False,False,False,0.7,synthetic,True
MLCC_UNSEEN_CONDITION_C001896,MLCC_UNSEEN_CONDITION_B008,MLCC_X7R,leakage_ua,SIM_X7R_1U_25V,healthy_settling,healthy_settling,False,True,False,,,0.0912353706764,0.0916162188457,False,False,False,0.7,synthetic,True
MLCC_UNSEEN_CONDITION_C001902,MLCC_UNSEEN_CONDITION_B008,MLCC_X7R,leakage_ua,SIM_X7R_1U_25V,gradual_drift,gradual_drift,True,False,False,12,,1.44003523165,1.44964853044,True,True,True,0.7,synthetic,True
MLCC_UNSEEN_CONDITION_C001920,MLCC_UNSEEN_CONDITION_B008,MLCC_X7R,leakage_ua,SIM_X7R_1U_25V,ordinary_noise,ordinary_noise,False,True,False,,,0.0914818090125,0.0907025375584,False,False,False,0.7,synthetic,True
MLCC_UNSEEN_CONDITION_C001926,MLCC_UNSEEN_CONDITION_B008,MLCC_X7R,leakage_ua,SIM_X7R_1U_25V,healthy_settling,healthy_settling,False,True,False,,,0.0839496328268,0.0855373601706,False,False,False,0.7,synthetic,True
MLCC_UNSEEN_CONDITION_C000005,MLCC_UNSEEN_CONDITION_B009,MLCC_X7R,leakage_ua,SIM_X7R_4U7_16V,ordinary_noise,ordinary_noise,False,True,False,,,0.36319756846,0.345252980649,False,False,False,1.3,synthetic,True
MLCC_UNSEEN_CONDITION_C000101,MLCC_UNSEEN_CONDITION_B009,MLCC_X7R,leakage_ua,SIM_X7R_4U7_16V,healthy_settling,healthy_settling,False,True,False,,,0.337366352648,0.33228085518,False,False,False,1.3,synthetic,True
MLCC_UNSEEN_CONDITION_C000109,MLCC_UNSEEN_CONDITION_B009,MLCC_X7R,leakage_ua,SIM_X7R_4U7_16V,healthy_settling,healthy_settling,False,True,False,,,0.187144837529,0.18337624008,False,False,False,1.3,synthetic,True
MLCC_UNSEEN_CONDITION_C000114,MLCC_UNSEEN_CONDITION_B009,MLCC_X7R,leakage_ua,SIM_X7R_4U7_16V,ordinary_noise,ordinary_noise,False,True,False,,,0.257503781148,0.262936219185,False,False,False,1.3,synthetic,True
MLCC_UNSEEN_CONDITION_C000117,MLCC_UNSEEN_CONDITION_B009,MLCC_X7R,leakage_ua,SIM_X7R_4U7_16V,accelerating_drift,accelerating_drift,True,False,False,0,,1.26264189052,1.28088875889,False,False,False,1.3,synthetic,True
MLCC_UNSEEN_CONDITION_C000124,MLCC_UNSEEN_CONDITION_B009,MLCC_X7R,leakage_ua,SIM_X7R_4U7_16V,late_abrupt_onset,late_abrupt_onset,True,False,False,96,,1.55314074177,1.56809474227,True,True,True,1.3,synthetic,True
MLCC_UNSEEN_CONDITION_C000131,MLCC_UNSEEN_CONDITION_B009,MLCC_X7R,leakage_ua,SIM_X7R_4U7_16V,healthy_settling,healthy_settling,False,True,False,,,0.250840588947,0.245354178592,False,False,False,1.3,synthetic,True
MLCC_UNSEEN_CONDITION_C000137,MLCC_UNSEEN_CONDITION_B009,MLCC_X7R,leakage_ua,SIM_X7R_4U7_16V,healthy_settling,healthy_settling,False,True,False,,,0.608309773499,0.619228163758,False,False,False,1.3,synthetic,True
MLCC_UNSEEN_CONDITION_C000140,MLCC_UNSEEN_CONDITION_B009,MLCC_X7R,leakage_ua,SIM_X7R_4U7_16V,accelerating_drift,accelerating_drift,True,False,False,12,,1.11229745375,1.11280132808,False,False,False,1.3,synthetic,True
MLCC_UNSEEN_CONDITION_C000150,MLCC_UNSEEN_CONDITION_B009,MLCC_X7R,leakage_ua,SIM_X7R_4U7_16V,healthy_settling,healthy_settling,False,True,False,,,0.322333336979,0.320587041541,False,False,False,1.3,synthetic,True
MLCC_UNSEEN_CONDITION_C000187,MLCC_UNSEEN_CONDITION_B009,MLCC_X7R,leakage_ua,SIM_X7R_4U7_16V,accelerating_drift,accelerating_drift,True,False,False,12,,1.8680108452,1.86940330081,True,True,True,1.3,synthetic,True
MLCC_UNSEEN_CONDITION_C000191,MLCC_UNSEEN_CONDITION_B009,MLCC_X7R,leakage_ua,SIM_X7R_4U7_16V,moisture_associated_history,moisture_associated_history,True,False,False,0,,0.807685683182,0.816465288352,False,False,False,1.3,synthetic,True
MLCC_UNSEEN_CONDITION_C000195,MLCC_UNSEEN_CONDITION_B009,MLCC_X7R,leakage_ua,SIM_X7R_4U7_16V,healthy_settling,healthy_settling,False,True,False,,,0.294755356515,0.288956913801,False,False,False,1.3,synthetic,True
MLCC_UNSEEN_CONDITION_C000231,MLCC_UNSEEN_CONDITION_B009,MLCC_X7R,leakage_ua,SIM_X7R_4U7_16V,healthy_settling,healthy_settling,False,True,False,,,0.219265531065,0.218015448867,False,False,False,1.3,synthetic,True
MLCC_UNSEEN_CONDITION_C000267,MLCC_UNSEEN_CONDITION_B009,MLCC_X7R,leakage_ua,SIM_X7R_4U7_16V,healthy_settling,healthy_settling,False,True,False,,,0.252016394834,0.252294347264,False,False,False,1.3,synthetic,True
MLCC_UNSEEN_CONDITION_C000269,MLCC_UNSEEN_CONDITION_B009,MLCC_X7R,leakage_ua,SIM_X7R_4U7_16V,healthy_settling,healthy_settling,False,True,False,,,0.265072976213,0.276585105325,False,False,False,1.3,synthetic,True
MLCC_UNSEEN_CONDITION_C000303,MLCC_UNSEEN_CONDITION_B009,MLCC_X7R,leakage_ua,SIM_X7R_4U7_16V,healthy_settling,healthy_settling,False,True,False,,,0.247724504331,0.24866376006,False,False,False,1.3,synthetic,True
MLCC_UNSEEN_CONDITION_C000340,MLCC_UNSEEN_CONDITION_B009,MLCC_X7R,leakage_ua,SIM_X7R_4U7_16V,healthy_settling,healthy_settling,False,True,False,,,0.350621853646,0.351917362531,False,False,False,1.3,synthetic,True
MLCC_UNSEEN_CONDITION_C000384,MLCC_UNSEEN_CONDITION_B009,MLCC_X7R,leakage_ua,SIM_X7R_4U7_16V,healthy_settling,healthy_settling,False,True,False,,,0.420562449084,0.403842685679,False,False,False,1.3,synthetic,True
MLCC_UNSEEN_CONDITION_C000390,MLCC_UNSEEN_CONDITION_B009,MLCC_X7R,leakage_ua,SIM_X7R_4U7_16V,late_abrupt_onset,late_abrupt_onset,True,False,False,48,,0.935425295031,0.930995714447,False,False,False,1.3,synthetic,True
MLCC_UNSEEN_CONDITION_C000429,MLCC_UNSEEN_CONDITION_B009,MLCC_X7R,leakage_ua,SIM_X7R_4U7_16V,ordinary_noise,ordinary_noise,False,True,False,,,0.388207098846,0.374983140902,False,False,False,1.3,synthetic,True
MLCC_UNSEEN_CONDITION_C000467,MLCC_UNSEEN_CONDITION_B009,MLCC_X7R,leakage_ua,SIM_X7R_4U7_16V,healthy_settling,healthy_settling,False,True,False,,,0.152740917603,0.15250176196,False,False,False,1.3,synthetic,True
MLCC_UNSEEN_CONDITION_C000473,MLCC_UNSEEN_CONDITION_B009,MLCC_X7R,leakage_ua,SIM_X7R_4U7_16V,healthy_settling,healthy_settling,False,True,False,,,0.234980001612,0.238696239492,False,False,False,1.3,synthetic,True
MLCC_UNSEEN_CONDITION_C000494,MLCC_UNSEEN_CONDITION_B009,MLCC_X7R,leakage_ua,SIM_X7R_4U7_16V,healthy_settling,healthy_settling,False,True,False,,,0.251868087509,0.251502780862,False,False,False,1.3,synthetic,True
MLCC_UNSEEN_CONDITION_C000528,MLCC_UNSEEN_CONDITION_B009,MLCC_X7R,leakage_ua,SIM_X7R_4U7_16V,late_abrupt_onset,late_abrupt_onset,True,False,False,120,,0.781406225444,0.77265175762,False,False,False,1.3,synthetic,True
MLCC_UNSEEN_CONDITION_C000531,MLCC_UNSEEN_CONDITION_B009,MLCC_X7R,leakage_ua,SIM_X7R_4U7_16V,accelerating_drift,accelerating_drift,True,False,False,24,,0.691864830202,0.710800699972,False,False,False,1.3,synthetic,True
MLCC_UNSEEN_CONDITION_C000553,MLCC_UNSEEN_CONDITION_B009,MLCC_X7R,leakage_ua,SIM_X7R_4U7_16V,healthy_settling,healthy_settling,False,True,False,,,0.21570754679,0.211660432939,False,False,False,1.3,synthetic,True
MLCC_UNSEEN_CONDITION_C000555,MLCC_UNSEEN_CONDITION_B009,MLCC_X7R,leakage_ua,SIM_X7R_4U7_16V,ordinary_noise,ordinary_noise,False,True,False,,,0.411855451783,0.392714106545,False,False,False,1.3,synthetic,True
MLCC_UNSEEN_CONDITION_C000576,MLCC_UNSEEN_CONDITION_B009,MLCC_X7R,leakage_ua,SIM_X7R_4U7_16V,ordinary_noise,ordinary_noise,False,True,False,,,0.343247044779,0.335740976759,False,False,False,1.3,synthetic,True
MLCC_UNSEEN_CONDITION_C000581,MLCC_UNSEEN_CONDITION_B009,MLCC_X7R,leakage_ua,SIM_X7R_4U7_16V,healthy_settling,healthy_settling,False,True,False,,,0.175722339153,0.176498950356,False,False,False,1.3,synthetic,True
MLCC_UNSEEN_CONDITION_C000582,MLCC_UNSEEN_CONDITION_B009,MLCC_X7R,leakage_ua,SIM_X7R_4U7_16V,healthy_settling,healthy_settling,False,True,False,,,0.317791060955,0.321247695265,False,False,False,1.3,synthetic,True
MLCC_UNSEEN_CONDITION_C000605,MLCC_UNSEEN_CONDITION_B009,MLCC_X7R,leakage_ua,SIM_X7R_4U7_16V,ordinary_noise,ordinary_noise,False,True,False,,,0.324588666362,0.388542509284,False,False,False,1.3,synthetic,True
MLCC_UNSEEN_CONDITION_C000625,MLCC_UNSEEN_CONDITION_B009,MLCC_X7R,leakage_ua,SIM_X7R_4U7_16V,healthy_settling,healthy_settling,False,True,False,,,0.466784837298,0.437264371782,False,False,False,1.3,synthetic,True
MLCC_UNSEEN_CONDITION_C000738,MLCC_UNSEEN_CONDITION_B009,MLCC_X7R,leakage_ua,SIM_X7R_4U7_16V,healthy_settling,healthy_settling,False,True,False,,,0.383684332812,0.386294315739,False,False,False,1.3,synthetic,True
MLCC_UNSEEN_CONDITION_C000742,MLCC_UNSEEN_CONDITION_B009,MLCC_X7R,leakage_ua,SIM_X7R_4U7_16V,healthy_settling,healthy_settling,False,True,False,,,0.425712915819,0.418754258244,False,False,False,1.3,synthetic,True
MLCC_UNSEEN_CONDITION_C000746,MLCC_UNSEEN_CONDITION_B009,MLCC_X7R,leakage_ua,SIM_X7R_4U7_16V,healthy_settling,healthy_settling,False,True,False,,,0.252960784779,0.255838977627,False,False,False,1.3,synthetic,True
MLCC_UNSEEN_CONDITION_C000751,MLCC_UNSEEN_CONDITION_B009,MLCC_X7R,leakage_ua,SIM_X7R_4U7_16V,healthy_settling,healthy_settling,False,True,False,,,0.215712729858,0.212514806311,False,False,False,1.3,synthetic,True
MLCC_UNSEEN_CONDITION_C000760,MLCC_UNSEEN_CONDITION_B009,MLCC_X7R,leakage_ua,SIM_X7R_4U7_16V,healthy_settling,healthy_settling,False,True,False,,,0.260978371135,0.262642461619,False,False,False,1.3,synthetic,True
MLCC_UNSEEN_CONDITION_C000767,MLCC_UNSEEN_CONDITION_B009,MLCC_X7R,leakage_ua,SIM_X7R_4U7_16V,moisture_associated_history,moisture_associated_history,True,False,False,0,,1.17816119323,1.12252774455,False,False,False,1.3,synthetic,True
MLCC_UNSEEN_CONDITION_C000772,MLCC_UNSEEN_CONDITION_B009,MLCC_X7R,leakage_ua,SIM_X7R_4U7_16V,healthy_settling,healthy_settling,False,True,False,,,0.196129899139,0.198266268565,False,False,False,1.3,synthetic,True
MLCC_UNSEEN_CONDITION_C000829,MLCC_UNSEEN_CONDITION_B009,MLCC_X7R,leakage_ua,SIM_X7R_4U7_16V,healthy_settling,healthy_settling,False,True,False,,,0.197499596267,0.19597200342,False,False,False,1.3,synthetic,True
MLCC_UNSEEN_CONDITION_C000854,MLCC_UNSEEN_CONDITION_B009,MLCC_X7R,leakage_ua,SIM_X7R_4U7_16V,accelerating_drift,accelerating_drift,True,False,False,0,,1.10645329724,1.15677601039,False,False,False,1.3,synthetic,True
MLCC_UNSEEN_CONDITION_C000870,MLCC_UNSEEN_CONDITION_B009,MLCC_X7R,leakage_ua,SIM_X7R_4U7_16V,intermittent_leakage,intermittent_leakage,True,False,False,6,,0.454929833513,0.453786224481,False,False,False,1.3,synthetic,True
MLCC_UNSEEN_CONDITION_C000881,MLCC_UNSEEN_CONDITION_B009,MLCC_X7R,leakage_ua,SIM_X7R_4U7_16V,healthy_settling,healthy_settling,False,True,False,,,0.281117846911,0.281193032902,False,False,False,1.3,synthetic,True
MLCC_UNSEEN_CONDITION_C000921,MLCC_UNSEEN_CONDITION_B009,MLCC_X7R,leakage_ua,SIM_X7R_4U7_16V,ordinary_noise,ordinary_noise,False,True,False,,,0.279320240948,0.292071961166,False,False,False,1.3,synthetic,True
MLCC_UNSEEN_CONDITION_C000924,MLCC_UNSEEN_CONDITION_B009,MLCC_X7R,leakage_ua,SIM_X7R_4U7_16V,healthy_settling,healthy_settling,False,True,False,,,0.210595069312,0.216784668948,False,False,False,1.3,synthetic,True
MLCC_UNSEEN_CONDITION_C000926,MLCC_UNSEEN_CONDITION_B009,MLCC_X7R,leakage_ua,SIM_X7R_4U7_16V,ordinary_noise,ordinary_noise,False,True,False,,,0.273609691763,0.37099043219,False,False,False,1.3,synthetic,True
MLCC_UNSEEN_CONDITION_C000935,MLCC_UNSEEN_CONDITION_B009,MLCC_X7R,leakage_ua,SIM_X7R_4U7_16V,ordinary_noise,ordinary_noise,False,True,False,,,0.374542593757,0.371937044017,False,False,False,1.3,synthetic,True
MLCC_UNSEEN_CONDITION_C000958,MLCC_UNSEEN_CONDITION_B009,MLCC_X7R,leakage_ua,SIM_X7R_4U7_16V,healthy_settling,healthy_settling,False,True,False,,,0.236317478419,0.239148886861,False,False,False,1.3,synthetic,True
MLCC_UNSEEN_CONDITION_C000982,MLCC_UNSEEN_CONDITION_B009,MLCC_X7R,leakage_ua,SIM_X7R_4U7_16V,healthy_settling,healthy_settling,False,True,False,,,0.324903713904,0.319048115911,False,False,False,1.3,synthetic,True
MLCC_UNSEEN_CONDITION_C000996,MLCC_UNSEEN_CONDITION_B009,MLCC_X7R,leakage_ua,SIM_X7R_4U7_16V,healthy_settling,healthy_settling,False,True,False,,,0.321566548713,0.325454762128,False,False,False,1.3,synthetic,True
MLCC_UNSEEN_CONDITION_C001003,MLCC_UNSEEN_CONDITION_B009,MLCC_X7R,leakage_ua,SIM_X7R_4U7_16V,healthy_settling,healthy_settling,False,True,False,,,0.816104121195,0.829373513344,False,False,False,1.3,synthetic,True
MLCC_UNSEEN_CONDITION_C001023,MLCC_UNSEEN_CONDITION_B009,MLCC_X7R,leakage_ua,SIM_X7R_4U7_16V,late_abrupt_onset,late_abrupt_onset,True,False,False,48,,1.31988685451,1.3178301944,True,True,True,1.3,synthetic,True
MLCC_UNSEEN_CONDITION_C001024,MLCC_UNSEEN_CONDITION_B009,MLCC_X7R,leakage_ua,SIM_X7R_4U7_16V,healthy_settling,healthy_settling,False,True,False,,,0.369938098979,0.366684424183,False,False,False,1.3,synthetic,True
MLCC_UNSEEN_CONDITION_C001032,MLCC_UNSEEN_CONDITION_B009,MLCC_X7R,leakage_ua,SIM_X7R_4U7_16V,healthy_settling,healthy_settling,False,True,False,,,0.424774700313,0.397804533158,False,False,False,1.3,synthetic,True
MLCC_UNSEEN_CONDITION_C001038,MLCC_UNSEEN_CONDITION_B009,MLCC_X7R,leakage_ua,SIM_X7R_4U7_16V,healthy_settling,healthy_settling,False,True,False,,,0.231321933758,0.229612560913,False,False,False,1.3,synthetic,True
MLCC_UNSEEN_CONDITION_C001041,MLCC_UNSEEN_CONDITION_B009,MLCC_X7R,leakage_ua,SIM_X7R_4U7_16V,healthy_settling,healthy_settling,False,True,False,,,0.278738931454,0.263581682666,False,False,False,1.3,synthetic,True
MLCC_UNSEEN_CONDITION_C001052,MLCC_UNSEEN_CONDITION_B009,MLCC_X7R,leakage_ua,SIM_X7R_4U7_16V,healthy_settling,healthy_settling,False,True,False,,,0.237597041365,0.233663397541,False,False,False,1.3,synthetic,True
MLCC_UNSEEN_CONDITION_C001075,MLCC_UNSEEN_CONDITION_B009,MLCC_X7R,leakage_ua,SIM_X7R_4U7_16V,ordinary_noise,ordinary_noise,False,True,False,,,0.236154346193,0.241013135916,False,False,False,1.3,synthetic,True
MLCC_UNSEEN_CONDITION_C001080,MLCC_UNSEEN_CONDITION_B009,MLCC_X7R,leakage_ua,SIM_X7R_4U7_16V,healthy_settling,healthy_settling,False,True,False,,,0.165473146884,0.168771604276,False,False,False,1.3,synthetic,True
MLCC_UNSEEN_CONDITION_C001095,MLCC_UNSEEN_CONDITION_B009,MLCC_X7R,leakage_ua,SIM_X7R_4U7_16V,healthy_settling,healthy_settling,False,True,False,,,0.228532874835,0.231284628822,False,False,False,1.3,synthetic,True
MLCC_UNSEEN_CONDITION_C001104,MLCC_UNSEEN_CONDITION_B009,MLCC_X7R,leakage_ua,SIM_X7R_4U7_16V,ordinary_noise,ordinary_noise,False,True,False,,,0.177651391073,0.252522394004,False,False,False,1.3,synthetic,True
MLCC_UNSEEN_CONDITION_C001129,MLCC_UNSEEN_CONDITION_B009,MLCC_X7R,leakage_ua,SIM_X7R_4U7_16V,ordinary_noise,ordinary_noise,False,True,False,,,0.448172365749,0.43473562011,False,False,False,1.3,synthetic,True
MLCC_UNSEEN_CONDITION_C001140,MLCC_UNSEEN_CONDITION_B009,MLCC_X7R,leakage_ua,SIM_X7R_4U7_16V,healthy_settling,healthy_settling,False,True,False,,,0.283527546653,0.281755978249,False,False,False,1.3,synthetic,True
MLCC_UNSEEN_CONDITION_C001147,MLCC_UNSEEN_CONDITION_B009,MLCC_X7R,leakage_ua,SIM_X7R_4U7_16V,healthy_settling,healthy_settling,False,True,False,,,0.269003979753,0.271477611553,False,False,False,1.3,synthetic,True
MLCC_UNSEEN_CONDITION_C001203,MLCC_UNSEEN_CONDITION_B009,MLCC_X7R,leakage_ua,SIM_X7R_4U7_16V,healthy_settling,healthy_settling,False,True,False,,,0.186355366025,0.179060113894,False,False,False,1.3,synthetic,True
MLCC_UNSEEN_CONDITION_C001204,MLCC_UNSEEN_CONDITION_B009,MLCC_X7R,leakage_ua,SIM_X7R_4U7_16V,healthy_settling,healthy_settling,False,True,False,,,0.252389883136,0.258328983162,False,False,False,1.3,synthetic,True
MLCC_UNSEEN_CONDITION_C001208,MLCC_UNSEEN_CONDITION_B009,MLCC_X7R,leakage_ua,SIM_X7R_4U7_16V,healthy_settling,healthy_settling,False,True,False,,,0.409129977016,0.418975504236,False,False,False,1.3,synthetic,True
MLCC_UNSEEN_CONDITION_C001240,MLCC_UNSEEN_CONDITION_B009,MLCC_X7R,leakage_ua,SIM_X7R_4U7_16V,healthy_settling,healthy_settling,False,True,False,,,0.396293277319,0.380369420071,False,False,False,1.3,synthetic,True
MLCC_UNSEEN_CONDITION_C001266,MLCC_UNSEEN_CONDITION_B009,MLCC_X7R,leakage_ua,SIM_X7R_4U7_16V,healthy_settling,healthy_settling,False,True,False,,,0.155394928509,0.153388541461,False,False,False,1.3,synthetic,True
MLCC_UNSEEN_CONDITION_C001294,MLCC_UNSEEN_CONDITION_B009,MLCC_X7R,leakage_ua,SIM_X7R_4U7_16V,healthy_settling,healthy_settling,False,True,False,,,0.276614590583,0.279626593265,False,False,False,1.3,synthetic,True
MLCC_UNSEEN_CONDITION_C001323,MLCC_UNSEEN_CONDITION_B009,MLCC_X7R,leakage_ua,SIM_X7R_4U7_16V,healthy_settling,healthy_settling,False,True,False,,,0.323555271845,0.316413744023,False,False,False,1.3,synthetic,True
MLCC_UNSEEN_CONDITION_C001326,MLCC_UNSEEN_CONDITION_B009,MLCC_X7R,leakage_ua,SIM_X7R_4U7_16V,healthy_settling,healthy_settling,False,True,False,,,0.342083192558,0.333157429587,False,False,False,1.3,synthetic,True
MLCC_UNSEEN_CONDITION_C001351,MLCC_UNSEEN_CONDITION_B009,MLCC_X7R,leakage_ua,SIM_X7R_4U7_16V,healthy_settling,healthy_settling,False,True,False,,,0.491964959317,0.498083910045,False,False,False,1.3,synthetic,True
MLCC_UNSEEN_CONDITION_C001370,MLCC_UNSEEN_CONDITION_B009,MLCC_X7R,leakage_ua,SIM_X7R_4U7_16V,healthy_settling,healthy_settling,False,True,False,,,0.161625524071,0.158343688464,False,False,False,1.3,synthetic,True
MLCC_UNSEEN_CONDITION_C001385,MLCC_UNSEEN_CONDITION_B009,MLCC_X7R,leakage_ua,SIM_X7R_4U7_16V,ordinary_noise,ordinary_noise,False,True,False,,,0.234237449264,0.256006863885,False,False,False,1.3,synthetic,True
MLCC_UNSEEN_CONDITION_C001388,MLCC_UNSEEN_CONDITION_B009,MLCC_X7R,leakage_ua,SIM_X7R_4U7_16V,ordinary_noise,ordinary_noise,False,True,False,,,0.229511913088,0.234832724555,False,False,False,1.3,synthetic,True
MLCC_UNSEEN_CONDITION_C001402,MLCC_UNSEEN_CONDITION_B009,MLCC_X7R,leakage_ua,SIM_X7R_4U7_16V,healthy_settling,healthy_settling,False,True,False,,,0.201882072597,0.204428894343,False,False,False,1.3,synthetic,True
MLCC_UNSEEN_CONDITION_C001444,MLCC_UNSEEN_CONDITION_B009,MLCC_X7R,leakage_ua,SIM_X7R_4U7_16V,healthy_settling,healthy_settling,False,True,False,,,0.32582209235,0.351031205018,False,False,False,1.3,synthetic,True
MLCC_UNSEEN_CONDITION_C001456,MLCC_UNSEEN_CONDITION_B009,MLCC_X7R,leakage_ua,SIM_X7R_4U7_16V,accelerating_drift,accelerating_drift,True,False,False,0,,1.02195396389,1.00901000352,False,False,False,1.3,synthetic,True
MLCC_UNSEEN_CONDITION_C001478,MLCC_UNSEEN_CONDITION_B009,MLCC_X7R,leakage_ua,SIM_X7R_4U7_16V,gradual_drift,gradual_drift,True,False,False,6,,2.04434259589,2.00491425149,True,True,True,1.3,synthetic,True
MLCC_UNSEEN_CONDITION_C001603,MLCC_UNSEEN_CONDITION_B009,MLCC_X7R,leakage_ua,SIM_X7R_4U7_16V,intermittent_leakage,intermittent_leakage,True,False,False,12,,0.441717628351,0.430809167342,False,False,False,1.3,synthetic,True
MLCC_UNSEEN_CONDITION_C001623,MLCC_UNSEEN_CONDITION_B009,MLCC_X7R,leakage_ua,SIM_X7R_4U7_16V,ordinary_noise,ordinary_noise,False,True,False,,,0.192318044235,0.196293150648,False,False,False,1.3,synthetic,True
MLCC_UNSEEN_CONDITION_C001632,MLCC_UNSEEN_CONDITION_B009,MLCC_X7R,leakage_ua,SIM_X7R_4U7_16V,healthy_settling,healthy_settling,False,True,False,,,0.383705984529,0.387287439316,False,False,False,1.3,synthetic,True
MLCC_UNSEEN_CONDITION_C001664,MLCC_UNSEEN_CONDITION_B009,MLCC_X7R,leakage_ua,SIM_X7R_4U7_16V,healthy_settling,healthy_settling,False,True,False,,,0.298705484221,0.310441993035,False,False,False,1.3,synthetic,True
MLCC_UNSEEN_CONDITION_C001675,MLCC_UNSEEN_CONDITION_B009,MLCC_X7R,leakage_ua,SIM_X7R_4U7_16V,accelerating_drift,accelerating_drift,True,False,False,6,,0.585084682931,0.585012227778,False,False,False,1.3,synthetic,True
MLCC_UNSEEN_CONDITION_C001676,MLCC_UNSEEN_CONDITION_B009,MLCC_X7R,leakage_ua,SIM_X7R_4U7_16V,healthy_settling,healthy_settling,False,True,False,,,0.248752707669,0.254560955818,False,False,False,1.3,synthetic,True
MLCC_UNSEEN_CONDITION_C001693,MLCC_UNSEEN_CONDITION_B009,MLCC_X7R,leakage_ua,SIM_X7R_4U7_16V,healthy_settling,healthy_settling,False,True,False,,,0.337009678526,0.335782618829,False,False,False,1.3,synthetic,True
MLCC_UNSEEN_CONDITION_C001716,MLCC_UNSEEN_CONDITION_B009,MLCC_X7R,leakage_ua,SIM_X7R_4U7_16V,healthy_settling,healthy_settling,False,True,False,,,0.463517774574,0.497858850607,False,False,False,1.3,synthetic,True
MLCC_UNSEEN_CONDITION_C001765,MLCC_UNSEEN_CONDITION_B009,MLCC_X7R,leakage_ua,SIM_X7R_4U7_16V,healthy_settling,healthy_settling,False,True,False,,,0.348380528759,0.353879287115,False,False,False,1.3,synthetic,True
MLCC_UNSEEN_CONDITION_C001804,MLCC_UNSEEN_CONDITION_B009,MLCC_X7R,leakage_ua,SIM_X7R_4U7_16V,intermittent_leakage,intermittent_leakage,True,False,False,48,,0.31565982279,0.317807737109,False,False,False,1.3,synthetic,True
MLCC_UNSEEN_CONDITION_C001807,MLCC_UNSEEN_CONDITION_B009,MLCC_X7R,leakage_ua,SIM_X7R_4U7_16V,ordinary_noise,ordinary_noise,False,True,False,,,0.484927651844,0.467368627557,False,False,False,1.3,synthetic,True
MLCC_UNSEEN_CONDITION_C001812,MLCC_UNSEEN_CONDITION_B009,MLCC_X7R,leakage_ua,SIM_X7R_4U7_16V,moisture_associated_history,moisture_associated_history,True,False,False,12,,0.663911173052,0.675256975637,False,False,False,1.3,synthetic,True
MLCC_UNSEEN_CONDITION_C001882,MLCC_UNSEEN_CONDITION_B009,MLCC_X7R,leakage_ua,SIM_X7R_4U7_16V,intermittent_leakage,intermittent_leakage,True,False,False,24,,0.876414927845,0.86280114228,False,False,True,1.3,synthetic,True
MLCC_UNSEEN_CONDITION_C001892,MLCC_UNSEEN_CONDITION_B009,MLCC_X7R,leakage_ua,SIM_X7R_4U7_16V,late_abrupt_onset,late_abrupt_onset,True,False,False,120,,2.18479055473,2.16238781021,True,True,True,1.3,synthetic,True
MLCC_UNSEEN_CONDITION_C001900,MLCC_UNSEEN_CONDITION_B009,MLCC_X7R,leakage_ua,SIM_X7R_4U7_16V,healthy_settling,healthy_settling,False,True,False,,,0.320866163398,0.331765027146,False,False,False,1.3,synthetic,True
MLCC_UNSEEN_CONDITION_C001918,MLCC_UNSEEN_CONDITION_B009,MLCC_X7R,leakage_ua,SIM_X7R_4U7_16V,accelerating_drift,accelerating_drift,True,False,False,24,,0.646688089471,0.637555308605,False,False,False,1.3,synthetic,True
MLCC_UNSEEN_CONDITION_C001949,MLCC_UNSEEN_CONDITION_B009,MLCC_X7R,leakage_ua,SIM_X7R_4U7_16V,healthy_settling,healthy_settling,False,True,False,,,0.284888778271,0.294407255862,False,False,False,1.3,synthetic,True
MLCC_UNSEEN_CONDITION_C001950,MLCC_UNSEEN_CONDITION_B009,MLCC_X7R,leakage_ua,SIM_X7R_4U7_16V,healthy_settling,healthy_settling,False,True,False,,,0.255977612815,0.247213907778,False,False,False,1.3,synthetic,True
MLCC_UNSEEN_CONDITION_C001959,MLCC_UNSEEN_CONDITION_B009,MLCC_X7R,leakage_ua,SIM_X7R_4U7_16V,late_abrupt_onset,late_abrupt_onset,True,False,False,144,,1.7445616325,1.71592925787,True,True,True,1.3,synthetic,True
MLCC_UNSEEN_CONDITION_C000015,MLCC_UNSEEN_CONDITION_B010,MLCC_X7R,leakage_ua,SIM_X7R_100N_50V,healthy_settling,healthy_settling,False,True,False,,,0.0484061882056,0.04572957568,False,False,False,0.25,synthetic,True
MLCC_UNSEEN_CONDITION_C000055,MLCC_UNSEEN_CONDITION_B010,MLCC_X7R,leakage_ua,SIM_X7R_100N_50V,healthy_settling,healthy_settling,False,True,False,,,0.0426773035498,0.0436315427843,False,False,False,0.25,synthetic,True
MLCC_UNSEEN_CONDITION_C000059,MLCC_UNSEEN_CONDITION_B010,MLCC_X7R,leakage_ua,SIM_X7R_100N_50V,accelerating_drift,accelerating_drift,True,False,True,12,72,0.367138160623,0.068007705983,False,True,False,0.25,synthetic,True
MLCC_UNSEEN_CONDITION_C000070,MLCC_UNSEEN_CONDITION_B010,MLCC_X7R,leakage_ua,SIM_X7R_100N_50V,healthy_settling,healthy_settling,False,True,False,,,0.0330362878158,0.0331168766607,False,False,False,0.25,synthetic,True
MLCC_UNSEEN_CONDITION_C000074,MLCC_UNSEEN_CONDITION_B010,MLCC_X7R,leakage_ua,SIM_X7R_100N_50V,gradual_drift,gradual_drift,True,False,False,0,,0.280232183655,0.276425665516,True,True,True,0.25,synthetic,True
MLCC_UNSEEN_CONDITION_C000108,MLCC_UNSEEN_CONDITION_B010,MLCC_X7R,leakage_ua,SIM_X7R_100N_50V,healthy_settling,healthy_settling,False,True,False,,,0.0661314471421,0.0658638343404,False,False,False,0.25,synthetic,True
MLCC_UNSEEN_CONDITION_C000133,MLCC_UNSEEN_CONDITION_B010,MLCC_X7R,leakage_ua,SIM_X7R_100N_50V,healthy_settling,healthy_settling,False,True,False,,,0.0595195774901,0.0625978609058,False,False,False,0.25,synthetic,True
MLCC_UNSEEN_CONDITION_C000184,MLCC_UNSEEN_CONDITION_B010,MLCC_X7R,leakage_ua,SIM_X7R_100N_50V,healthy_settling,healthy_settling,False,True,False,,,0.0499611740241,0.0504070743055,False,False,False,0.25,synthetic,True
MLCC_UNSEEN_CONDITION_C000189,MLCC_UNSEEN_CONDITION_B010,MLCC_X7R,leakage_ua,SIM_X7R_100N_50V,healthy_settling,healthy_settling,False,True,False,,,0.0353712387959,0.0357869822475,False,False,False,0.25,synthetic,True
MLCC_UNSEEN_CONDITION_C000200,MLCC_UNSEEN_CONDITION_B010,MLCC_X7R,leakage_ua,SIM_X7R_100N_50V,healthy_settling,healthy_settling,False,True,False,,,0.0268865220602,0.0266587667281,False,False,False,0.25,synthetic,True
MLCC_UNSEEN_CONDITION_C000211,MLCC_UNSEEN_CONDITION_B010,MLCC_X7R,leakage_ua,SIM_X7R_100N_50V,healthy_settling,healthy_settling,False,True,False,,,0.0368205371574,0.0367620118377,False,False,False,0.25,synthetic,True
MLCC_UNSEEN_CONDITION_C000212,MLCC_UNSEEN_CONDITION_B010,MLCC_X7R,leakage_ua,SIM_X7R_100N_50V,ordinary_noise,ordinary_noise,False,True,False,,,0.0419417833836,0.0471959884346,False,False,False,0.25,synthetic,True
MLCC_UNSEEN_CONDITION_C000213,MLCC_UNSEEN_CONDITION_B010,MLCC_X7R,leakage_ua,SIM_X7R_100N_50V,healthy_settling,healthy_settling,False,True,False,,,0.037569800235,0.0373252662203,False,False,False,0.25,synthetic,True
MLCC_UNSEEN_CONDITION_C000242,MLCC_UNSEEN_CONDITION_B010,MLCC_X7R,leakage_ua,SIM_X7R_100N_50V,healthy_settling,healthy_settling,False,True,False,,,0.0360250959134,0.0365822671945,False,False,False,0.25,synthetic,True
MLCC_UNSEEN_CONDITION_C000259,MLCC_UNSEEN_CONDITION_B010,MLCC_X7R,leakage_ua,SIM_X7R_100N_50V,tester_channel_fault,healthy_settling,False,False,True,,72,0.342221815045,0.0449638584502,False,True,False,0.25,synthetic,True
MLCC_UNSEEN_CONDITION_C000265,MLCC_UNSEEN_CONDITION_B010,MLCC_X7R,leakage_ua,SIM_X7R_100N_50V,healthy_settling,healthy_settling,False,True,False,,,0.0298748519469,0.029794796285,False,False,False,0.25,synthetic,True
MLCC_UNSEEN_CONDITION_C000290,MLCC_UNSEEN_CONDITION_B010,MLCC_X7R,leakage_ua,SIM_X7R_100N_50V,late_abrupt_onset,late_abrupt_onset,True,False,False,48,,0.56623874108,0.554080502848,True,True,True,0.25,synthetic,True
MLCC_UNSEEN_CONDITION_C000305,MLCC_UNSEEN_CONDITION_B010,MLCC_X7R,leakage_ua,SIM_X7R_100N_50V,healthy_settling,healthy_settling,False,True,False,,,0.0657802411254,0.0636573685999,False,False,False,0.25,synthetic,True
MLCC_UNSEEN_CONDITION_C000320,MLCC_UNSEEN_CONDITION_B010,MLCC_X7R,leakage_ua,SIM_X7R_100N_50V,accelerating_drift,accelerating_drift,True,False,False,6,,0.135524486079,0.139042491381,False,False,False,0.25,synthetic,True
MLCC_UNSEEN_CONDITION_C000346,MLCC_UNSEEN_CONDITION_B010,MLCC_X7R,leakage_ua,SIM_X7R_100N_50V,ordinary_noise,ordinary_noise,False,True,False,,,0.0558535171091,0.0542939061605,False,False,False,0.25,synthetic,True
MLCC_UNSEEN_CONDITION_C000352,MLCC_UNSEEN_CONDITION_B010,MLCC_X7R,leakage_ua,SIM_X7R_100N_50V,gradual_drift,gradual_drift,True,False,False,0,,0.206363537281,0.205826042714,False,False,False,0.25,synthetic,True
MLCC_UNSEEN_CONDITION_C000356,MLCC_UNSEEN_CONDITION_B010,MLCC_X7R,leakage_ua,SIM_X7R_100N_50V,healthy_settling,healthy_settling,False,True,False,,,0.054167231132,0.0533390069099,False,False,False,0.25,synthetic,True
MLCC_UNSEEN_CONDITION_C000358,MLCC_UNSEEN_CONDITION_B010,MLCC_X7R,leakage_ua,SIM_X7R_100N_50V,healthy_settling,healthy_settling,False,True,False,,,0.0482018204006,0.0490106930311,False,False,False,0.25,synthetic,True
MLCC_UNSEEN_CONDITION_C000369,MLCC_UNSEEN_CONDITION_B010,MLCC_X7R,leakage_ua,SIM_X7R_100N_50V,gradual_drift,gradual_drift,True,False,False,6,,0.146036101304,0.146689641251,False,False,False,0.25,synthetic,True
MLCC_UNSEEN_CONDITION_C000373,MLCC_UNSEEN_CONDITION_B010,MLCC_X7R,leakage_ua,SIM_X7R_100N_50V,ordinary_noise,ordinary_noise,False,True,False,,,0.0314999190394,0.0329163635964,False,False,False,0.25,synthetic,True
MLCC_UNSEEN_CONDITION_C000386,MLCC_UNSEEN_CONDITION_B010,MLCC_X7R,leakage_ua,SIM_X7R_100N_50V,healthy_settling,healthy_settling,False,True,False,,,0.0602557086649,0.0609305634425,False,False,False,0.25,synthetic,True
MLCC_UNSEEN_CONDITION_C000394,MLCC_UNSEEN_CONDITION_B010,MLCC_X7R,leakage_ua,SIM_X7R_100N_50V,healthy_settling,healthy_settling,False,True,False,,,0.0393954057541,0.0389619732338,False,False,False,0.25,synthetic,True
MLCC_UNSEEN_CONDITION_C000397,MLCC_UNSEEN_CONDITION_B010,MLCC_X7R,leakage_ua,SIM_X7R_100N_50V,healthy_settling,healthy_settling,False,True,False,,,0.0346257654572,0.0354589350912,False,False,False,0.25,synthetic,True
MLCC_UNSEEN_CONDITION_C000427,MLCC_UNSEEN_CONDITION_B010,MLCC_X7R,leakage_ua,SIM_X7R_100N_50V,intermittent_leakage,intermittent_leakage,True,False,False,12,,0.0460154562494,0.0474069958502,False,False,True,0.25,synthetic,True
MLCC_UNSEEN_CONDITION_C000428,MLCC_UNSEEN_CONDITION_B010,MLCC_X7R,leakage_ua,SIM_X7R_100N_50V,healthy_settling,healthy_settling,False,True,False,,,0.0340173097487,0.0352730183739,False,False,False,0.25,synthetic,True
MLCC_UNSEEN_CONDITION_C000434,MLCC_UNSEEN_CONDITION_B010,MLCC_X7R,leakage_ua,SIM_X7R_100N_50V,healthy_settling,healthy_settling,False,True,False,,,0.0388915013104,0.0394607743154,False,False,False,0.25,synthetic,True
MLCC_UNSEEN_CONDITION_C000447,MLCC_UNSEEN_CONDITION_B010,MLCC_X7R,leakage_ua,SIM_X7R_100N_50V,healthy_settling,healthy_settling,False,True,False,,,0.0618040363076,0.0641275521064,False,False,False,0.25,synthetic,True
MLCC_UNSEEN_CONDITION_C000477,MLCC_UNSEEN_CONDITION_B010,MLCC_X7R,leakage_ua,SIM_X7R_100N_50V,late_abrupt_onset,late_abrupt_onset,True,False,False,144,,0.164362546974,0.162405724579,False,False,False,0.25,synthetic,True
MLCC_UNSEEN_CONDITION_C000483,MLCC_UNSEEN_CONDITION_B010,MLCC_X7R,leakage_ua,SIM_X7R_100N_50V,ordinary_noise,ordinary_noise,False,True,False,,,0.0394815559548,0.0423189162243,False,False,False,0.25,synthetic,True
MLCC_UNSEEN_CONDITION_C000485,MLCC_UNSEEN_CONDITION_B010,MLCC_X7R,leakage_ua,SIM_X7R_100N_50V,healthy_settling,healthy_settling,False,True,False,,,0.0500847951568,0.0496289577084,False,False,False,0.25,synthetic,True
MLCC_UNSEEN_CONDITION_C000489,MLCC_UNSEEN_CONDITION_B010,MLCC_X7R,leakage_ua,SIM_X7R_100N_50V,healthy_settling,healthy_settling,False,True,False,,,0.0473122326616,0.0473031665797,False,False,False,0.25,synthetic,True
MLCC_UNSEEN_CONDITION_C000495,MLCC_UNSEEN_CONDITION_B010,MLCC_X7R,leakage_ua,SIM_X7R_100N_50V,healthy_settling,healthy_settling,False,True,False,,,0.0656819439973,0.0642661885661,False,False,False,0.25,synthetic,True
MLCC_UNSEEN_CONDITION_C000521,MLCC_UNSEEN_CONDITION_B010,MLCC_X7R,leakage_ua,SIM_X7R_100N_50V,healthy_settling,healthy_settling,False,True,False,,,0.032625861211,0.0339112135991,False,False,False,0.25,synthetic,True
MLCC_UNSEEN_CONDITION_C000561,MLCC_UNSEEN_CONDITION_B010,MLCC_X7R,leakage_ua,SIM_X7R_100N_50V,healthy_settling,healthy_settling,False,True,False,,,0.0352466556073,0.035373009634,False,False,False,0.25,synthetic,True
MLCC_UNSEEN_CONDITION_C000574,MLCC_UNSEEN_CONDITION_B010,MLCC_X7R,leakage_ua,SIM_X7R_100N_50V,accelerating_drift,accelerating_drift,True,False,False,6,,0.411273390587,0.387253368767,True,True,True,0.25,synthetic,True
MLCC_UNSEEN_CONDITION_C000583,MLCC_UNSEEN_CONDITION_B010,MLCC_X7R,leakage_ua,SIM_X7R_100N_50V,moisture_associated_history,moisture_associated_history,True,False,False,6,,0.368656629955,0.370540586243,True,True,True,0.25,synthetic,True
MLCC_UNSEEN_CONDITION_C000603,MLCC_UNSEEN_CONDITION_B010,MLCC_X7R,leakage_ua,SIM_X7R_100N_50V,ordinary_noise,ordinary_noise,False,True,False,,,0.0514281551167,0.0487895735863,False,False,False,0.25,synthetic,True
MLCC_UNSEEN_CONDITION_C000644,MLCC_UNSEEN_CONDITION_B010,MLCC_X7R,leakage_ua,SIM_X7R_100N_50V,healthy_settling,healthy_settling,False,True,False,,,0.0446341530019,0.0449909914973,False,False,False,0.25,synthetic,True
MLCC_UNSEEN_CONDITION_C000662,MLCC_UNSEEN_CONDITION_B010,MLCC_X7R,leakage_ua,SIM_X7R_100N_50V,healthy_settling,healthy_settling,False,True,False,,,0.060284370945,0.0606299112592,False,False,False,0.25,synthetic,True
MLCC_UNSEEN_CONDITION_C000673,MLCC_UNSEEN_CONDITION_B010,MLCC_X7R,leakage_ua,SIM_X7R_100N_50V,healthy_settling,healthy_settling,False,True,False,,,0.0660201141338,0.0694653937671,False,False,False,0.25,synthetic,True
MLCC_UNSEEN_CONDITION_C000678,MLCC_UNSEEN_CONDITION_B010,MLCC_X7R,leakage_ua,SIM_X7R_100N_50V,healthy_settling,healthy_settling,False,True,False,,,0.0423775032203,0.0428704171495,False,False,False,0.25,synthetic,True
MLCC_UNSEEN_CONDITION_C000701,MLCC_UNSEEN_CONDITION_B010,MLCC_X7R,leakage_ua,SIM_X7R_100N_50V,ordinary_noise,ordinary_noise,False,True,False,,,0.0330850393829,0.0343727774425,False,False,False,0.25,synthetic,True
MLCC_UNSEEN_CONDITION_C000709,MLCC_UNSEEN_CONDITION_B010,MLCC_X7R,leakage_ua,SIM_X7R_100N_50V,healthy_settling,healthy_settling,False,True,False,,,0.063710484188,0.0616668801791,False,False,False,0.25,synthetic,True
MLCC_UNSEEN_CONDITION_C000721,MLCC_UNSEEN_CONDITION_B010,MLCC_X7R,leakage_ua,SIM_X7R_100N_50V,gradual_drift,gradual_drift,True,False,False,12,,0.337311145063,0.351210469038,True,True,True,0.25,synthetic,True
MLCC_UNSEEN_CONDITION_C000778,MLCC_UNSEEN_CONDITION_B010,MLCC_X7R,leakage_ua,SIM_X7R_100N_50V,ordinary_noise,ordinary_noise,False,True,False,,,0.0318074955617,0.0327044264005,False,False,False,0.25,synthetic,True
MLCC_UNSEEN_CONDITION_C000813,MLCC_UNSEEN_CONDITION_B010,MLCC_X7R,leakage_ua,SIM_X7R_100N_50V,healthy_settling,healthy_settling,False,True,False,,,0.0453847586821,0.0463681554933,False,False,False,0.25,synthetic,True
MLCC_UNSEEN_CONDITION_C000850,MLCC_UNSEEN_CONDITION_B010,MLCC_X7R,leakage_ua,SIM_X7R_100N_50V,healthy_settling,healthy_settling,False,True,False,,,0.0407672369744,0.0395005155546,False,False,False,0.25,synthetic,True
MLCC_UNSEEN_CONDITION_C000862,MLCC_UNSEEN_CONDITION_B010,MLCC_X7R,leakage_ua,SIM_X7R_100N_50V,ordinary_noise,ordinary_noise,False,True,False,,,0.028744411111,0.0275138959711,False,False,False,0.25,synthetic,True
MLCC_UNSEEN_CONDITION_C000877,MLCC_UNSEEN_CONDITION_B010,MLCC_X7R,leakage_ua,SIM_X7R_100N_50V,healthy_settling,healthy_settling,False,True,False,,,0.0364661414304,0.0366706862299,False,False,False,0.25,synthetic,True
MLCC_UNSEEN_CONDITION_C000898,MLCC_UNSEEN_CONDITION_B010,MLCC_X7R,leakage_ua,SIM_X7R_100N_50V,ordinary_noise,ordinary_noise,False,True,False,,,0.0466324140643,0.046122933092,False,False,False,0.25,synthetic,True
MLCC_UNSEEN_CONDITION_C000906,MLCC_UNSEEN_CONDITION_B010,MLCC_X7R,leakage_ua,SIM_X7R_100N_50V,late_abrupt_onset,late_abrupt_onset,True,False,False,120,,0.133291985443,0.1342575473,False,False,False,0.25,synthetic,True
MLCC_UNSEEN_CONDITION_C000918,MLCC_UNSEEN_CONDITION_B010,MLCC_X7R,leakage_ua,SIM_X7R_100N_50V,healthy_settling,healthy_settling,False,True,False,,,0.0581308032114,0.0574214021206,False,False,False,0.25,synthetic,True
MLCC_UNSEEN_CONDITION_C000965,MLCC_UNSEEN_CONDITION_B010,MLCC_X7R,leakage_ua,SIM_X7R_100N_50V,healthy_settling,healthy_settling,False,True,False,,,0.0484097166681,0.0485173119678,False,False,False,0.25,synthetic,True
MLCC_UNSEEN_CONDITION_C000992,MLCC_UNSEEN_CONDITION_B010,MLCC_X7R,leakage_ua,SIM_X7R_100N_50V,healthy_settling,healthy_settling,False,True,False,,,0.0441329082544,0.0441873650919,False,False,False,0.25,synthetic,True
MLCC_UNSEEN_CONDITION_C001009,MLCC_UNSEEN_CONDITION_B010,MLCC_X7R,leakage_ua,SIM_X7R_100N_50V,healthy_settling,healthy_settling,False,True,False,,,0.0617160680867,0.0623817437691,False,False,False,0.25,synthetic,True
MLCC_UNSEEN_CONDITION_C001025,MLCC_UNSEEN_CONDITION_B010,MLCC_X7R,leakage_ua,SIM_X7R_100N_50V,tester_channel_fault,ordinary_noise,False,False,True,,72,0.353114628657,0.0619136728408,False,True,False,0.25,synthetic,True
MLCC_UNSEEN_CONDITION_C001055,MLCC_UNSEEN_CONDITION_B010,MLCC_X7R,leakage_ua,SIM_X7R_100N_50V,gradual_drift,gradual_drift,True,False,True,0,72,0.406832451336,0.102251560614,False,True,False,0.25,synthetic,True
MLCC_UNSEEN_CONDITION_C001076,MLCC_UNSEEN_CONDITION_B010,MLCC_X7R,leakage_ua,SIM_X7R_100N_50V,accelerating_drift,accelerating_drift,True,False,False,24,,0.0539457341663,0.0540560554013,False,False,False,0.25,synthetic,True
MLCC_UNSEEN_CONDITION_C001079,MLCC_UNSEEN_CONDITION_B010,MLCC_X7R,leakage_ua,SIM_X7R_100N_50V,healthy_settling,healthy_settling,False,True,False,,,0.0591380395724,0.0526956452049,False,False,False,0.25,synthetic,True
MLCC_UNSEEN_CONDITION_C001098,MLCC_UNSEEN_CONDITION_B010,MLCC_X7R,leakage_ua,SIM_X7R_100N_50V,accelerating_drift,accelerating_drift,True,False,False,6,,0.110782823144,0.113088824129,False,False,False,0.25,synthetic,True
MLCC_UNSEEN_CONDITION_C001113,MLCC_UNSEEN_CONDITION_B010,MLCC_X7R,leakage_ua,SIM_X7R_100N_50V,healthy_settling,healthy_settling,False,True,False,,,0.0688077953295,0.0686158089141,False,False,False,0.25,synthetic,True
MLCC_UNSEEN_CONDITION_C001194,MLCC_UNSEEN_CONDITION_B010,MLCC_X7R,leakage_ua,SIM_X7R_100N_50V,healthy_settling,healthy_settling,False,True,False,,,0.0385171884499,0.0383129328482,False,False,False,0.25,synthetic,True
MLCC_UNSEEN_CONDITION_C001215,MLCC_UNSEEN_CONDITION_B010,MLCC_X7R,leakage_ua,SIM_X7R_100N_50V,accelerating_drift,accelerating_drift,True,False,False,6,,0.250089612941,0.258255024822,True,True,True,0.25,synthetic,True
MLCC_UNSEEN_CONDITION_C001251,MLCC_UNSEEN_CONDITION_B010,MLCC_X7R,leakage_ua,SIM_X7R_100N_50V,healthy_settling,healthy_settling,False,True,False,,,0.0377170373371,0.0372333029897,False,False,False,0.25,synthetic,True
MLCC_UNSEEN_CONDITION_C001273,MLCC_UNSEEN_CONDITION_B010,MLCC_X7R,leakage_ua,SIM_X7R_100N_50V,healthy_settling,healthy_settling,False,True,False,,,0.0385272079953,0.0374499713532,False,False,False,0.25,synthetic,True
MLCC_UNSEEN_CONDITION_C001321,MLCC_UNSEEN_CONDITION_B010,MLCC_X7R,leakage_ua,SIM_X7R_100N_50V,intermittent_leakage,intermittent_leakage,True,False,False,12,,0.349051660998,0.341003070585,True,True,True,0.25,synthetic,True
MLCC_UNSEEN_CONDITION_C001324,MLCC_UNSEEN_CONDITION_B010,MLCC_X7R,leakage_ua,SIM_X7R_100N_50V,healthy_settling,healthy_settling,False,True,False,,,0.066884565635,0.0652759183024,False,False,False,0.25,synthetic,True
MLCC_UNSEEN_CONDITION_C001350,MLCC_UNSEEN_CONDITION_B010,MLCC_X7R,leakage_ua,SIM_X7R_100N_50V,healthy_settling,healthy_settling,False,True,False,,,0.0521057791947,0.0525619041098,False,False,False,0.25,synthetic,True
MLCC_UNSEEN_CONDITION_C001359,MLCC_UNSEEN_CONDITION_B010,MLCC_X7R,leakage_ua,SIM_X7R_100N_50V,healthy_settling,healthy_settling,False,True,False,,,0.0467439195739,0.0470026311167,False,False,False,0.25,synthetic,True
MLCC_UNSEEN_CONDITION_C001381,MLCC_UNSEEN_CONDITION_B010,MLCC_X7R,leakage_ua,SIM_X7R_100N_50V,late_abrupt_onset,late_abrupt_onset,True,False,False,96,,0.115234666411,0.114260083449,False,False,False,0.25,synthetic,True
MLCC_UNSEEN_CONDITION_C001391,MLCC_UNSEEN_CONDITION_B010,MLCC_X7R,leakage_ua,SIM_X7R_100N_50V,healthy_settling,healthy_settling,False,True,False,,,0.028911033666,0.0287305391111,False,False,False,0.25,synthetic,True
MLCC_UNSEEN_CONDITION_C001393,MLCC_UNSEEN_CONDITION_B010,MLCC_X7R,leakage_ua,SIM_X7R_100N_50V,ordinary_noise,ordinary_noise,False,True,False,,,0.0509148240325,0.0434823500171,False,False,False,0.25,synthetic,True
MLCC_UNSEEN_CONDITION_C001432,MLCC_UNSEEN_CONDITION_B010,MLCC_X7R,leakage_ua,SIM_X7R_100N_50V,healthy_settling,healthy_settling,False,True,False,,,0.0732320927183,0.0718799902525,False,False,False,0.25,synthetic,True
MLCC_UNSEEN_CONDITION_C001442,MLCC_UNSEEN_CONDITION_B010,MLCC_X7R,leakage_ua,SIM_X7R_100N_50V,ordinary_noise,ordinary_noise,False,True,False,,,0.0439999778149,0.0459990139605,False,False,False,0.25,synthetic,True
MLCC_UNSEEN_CONDITION_C001486,MLCC_UNSEEN_CONDITION_B010,MLCC_X7R,leakage_ua,SIM_X7R_100N_50V,healthy_settling,healthy_settling,False,True,False,,,0.0401241358098,0.0399523655718,False,False,False,0.25,synthetic,True
MLCC_UNSEEN_CONDITION_C001501,MLCC_UNSEEN_CONDITION_B010,MLCC_X7R,leakage_ua,SIM_X7R_100N_50V,healthy_settling,healthy_settling,False,True,False,,,0.0374028297529,0.0374133368475,False,False,False,0.25,synthetic,True
MLCC_UNSEEN_CONDITION_C001541,MLCC_UNSEEN_CONDITION_B010,MLCC_X7R,leakage_ua,SIM_X7R_100N_50V,late_abrupt_onset,late_abrupt_onset,True,False,False,72,,0.165812291966,0.17116722729,False,False,False,0.25,synthetic,True
MLCC_UNSEEN_CONDITION_C001558,MLCC_UNSEEN_CONDITION_B010,MLCC_X7R,leakage_ua,SIM_X7R_100N_50V,healthy_settling,healthy_settling,False,True,False,,,0.0515054005442,0.0526398586829,False,False,False,0.25,synthetic,True
MLCC_UNSEEN_CONDITION_C001581,MLCC_UNSEEN_CONDITION_B010,MLCC_X7R,leakage_ua,SIM_X7R_100N_50V,tester_channel_fault,ordinary_noise,False,False,True,,72,0.328394639573,0.0343380174211,False,True,False,0.25,synthetic,True
MLCC_UNSEEN_CONDITION_C001626,MLCC_UNSEEN_CONDITION_B010,MLCC_X7R,leakage_ua,SIM_X7R_100N_50V,healthy_settling,healthy_settling,False,True,False,,,0.0480274675375,0.0484578604364,False,False,False,0.25,synthetic,True
MLCC_UNSEEN_CONDITION_C001680,MLCC_UNSEEN_CONDITION_B010,MLCC_X7R,leakage_ua,SIM_X7R_100N_50V,healthy_settling,healthy_settling,False,True,False,,,0.041382297545,0.0409511561101,False,False,False,0.25,synthetic,True
MLCC_UNSEEN_CONDITION_C001710,MLCC_UNSEEN_CONDITION_B010,MLCC_X7R,leakage_ua,SIM_X7R_100N_50V,healthy_settling,healthy_settling,False,True,False,,,0.0653568869968,0.0671875307602,False,False,False,0.25,synthetic,True
MLCC_UNSEEN_CONDITION_C001740,MLCC_UNSEEN_CONDITION_B010,MLCC_X7R,leakage_ua,SIM_X7R_100N_50V,late_abrupt_onset,late_abrupt_onset,True,False,False,144,,0.0778853082224,0.076598879916,False,False,False,0.25,synthetic,True
MLCC_UNSEEN_CONDITION_C001752,MLCC_UNSEEN_CONDITION_B010,MLCC_X7R,leakage_ua,SIM_X7R_100N_50V,tester_channel_fault,healthy_settling,False,False,True,,72,0.338608357006,0.0421890421045,False,True,False,0.25,synthetic,True
MLCC_UNSEEN_CONDITION_C001791,MLCC_UNSEEN_CONDITION_B010,MLCC_X7R,leakage_ua,SIM_X7R_100N_50V,ordinary_noise,ordinary_noise,False,True,False,,,0.0633950831652,0.0575980112939,False,False,False,0.25,synthetic,True
MLCC_UNSEEN_CONDITION_C001793,MLCC_UNSEEN_CONDITION_B010,MLCC_X7R,leakage_ua,SIM_X7R_100N_50V,healthy_settling,healthy_settling,False,True,False,,,0.0517186233415,0.051597095398,False,False,False,0.25,synthetic,True
MLCC_UNSEEN_CONDITION_C001799,MLCC_UNSEEN_CONDITION_B010,MLCC_X7R,leakage_ua,SIM_X7R_100N_50V,healthy_settling,healthy_settling,False,True,False,,,0.0366991001644,0.0365123113709,False,False,False,0.25,synthetic,True
MLCC_UNSEEN_CONDITION_C001810,MLCC_UNSEEN_CONDITION_B010,MLCC_X7R,leakage_ua,SIM_X7R_100N_50V,ordinary_noise,ordinary_noise,False,True,False,,,0.0390940177477,0.0392454250218,False,False,False,0.25,synthetic,True
MLCC_UNSEEN_CONDITION_C001821,MLCC_UNSEEN_CONDITION_B010,MLCC_X7R,leakage_ua,SIM_X7R_100N_50V,gradual_drift,gradual_drift,True,False,False,6,,0.129515428741,0.121393947819,False,False,False,0.25,synthetic,True
MLCC_UNSEEN_CONDITION_C001845,MLCC_UNSEEN_CONDITION_B010,MLCC_X7R,leakage_ua,SIM_X7R_100N_50V,healthy_settling,healthy_settling,False,True,False,,,0.0358399801823,0.036825040257,False,False,False,0.25,synthetic,True
MLCC_UNSEEN_CONDITION_C001863,MLCC_UNSEEN_CONDITION_B010,MLCC_X7R,leakage_ua,SIM_X7R_100N_50V,healthy_settling,healthy_settling,False,True,False,,,0.0552233114925,0.0555048057739,False,False,False,0.25,synthetic,True
MLCC_UNSEEN_CONDITION_C001916,MLCC_UNSEEN_CONDITION_B010,MLCC_X7R,leakage_ua,SIM_X7R_100N_50V,healthy_settling,healthy_settling,False,True,False,,,0.0254903834256,0.0264219596358,False,False,False,0.25,synthetic,True
MLCC_UNSEEN_CONDITION_C001930,MLCC_UNSEEN_CONDITION_B010,MLCC_X7R,leakage_ua,SIM_X7R_100N_50V,ordinary_noise,ordinary_noise,False,True,False,,,0.0672374031596,0.065267672988,False,False,False,0.25,synthetic,True
MLCC_UNSEEN_CONDITION_C001987,MLCC_UNSEEN_CONDITION_B010,MLCC_X7R,leakage_ua,SIM_X7R_100N_50V,healthy_settling,healthy_settling,False,True,False,,,0.0323047525955,0.0330696497672,False,False,False,0.25,synthetic,True
MLCC_UNSEEN_CONDITION_C001989,MLCC_UNSEEN_CONDITION_B010,MLCC_X7R,leakage_ua,SIM_X7R_100N_50V,healthy_settling,healthy_settling,False,True,False,,,0.0451455132463,0.0454363174548,False,False,False,0.25,synthetic,True
MLCC_UNSEEN_CONDITION_C000019,MLCC_UNSEEN_CONDITION_B011,MLCC_X7R,leakage_ua,SIM_X7R_1U_25V,ordinary_noise,ordinary_noise,False,True,False,,,0.216085391471,0.211836790272,False,False,False,0.7,synthetic,True
MLCC_UNSEEN_CONDITION_C000030,MLCC_UNSEEN_CONDITION_B011,MLCC_X7R,leakage_ua,SIM_X7R_1U_25V,healthy_settling,healthy_settling,False,True,False,,,0.10704637324,0.107922217624,False,False,False,0.7,synthetic,True
MLCC_UNSEEN_CONDITION_C000053,MLCC_UNSEEN_CONDITION_B011,MLCC_X7R,leakage_ua,SIM_X7R_1U_25V,healthy_settling,healthy_settling,False,True,False,,,0.133460898785,0.130546353694,False,False,False,0.7,synthetic,True
MLCC_UNSEEN_CONDITION_C000075,MLCC_UNSEEN_CONDITION_B011,MLCC_X7R,leakage_ua,SIM_X7R_1U_25V,healthy_settling,healthy_settling,False,True,False,,,0.148030183335,0.149989518889,False,False,False,0.7,synthetic,True
MLCC_UNSEEN_CONDITION_C000088,MLCC_UNSEEN_CONDITION_B011,MLCC_X7R,leakage_ua,SIM_X7R_1U_25V,ordinary_noise,ordinary_noise,False,True,False,,,0.0923750057639,0.0950465584503,False,False,False,0.7,synthetic,True
MLCC_UNSEEN_CONDITION_C000097,MLCC_UNSEEN_CONDITION_B011,MLCC_X7R,leakage_ua,SIM_X7R_1U_25V,healthy_settling,healthy_settling,False,True,False,,,0.161273955106,0.154255010665,False,False,False,0.7,synthetic,True
MLCC_UNSEEN_CONDITION_C000102,MLCC_UNSEEN_CONDITION_B011,MLCC_X7R,leakage_ua,SIM_X7R_1U_25V,ordinary_noise,ordinary_noise,False,True,False,,,0.165168642675,0.135743926336,False,False,False,0.7,synthetic,True
MLCC_UNSEEN_CONDITION_C000113,MLCC_UNSEEN_CONDITION_B011,MLCC_X7R,leakage_ua,SIM_X7R_1U_25V,healthy_settling,healthy_settling,False,True,False,,,0.14328763729,0.147500377088,False,False,False,0.7,synthetic,True
MLCC_UNSEEN_CONDITION_C000128,MLCC_UNSEEN_CONDITION_B011,MLCC_X7R,leakage_ua,SIM_X7R_1U_25V,ordinary_noise,ordinary_noise,False,True,False,,,0.187199122917,0.133642859328,False,False,False,0.7,synthetic,True
MLCC_UNSEEN_CONDITION_C000136,MLCC_UNSEEN_CONDITION_B011,MLCC_X7R,leakage_ua,SIM_X7R_1U_25V,tester_channel_fault,healthy_settling,False,False,True,,72,0.820460092027,0.256036298136,False,True,False,0.7,synthetic,True
MLCC_UNSEEN_CONDITION_C000154,MLCC_UNSEEN_CONDITION_B011,MLCC_X7R,leakage_ua,SIM_X7R_1U_25V,healthy_settling,healthy_settling,False,True,False,,,0.16888975387,0.168797876912,False,False,False,0.7,synthetic,True
MLCC_UNSEEN_CONDITION_C000159,MLCC_UNSEEN_CONDITION_B011,MLCC_X7R,leakage_ua,SIM_X7R_1U_25V,ordinary_noise,ordinary_noise,False,True,False,,,0.0708167202216,0.0793713722443,False,False,False,0.7,synthetic,True
MLCC_UNSEEN_CONDITION_C000244,MLCC_UNSEEN_CONDITION_B011,MLCC_X7R,leakage_ua,SIM_X7R_1U_25V,healthy_settling,healthy_settling,False,True,False,,,0.112470384683,0.109604691977,False,False,False,0.7,synthetic,True
MLCC_UNSEEN_CONDITION_C000261,MLCC_UNSEEN_CONDITION_B011,MLCC_X7R,leakage_ua,SIM_X7R_1U_25V,accelerating_drift,accelerating_drift,True,False,False,24,,1.16338103562,1.20783381921,True,True,True,0.7,synthetic,True
MLCC_UNSEEN_CONDITION_C000264,MLCC_UNSEEN_CONDITION_B011,MLCC_X7R,leakage_ua,SIM_X7R_1U_25V,ordinary_noise,ordinary_noise,False,True,False,,,0.160171557782,0.169519934841,False,False,False,0.7,synthetic,True
MLCC_UNSEEN_CONDITION_C000289,MLCC_UNSEEN_CONDITION_B011,MLCC_X7R,leakage_ua,SIM_X7R_1U_25V,healthy_settling,healthy_settling,False,True,False,,,0.225904169174,0.218229096652,False,False,False,0.7,synthetic,True
MLCC_UNSEEN_CONDITION_C000332,MLCC_UNSEEN_CONDITION_B011,MLCC_X7R,leakage_ua,SIM_X7R_1U_25V,tester_channel_fault,ordinary_noise,False,False,True,,72,0.789682216365,0.216813947123,False,True,False,0.7,synthetic,True
MLCC_UNSEEN_CONDITION_C000378,MLCC_UNSEEN_CONDITION_B011,MLCC_X7R,leakage_ua,SIM_X7R_1U_25V,ordinary_noise,ordinary_noise,False,True,False,,,0.144272681607,0.118045905018,False,False,False,0.7,synthetic,True
MLCC_UNSEEN_CONDITION_C000387,MLCC_UNSEEN_CONDITION_B011,MLCC_X7R,leakage_ua,SIM_X7R_1U_25V,ordinary_noise,ordinary_noise,False,True,False,,,0.20165659003,0.176910245415,False,False,False,0.7,synthetic,True
MLCC_UNSEEN_CONDITION_C000418,MLCC_UNSEEN_CONDITION_B011,MLCC_X7R,leakage_ua,SIM_X7R_1U_25V,healthy_settling,healthy_settling,False,True,False,,,0.230093257352,0.227940348762,False,False,False,0.7,synthetic,True
MLCC_UNSEEN_CONDITION_C000445,MLCC_UNSEEN_CONDITION_B011,MLCC_X7R,leakage_ua,SIM_X7R_1U_25V,moisture_associated_history,moisture_associated_history,True,False,False,0,,0.913609005791,0.90931539019,True,True,True,0.7,synthetic,True
MLCC_UNSEEN_CONDITION_C000516,MLCC_UNSEEN_CONDITION_B011,MLCC_X7R,leakage_ua,SIM_X7R_1U_25V,healthy_settling,healthy_settling,False,True,False,,,0.0938738972055,0.09371694781,False,False,False,0.7,synthetic,True
MLCC_UNSEEN_CONDITION_C000520,MLCC_UNSEEN_CONDITION_B011,MLCC_X7R,leakage_ua,SIM_X7R_1U_25V,healthy_settling,healthy_settling,False,True,False,,,0.0718456085992,0.0728778889326,False,False,False,0.7,synthetic,True
MLCC_UNSEEN_CONDITION_C000538,MLCC_UNSEEN_CONDITION_B011,MLCC_X7R,leakage_ua,SIM_X7R_1U_25V,ordinary_noise,ordinary_noise,False,True,False,,,0.149239139342,0.134849361706,False,False,False,0.7,synthetic,True
MLCC_UNSEEN_CONDITION_C000543,MLCC_UNSEEN_CONDITION_B011,MLCC_X7R,leakage_ua,SIM_X7R_1U_25V,healthy_settling,healthy_settling,False,True,False,,,0.122055214231,0.132965182208,False,False,False,0.7,synthetic,True
MLCC_UNSEEN_CONDITION_C000571,MLCC_UNSEEN_CONDITION_B011,MLCC_X7R,leakage_ua,SIM_X7R_1U_25V,ordinary_noise,ordinary_noise,False,True,False,,,0.116887119835,0.117461701233,False,False,False,0.7,synthetic,True
MLCC_UNSEEN_CONDITION_C000573,MLCC_UNSEEN_CONDITION_B011,MLCC_X7R,leakage_ua,SIM_X7R_1U_25V,healthy_settling,healthy_settling,False,True,False,,,0.0863623926858,0.0870717781019,False,False,False,0.7,synthetic,True
MLCC_UNSEEN_CONDITION_C000577,MLCC_UNSEEN_CONDITION_B011,MLCC_X7R,leakage_ua,SIM_X7R_1U_25V,accelerating_drift,accelerating_drift,True,False,False,0,,0.435863662026,0.442758225292,False,False,False,0.7,synthetic,True
MLCC_UNSEEN_CONDITION_C000594,MLCC_UNSEEN_CONDITION_B011,MLCC_X7R,leakage_ua,SIM_X7R_1U_25V,healthy_settling,healthy_settling,False,True,False,,,0.183199634664,0.173999118981,False,False,False,0.7,synthetic,True
MLCC_UNSEEN_CONDITION_C000607,MLCC_UNSEEN_CONDITION_B011,MLCC_X7R,leakage_ua,SIM_X7R_1U_25V,ordinary_noise,ordinary_noise,False,True,False,,,0.0971422530019,0.124851313952,False,False,False,0.7,synthetic,True
MLCC_UNSEEN_CONDITION_C000613,MLCC_UNSEEN_CONDITION_B011,MLCC_X7R,leakage_ua,SIM_X7R_1U_25V,healthy_settling,healthy_settling,False,True,False,,,0.173710930865,0.173777522882,False,False,False,0.7,synthetic,True
MLCC_UNSEEN_CONDITION_C000617,MLCC_UNSEEN_CONDITION_B011,MLCC_X7R,leakage_ua,SIM_X7R_1U_25V,ordinary_noise,ordinary_noise,False,True,False,,,0.152545340438,0.154322955169,False,False,False,0.7,synthetic,True
MLCC_UNSEEN_CONDITION_C000630,MLCC_UNSEEN_CONDITION_B011,MLCC_X7R,leakage_ua,SIM_X7R_1U_25V,healthy_settling,healthy_settling,False,True,False,,,0.105364186151,0.105320746525,False,False,False,0.7,synthetic,True
MLCC_UNSEEN_CONDITION_C000637,MLCC_UNSEEN_CONDITION_B011,MLCC_X7R,leakage_ua,SIM_X7R_1U_25V,healthy_settling,healthy_settling,False,True,False,,,0.131743196722,0.13269513794,False,False,False,0.7,synthetic,True
MLCC_UNSEEN_CONDITION_C000656,MLCC_UNSEEN_CONDITION_B011,MLCC_X7R,leakage_ua,SIM_X7R_1U_25V,healthy_settling,healthy_settling,False,True,False,,,0.186079829095,0.190373250809,False,False,False,0.7,synthetic,True
MLCC_UNSEEN_CONDITION_C000689,MLCC_UNSEEN_CONDITION_B011,MLCC_X7R,leakage_ua,SIM_X7R_1U_25V,healthy_settling,healthy_settling,False,True,False,,,0.149512020496,0.148960462565,False,False,False,0.7,synthetic,True
MLCC_UNSEEN_CONDITION_C000704,MLCC_UNSEEN_CONDITION_B011,MLCC_X7R,leakage_ua,SIM_X7R_1U_25V,healthy_settling,healthy_settling,False,True,False,,,0.0926803338462,0.0911702760311,False,False,False,0.7,synthetic,True
MLCC_UNSEEN_CONDITION_C000765,MLCC_UNSEEN_CONDITION_B011,MLCC_X7R,leakage_ua,SIM_X7R_1U_25V,healthy_settling,healthy_settling,False,True,False,,,0.187600120887,0.192930529301,False,False,False,0.7,synthetic,True
MLCC_UNSEEN_CONDITION_C000810,MLCC_UNSEEN_CONDITION_B011,MLCC_X7R,leakage_ua,SIM_X7R_1U_25V,ordinary_noise,ordinary_noise,False,True,False,,,0.0973956287751,0.100779534351,False,False,False,0.7,synthetic,True
MLCC_UNSEEN_CONDITION_C000836,MLCC_UNSEEN_CONDITION_B011,MLCC_X7R,leakage_ua,SIM_X7R_1U_25V,healthy_settling,healthy_settling,False,True,False,,,0.099399487772,0.10102832966,False,False,False,0.7,synthetic,True
MLCC_UNSEEN_CONDITION_C000845,MLCC_UNSEEN_CONDITION_B011,MLCC_X7R,leakage_ua,SIM_X7R_1U_25V,healthy_settling,healthy_settling,False,True,False,,,0.115971674854,0.11810156955,False,False,False,0.7,synthetic,True
MLCC_UNSEEN_CONDITION_C000868,MLCC_UNSEEN_CONDITION_B011,MLCC_X7R,leakage_ua,SIM_X7R_1U_25V,healthy_settling,healthy_settling,False,True,False,,,0.177356317828,0.182418924622,False,False,False,0.7,synthetic,True
MLCC_UNSEEN_CONDITION_C000893,MLCC_UNSEEN_CONDITION_B011,MLCC_X7R,leakage_ua,SIM_X7R_1U_25V,healthy_settling,healthy_settling,False,True,False,,,0.102274989541,0.10326665422,False,False,False,0.7,synthetic,True
MLCC_UNSEEN_CONDITION_C000896,MLCC_UNSEEN_CONDITION_B011,MLCC_X7R,leakage_ua,SIM_X7R_1U_25V,gradual_drift,gradual_drift,True,False,False,0,,0.477569702059,0.456744455679,False,False,False,0.7,synthetic,True
MLCC_UNSEEN_CONDITION_C000901,MLCC_UNSEEN_CONDITION_B011,MLCC_X7R,leakage_ua,SIM_X7R_1U_25V,healthy_settling,healthy_settling,False,True,False,,,0.105174823579,0.110675173815,False,False,False,0.7,synthetic,True
MLCC_UNSEEN_CONDITION_C000916,MLCC_UNSEEN_CONDITION_B011,MLCC_X7R,leakage_ua,SIM_X7R_1U_25V,healthy_settling,healthy_settling,False,True,False,,,0.125283112812,0.121313572571,False,False,False,0.7,synthetic,True
MLCC_UNSEEN_CONDITION_C000919,MLCC_UNSEEN_CONDITION_B011,MLCC_X7R,leakage_ua,SIM_X7R_1U_25V,gradual_drift,gradual_drift,True,False,False,0,,0.342173773905,0.354137306942,False,False,False,0.7,synthetic,True
MLCC_UNSEEN_CONDITION_C000940,MLCC_UNSEEN_CONDITION_B011,MLCC_X7R,leakage_ua,SIM_X7R_1U_25V,tester_channel_fault,healthy_settling,False,False,True,,72,0.655193430292,0.110077960415,False,False,False,0.7,synthetic,True
MLCC_UNSEEN_CONDITION_C000945,MLCC_UNSEEN_CONDITION_B011,MLCC_X7R,leakage_ua,SIM_X7R_1U_25V,healthy_settling,healthy_settling,False,True,False,,,0.139649996605,0.139373024403,False,False,False,0.7,synthetic,True
MLCC_UNSEEN_CONDITION_C000959,MLCC_UNSEEN_CONDITION_B011,MLCC_X7R,leakage_ua,SIM_X7R_1U_25V,healthy_settling,healthy_settling,False,True,False,,,0.123816431865,0.122235881485,False,False,False,0.7,synthetic,True
MLCC_UNSEEN_CONDITION_C000983,MLCC_UNSEEN_CONDITION_B011,MLCC_X7R,leakage_ua,SIM_X7R_1U_25V,ordinary_noise,ordinary_noise,False,True,False,,,0.140105891407,0.139672759989,False,False,False,0.7,synthetic,True
MLCC_UNSEEN_CONDITION_C001050,MLCC_UNSEEN_CONDITION_B011,MLCC_X7R,leakage_ua,SIM_X7R_1U_25V,healthy_settling,healthy_settling,False,True,False,,,0.196799527741,0.207130428009,False,False,False,0.7,synthetic,True
MLCC_UNSEEN_CONDITION_C001077,MLCC_UNSEEN_CONDITION_B011,MLCC_X7R,leakage_ua,SIM_X7R_1U_25V,healthy_settling,healthy_settling,False,True,False,,,0.127621623145,0.128358753777,False,False,False,0.7,synthetic,True
MLCC_UNSEEN_CONDITION_C001078,MLCC_UNSEEN_CONDITION_B011,MLCC_X7R,leakage_ua,SIM_X7R_1U_25V,healthy_settling,healthy_settling,False,True,False,,,0.068804501249,0.0693400655413,False,False,False,0.7,synthetic,True
MLCC_UNSEEN_CONDITION_C001092,MLCC_UNSEEN_CONDITION_B011,MLCC_X7R,leakage_ua,SIM_X7R_1U_25V,healthy_settling,healthy_settling,False,True,False,,,0.155799898297,0.15964479805,False,False,False,0.7,synthetic,True
MLCC_UNSEEN_CONDITION_C001108,MLCC_UNSEEN_CONDITION_B011,MLCC_X7R,leakage_ua,SIM_X7R_1U_25V,healthy_settling,healthy_settling,False,True,False,,,0.0749325598964,0.0764870922605,False,False,False,0.7,synthetic,True
MLCC_UNSEEN_CONDITION_C001139,MLCC_UNSEEN_CONDITION_B011,MLCC_X7R,leakage_ua,SIM_X7R_1U_25V,healthy_settling,healthy_settling,False,True,False,,,0.123422496296,0.120483148899,False,False,False,0.7,synthetic,True
MLCC_UNSEEN_CONDITION_C001142,MLCC_UNSEEN_CONDITION_B011,MLCC_X7R,leakage_ua,SIM_X7R_1U_25V,tester_channel_fault,healthy_settling,False,False,True,,72,0.658843607352,0.112884364207,False,False,False,0.7,synthetic,True
MLCC_UNSEEN_CONDITION_C001146,MLCC_UNSEEN_CONDITION_B011,MLCC_X7R,leakage_ua,SIM_X7R_1U_25V,healthy_settling,healthy_settling,False,True,False,,,0.106691321356,0.107446671675,False,False,False,0.7,synthetic,True
MLCC_UNSEEN_CONDITION_C001157,MLCC_UNSEEN_CONDITION_B011,MLCC_X7R,leakage_ua,SIM_X7R_1U_25V,healthy_settling,healthy_settling,False,True,False,,,0.111433123844,0.110577993496,False,False,False,0.7,synthetic,True
MLCC_UNSEEN_CONDITION_C001164,MLCC_UNSEEN_CONDITION_B011,MLCC_X7R,leakage_ua,SIM_X7R_1U_25V,healthy_settling,healthy_settling,False,True,False,,,0.153972274768,0.145640933102,False,False,False,0.7,synthetic,True
MLCC_UNSEEN_CONDITION_C001172,MLCC_UNSEEN_CONDITION_B011,MLCC_X7R,leakage_ua,SIM_X7R_1U_25V,healthy_settling,healthy_settling,False,True,False,,,0.147636015218,0.14175697894,False,False,False,0.7,synthetic,True
MLCC_UNSEEN_CONDITION_C001181,MLCC_UNSEEN_CONDITION_B011,MLCC_X7R,leakage_ua,SIM_X7R_1U_25V,intermittent_leakage,intermittent_leakage,True,False,False,12,,0.429652653539,0.439764868928,False,False,False,0.7,synthetic,True
MLCC_UNSEEN_CONDITION_C001202,MLCC_UNSEEN_CONDITION_B011,MLCC_X7R,leakage_ua,SIM_X7R_1U_25V,ordinary_noise,ordinary_noise,False,True,False,,,0.136813250709,0.124761585311,False,False,False,0.7,synthetic,True
MLCC_UNSEEN_CONDITION_C001205,MLCC_UNSEEN_CONDITION_B011,MLCC_X7R,leakage_ua,SIM_X7R_1U_25V,ordinary_noise,ordinary_noise,False,True,False,,,0.140580260049,0.138090262776,False,False,False,0.7,synthetic,True
MLCC_UNSEEN_CONDITION_C001207,MLCC_UNSEEN_CONDITION_B011,MLCC_X7R,leakage_ua,SIM_X7R_1U_25V,tester_channel_fault,healthy_settling,False,False,True,,72,0.67572663783,0.133995065772,False,False,False,0.7,synthetic,True
MLCC_UNSEEN_CONDITION_C001217,MLCC_UNSEEN_CONDITION_B011,MLCC_X7R,leakage_ua,SIM_X7R_1U_25V,healthy_settling,healthy_settling,False,True,False,,,0.124767908973,0.124551701776,False,False,False,0.7,synthetic,True
MLCC_UNSEEN_CONDITION_C001239,MLCC_UNSEEN_CONDITION_B011,MLCC_X7R,leakage_ua,SIM_X7R_1U_25V,healthy_settling,healthy_settling,False,True,False,,,0.128844740138,0.133608270447,False,False,False,0.7,synthetic,True
MLCC_UNSEEN_CONDITION_C001246,MLCC_UNSEEN_CONDITION_B011,MLCC_X7R,leakage_ua,SIM_X7R_1U_25V,late_abrupt_onset,late_abrupt_onset,True,False,False,96,,0.437447052239,0.440792557099,False,False,False,0.7,synthetic,True
MLCC_UNSEEN_CONDITION_C001265,MLCC_UNSEEN_CONDITION_B011,MLCC_X7R,leakage_ua,SIM_X7R_1U_25V,moisture_associated_history,moisture_associated_history,True,False,False,6,,0.551895739607,0.570939457664,False,False,False,0.7,synthetic,True
MLCC_UNSEEN_CONDITION_C001285,MLCC_UNSEEN_CONDITION_B011,MLCC_X7R,leakage_ua,SIM_X7R_1U_25V,healthy_settling,healthy_settling,False,True,False,,,0.10874717982,0.107527747565,False,False,False,0.7,synthetic,True
MLCC_UNSEEN_CONDITION_C001296,MLCC_UNSEEN_CONDITION_B011,MLCC_X7R,leakage_ua,SIM_X7R_1U_25V,healthy_settling,healthy_settling,False,True,False,,,0.106527199028,0.107979525789,False,False,False,0.7,synthetic,True
MLCC_UNSEEN_CONDITION_C001305,MLCC_UNSEEN_CONDITION_B011,MLCC_X7R,leakage_ua,SIM_X7R_1U_25V,late_abrupt_onset,late_abrupt_onset,True,False,False,48,,0.287980692875,0.282579371135,False,False,False,0.7,synthetic,True
MLCC_UNSEEN_CONDITION_C001318,MLCC_UNSEEN_CONDITION_B011,MLCC_X7R,leakage_ua,SIM_X7R_1U_25V,healthy_settling,healthy_settling,False,True,False,,,0.134726412035,0.139093709481,False,False,False,0.7,synthetic,True
MLCC_UNSEEN_CONDITION_C001339,MLCC_UNSEEN_CONDITION_B011,MLCC_X7R,leakage_ua,SIM_X7R_1U_25V,healthy_settling,healthy_settling,False,True,False,,,0.0560664324455,0.0569297270943,False,False,False,0.7,synthetic,True
MLCC_UNSEEN_CONDITION_C001378,MLCC_UNSEEN_CONDITION_B011,MLCC_X7R,leakage_ua,SIM_X7R_1U_25V,healthy_settling,healthy_settling,False,True,False,,,0.179194360788,0.179494156165,False,False,False,0.7,synthetic,True
MLCC_UNSEEN_CONDITION_C001430,MLCC_UNSEEN_CONDITION_B011,MLCC_X7R,leakage_ua,SIM_X7R_1U_25V,healthy_settling,healthy_settling,False,True,False,,,0.0990519719992,0.0972417122302,False,False,False,0.7,synthetic,True
MLCC_UNSEEN_CONDITION_C001446,MLCC_UNSEEN_CONDITION_B011,MLCC_X7R,leakage_ua,SIM_X7R_1U_25V,accelerating_drift,accelerating_drift,True,False,False,0,,0.384166861033,0.374768542329,False,False,False,0.7,synthetic,True
MLCC_UNSEEN_CONDITION_C001475,MLCC_UNSEEN_CONDITION_B011,MLCC_X7R,leakage_ua,SIM_X7R_1U_25V,healthy_settling,healthy_settling,False,True,False,,,0.129264951431,0.129098397953,False,False,False,0.7,synthetic,True
MLCC_UNSEEN_CONDITION_C001513,MLCC_UNSEEN_CONDITION_B011,MLCC_X7R,leakage_ua,SIM_X7R_1U_25V,ordinary_noise,ordinary_noise,False,True,False,,,0.21598830544,0.190593222328,False,False,False,0.7,synthetic,True
MLCC_UNSEEN_CONDITION_C001564,MLCC_UNSEEN_CONDITION_B011,MLCC_X7R,leakage_ua,SIM_X7R_1U_25V,ordinary_noise,ordinary_noise,False,True,False,,,0.138281486773,0.161951301517,False,False,False,0.7,synthetic,True
MLCC_UNSEEN_CONDITION_C001614,MLCC_UNSEEN_CONDITION_B011,MLCC_X7R,leakage_ua,SIM_X7R_1U_25V,healthy_settling,healthy_settling,False,True,False,,,0.0965699182501,0.0986915199205,False,False,False,0.7,synthetic,True
MLCC_UNSEEN_CONDITION_C001621,MLCC_UNSEEN_CONDITION_B011,MLCC_X7R,leakage_ua,SIM_X7R_1U_25V,healthy_settling,healthy_settling,False,True,False,,,0.147689906225,0.154709954326,False,False,False,0.7,synthetic,True
MLCC_UNSEEN_CONDITION_C001633,MLCC_UNSEEN_CONDITION_B011,MLCC_X7R,leakage_ua,SIM_X7R_1U_25V,ordinary_noise,ordinary_noise,False,True,False,,,0.155655532918,0.146487176638,False,False,False,0.7,synthetic,True
MLCC_UNSEEN_CONDITION_C001639,MLCC_UNSEEN_CONDITION_B011,MLCC_X7R,leakage_ua,SIM_X7R_1U_25V,healthy_settling,healthy_settling,False,True,False,,,0.169021287373,0.167618588712,False,False,False,0.7,synthetic,True
MLCC_UNSEEN_CONDITION_C001678,MLCC_UNSEEN_CONDITION_B011,MLCC_X7R,leakage_ua,SIM_X7R_1U_25V,healthy_settling,healthy_settling,False,True,False,,,0.129509278099,0.132005392027,False,False,False,0.7,synthetic,True
MLCC_UNSEEN_CONDITION_C001697,MLCC_UNSEEN_CONDITION_B011,MLCC_X7R,leakage_ua,SIM_X7R_1U_25V,intermittent_leakage,intermittent_leakage,True,False,False,24,,0.48982604897,0.489960462714,False,False,False,0.7,synthetic,True
MLCC_UNSEEN_CONDITION_C001705,MLCC_UNSEEN_CONDITION_B011,MLCC_X7R,leakage_ua,SIM_X7R_1U_25V,accelerating_drift,accelerating_drift,True,False,False,24,,0.48573943525,0.494713749729,False,False,False,0.7,synthetic,True
MLCC_UNSEEN_CONDITION_C001727,MLCC_UNSEEN_CONDITION_B011,MLCC_X7R,leakage_ua,SIM_X7R_1U_25V,healthy_settling,healthy_settling,False,True,False,,,0.117211835562,0.118428834452,False,False,False,0.7,synthetic,True
MLCC_UNSEEN_CONDITION_C001790,MLCC_UNSEEN_CONDITION_B011,MLCC_X7R,leakage_ua,SIM_X7R_1U_25V,ordinary_noise,ordinary_noise,False,True,False,,,0.120723462619,0.112426130159,False,False,False,0.7,synthetic,True
MLCC_UNSEEN_CONDITION_C001800,MLCC_UNSEEN_CONDITION_B011,MLCC_X7R,leakage_ua,SIM_X7R_1U_25V,healthy_settling,healthy_settling,False,True,False,,,0.164260571713,0.154911726691,False,False,False,0.7,synthetic,True
MLCC_UNSEEN_CONDITION_C001802,MLCC_UNSEEN_CONDITION_B011,MLCC_X7R,leakage_ua,SIM_X7R_1U_25V,ordinary_noise,ordinary_noise,False,True,False,,,0.109106673999,0.127332884758,False,False,False,0.7,synthetic,True
MLCC_UNSEEN_CONDITION_C001814,MLCC_UNSEEN_CONDITION_B011,MLCC_X7R,leakage_ua,SIM_X7R_1U_25V,gradual_drift,gradual_drift,True,False,False,12,,0.689041359119,0.683315226754,False,False,False,0.7,synthetic,True
MLCC_UNSEEN_CONDITION_C001832,MLCC_UNSEEN_CONDITION_B011,MLCC_X7R,leakage_ua,SIM_X7R_1U_25V,moisture_associated_history,moisture_associated_history,True,False,False,12,,0.22505041688,0.213764786531,False,False,False,0.7,synthetic,True
MLCC_UNSEEN_CONDITION_C001876,MLCC_UNSEEN_CONDITION_B011,MLCC_X7R,leakage_ua,SIM_X7R_1U_25V,healthy_settling,healthy_settling,False,True,False,,,0.14506677502,0.146164136829,False,False,False,0.7,synthetic,True
MLCC_UNSEEN_CONDITION_C001917,MLCC_UNSEEN_CONDITION_B011,MLCC_X7R,leakage_ua,SIM_X7R_1U_25V,healthy_settling,healthy_settling,False,True,False,,,0.100181284161,0.101061606846,False,False,False,0.7,synthetic,True
MLCC_UNSEEN_CONDITION_C001943,MLCC_UNSEEN_CONDITION_B011,MLCC_X7R,leakage_ua,SIM_X7R_1U_25V,gradual_drift,gradual_drift,True,False,False,6,,0.30411633228,0.326289338749,False,False,False,0.7,synthetic,True
MLCC_UNSEEN_CONDITION_C001953,MLCC_UNSEEN_CONDITION_B011,MLCC_X7R,leakage_ua,SIM_X7R_1U_25V,tester_channel_fault,healthy_settling,False,False,True,,72,0.645919408077,0.0977693063199,False,False,False,0.7,synthetic,True
MLCC_UNSEEN_CONDITION_C001961,MLCC_UNSEEN_CONDITION_B011,MLCC_X7R,leakage_ua,SIM_X7R_1U_25V,healthy_settling,healthy_settling,False,True,False,,,0.109068563737,0.103713216862,False,False,False,0.7,synthetic,True
MLCC_UNSEEN_CONDITION_C001998,MLCC_UNSEEN_CONDITION_B011,MLCC_X7R,leakage_ua,SIM_X7R_1U_25V,healthy_settling,healthy_settling,False,True,False,,,0.172311628079,0.163682033237,False,False,False,0.7,synthetic,True
MLCC_UNSEEN_CONDITION_C000008,MLCC_UNSEEN_CONDITION_B012,MLCC_X7R,leakage_ua,SIM_X7R_100N_50V,healthy_settling,healthy_settling,False,True,False,,,0.0266061053467,0.0279146956285,False,False,False,0.25,synthetic,True
MLCC_UNSEEN_CONDITION_C000027,MLCC_UNSEEN_CONDITION_B012,MLCC_X7R,leakage_ua,SIM_X7R_100N_50V,healthy_settling,healthy_settling,False,True,False,,,0.0663504755045,0.0660989568059,False,False,False,0.25,synthetic,True
MLCC_UNSEEN_CONDITION_C000031,MLCC_UNSEEN_CONDITION_B012,MLCC_X7R,leakage_ua,SIM_X7R_100N_50V,healthy_settling,healthy_settling,False,True,False,,,0.0558914890404,0.0549079587095,False,False,False,0.25,synthetic,True
MLCC_UNSEEN_CONDITION_C000071,MLCC_UNSEEN_CONDITION_B012,MLCC_X7R,leakage_ua,SIM_X7R_100N_50V,healthy_settling,healthy_settling,False,True,False,,,0.0320367782068,0.0320181312104,False,False,False,0.25,synthetic,True
MLCC_UNSEEN_CONDITION_C000095,MLCC_UNSEEN_CONDITION_B012,MLCC_X7R,leakage_ua,SIM_X7R_100N_50V,healthy_settling,healthy_settling,False,True,False,,,0.0375574810956,0.0365499916406,False,False,False,0.25,synthetic,True
MLCC_UNSEEN_CONDITION_C000098,MLCC_UNSEEN_CONDITION_B012,MLCC_X7R,leakage_ua,SIM_X7R_100N_50V,healthy_settling,healthy_settling,False,True,False,,,0.0435721644495,0.0452241436897,False,False,False,0.25,synthetic,True
MLCC_UNSEEN_CONDITION_C000103,MLCC_UNSEEN_CONDITION_B012,MLCC_X7R,leakage_ua,SIM_X7R_100N_50V,healthy_settling,healthy_settling,False,True,False,,,0.036737617293,0.0365273593234,False,False,False,0.25,synthetic,True
MLCC_UNSEEN_CONDITION_C000155,MLCC_UNSEEN_CONDITION_B012,MLCC_X7R,leakage_ua,SIM_X7R_100N_50V,healthy_settling,healthy_settling,False,True,False,,,0.03330782067,0.033107961842,False,False,False,0.25,synthetic,True
MLCC_UNSEEN_CONDITION_C000160,MLCC_UNSEEN_CONDITION_B012,MLCC_X7R,leakage_ua,SIM_X7R_100N_50V,ordinary_noise,ordinary_noise,False,True,False,,,0.036235579446,0.0363226547408,False,False,False,0.25,synthetic,True
MLCC_UNSEEN_CONDITION_C000177,MLCC_UNSEEN_CONDITION_B012,MLCC_X7R,leakage_ua,SIM_X7R_100N_50V,healthy_settling,healthy_settling,False,True,False,,,0.022358622648,0.0226438039097,False,False,False,0.25,synthetic,True
MLCC_UNSEEN_CONDITION_C000224,MLCC_UNSEEN_CONDITION_B012,MLCC_X7R,leakage_ua,SIM_X7R_100N_50V,intermittent_leakage,intermittent_leakage,True,False,False,48,,0.0693028802875,0.0675472009625,False,False,False,0.25,synthetic,True
MLCC_UNSEEN_CONDITION_C000235,MLCC_UNSEEN_CONDITION_B012,MLCC_X7R,leakage_ua,SIM_X7R_100N_50V,healthy_settling,healthy_settling,False,True,False,,,0.035494348594,0.035511722525,False,False,False,0.25,synthetic,True
MLCC_UNSEEN_CONDITION_C000291,MLCC_UNSEEN_CONDITION_B012,MLCC_X7R,leakage_ua,SIM_X7R_100N_50V,late_abrupt_onset,late_abrupt_onset,True,False,False,72,,0.21405850547,0.213899442392,False,False,False,0.25,synthetic,True
MLCC_UNSEEN_CONDITION_C000296,MLCC_UNSEEN_CONDITION_B012,MLCC_X7R,leakage_ua,SIM_X7R_100N_50V,moisture_associated_history,moisture_associated_history,True,False,False,12,,0.198150930639,0.191381738071,False,False,False,0.25,synthetic,True
MLCC_UNSEEN_CONDITION_C000312,MLCC_UNSEEN_CONDITION_B012,MLCC_X7R,leakage_ua,SIM_X7R_100N_50V,healthy_settling,healthy_settling,False,True,False,,,0.0427059956446,0.0421055163715,False,False,False,0.25,synthetic,True
MLCC_UNSEEN_CONDITION_C000410,MLCC_UNSEEN_CONDITION_B012,MLCC_X7R,leakage_ua,SIM_X7R_100N_50V,healthy_settling,healthy_settling,False,True,False,,,0.0407742834034,0.0440782787122,False,False,False,0.25,synthetic,True
MLCC_UNSEEN_CONDITION_C000412,MLCC_UNSEEN_CONDITION_B012,MLCC_X7R,leakage_ua,SIM_X7R_100N_50V,healthy_settling,healthy_settling,False,True,False,,,0.0725571929479,0.0739955604097,False,False,False,0.25,synthetic,True
MLCC_UNSEEN_CONDITION_C000438,MLCC_UNSEEN_CONDITION_B012,MLCC_X7R,leakage_ua,SIM_X7R_100N_50V,healthy_settling,healthy_settling,False,True,False,,,0.0552356889507,0.0536419162707,False,False,False,0.25,synthetic,True
MLCC_UNSEEN_CONDITION_C000443,MLCC_UNSEEN_CONDITION_B012,MLCC_X7R,leakage_ua,SIM_X7R_100N_50V,healthy_settling,healthy_settling,False,True,False,,,0.038744651435,0.0376004167897,False,False,False,0.25,synthetic,True
MLCC_UNSEEN_CONDITION_C000500,MLCC_UNSEEN_CONDITION_B012,MLCC_X7R,leakage_ua,SIM_X7R_100N_50V,gradual_drift,gradual_drift,True,False,False,12,,0.115642867153,0.118222549338,False,False,False,0.25,synthetic,True
MLCC_UNSEEN_CONDITION_C000508,MLCC_UNSEEN_CONDITION_B012,MLCC_X7R,leakage_ua,SIM_X7R_100N_50V,gradual_drift,gradual_drift,True,False,False,6,,0.162949902121,0.16208938733,False,False,False,0.25,synthetic,True
MLCC_UNSEEN_CONDITION_C000533,MLCC_UNSEEN_CONDITION_B012,MLCC_X7R,leakage_ua,SIM_X7R_100N_50V,healthy_settling,healthy_settling,False,True,False,,,0.0454088435619,0.0462659662475,False,False,False,0.25,synthetic,True
MLCC_UNSEEN_CONDITION_C000535,MLCC_UNSEEN_CONDITION_B012,MLCC_X7R,leakage_ua,SIM_X7R_100N_50V,healthy_settling,healthy_settling,False,True,False,,,0.0411311878823,0.041147990864,False,False,False,0.25,synthetic,True
MLCC_UNSEEN_CONDITION_C000547,MLCC_UNSEEN_CONDITION_B012,MLCC_X7R,leakage_ua,SIM_X7R_100N_50V,healthy_settling,healthy_settling,False,True,False,,,0.0319666638371,0.0316241926242,False,False,False,0.25,synthetic,True
MLCC_UNSEEN_CONDITION_C000552,MLCC_UNSEEN_CONDITION_B012,MLCC_X7R,leakage_ua,SIM_X7R_100N_50V,healthy_settling,healthy_settling,False,True,False,,,0.0728056374062,0.075897278423,False,False,False,0.25,synthetic,True
MLCC_UNSEEN_CONDITION_C000563,MLCC_UNSEEN_CONDITION_B012,MLCC_X7R,leakage_ua,SIM_X7R_100N_50V,healthy_settling,healthy_settling,False,True,False,,,0.0505728826035,0.0490267417376,False,False,False,0.25,synthetic,True
MLCC_UNSEEN_CONDITION_C000564,MLCC_UNSEEN_CONDITION_B012,MLCC_X7R,leakage_ua,SIM_X7R_100N_50V,healthy_settling,healthy_settling,False,True,False,,,0.027468985062,0.0274654036968,False,False,False,0.25,synthetic,True
MLCC_UNSEEN_CONDITION_C000568,MLCC_UNSEEN_CONDITION_B012,MLCC_X7R,leakage_ua,SIM_X7R_100N_50V,healthy_settling,healthy_settling,False,True,False,,,0.0333154698368,0.0324035571056,False,False,False,0.25,synthetic,True
MLCC_UNSEEN_CONDITION_C000580,MLCC_UNSEEN_CONDITION_B012,MLCC_X7R,leakage_ua,SIM_X7R_100N_50V,healthy_settling,healthy_settling,False,True,False,,,0.0695117937508,0.0696922303436,False,False,False,0.25,synthetic,True
MLCC_UNSEEN_CONDITION_C000599,MLCC_UNSEEN_CONDITION_B012,MLCC_X7R,leakage_ua,SIM_X7R_100N_50V,healthy_settling,healthy_settling,False,True,False,,,0.0603750244614,0.0620723708797,False,False,False,0.25,synthetic,True
MLCC_UNSEEN_CONDITION_C000623,MLCC_UNSEEN_CONDITION_B012,MLCC_X7R,leakage_ua,SIM_X7R_100N_50V,ordinary_noise,ordinary_noise,False,True,False,,,0.0688983707281,0.0924132634821,False,False,False,0.25,synthetic,True
MLCC_UNSEEN_CONDITION_C000628,MLCC_UNSEEN_CONDITION_B012,MLCC_X7R,leakage_ua,SIM_X7R_100N_50V,healthy_settling,healthy_settling,False,True,False,,,0.0608064460359,0.0592794403186,False,False,False,0.25,synthetic,True
MLCC_UNSEEN_CONDITION_C000668,MLCC_UNSEEN_CONDITION_B012,MLCC_X7R,leakage_ua,SIM_X7R_100N_50V,ordinary_noise,ordinary_noise,False,True,False,,,0.0665440804653,0.0488673317475,False,False,False,0.25,synthetic,True
MLCC_UNSEEN_CONDITION_C000705,MLCC_UNSEEN_CONDITION_B012,MLCC_X7R,leakage_ua,SIM_X7R_100N_50V,healthy_settling,healthy_settling,False,True,False,,,0.0608257553135,0.0609909509497,False,False,False,0.25,synthetic,True
MLCC_UNSEEN_CONDITION_C000723,MLCC_UNSEEN_CONDITION_B012,MLCC_X7R,leakage_ua,SIM_X7R_100N_50V,healthy_settling,healthy_settling,False,True,False,,,0.0353138637249,0.0364420102854,False,False,False,0.25,synthetic,True
MLCC_UNSEEN_CONDITION_C000750,MLCC_UNSEEN_CONDITION_B012,MLCC_X7R,leakage_ua,SIM_X7R_100N_50V,healthy_settling,healthy_settling,False,True,False,,,0.0695717944566,0.0681295412298,False,False,False,0.25,synthetic,True
MLCC_UNSEEN_CONDITION_C000802,MLCC_UNSEEN_CONDITION_B012,MLCC_X7R,leakage_ua,SIM_X7R_100N_50V,ordinary_noise,ordinary_noise,False,True,False,,,0.0453799882031,0.0500228869076,False,False,False,0.25,synthetic,True
MLCC_UNSEEN_CONDITION_C000807,MLCC_UNSEEN_CONDITION_B012,MLCC_X7R,leakage_ua,SIM_X7R_100N_50V,healthy_settling,healthy_settling,False,True,False,,,0.0592925076113,0.0588608591906,False,False,False,0.25,synthetic,True
MLCC_UNSEEN_CONDITION_C000827,MLCC_UNSEEN_CONDITION_B012,MLCC_X7R,leakage_ua,SIM_X7R_100N_50V,ordinary_noise,ordinary_noise,False,True,False,,,0.0507264953544,0.0463962527523,False,False,False,0.25,synthetic,True
MLCC_UNSEEN_CONDITION_C000831,MLCC_UNSEEN_CONDITION_B012,MLCC_X7R,leakage_ua,SIM_X7R_100N_50V,healthy_settling,healthy_settling,False,True,False,,,0.0704648517544,0.067782850665,False,False,False,0.25,synthetic,True
MLCC_UNSEEN_CONDITION_C000835,MLCC_UNSEEN_CONDITION_B012,MLCC_X7R,leakage_ua,SIM_X7R_100N_50V,healthy_settling,healthy_settling,False,True,False,,,0.0588342990966,0.0576965527514,False,False,False,0.25,synthetic,True
MLCC_UNSEEN_CONDITION_C000843,MLCC_UNSEEN_CONDITION_B012,MLCC_X7R,leakage_ua,SIM_X7R_100N_50V,healthy_settling,healthy_settling,False,True,False,,,0.0333575496764,0.0355327340523,False,False,False,0.25,synthetic,True
MLCC_UNSEEN_CONDITION_C000848,MLCC_UNSEEN_CONDITION_B012,MLCC_X7R,leakage_ua,SIM_X7R_100N_50V,accelerating_drift,accelerating_drift,True,False,False,6,,0.0641949234489,0.0682624416667,False,False,False,0.25,synthetic,True
MLCC_UNSEEN_CONDITION_C000851,MLCC_UNSEEN_CONDITION_B012,MLCC_X7R,leakage_ua,SIM_X7R_100N_50V,accelerating_drift,accelerating_drift,True,False,False,12,,0.155279386779,0.159604779086,False,False,False,0.25,synthetic,True
MLCC_UNSEEN_CONDITION_C000863,MLCC_UNSEEN_CONDITION_B012,MLCC_X7R,leakage_ua,SIM_X7R_100N_50V,healthy_settling,healthy_settling,False,True,False,,,0.0496734916163,0.0480345420902,False,False,False,0.25,synthetic,True
MLCC_UNSEEN_CONDITION_C000888,MLCC_UNSEEN_CONDITION_B012,MLCC_X7R,leakage_ua,SIM_X7R_100N_50V,healthy_settling,healthy_settling,False,True,False,,,0.0558587136523,0.0550030969506,False,False,False,0.25,synthetic,True
MLCC_UNSEEN_CONDITION_C000944,MLCC_UNSEEN_CONDITION_B012,MLCC_X7R,leakage_ua,SIM_X7R_100N_50V,healthy_settling,healthy_settling,False,True,False,,,0.0496564772433,0.0485648524753,False,False,False,0.25,synthetic,True
MLCC_UNSEEN_CONDITION_C000952,MLCC_UNSEEN_CONDITION_B012,MLCC_X7R,leakage_ua,SIM_X7R_100N_50V,healthy_settling,healthy_settling,False,True,False,,,0.0370522362298,0.0367733117259,False,False,False,0.25,synthetic,True
MLCC_UNSEEN_CONDITION_C000985,MLCC_UNSEEN_CONDITION_B012,MLCC_X7R,leakage_ua,SIM_X7R_100N_50V,healthy_settling,healthy_settling,False,True,False,,,0.04453159862,0.0443532033531,False,False,False,0.25,synthetic,True
MLCC_UNSEEN_CONDITION_C000995,MLCC_UNSEEN_CONDITION_B012,MLCC_X7R,leakage_ua,SIM_X7R_100N_50V,moisture_associated_history,moisture_associated_history,True,False,False,48,,0.121863520888,0.120765480377,False,False,False,0.25,synthetic,True
MLCC_UNSEEN_CONDITION_C000999,MLCC_UNSEEN_CONDITION_B012,MLCC_X7R,leakage_ua,SIM_X7R_100N_50V,ordinary_noise,ordinary_noise,False,True,False,,,0.0569527596031,0.0589875266725,False,False,False,0.25,synthetic,True
MLCC_UNSEEN_CONDITION_C001057,MLCC_UNSEEN_CONDITION_B012,MLCC_X7R,leakage_ua,SIM_X7R_100N_50V,healthy_settling,healthy_settling,False,True,False,,,0.0434377741183,0.0428590433667,False,False,False,0.25,synthetic,True
MLCC_UNSEEN_CONDITION_C001073,MLCC_UNSEEN_CONDITION_B012,MLCC_X7R,leakage_ua,SIM_X7R_100N_50V,healthy_settling,healthy_settling,False,True,False,,,0.0415812943252,0.0390474834129,False,False,False,0.25,synthetic,True
MLCC_UNSEEN_CONDITION_C001083,MLCC_UNSEEN_CONDITION_B012,MLCC_X7R,leakage_ua,SIM_X7R_100N_50V,healthy_settling,healthy_settling,False,True,False,,,0.0346276026637,0.033583904371,False,False,False,0.25,synthetic,True
MLCC_UNSEEN_CONDITION_C001100,MLCC_UNSEEN_CONDITION_B012,MLCC_X7R,leakage_ua,SIM_X7R_100N_50V,healthy_settling,healthy_settling,False,True,False,,,0.047033080843,0.0459989623141,False,False,False,0.25,synthetic,True
MLCC_UNSEEN_CONDITION_C001110,MLCC_UNSEEN_CONDITION_B012,MLCC_X7R,leakage_ua,SIM_X7R_100N_50V,healthy_settling,healthy_settling,False,True,False,,,0.0278697624853,0.0286640018944,False,False,False,0.25,synthetic,True
MLCC_UNSEEN_CONDITION_C001123,MLCC_UNSEEN_CONDITION_B012,MLCC_X7R,leakage_ua,SIM_X7R_100N_50V,healthy_settling,healthy_settling,False,True,False,,,0.0500548695375,0.0507205198733,False,False,False,0.25,synthetic,True
MLCC_UNSEEN_CONDITION_C001133,MLCC_UNSEEN_CONDITION_B012,MLCC_X7R,leakage_ua,SIM_X7R_100N_50V,healthy_settling,healthy_settling,False,True,False,,,0.059239770662,0.058553478179,False,False,False,0.25,synthetic,True
MLCC_UNSEEN_CONDITION_C001135,MLCC_UNSEEN_CONDITION_B012,MLCC_X7R,leakage_ua,SIM_X7R_100N_50V,healthy_settling,healthy_settling,False,True,False,,,0.0464018614677,0.0449552372224,False,False,False,0.25,synthetic,True
MLCC_UNSEEN_CONDITION_C001145,MLCC_UNSEEN_CONDITION_B012,MLCC_X7R,leakage_ua,SIM_X7R_100N_50V,healthy_settling,healthy_settling,False,True,False,,,0.0387399895274,0.038455820523,False,False,False,0.25,synthetic,True
MLCC_UNSEEN_CONDITION_C001171,MLCC_UNSEEN_CONDITION_B012,MLCC_X7R,leakage_ua,SIM_X7R_100N_50V,healthy_settling,healthy_settling,False,True,False,,,0.0418137017377,0.0404667795151,False,False,False,0.25,synthetic,True
MLCC_UNSEEN_CONDITION_C001185,MLCC_UNSEEN_CONDITION_B012,MLCC_X7R,leakage_ua,SIM_X7R_100N_50V,healthy_settling,healthy_settling,False,True,False,,,0.0622895310775,0.0628311055684,False,False,False,0.25,synthetic,True
MLCC_UNSEEN_CONDITION_C001199,MLCC_UNSEEN_CONDITION_B012,MLCC_X7R,leakage_ua,SIM_X7R_100N_50V,healthy_settling,healthy_settling,False,True,False,,,0.0535553246486,0.0517217179117,False,False,False,0.25,synthetic,True
MLCC_UNSEEN_CONDITION_C001292,MLCC_UNSEEN_CONDITION_B012,MLCC_X7R,leakage_ua,SIM_X7R_100N_50V,healthy_settling,healthy_settling,False,True,False,,,0.0548760342043,0.0525161539037,False,False,False,0.25,synthetic,True
MLCC_UNSEEN_CONDITION_C001297,MLCC_UNSEEN_CONDITION_B012,MLCC_X7R,leakage_ua,SIM_X7R_100N_50V,ordinary_noise,ordinary_noise,False,True,False,,,0.0305606981653,0.0311573341248,False,False,False,0.25,synthetic,True
MLCC_UNSEEN_CONDITION_C001301,MLCC_UNSEEN_CONDITION_B012,MLCC_X7R,leakage_ua,SIM_X7R_100N_50V,healthy_settling,healthy_settling,False,True,False,,,0.0570976136734,0.0564682864957,False,False,False,0.25,synthetic,True
MLCC_UNSEEN_CONDITION_C001303,MLCC_UNSEEN_CONDITION_B012,MLCC_X7R,leakage_ua,SIM_X7R_100N_50V,healthy_settling,healthy_settling,False,True,False,,,0.0270957954567,0.0275342209047,False,False,False,0.25,synthetic,True
MLCC_UNSEEN_CONDITION_C001304,MLCC_UNSEEN_CONDITION_B012,MLCC_X7R,leakage_ua,SIM_X7R_100N_50V,ordinary_noise,ordinary_noise,False,True,False,,,0.062109952983,0.061897984207,False,False,False,0.25,synthetic,True
MLCC_UNSEEN_CONDITION_C001306,MLCC_UNSEEN_CONDITION_B012,MLCC_X7R,leakage_ua,SIM_X7R_100N_50V,healthy_settling,healthy_settling,False,True,False,,,0.0430632130931,0.043354112725,False,False,False,0.25,synthetic,True
MLCC_UNSEEN_CONDITION_C001362,MLCC_UNSEEN_CONDITION_B012,MLCC_X7R,leakage_ua,SIM_X7R_100N_50V,accelerating_drift,accelerating_drift,True,False,False,24,,0.169056956116,0.17099760737,False,False,False,0.25,synthetic,True
MLCC_UNSEEN_CONDITION_C001401,MLCC_UNSEEN_CONDITION_B012,MLCC_X7R,leakage_ua,SIM_X7R_100N_50V,healthy_settling,healthy_settling,False,True,False,,,0.0410603956269,0.0414601919759,False,False,False,0.25,synthetic,True
MLCC_UNSEEN_CONDITION_C001404,MLCC_UNSEEN_CONDITION_B012,MLCC_X7R,leakage_ua,SIM_X7R_100N_50V,gradual_drift,gradual_drift,True,False,False,12,,0.22113201952,0.205857663971,False,False,False,0.25,synthetic,True
MLCC_UNSEEN_CONDITION_C001496,MLCC_UNSEEN_CONDITION_B012,MLCC_X7R,leakage_ua,SIM_X7R_100N_50V,late_abrupt_onset,late_abrupt_onset,True,False,False,96,,0.0856517166185,0.0841975942282,False,False,False,0.25,synthetic,True
MLCC_UNSEEN_CONDITION_C001514,MLCC_UNSEEN_CONDITION_B012,MLCC_X7R,leakage_ua,SIM_X7R_100N_50V,healthy_settling,healthy_settling,False,True,False,,,0.0407878084998,0.0421678848575,False,False,False,0.25,synthetic,True
MLCC_UNSEEN_CONDITION_C001526,MLCC_UNSEEN_CONDITION_B012,MLCC_X7R,leakage_ua,SIM_X7R_100N_50V,healthy_settling,healthy_settling,False,True,False,,,0.0468251350806,0.0489539615272,False,False,False,0.25,synthetic,True
MLCC_UNSEEN_CONDITION_C001545,MLCC_UNSEEN_CONDITION_B012,MLCC_X7R,leakage_ua,SIM_X7R_100N_50V,healthy_settling,healthy_settling,False,True,False,,,0.0399735244057,0.041444243713,False,False,False,0.25,synthetic,True
MLCC_UNSEEN_CONDITION_C001551,MLCC_UNSEEN_CONDITION_B012,MLCC_X7R,leakage_ua,SIM_X7R_100N_50V,healthy_settling,healthy_settling,False,True,False,,,0.0398306234715,0.0403867881953,False,False,False,0.25,synthetic,True
MLCC_UNSEEN_CONDITION_C001586,MLCC_UNSEEN_CONDITION_B012,MLCC_X7R,leakage_ua,SIM_X7R_100N_50V,healthy_settling,healthy_settling,False,True,False,,,0.0286017095172,0.027972299843,False,False,False,0.25,synthetic,True
MLCC_UNSEEN_CONDITION_C001591,MLCC_UNSEEN_CONDITION_B012,MLCC_X7R,leakage_ua,SIM_X7R_100N_50V,ordinary_noise,ordinary_noise,False,True,False,,,0.0294323608721,0.0432833414644,False,False,False,0.25,synthetic,True
MLCC_UNSEEN_CONDITION_C001684,MLCC_UNSEEN_CONDITION_B012,MLCC_X7R,leakage_ua,SIM_X7R_100N_50V,ordinary_noise,ordinary_noise,False,True,False,,,0.0319085826232,0.0316437681384,False,False,False,0.25,synthetic,True
MLCC_UNSEEN_CONDITION_C001688,MLCC_UNSEEN_CONDITION_B012,MLCC_X7R,leakage_ua,SIM_X7R_100N_50V,healthy_settling,healthy_settling,False,True,False,,,0.0509095007051,0.051261742794,False,False,False,0.25,synthetic,True
MLCC_UNSEEN_CONDITION_C001690,MLCC_UNSEEN_CONDITION_B012,MLCC_X7R,leakage_ua,SIM_X7R_100N_50V,healthy_settling,healthy_settling,False,True,False,,,0.0420403312804,0.0420519994616,False,False,False,0.25,synthetic,True
MLCC_UNSEEN_CONDITION_C001691,MLCC_UNSEEN_CONDITION_B012,MLCC_X7R,leakage_ua,SIM_X7R_100N_50V,ordinary_noise,ordinary_noise,False,True,False,,,0.0546403424759,0.0501700860477,False,False,False,0.25,synthetic,True
MLCC_UNSEEN_CONDITION_C001692,MLCC_UNSEEN_CONDITION_B012,MLCC_X7R,leakage_ua,SIM_X7R_100N_50V,healthy_settling,healthy_settling,False,True,False,,,0.0550786422312,0.0555522907901,False,False,False,0.25,synthetic,True
MLCC_UNSEEN_CONDITION_C001696,MLCC_UNSEEN_CONDITION_B012,MLCC_X7R,leakage_ua,SIM_X7R_100N_50V,intermittent_leakage,intermittent_leakage,True,False,False,48,,0.0849277418304,0.0820358271525,False,False,True,0.25,synthetic,True
MLCC_UNSEEN_CONDITION_C001738,MLCC_UNSEEN_CONDITION_B012,MLCC_X7R,leakage_ua,SIM_X7R_100N_50V,gradual_drift,gradual_drift,True,False,False,0,,0.184366886855,0.190966434571,False,False,False,0.25,synthetic,True
MLCC_UNSEEN_CONDITION_C001757,MLCC_UNSEEN_CONDITION_B012,MLCC_X7R,leakage_ua,SIM_X7R_100N_50V,ordinary_noise,ordinary_noise,False,True,False,,,0.0361856254752,0.0387784300399,False,False,False,0.25,synthetic,True
MLCC_UNSEEN_CONDITION_C001760,MLCC_UNSEEN_CONDITION_B012,MLCC_X7R,leakage_ua,SIM_X7R_100N_50V,healthy_settling,healthy_settling,False,True,False,,,0.0433906366749,0.0431191579679,False,False,False,0.25,synthetic,True
MLCC_UNSEEN_CONDITION_C001780,MLCC_UNSEEN_CONDITION_B012,MLCC_X7R,leakage_ua,SIM_X7R_100N_50V,healthy_settling,healthy_settling,False,True,False,,,0.0426983801053,0.0418350030289,False,False,False,0.25,synthetic,True
MLCC_UNSEEN_CONDITION_C001789,MLCC_UNSEEN_CONDITION_B012,MLCC_X7R,leakage_ua,SIM_X7R_100N_50V,ordinary_noise,ordinary_noise,False,True,False,,,0.0556497590707,0.0488837890465,False,False,False,0.25,synthetic,True
MLCC_UNSEEN_CONDITION_C001816,MLCC_UNSEEN_CONDITION_B012,MLCC_X7R,leakage_ua,SIM_X7R_100N_50V,ordinary_noise,ordinary_noise,False,True,False,,,0.0537769169521,0.0503662346201,False,False,False,0.25,synthetic,True
MLCC_UNSEEN_CONDITION_C001829,MLCC_UNSEEN_CONDITION_B012,MLCC_X7R,leakage_ua,SIM_X7R_100N_50V,healthy_settling,healthy_settling,False,True,False,,,0.0342305941513,0.0354926881836,False,False,False,0.25,synthetic,True
MLCC_UNSEEN_CONDITION_C001840,MLCC_UNSEEN_CONDITION_B012,MLCC_X7R,leakage_ua,SIM_X7R_100N_50V,ordinary_noise,ordinary_noise,False,True,False,,,0.0329546873349,0.0325968241268,False,False,False,0.25,synthetic,True
MLCC_UNSEEN_CONDITION_C001873,MLCC_UNSEEN_CONDITION_B012,MLCC_X7R,leakage_ua,SIM_X7R_100N_50V,ordinary_noise,ordinary_noise,False,True,False,,,0.0398594462364,0.0431010715705,False,False,False,0.25,synthetic,True
MLCC_UNSEEN_CONDITION_C001903,MLCC_UNSEEN_CONDITION_B012,MLCC_X7R,leakage_ua,SIM_X7R_100N_50V,accelerating_drift,accelerating_drift,True,False,False,6,,0.0998352738813,0.09786396073,False,False,False,0.25,synthetic,True
MLCC_UNSEEN_CONDITION_C001906,MLCC_UNSEEN_CONDITION_B012,MLCC_X7R,leakage_ua,SIM_X7R_100N_50V,healthy_settling,healthy_settling,False,True,False,,,0.058091906725,0.0597452011544,False,False,False,0.25,synthetic,True
MLCC_UNSEEN_CONDITION_C001922,MLCC_UNSEEN_CONDITION_B012,MLCC_X7R,leakage_ua,SIM_X7R_100N_50V,healthy_settling,healthy_settling,False,True,False,,,0.0495847621524,0.0470749560997,False,False,False,0.25,synthetic,True
MLCC_UNSEEN_CONDITION_C001964,MLCC_UNSEEN_CONDITION_B012,MLCC_X7R,leakage_ua,SIM_X7R_100N_50V,accelerating_drift,accelerating_drift,True,False,False,0,,0.162246868551,0.166839823529,False,False,False,0.25,synthetic,True
MLCC_UNSEEN_CONDITION_C001969,MLCC_UNSEEN_CONDITION_B012,MLCC_X7R,leakage_ua,SIM_X7R_100N_50V,healthy_settling,healthy_settling,False,True,False,,,0.0545426020938,0.0538145439815,False,False,False,0.25,synthetic,True
MLCC_UNSEEN_CONDITION_C001983,MLCC_UNSEEN_CONDITION_B012,MLCC_X7R,leakage_ua,SIM_X7R_100N_50V,healthy_settling,healthy_settling,False,True,False,,,0.0511130446804,0.0510095256456,False,False,False,0.25,synthetic,True
MLCC_UNSEEN_CONDITION_C000009,MLCC_UNSEEN_CONDITION_B013,MLCC_X7R,leakage_ua,SIM_X7R_4U7_16V,tester_channel_fault,healthy_settling,False,False,True,,0,1.48131275396,0.291040459614,False,True,False,1.3,synthetic,True
MLCC_UNSEEN_CONDITION_C000041,MLCC_UNSEEN_CONDITION_B013,MLCC_X7R,leakage_ua,SIM_X7R_4U7_16V,healthy_settling,healthy_settling,False,True,False,,,0.229054053108,0.233409657189,False,False,False,1.3,synthetic,True
MLCC_UNSEEN_CONDITION_C000058,MLCC_UNSEEN_CONDITION_B013,MLCC_X7R,leakage_ua,SIM_X7R_4U7_16V,healthy_settling,healthy_settling,False,True,False,,,0.317433102733,0.317435057738,False,False,False,1.3,synthetic,True
MLCC_UNSEEN_CONDITION_C000092,MLCC_UNSEEN_CONDITION_B013,MLCC_X7R,leakage_ua,SIM_X7R_4U7_16V,healthy_settling,healthy_settling,False,True,False,,,0.366527815347,0.37064884926,False,False,False,1.3,synthetic,True
MLCC_UNSEEN_CONDITION_C000100,MLCC_UNSEEN_CONDITION_B013,MLCC_X7R,leakage_ua,SIM_X7R_4U7_16V,late_abrupt_onset,late_abrupt_onset,True,False,False,48,,1.23721464602,1.29103053538,False,False,False,1.3,synthetic,True
MLCC_UNSEEN_CONDITION_C000104,MLCC_UNSEEN_CONDITION_B013,MLCC_X7R,leakage_ua,SIM_X7R_4U7_16V,healthy_settling,healthy_settling,False,True,False,,,0.322407626053,0.326093954898,False,False,False,1.3,synthetic,True
MLCC_UNSEEN_CONDITION_C000105,MLCC_UNSEEN_CONDITION_B013,MLCC_X7R,leakage_ua,SIM_X7R_4U7_16V,healthy_settling,healthy_settling,False,True,False,,,0.342800207929,0.350945273523,False,False,False,1.3,synthetic,True
MLCC_UNSEEN_CONDITION_C000107,MLCC_UNSEEN_CONDITION_B013,MLCC_X7R,leakage_ua,SIM_X7R_4U7_16V,healthy_settling,healthy_settling,False,True,False,,,0.247157140413,0.246914818118,False,False,False,1.3,synthetic,True
MLCC_UNSEEN_CONDITION_C000125,MLCC_UNSEEN_CONDITION_B013,MLCC_X7R,leakage_ua,SIM_X7R_4U7_16V,healthy_settling,healthy_settling,False,True,False,,,0.483421335904,0.498989531272,False,False,False,1.3,synthetic,True
MLCC_UNSEEN_CONDITION_C000167,MLCC_UNSEEN_CONDITION_B013,MLCC_X7R,leakage_ua,SIM_X7R_4U7_16V,healthy_settling,healthy_settling,False,True,False,,,0.321403877423,0.314955454982,False,False,False,1.3,synthetic,True
MLCC_UNSEEN_CONDITION_C000198,MLCC_UNSEEN_CONDITION_B013,MLCC_X7R,leakage_ua,SIM_X7R_4U7_16V,tester_channel_fault,ordinary_noise,False,False,True,,0,1.4738442373,0.280177013972,False,True,False,1.3,synthetic,True
MLCC_UNSEEN_CONDITION_C000214,MLCC_UNSEEN_CONDITION_B013,MLCC_X7R,leakage_ua,SIM_X7R_4U7_16V,ordinary_noise,ordinary_noise,False,True,False,,,0.482063203361,0.510893404009,False,False,False,1.3,synthetic,True
MLCC_UNSEEN_CONDITION_C000219,MLCC_UNSEEN_CONDITION_B013,MLCC_X7R,leakage_ua,SIM_X7R_4U7_16V,healthy_settling,healthy_settling,False,True,False,,,0.296772333692,0.287431547125,False,False,False,1.3,synthetic,True
MLCC_UNSEEN_CONDITION_C000222,MLCC_UNSEEN_CONDITION_B013,MLCC_X7R,leakage_ua,SIM_X7R_4U7_16V,healthy_settling,healthy_settling,False,True,False,,,0.303093427265,0.283400155285,False,False,False,1.3,synthetic,True
MLCC_UNSEEN_CONDITION_C000228,MLCC_UNSEEN_CONDITION_B013,MLCC_X7R,leakage_ua,SIM_X7R_4U7_16V,healthy_settling,healthy_settling,False,True,False,,,0.269195581094,0.265371234138,False,False,False,1.3,synthetic,True
MLCC_UNSEEN_CONDITION_C000233,MLCC_UNSEEN_CONDITION_B013,MLCC_X7R,leakage_ua,SIM_X7R_4U7_16V,gradual_drift,gradual_drift,True,False,False,6,,0.728666457764,0.70418358715,False,False,False,1.3,synthetic,True
MLCC_UNSEEN_CONDITION_C000279,MLCC_UNSEEN_CONDITION_B013,MLCC_X7R,leakage_ua,SIM_X7R_4U7_16V,healthy_settling,healthy_settling,False,True,False,,,0.19526963411,0.210712153056,False,False,False,1.3,synthetic,True
MLCC_UNSEEN_CONDITION_C000281,MLCC_UNSEEN_CONDITION_B013,MLCC_X7R,leakage_ua,SIM_X7R_4U7_16V,healthy_settling,healthy_settling,False,True,False,,,0.328252431342,0.324841441263,False,False,False,1.3,synthetic,True
MLCC_UNSEEN_CONDITION_C000287,MLCC_UNSEEN_CONDITION_B013,MLCC_X7R,leakage_ua,SIM_X7R_4U7_16V,ordinary_noise,ordinary_noise,False,True,False,,,0.452437841405,0.410990638626,False,False,False,1.3,synthetic,True
MLCC_UNSEEN_CONDITION_C000302,MLCC_UNSEEN_CONDITION_B013,MLCC_X7R,leakage_ua,SIM_X7R_4U7_16V,healthy_settling,healthy_settling,False,True,False,,,0.178464572892,0.172578169243,False,False,False,1.3,synthetic,True
MLCC_UNSEEN_CONDITION_C000326,MLCC_UNSEEN_CONDITION_B013,MLCC_X7R,leakage_ua,SIM_X7R_4U7_16V,moisture_associated_history,moisture_associated_history,True,False,False,0,,0.608778322111,0.617100570062,False,False,False,1.3,synthetic,True
MLCC_UNSEEN_CONDITION_C000329,MLCC_UNSEEN_CONDITION_B013,MLCC_X7R,leakage_ua,SIM_X7R_4U7_16V,healthy_settling,healthy_settling,False,True,False,,,0.294283798667,0.290722661242,False,False,False,1.3,synthetic,True
MLCC_UNSEEN_CONDITION_C000333,MLCC_UNSEEN_CONDITION_B013,MLCC_X7R,leakage_ua,SIM_X7R_4U7_16V,healthy_settling,healthy_settling,False,True,False,,,0.294109926019,0.295564454247,False,False,False,1.3,synthetic,True
MLCC_UNSEEN_CONDITION_C000381,MLCC_UNSEEN_CONDITION_B013,MLCC_X7R,leakage_ua,SIM_X7R_4U7_16V,healthy_settling,healthy_settling,False,True,False,,,0.234459339634,0.234843529741,False,False,False,1.3,synthetic,True
MLCC_UNSEEN_CONDITION_C000388,MLCC_UNSEEN_CONDITION_B013,MLCC_X7R,leakage_ua,SIM_X7R_4U7_16V,ordinary_noise,ordinary_noise,False,True,False,,,0.408647842598,0.410145853768,False,False,False,1.3,synthetic,True
MLCC_UNSEEN_CONDITION_C000402,MLCC_UNSEEN_CONDITION_B013,MLCC_X7R,leakage_ua,SIM_X7R_4U7_16V,healthy_settling,healthy_settling,False,True,False,,,0.389753521561,0.38060150242,False,False,False,1.3,synthetic,True
MLCC_UNSEEN_CONDITION_C000451,MLCC_UNSEEN_CONDITION_B013,MLCC_X7R,leakage_ua,SIM_X7R_4U7_16V,accelerating_drift,accelerating_drift,True,False,False,24,,0.480843118005,0.487756590225,False,False,False,1.3,synthetic,True
MLCC_UNSEEN_CONDITION_C000452,MLCC_UNSEEN_CONDITION_B013,MLCC_X7R,leakage_ua,SIM_X7R_4U7_16V,tester_channel_fault,healthy_settling,False,False,True,,0,1.67909744484,0.476482135133,False,True,False,1.3,synthetic,True
MLCC_UNSEEN_CONDITION_C000456,MLCC_UNSEEN_CONDITION_B013,MLCC_X7R,leakage_ua,SIM_X7R_4U7_16V,ordinary_noise,ordinary_noise,False,True,False,,,0.391821690309,0.318748998796,False,False,False,1.3,synthetic,True
MLCC_UNSEEN_CONDITION_C000537,MLCC_UNSEEN_CONDITION_B013,MLCC_X7R,leakage_ua,SIM_X7R_4U7_16V,late_abrupt_onset,late_abrupt_onset,True,False,False,144,,0.763721588613,0.763592372965,False,False,False,1.3,synthetic,True
MLCC_UNSEEN_CONDITION_C000559,MLCC_UNSEEN_CONDITION_B013,MLCC_X7R,leakage_ua,SIM_X7R_4U7_16V,healthy_settling,healthy_settling,False,True,False,,,0.46124156107,0.456962567842,False,False,False,1.3,synthetic,True
MLCC_UNSEEN_CONDITION_C000642,MLCC_UNSEEN_CONDITION_B013,MLCC_X7R,leakage_ua,SIM_X7R_4U7_16V,healthy_settling,healthy_settling,False,True,False,,,0.265033185706,0.260689070272,False,False,False,1.3,synthetic,True
MLCC_UNSEEN_CONDITION_C000650,MLCC_UNSEEN_CONDITION_B013,MLCC_X7R,leakage_ua,SIM_X7R_4U7_16V,healthy_settling,healthy_settling,False,True,False,,,0.30908978567,0.304393317454,False,False,False,1.3,synthetic,True
MLCC_UNSEEN_CONDITION_C000653,MLCC_UNSEEN_CONDITION_B013,MLCC_X7R,leakage_ua,SIM_X7R_4U7_16V,moisture_associated_history,moisture_associated_history,True,False,False,12,,0.57487074019,0.573695794918,False,False,False,1.3,synthetic,True
MLCC_UNSEEN_CONDITION_C000667,MLCC_UNSEEN_CONDITION_B013,MLCC_X7R,leakage_ua,SIM_X7R_4U7_16V,healthy_settling,healthy_settling,False,True,False,,,0.44852767887,0.44879945396,False,False,False,1.3,synthetic,True
MLCC_UNSEEN_CONDITION_C000679,MLCC_UNSEEN_CONDITION_B013,MLCC_X7R,leakage_ua,SIM_X7R_4U7_16V,ordinary_noise,ordinary_noise,False,True,False,,,0.332411026946,0.322762193443,False,False,False,1.3,synthetic,True
MLCC_UNSEEN_CONDITION_C000719,MLCC_UNSEEN_CONDITION_B013,MLCC_X7R,leakage_ua,SIM_X7R_4U7_16V,healthy_settling,healthy_settling,False,True,False,,,0.183726629291,0.186550260779,False,False,False,1.3,synthetic,True
MLCC_UNSEEN_CONDITION_C000793,MLCC_UNSEEN_CONDITION_B013,MLCC_X7R,leakage_ua,SIM_X7R_4U7_16V,healthy_settling,healthy_settling,False,True,False,,,0.36535498716,0.357107336972,False,False,False,1.3,synthetic,True
MLCC_UNSEEN_CONDITION_C000801,MLCC_UNSEEN_CONDITION_B013,MLCC_X7R,leakage_ua,SIM_X7R_4U7_16V,healthy_settling,healthy_settling,False,True,False,,,0.260270105432,0.260255305464,False,False,False,1.3,synthetic,True
MLCC_UNSEEN_CONDITION_C000886,MLCC_UNSEEN_CONDITION_B013,MLCC_X7R,leakage_ua,SIM_X7R_4U7_16V,healthy_settling,healthy_settling,False,True,False,,,0.350518026063,0.335290200996,False,False,False,1.3,synthetic,True
MLCC_UNSEEN_CONDITION_C000894,MLCC_UNSEEN_CONDITION_B013,MLCC_X7R,leakage_ua,SIM_X7R_4U7_16V,healthy_settling,healthy_settling,False,True,False,,,0.289408742928,0.290309049408,False,False,False,1.3,synthetic,True
MLCC_UNSEEN_CONDITION_C000932,MLCC_UNSEEN_CONDITION_B013,MLCC_X7R,leakage_ua,SIM_X7R_4U7_16V,healthy_settling,healthy_settling,False,True,False,,,0.230949729518,0.225983189844,False,False,False,1.3,synthetic,True
MLCC_UNSEEN_CONDITION_C000937,MLCC_UNSEEN_CONDITION_B013,MLCC_X7R,leakage_ua,SIM_X7R_4U7_16V,ordinary_noise,ordinary_noise,False,True,False,,,0.474255877284,0.419005925196,False,False,False,1.3,synthetic,True
MLCC_UNSEEN_CONDITION_C000938,MLCC_UNSEEN_CONDITION_B013,MLCC_X7R,leakage_ua,SIM_X7R_4U7_16V,healthy_settling,healthy_settling,False,True,False,,,0.321894536902,0.319562635877,False,False,False,1.3,synthetic,True
MLCC_UNSEEN_CONDITION_C000986,MLCC_UNSEEN_CONDITION_B013,MLCC_X7R,leakage_ua,SIM_X7R_4U7_16V,ordinary_noise,ordinary_noise,False,True,False,,,0.617126971892,0.507386558547,False,False,False,1.3,synthetic,True
MLCC_UNSEEN_CONDITION_C001001,MLCC_UNSEEN_CONDITION_B013,MLCC_X7R,leakage_ua,SIM_X7R_4U7_16V,healthy_settling,healthy_settling,False,True,False,,,0.190328166726,0.186639773464,False,False,False,1.3,synthetic,True
MLCC_UNSEEN_CONDITION_C001091,MLCC_UNSEEN_CONDITION_B013,MLCC_X7R,leakage_ua,SIM_X7R_4U7_16V,healthy_settling,healthy_settling,False,True,False,,,0.250296463779,0.251889276879,False,False,False,1.3,synthetic,True
MLCC_UNSEEN_CONDITION_C001105,MLCC_UNSEEN_CONDITION_B013,MLCC_X7R,leakage_ua,SIM_X7R_4U7_16V,healthy_settling,healthy_settling,False,True,False,,,0.460328095545,0.46440845468,False,False,False,1.3,synthetic,True
MLCC_UNSEEN_CONDITION_C001119,MLCC_UNSEEN_CONDITION_B013,MLCC_X7R,leakage_ua,SIM_X7R_4U7_16V,tester_channel_fault,ordinary_noise,False,False,True,,0,1.46623127444,0.255890044669,False,True,False,1.3,synthetic,True
MLCC_UNSEEN_CONDITION_C001125,MLCC_UNSEEN_CONDITION_B013,MLCC_X7R,leakage_ua,SIM_X7R_4U7_16V,ordinary_noise,ordinary_noise,False,True,False,,,0.289937105803,0.333740981989,False,False,False,1.3,synthetic,True
MLCC_UNSEEN_CONDITION_C001176,MLCC_UNSEEN_CONDITION_B013,MLCC_X7R,leakage_ua,SIM_X7R_4U7_16V,healthy_settling,healthy_settling,False,True,False,,,0.417322114422,0.415788488233,False,False,False,1.3,synthetic,True
MLCC_UNSEEN_CONDITION_C001227,MLCC_UNSEEN_CONDITION_B013,MLCC_X7R,leakage_ua,SIM_X7R_4U7_16V,healthy_settling,healthy_settling,False,True,False,,,0.25986609453,0.26225591822,False,False,False,1.3,synthetic,True
MLCC_UNSEEN_CONDITION_C001236,MLCC_UNSEEN_CONDITION_B013,MLCC_X7R,leakage_ua,SIM_X7R_4U7_16V,gradual_drift,gradual_drift,True,False,False,0,,0.655486146358,0.671027411441,False,False,False,1.3,synthetic,True
MLCC_UNSEEN_CONDITION_C001245,MLCC_UNSEEN_CONDITION_B013,MLCC_X7R,leakage_ua,SIM_X7R_4U7_16V,ordinary_noise,ordinary_noise,False,True,False,,,0.556178256178,0.623340271358,False,False,False,1.3,synthetic,True
MLCC_UNSEEN_CONDITION_C001271,MLCC_UNSEEN_CONDITION_B013,MLCC_X7R,leakage_ua,SIM_X7R_4U7_16V,healthy_settling,healthy_settling,False,True,False,,,0.218376244149,0.221106318416,False,False,False,1.3,synthetic,True
MLCC_UNSEEN_CONDITION_C001280,MLCC_UNSEEN_CONDITION_B013,MLCC_X7R,leakage_ua,SIM_X7R_4U7_16V,gradual_drift,gradual_drift,True,False,False,12,,0.886069394901,0.881811947911,False,False,False,1.3,synthetic,True
MLCC_UNSEEN_CONDITION_C001281,MLCC_UNSEEN_CONDITION_B013,MLCC_X7R,leakage_ua,SIM_X7R_4U7_16V,ordinary_noise,ordinary_noise,False,True,False,,,0.347755707442,0.295779533309,False,False,False,1.3,synthetic,True
MLCC_UNSEEN_CONDITION_C001295,MLCC_UNSEEN_CONDITION_B013,MLCC_X7R,leakage_ua,SIM_X7R_4U7_16V,tester_channel_fault,healthy_settling,False,False,True,,0,1.59486649738,0.414310988444,False,True,False,1.3,synthetic,True
MLCC_UNSEEN_CONDITION_C001300,MLCC_UNSEEN_CONDITION_B013,MLCC_X7R,leakage_ua,SIM_X7R_4U7_16V,healthy_settling,healthy_settling,False,True,False,,,0.374278822044,0.376445396353,False,False,False,1.3,synthetic,True
MLCC_UNSEEN_CONDITION_C001308,MLCC_UNSEEN_CONDITION_B013,MLCC_X7R,leakage_ua,SIM_X7R_4U7_16V,healthy_settling,healthy_settling,False,True,False,,,0.534153253973,0.528803896155,False,False,False,1.3,synthetic,True
MLCC_UNSEEN_CONDITION_C001353,MLCC_UNSEEN_CONDITION_B013,MLCC_X7R,leakage_ua,SIM_X7R_4U7_16V,healthy_settling,healthy_settling,False,True,False,,,0.291288376494,0.286636975334,False,False,False,1.3,synthetic,True
MLCC_UNSEEN_CONDITION_C001400,MLCC_UNSEEN_CONDITION_B013,MLCC_X7R,leakage_ua,SIM_X7R_4U7_16V,healthy_settling,healthy_settling,False,True,False,,,0.287742532141,0.300019450183,False,False,False,1.3,synthetic,True
MLCC_UNSEEN_CONDITION_C001427,MLCC_UNSEEN_CONDITION_B013,MLCC_X7R,leakage_ua,SIM_X7R_4U7_16V,healthy_settling,healthy_settling,False,True,False,,,0.38629028287,0.361462158526,False,False,False,1.3,synthetic,True
MLCC_UNSEEN_CONDITION_C001443,MLCC_UNSEEN_CONDITION_B013,MLCC_X7R,leakage_ua,SIM_X7R_4U7_16V,healthy_settling,healthy_settling,False,True,False,,,0.366340443788,0.365418442651,False,False,False,1.3,synthetic,True
MLCC_UNSEEN_CONDITION_C001453,MLCC_UNSEEN_CONDITION_B013,MLCC_X7R,leakage_ua,SIM_X7R_4U7_16V,healthy_settling,healthy_settling,False,True,False,,,0.475508782224,0.466469934618,False,False,False,1.3,synthetic,True
MLCC_UNSEEN_CONDITION_C001482,MLCC_UNSEEN_CONDITION_B013,MLCC_X7R,leakage_ua,SIM_X7R_4U7_16V,ordinary_noise,ordinary_noise,False,True,False,,,0.333341268399,0.297749146171,False,False,False,1.3,synthetic,True
MLCC_UNSEEN_CONDITION_C001495,MLCC_UNSEEN_CONDITION_B013,MLCC_X7R,leakage_ua,SIM_X7R_4U7_16V,ordinary_noise,ordinary_noise,False,True,False,,,0.235560901332,0.271724666408,False,False,False,1.3,synthetic,True
MLCC_UNSEEN_CONDITION_C001520,MLCC_UNSEEN_CONDITION_B013,MLCC_X7R,leakage_ua,SIM_X7R_4U7_16V,healthy_settling,healthy_settling,False,True,False,,,0.293440310589,0.281789192293,False,False,False,1.3,synthetic,True
MLCC_UNSEEN_CONDITION_C001522,MLCC_UNSEEN_CONDITION_B013,MLCC_X7R,leakage_ua,SIM_X7R_4U7_16V,late_abrupt_onset,late_abrupt_onset,True,False,False,72,,0.775873073241,0.791822281225,False,False,False,1.3,synthetic,True
MLCC_UNSEEN_CONDITION_C001524,MLCC_UNSEEN_CONDITION_B013,MLCC_X7R,leakage_ua,SIM_X7R_4U7_16V,healthy_settling,healthy_settling,False,True,False,,,0.183191861402,0.187195456435,False,False,False,1.3,synthetic,True
MLCC_UNSEEN_CONDITION_C001537,MLCC_UNSEEN_CONDITION_B013,MLCC_X7R,leakage_ua,SIM_X7R_4U7_16V,late_abrupt_onset,late_abrupt_onset,True,False,False,144,,0.707657106931,0.729449048775,False,False,False,1.3,synthetic,True
MLCC_UNSEEN_CONDITION_C001542,MLCC_UNSEEN_CONDITION_B013,MLCC_X7R,leakage_ua,SIM_X7R_4U7_16V,healthy_settling,healthy_settling,False,True,False,,,0.389252117095,0.379505218712,False,False,False,1.3,synthetic,True
MLCC_UNSEEN_CONDITION_C001563,MLCC_UNSEEN_CONDITION_B013,MLCC_X7R,leakage_ua,SIM_X7R_4U7_16V,healthy_settling,healthy_settling,False,True,False,,,0.372784045215,0.354339365009,False,False,False,1.3,synthetic,True
MLCC_UNSEEN_CONDITION_C001587,MLCC_UNSEEN_CONDITION_B013,MLCC_X7R,leakage_ua,SIM_X7R_4U7_16V,healthy_settling,healthy_settling,False,True,False,,,0.548570983076,0.528621225482,False,False,False,1.3,synthetic,True
MLCC_UNSEEN_CONDITION_C001611,MLCC_UNSEEN_CONDITION_B013,MLCC_X7R,leakage_ua,SIM_X7R_4U7_16V,intermittent_leakage,intermittent_leakage,True,False,False,24,,1.00366110178,0.927200967777,False,False,False,1.3,synthetic,True
MLCC_UNSEEN_CONDITION_C001612,MLCC_UNSEEN_CONDITION_B013,MLCC_X7R,leakage_ua,SIM_X7R_4U7_16V,healthy_settling,healthy_settling,False,True,False,,,0.251571027633,0.253321196206,False,False,False,1.3,synthetic,True
MLCC_UNSEEN_CONDITION_C001616,MLCC_UNSEEN_CONDITION_B013,MLCC_X7R,leakage_ua,SIM_X7R_4U7_16V,accelerating_drift,accelerating_drift,True,False,True,24,0,2.35802121314,1.14892214469,False,True,False,1.3,synthetic,True
MLCC_UNSEEN_CONDITION_C001617,MLCC_UNSEEN_CONDITION_B013,MLCC_X7R,leakage_ua,SIM_X7R_4U7_16V,healthy_settling,healthy_settling,False,True,False,,,0.296077345171,0.301188175495,False,False,False,1.3,synthetic,True
MLCC_UNSEEN_CONDITION_C001622,MLCC_UNSEEN_CONDITION_B013,MLCC_X7R,leakage_ua,SIM_X7R_4U7_16V,healthy_settling,healthy_settling,False,True,False,,,0.237525993295,0.251688282946,False,False,False,1.3,synthetic,True
MLCC_UNSEEN_CONDITION_C001624,MLCC_UNSEEN_CONDITION_B013,MLCC_X7R,leakage_ua,SIM_X7R_4U7_16V,healthy_settling,healthy_settling,False,True,False,,,0.213223410061,0.203026440686,False,False,False,1.3,synthetic,True
MLCC_UNSEEN_CONDITION_C001656,MLCC_UNSEEN_CONDITION_B013,MLCC_X7R,leakage_ua,SIM_X7R_4U7_16V,healthy_settling,healthy_settling,False,True,False,,,0.384273120201,0.412286067474,False,False,False,1.3,synthetic,True
MLCC_UNSEEN_CONDITION_C001685,MLCC_UNSEEN_CONDITION_B013,MLCC_X7R,leakage_ua,SIM_X7R_4U7_16V,healthy_settling,healthy_settling,False,True,False,,,0.371789582699,0.359314607513,False,False,False,1.3,synthetic,True
MLCC_UNSEEN_CONDITION_C001718,MLCC_UNSEEN_CONDITION_B013,MLCC_X7R,leakage_ua,SIM_X7R_4U7_16V,healthy_settling,healthy_settling,False,True,False,,,0.282266042924,0.279850894015,False,False,False,1.3,synthetic,True
MLCC_UNSEEN_CONDITION_C001735,MLCC_UNSEEN_CONDITION_B013,MLCC_X7R,leakage_ua,SIM_X7R_4U7_16V,healthy_settling,healthy_settling,False,True,False,,,0.208420075388,0.204072730439,False,False,False,1.3,synthetic,True
MLCC_UNSEEN_CONDITION_C001748,MLCC_UNSEEN_CONDITION_B013,MLCC_X7R,leakage_ua,SIM_X7R_4U7_16V,gradual_drift,gradual_drift,True,False,False,12,,0.824847464582,0.836157625664,False,False,False,1.3,synthetic,True
MLCC_UNSEEN_CONDITION_C001763,MLCC_UNSEEN_CONDITION_B013,MLCC_X7R,leakage_ua,SIM_X7R_4U7_16V,moisture_associated_history,moisture_associated_history,True,False,False,24,,0.628175586509,0.625614931599,False,False,False,1.3,synthetic,True
MLCC_UNSEEN_CONDITION_C001774,MLCC_UNSEEN_CONDITION_B013,MLCC_X7R,leakage_ua,SIM_X7R_4U7_16V,healthy_settling,healthy_settling,False,True,False,,,0.427596245765,0.420093875315,False,False,False,1.3,synthetic,True
MLCC_UNSEEN_CONDITION_C001784,MLCC_UNSEEN_CONDITION_B013,MLCC_X7R,leakage_ua,SIM_X7R_4U7_16V,healthy_settling,healthy_settling,False,True,False,,,0.269991709287,0.270229042606,False,False,False,1.3,synthetic,True
MLCC_UNSEEN_CONDITION_C001823,MLCC_UNSEEN_CONDITION_B013,MLCC_X7R,leakage_ua,SIM_X7R_4U7_16V,healthy_settling,healthy_settling,False,True,False,,,0.215986877711,0.223569841294,False,False,False,1.3,synthetic,True
MLCC_UNSEEN_CONDITION_C001827,MLCC_UNSEEN_CONDITION_B013,MLCC_X7R,leakage_ua,SIM_X7R_4U7_16V,healthy_settling,healthy_settling,False,True,False,,,0.333291139684,0.328150539546,False,False,False,1.3,synthetic,True
MLCC_UNSEEN_CONDITION_C001850,MLCC_UNSEEN_CONDITION_B013,MLCC_X7R,leakage_ua,SIM_X7R_4U7_16V,intermittent_leakage,intermittent_leakage,True,False,False,6,,0.228891664123,0.236909262516,False,False,False,1.3,synthetic,True
MLCC_UNSEEN_CONDITION_C001855,MLCC_UNSEEN_CONDITION_B013,MLCC_X7R,leakage_ua,SIM_X7R_4U7_16V,healthy_settling,healthy_settling,False,True,False,,,0.244935559537,0.237196200444,False,False,False,1.3,synthetic,True
MLCC_UNSEEN_CONDITION_C001860,MLCC_UNSEEN_CONDITION_B013,MLCC_X7R,leakage_ua,SIM_X7R_4U7_16V,moisture_associated_history,moisture_associated_history,True,False,False,12,,0.933230407971,0.943114275368,False,False,False,1.3,synthetic,True
MLCC_UNSEEN_CONDITION_C001866,MLCC_UNSEEN_CONDITION_B013,MLCC_X7R,leakage_ua,SIM_X7R_4U7_16V,moisture_associated_history,moisture_associated_history,True,False,False,6,,0.619925659977,0.65397661261,False,False,False,1.3,synthetic,True
MLCC_UNSEEN_CONDITION_C001867,MLCC_UNSEEN_CONDITION_B013,MLCC_X7R,leakage_ua,SIM_X7R_4U7_16V,ordinary_noise,ordinary_noise,False,True,False,,,0.233978272086,0.249922043392,False,False,False,1.3,synthetic,True
MLCC_UNSEEN_CONDITION_C001874,MLCC_UNSEEN_CONDITION_B013,MLCC_X7R,leakage_ua,SIM_X7R_4U7_16V,gradual_drift,gradual_drift,True,False,False,12,,0.951459629332,0.941146443973,False,False,False,1.3,synthetic,True
MLCC_UNSEEN_CONDITION_C001894,MLCC_UNSEEN_CONDITION_B013,MLCC_X7R,leakage_ua,SIM_X7R_4U7_16V,healthy_settling,healthy_settling,False,True,False,,,0.349080660338,0.37103220524,False,False,False,1.3,synthetic,True
MLCC_UNSEEN_CONDITION_C001931,MLCC_UNSEEN_CONDITION_B013,MLCC_X7R,leakage_ua,SIM_X7R_4U7_16V,healthy_settling,healthy_settling,False,True,False,,,0.31514734937,0.329060300423,False,False,False,1.3,synthetic,True
MLCC_UNSEEN_CONDITION_C001962,MLCC_UNSEEN_CONDITION_B013,MLCC_X7R,leakage_ua,SIM_X7R_4U7_16V,healthy_settling,healthy_settling,False,True,False,,,0.33934266276,0.331997520963,False,False,False,1.3,synthetic,True
MLCC_UNSEEN_CONDITION_C001988,MLCC_UNSEEN_CONDITION_B013,MLCC_X7R,leakage_ua,SIM_X7R_4U7_16V,ordinary_noise,ordinary_noise,False,True,False,,,0.295954476622,0.392885416278,False,False,False,1.3,synthetic,True
MLCC_UNSEEN_CONDITION_C000067,MLCC_UNSEEN_CONDITION_B014,MLCC_X7R,leakage_ua,SIM_X7R_4U7_16V,healthy_settling,healthy_settling,False,True,False,,,0.264978760243,0.261821799027,False,False,False,1.3,synthetic,True
MLCC_UNSEEN_CONDITION_C000122,MLCC_UNSEEN_CONDITION_B014,MLCC_X7R,leakage_ua,SIM_X7R_4U7_16V,healthy_settling,healthy_settling,False,True,False,,,0.266858543686,0.256464825927,False,False,False,1.3,synthetic,True
MLCC_UNSEEN_CONDITION_C000139,MLCC_UNSEEN_CONDITION_B014,MLCC_X7R,leakage_ua,SIM_X7R_4U7_16V,healthy_settling,healthy_settling,False,True,False,,,0.337848222333,0.341820968035,False,False,False,1.3,synthetic,True
MLCC_UNSEEN_CONDITION_C000172,MLCC_UNSEEN_CONDITION_B014,MLCC_X7R,leakage_ua,SIM_X7R_4U7_16V,healthy_settling,healthy_settling,False,True,False,,,0.178741948956,0.179990605403,False,False,False,1.3,synthetic,True
MLCC_UNSEEN_CONDITION_C000174,MLCC_UNSEEN_CONDITION_B014,MLCC_X7R,leakage_ua,SIM_X7R_4U7_16V,healthy_settling,healthy_settling,False,True,False,,,0.200480482619,0.203840324313,False,False,False,1.3,synthetic,True
MLCC_UNSEEN_CONDITION_C000182,MLCC_UNSEEN_CONDITION_B014,MLCC_X7R,leakage_ua,SIM_X7R_4U7_16V,late_abrupt_onset,late_abrupt_onset,True,False,False,120,,1.09919349132,1.09921187674,False,False,False,1.3,synthetic,True
MLCC_UNSEEN_CONDITION_C000220,MLCC_UNSEEN_CONDITION_B014,MLCC_X7R,leakage_ua,SIM_X7R_4U7_16V,healthy_settling,healthy_settling,False,True,False,,,0.411117699911,0.411366452289,False,False,False,1.3,synthetic,True
MLCC_UNSEEN_CONDITION_C000238,MLCC_UNSEEN_CONDITION_B014,MLCC_X7R,leakage_ua,SIM_X7R_4U7_16V,healthy_settling,healthy_settling,False,True,False,,,0.234970572728,0.235658597837,False,False,False,1.3,synthetic,True
MLCC_UNSEEN_CONDITION_C000245,MLCC_UNSEEN_CONDITION_B014,MLCC_X7R,leakage_ua,SIM_X7R_4U7_16V,healthy_settling,healthy_settling,False,True,False,,,0.348570084657,0.339369441916,False,False,False,1.3,synthetic,True
MLCC_UNSEEN_CONDITION_C000246,MLCC_UNSEEN_CONDITION_B014,MLCC_X7R,leakage_ua,SIM_X7R_4U7_16V,accelerating_drift,accelerating_drift,True,False,False,12,,0.435346809215,0.453334930569,False,False,False,1.3,synthetic,True
MLCC_UNSEEN_CONDITION_C000257,MLCC_UNSEEN_CONDITION_B014,MLCC_X7R,leakage_ua,SIM_X7R_4U7_16V,gradual_drift,gradual_drift,True,False,False,0,,1.29868365315,1.34917222053,True,False,True,1.3,synthetic,True
MLCC_UNSEEN_CONDITION_C000276,MLCC_UNSEEN_CONDITION_B014,MLCC_X7R,leakage_ua,SIM_X7R_4U7_16V,ordinary_noise,ordinary_noise,False,True,False,,,0.280699558353,0.305279669786,False,False,False,1.3,synthetic,True
MLCC_UNSEEN_CONDITION_C000308,MLCC_UNSEEN_CONDITION_B014,MLCC_X7R,leakage_ua,SIM_X7R_4U7_16V,healthy_settling,healthy_settling,False,True,False,,,0.175524635005,0.172616102393,False,False,False,1.3,synthetic,True
MLCC_UNSEEN_CONDITION_C000313,MLCC_UNSEEN_CONDITION_B014,MLCC_X7R,leakage_ua,SIM_X7R_4U7_16V,healthy_settling,healthy_settling,False,True,False,,,0.289294119179,0.2815842459,False,False,False,1.3,synthetic,True
MLCC_UNSEEN_CONDITION_C000314,MLCC_UNSEEN_CONDITION_B014,MLCC_X7R,leakage_ua,SIM_X7R_4U7_16V,gradual_drift,gradual_drift,True,False,False,12,,0.688947267656,0.715499763484,False,False,False,1.3,synthetic,True
MLCC_UNSEEN_CONDITION_C000337,MLCC_UNSEEN_CONDITION_B014,MLCC_X7R,leakage_ua,SIM_X7R_4U7_16V,healthy_settling,healthy_settling,False,True,False,,,0.369286499403,0.373140822977,False,False,False,1.3,synthetic,True
MLCC_UNSEEN_CONDITION_C000360,MLCC_UNSEEN_CONDITION_B014,MLCC_X7R,leakage_ua,SIM_X7R_4U7_16V,ordinary_noise,ordinary_noise,False,True,False,,,0.411663244818,0.416552051966,False,False,False,1.3,synthetic,True
MLCC_UNSEEN_CONDITION_C000362,MLCC_UNSEEN_CONDITION_B014,MLCC_X7R,leakage_ua,SIM_X7R_4U7_16V,healthy_settling,healthy_settling,False,True,False,,,0.138040575358,0.137737359618,False,False,False,1.3,synthetic,True
MLCC_UNSEEN_CONDITION_C000382,MLCC_UNSEEN_CONDITION_B014,MLCC_X7R,leakage_ua,SIM_X7R_4U7_16V,ordinary_noise,ordinary_noise,False,True,False,,,0.22100339911,0.234803794193,False,False,False,1.3,synthetic,True
MLCC_UNSEEN_CONDITION_C000406,MLCC_UNSEEN_CONDITION_B014,MLCC_X7R,leakage_ua,SIM_X7R_4U7_16V,healthy_settling,healthy_settling,False,True,False,,,0.215002241855,0.224414846275,False,False,False,1.3,synthetic,True
MLCC_UNSEEN_CONDITION_C000454,MLCC_UNSEEN_CONDITION_B014,MLCC_X7R,leakage_ua,SIM_X7R_4U7_16V,healthy_settling,healthy_settling,False,True,False,,,0.174994088785,0.175293718851,False,False,False,1.3,synthetic,True
MLCC_UNSEEN_CONDITION_C000462,MLCC_UNSEEN_CONDITION_B014,MLCC_X7R,leakage_ua,SIM_X7R_4U7_16V,healthy_settling,healthy_settling,False,True,False,,,0.221583890133,0.232560665785,False,False,False,1.3,synthetic,True
MLCC_UNSEEN_CONDITION_C000466,MLCC_UNSEEN_CONDITION_B014,MLCC_X7R,leakage_ua,SIM_X7R_4U7_16V,healthy_settling,healthy_settling,False,True,False,,,0.35306628567,0.349187915602,False,False,False,1.3,synthetic,True
MLCC_UNSEEN_CONDITION_C000482,MLCC_UNSEEN_CONDITION_B014,MLCC_X7R,leakage_ua,SIM_X7R_4U7_16V,healthy_settling,healthy_settling,False,True,False,,,0.313051714943,0.30929980058,False,False,False,1.3,synthetic,True
MLCC_UNSEEN_CONDITION_C000484,MLCC_UNSEEN_CONDITION_B014,MLCC_X7R,leakage_ua,SIM_X7R_4U7_16V,healthy_settling,healthy_settling,False,True,False,,,0.325804368993,0.320179677159,False,False,False,1.3,synthetic,True
MLCC_UNSEEN_CONDITION_C000497,MLCC_UNSEEN_CONDITION_B014,MLCC_X7R,leakage_ua,SIM_X7R_4U7_16V,healthy_settling,healthy_settling,False,True,False,,,0.29648638715,0.29268926122,False,False,False,1.3,synthetic,True
MLCC_UNSEEN_CONDITION_C000512,MLCC_UNSEEN_CONDITION_B014,MLCC_X7R,leakage_ua,SIM_X7R_4U7_16V,healthy_settling,healthy_settling,False,True,False,,,0.453982529672,0.455075631583,False,False,False,1.3,synthetic,True
MLCC_UNSEEN_CONDITION_C000548,MLCC_UNSEEN_CONDITION_B014,MLCC_X7R,leakage_ua,SIM_X7R_4U7_16V,healthy_settling,healthy_settling,False,True,False,,,0.316209828207,0.319423679164,False,False,False,1.3,synthetic,True
MLCC_UNSEEN_CONDITION_C000551,MLCC_UNSEEN_CONDITION_B014,MLCC_X7R,leakage_ua,SIM_X7R_4U7_16V,accelerating_drift,accelerating_drift,True,False,False,24,,2.20918863314,2.15108825144,True,True,True,1.3,synthetic,True
MLCC_UNSEEN_CONDITION_C000567,MLCC_UNSEEN_CONDITION_B014,MLCC_X7R,leakage_ua,SIM_X7R_4U7_16V,healthy_settling,healthy_settling,False,True,False,,,0.432586097358,0.412288119881,False,False,False,1.3,synthetic,True
MLCC_UNSEEN_CONDITION_C000579,MLCC_UNSEEN_CONDITION_B014,MLCC_X7R,leakage_ua,SIM_X7R_4U7_16V,intermittent_leakage,intermittent_leakage,True,False,False,48,,0.286978226741,0.289275478949,False,False,False,1.3,synthetic,True
MLCC_UNSEEN_CONDITION_C000595,MLCC_UNSEEN_CONDITION_B014,MLCC_X7R,leakage_ua,SIM_X7R_4U7_16V,healthy_settling,healthy_settling,False,True,False,,,0.24679716849,0.233317845418,False,False,False,1.3,synthetic,True
MLCC_UNSEEN_CONDITION_C000633,MLCC_UNSEEN_CONDITION_B014,MLCC_X7R,leakage_ua,SIM_X7R_4U7_16V,healthy_settling,healthy_settling,False,True,False,,,0.244352560566,0.237327188413,False,False,False,1.3,synthetic,True
MLCC_UNSEEN_CONDITION_C000639,MLCC_UNSEEN_CONDITION_B014,MLCC_X7R,leakage_ua,SIM_X7R_4U7_16V,healthy_settling,healthy_settling,False,True,False,,,0.350598402421,0.352127826396,False,False,False,1.3,synthetic,True
MLCC_UNSEEN_CONDITION_C000663,MLCC_UNSEEN_CONDITION_B014,MLCC_X7R,leakage_ua,SIM_X7R_4U7_16V,intermittent_leakage,intermittent_leakage,True,False,False,12,,0.201933321098,0.209107114172,False,False,False,1.3,synthetic,True
MLCC_UNSEEN_CONDITION_C000664,MLCC_UNSEEN_CONDITION_B014,MLCC_X7R,leakage_ua,SIM_X7R_4U7_16V,healthy_settling,healthy_settling,False,True,False,,,0.306444763458,0.310417696305,False,False,False,1.3,synthetic,True
MLCC_UNSEEN_CONDITION_C000694,MLCC_UNSEEN_CONDITION_B014,MLCC_X7R,leakage_ua,SIM_X7R_4U7_16V,moisture_associated_history,moisture_associated_history,True,False,False,12,,0.783696665186,0.790231494421,False,False,False,1.3,synthetic,True
MLCC_UNSEEN_CONDITION_C000713,MLCC_UNSEEN_CONDITION_B014,MLCC_X7R,leakage_ua,SIM_X7R_4U7_16V,accelerating_drift,accelerating_drift,True,False,False,0,,1.36323756826,1.41249471443,True,True,True,1.3,synthetic,True
MLCC_UNSEEN_CONDITION_C000757,MLCC_UNSEEN_CONDITION_B014,MLCC_X7R,leakage_ua,SIM_X7R_4U7_16V,healthy_settling,healthy_settling,False,True,False,,,0.355627830578,0.365880370789,False,False,False,1.3,synthetic,True
MLCC_UNSEEN_CONDITION_C000790,MLCC_UNSEEN_CONDITION_B014,MLCC_X7R,leakage_ua,SIM_X7R_4U7_16V,healthy_settling,healthy_settling,False,True,False,,,0.356065279229,0.340651542958,False,False,False,1.3,synthetic,True
MLCC_UNSEEN_CONDITION_C000800,MLCC_UNSEEN_CONDITION_B014,MLCC_X7R,leakage_ua,SIM_X7R_4U7_16V,healthy_settling,healthy_settling,False,True,False,,,0.457138814493,0.457348906377,False,False,False,1.3,synthetic,True
MLCC_UNSEEN_CONDITION_C000809,MLCC_UNSEEN_CONDITION_B014,MLCC_X7R,leakage_ua,SIM_X7R_4U7_16V,healthy_settling,healthy_settling,False,True,False,,,0.247596210399,0.248852998383,False,False,False,1.3,synthetic,True
MLCC_UNSEEN_CONDITION_C000828,MLCC_UNSEEN_CONDITION_B014,MLCC_X7R,leakage_ua,SIM_X7R_4U7_16V,healthy_settling,healthy_settling,False,True,False,,,0.26289296827,0.268811459474,False,False,False,1.3,synthetic,True
MLCC_UNSEEN_CONDITION_C000852,MLCC_UNSEEN_CONDITION_B014,MLCC_X7R,leakage_ua,SIM_X7R_4U7_16V,ordinary_noise,ordinary_noise,False,True,False,,,0.197604864028,0.210510150481,False,False,False,1.3,synthetic,True
MLCC_UNSEEN_CONDITION_C000859,MLCC_UNSEEN_CONDITION_B014,MLCC_X7R,leakage_ua,SIM_X7R_4U7_16V,accelerating_drift,accelerating_drift,True,False,False,0,,1.40494395751,1.45021689028,True,True,True,1.3,synthetic,True
MLCC_UNSEEN_CONDITION_C000902,MLCC_UNSEEN_CONDITION_B014,MLCC_X7R,leakage_ua,SIM_X7R_4U7_16V,intermittent_leakage,intermittent_leakage,True,False,False,6,,0.287153229641,0.276906099301,False,False,True,1.3,synthetic,True
MLCC_UNSEEN_CONDITION_C000912,MLCC_UNSEEN_CONDITION_B014,MLCC_X7R,leakage_ua,SIM_X7R_4U7_16V,healthy_settling,healthy_settling,False,True,False,,,0.352017579093,0.371363918699,False,False,False,1.3,synthetic,True
MLCC_UNSEEN_CONDITION_C000939,MLCC_UNSEEN_CONDITION_B014,MLCC_X7R,leakage_ua,SIM_X7R_4U7_16V,intermittent_leakage,intermittent_leakage,True,False,False,12,,0.314661894573,0.332231232699,False,False,False,1.3,synthetic,True
MLCC_UNSEEN_CONDITION_C000943,MLCC_UNSEEN_CONDITION_B014,MLCC_X7R,leakage_ua,SIM_X7R_4U7_16V,ordinary_noise,ordinary_noise,False,True,False,,,0.156529324073,0.164554388365,False,False,False,1.3,synthetic,True
MLCC_UNSEEN_CONDITION_C000963,MLCC_UNSEEN_CONDITION_B014,MLCC_X7R,leakage_ua,SIM_X7R_4U7_16V,healthy_settling,healthy_settling,False,True,False,,,0.184105456661,0.183372374665,False,False,False,1.3,synthetic,True
MLCC_UNSEEN_CONDITION_C000972,MLCC_UNSEEN_CONDITION_B014,MLCC_X7R,leakage_ua,SIM_X7R_4U7_16V,healthy_settling,healthy_settling,False,True,False,,,0.263978424007,0.268145233036,False,False,False,1.3,synthetic,True
MLCC_UNSEEN_CONDITION_C000978,MLCC_UNSEEN_CONDITION_B014,MLCC_X7R,leakage_ua,SIM_X7R_4U7_16V,healthy_settling,healthy_settling,False,True,False,,,0.247792704546,0.242408081903,False,False,False,1.3,synthetic,True
MLCC_UNSEEN_CONDITION_C000981,MLCC_UNSEEN_CONDITION_B014,MLCC_X7R,leakage_ua,SIM_X7R_4U7_16V,healthy_settling,healthy_settling,False,True,False,,,0.212088017128,0.204526872995,False,False,False,1.3,synthetic,True
MLCC_UNSEEN_CONDITION_C001034,MLCC_UNSEEN_CONDITION_B014,MLCC_X7R,leakage_ua,SIM_X7R_4U7_16V,late_abrupt_onset,late_abrupt_onset,True,False,False,144,,0.642584978004,0.643061953743,False,False,False,1.3,synthetic,True
MLCC_UNSEEN_CONDITION_C001039,MLCC_UNSEEN_CONDITION_B014,MLCC_X7R,leakage_ua,SIM_X7R_4U7_16V,healthy_settling,healthy_settling,False,True,False,,,0.445980068495,0.446660495572,False,False,False,1.3,synthetic,True
MLCC_UNSEEN_CONDITION_C001061,MLCC_UNSEEN_CONDITION_B014,MLCC_X7R,leakage_ua,SIM_X7R_4U7_16V,healthy_settling,healthy_settling,False,True,False,,,0.186119891718,0.184949767236,False,False,False,1.3,synthetic,True
MLCC_UNSEEN_CONDITION_C001088,MLCC_UNSEEN_CONDITION_B014,MLCC_X7R,leakage_ua,SIM_X7R_4U7_16V,healthy_settling,healthy_settling,False,True,False,,,0.244973271405,0.243059715991,False,False,False,1.3,synthetic,True
MLCC_UNSEEN_CONDITION_C001094,MLCC_UNSEEN_CONDITION_B014,MLCC_X7R,leakage_ua,SIM_X7R_4U7_16V,ordinary_noise,ordinary_noise,False,True,False,,,0.183493049574,0.198030604339,False,False,False,1.3,synthetic,True
MLCC_UNSEEN_CONDITION_C001106,MLCC_UNSEEN_CONDITION_B014,MLCC_X7R,leakage_ua,SIM_X7R_4U7_16V,healthy_settling,healthy_settling,False,True,False,,,0.348807061557,0.336419048094,False,False,False,1.3,synthetic,True
MLCC_UNSEEN_CONDITION_C001114,MLCC_UNSEEN_CONDITION_B014,MLCC_X7R,leakage_ua,SIM_X7R_4U7_16V,moisture_associated_history,moisture_associated_history,True,False,False,6,,1.49480071185,1.47611310369,True,True,True,1.3,synthetic,True
MLCC_UNSEEN_CONDITION_C001116,MLCC_UNSEEN_CONDITION_B014,MLCC_X7R,leakage_ua,SIM_X7R_4U7_16V,ordinary_noise,ordinary_noise,False,True,False,,,0.31201721768,0.276348739079,False,False,False,1.3,synthetic,True
MLCC_UNSEEN_CONDITION_C001120,MLCC_UNSEEN_CONDITION_B014,MLCC_X7R,leakage_ua,SIM_X7R_4U7_16V,ordinary_noise,ordinary_noise,False,True,False,,,0.331442674458,0.384853940994,False,False,False,1.3,synthetic,True
MLCC_UNSEEN_CONDITION_C001161,MLCC_UNSEEN_CONDITION_B014,MLCC_X7R,leakage_ua,SIM_X7R_4U7_16V,healthy_settling,healthy_settling,False,True,False,,,0.200432197548,0.208570296121,False,False,False,1.3,synthetic,True
MLCC_UNSEEN_CONDITION_C001190,MLCC_UNSEEN_CONDITION_B014,MLCC_X7R,leakage_ua,SIM_X7R_4U7_16V,accelerating_drift,accelerating_drift,True,False,False,0,,0.964771625813,0.973259872408,False,False,False,1.3,synthetic,True
MLCC_UNSEEN_CONDITION_C001233,MLCC_UNSEEN_CONDITION_B014,MLCC_X7R,leakage_ua,SIM_X7R_4U7_16V,healthy_settling,healthy_settling,False,True,False,,,0.240399728609,0.249708365812,False,False,False,1.3,synthetic,True
MLCC_UNSEEN_CONDITION_C001248,MLCC_UNSEEN_CONDITION_B014,MLCC_X7R,leakage_ua,SIM_X7R_4U7_16V,accelerating_drift,accelerating_drift,True,False,False,24,,0.777024263944,0.744178816789,False,False,False,1.3,synthetic,True
MLCC_UNSEEN_CONDITION_C001288,MLCC_UNSEEN_CONDITION_B014,MLCC_X7R,leakage_ua,SIM_X7R_4U7_16V,healthy_settling,healthy_settling,False,True,False,,,0.155903063575,0.156024936637,False,False,False,1.3,synthetic,True
MLCC_UNSEEN_CONDITION_C001313,MLCC_UNSEEN_CONDITION_B014,MLCC_X7R,leakage_ua,SIM_X7R_4U7_16V,healthy_settling,healthy_settling,False,True,False,,,0.265899073004,0.265872134697,False,False,False,1.3,synthetic,True
MLCC_UNSEEN_CONDITION_C001345,MLCC_UNSEEN_CONDITION_B014,MLCC_X7R,leakage_ua,SIM_X7R_4U7_16V,healthy_settling,healthy_settling,False,True,False,,,0.279446671182,0.296955510497,False,False,False,1.3,synthetic,True
MLCC_UNSEEN_CONDITION_C001355,MLCC_UNSEEN_CONDITION_B014,MLCC_X7R,leakage_ua,SIM_X7R_4U7_16V,intermittent_leakage,intermittent_leakage,True,False,False,12,,0.303050648875,0.315662986873,False,False,False,1.3,synthetic,True
MLCC_UNSEEN_CONDITION_C001358,MLCC_UNSEEN_CONDITION_B014,MLCC_X7R,leakage_ua,SIM_X7R_4U7_16V,healthy_settling,healthy_settling,False,True,False,,,0.286185823815,0.312413980842,False,False,False,1.3,synthetic,True
MLCC_UNSEEN_CONDITION_C001431,MLCC_UNSEEN_CONDITION_B014,MLCC_X7R,leakage_ua,SIM_X7R_4U7_16V,healthy_settling,healthy_settling,False,True,False,,,0.404978740876,0.386298780327,False,False,False,1.3,synthetic,True
MLCC_UNSEEN_CONDITION_C001490,MLCC_UNSEEN_CONDITION_B014,MLCC_X7R,leakage_ua,SIM_X7R_4U7_16V,healthy_settling,healthy_settling,False,True,False,,,0.216766184432,0.217057076823,False,False,False,1.3,synthetic,True
MLCC_UNSEEN_CONDITION_C001509,MLCC_UNSEEN_CONDITION_B014,MLCC_X7R,leakage_ua,SIM_X7R_4U7_16V,healthy_settling,healthy_settling,False,True,False,,,0.241216873979,0.234252987591,False,False,False,1.3,synthetic,True
MLCC_UNSEEN_CONDITION_C001521,MLCC_UNSEEN_CONDITION_B014,MLCC_X7R,leakage_ua,SIM_X7R_4U7_16V,healthy_settling,healthy_settling,False,True,False,,,0.140119703676,0.142891191342,False,False,False,1.3,synthetic,True
MLCC_UNSEEN_CONDITION_C001547,MLCC_UNSEEN_CONDITION_B014,MLCC_X7R,leakage_ua,SIM_X7R_4U7_16V,healthy_settling,healthy_settling,False,True,False,,,0.248829448525,0.248876950078,False,False,False,1.3,synthetic,True
MLCC_UNSEEN_CONDITION_C001559,MLCC_UNSEEN_CONDITION_B014,MLCC_X7R,leakage_ua,SIM_X7R_4U7_16V,healthy_settling,healthy_settling,False,True,False,,,0.215880007467,0.209087440883,False,False,False,1.3,synthetic,True
MLCC_UNSEEN_CONDITION_C001584,MLCC_UNSEEN_CONDITION_B014,MLCC_X7R,leakage_ua,SIM_X7R_4U7_16V,ordinary_noise,ordinary_noise,False,True,False,,,0.197576606612,0.213979185247,False,False,False,1.3,synthetic,True
MLCC_UNSEEN_CONDITION_C001594,MLCC_UNSEEN_CONDITION_B014,MLCC_X7R,leakage_ua,SIM_X7R_4U7_16V,healthy_settling,healthy_settling,False,True,False,,,0.285542396401,0.282801540025,False,False,False,1.3,synthetic,True
MLCC_UNSEEN_CONDITION_C001601,MLCC_UNSEEN_CONDITION_B014,MLCC_X7R,leakage_ua,SIM_X7R_4U7_16V,healthy_settling,healthy_settling,False,True,False,,,0.322644973012,0.34418081858,False,False,False,1.3,synthetic,True
MLCC_UNSEEN_CONDITION_C001605,MLCC_UNSEEN_CONDITION_B014,MLCC_X7R,leakage_ua,SIM_X7R_4U7_16V,healthy_settling,healthy_settling,False,True,False,,,0.386679965512,0.390341867086,False,False,False,1.3,synthetic,True
MLCC_UNSEEN_CONDITION_C001608,MLCC_UNSEEN_CONDITION_B014,MLCC_X7R,leakage_ua,SIM_X7R_4U7_16V,healthy_settling,healthy_settling,False,True,False,,,0.318002227345,0.319120602467,False,False,False,1.3,synthetic,True
MLCC_UNSEEN_CONDITION_C001630,MLCC_UNSEEN_CONDITION_B014,MLCC_X7R,leakage_ua,SIM_X7R_4U7_16V,healthy_settling,healthy_settling,False,True,False,,,0.214212930313,0.223854400845,False,False,False,1.3,synthetic,True
MLCC_UNSEEN_CONDITION_C001634,MLCC_UNSEEN_CONDITION_B014,MLCC_X7R,leakage_ua,SIM_X7R_4U7_16V,healthy_settling,healthy_settling,False,True,False,,,0.271022204132,0.267745893734,False,False,False,1.3,synthetic,True
MLCC_UNSEEN_CONDITION_C001642,MLCC_UNSEEN_CONDITION_B014,MLCC_X7R,leakage_ua,SIM_X7R_4U7_16V,ordinary_noise,ordinary_noise,False,True,False,,,0.392122718341,0.35302407707,False,False,False,1.3,synthetic,True
MLCC_UNSEEN_CONDITION_C001647,MLCC_UNSEEN_CONDITION_B014,MLCC_X7R,leakage_ua,SIM_X7R_4U7_16V,ordinary_noise,ordinary_noise,False,True,False,,,0.173197104129,0.168045738747,False,False,False,1.3,synthetic,True
MLCC_UNSEEN_CONDITION_C001648,MLCC_UNSEEN_CONDITION_B014,MLCC_X7R,leakage_ua,SIM_X7R_4U7_16V,healthy_settling,healthy_settling,False,True,False,,,0.236237789625,0.233302413504,False,False,False,1.3,synthetic,True
MLCC_UNSEEN_CONDITION_C001668,MLCC_UNSEEN_CONDITION_B014,MLCC_X7R,leakage_ua,SIM_X7R_4U7_16V,gradual_drift,gradual_drift,True,False,False,0,,2.14057698722,2.20826245739,True,True,True,1.3,synthetic,True
MLCC_UNSEEN_CONDITION_C001769,MLCC_UNSEEN_CONDITION_B014,MLCC_X7R,leakage_ua,SIM_X7R_4U7_16V,moisture_associated_history,moisture_associated_history,True,False,False,0,,0.711025253637,0.700644913122,False,False,False,1.3,synthetic,True
MLCC_UNSEEN_CONDITION_C001781,MLCC_UNSEEN_CONDITION_B014,MLCC_X7R,leakage_ua,SIM_X7R_4U7_16V,healthy_settling,healthy_settling,False,True,False,,,0.298268032789,0.326194879526,False,False,False,1.3,synthetic,True
MLCC_UNSEEN_CONDITION_C001796,MLCC_UNSEEN_CONDITION_B014,MLCC_X7R,leakage_ua,SIM_X7R_4U7_16V,healthy_settling,healthy_settling,False,True,False,,,0.235558097438,0.250463673402,False,False,False,1.3,synthetic,True
MLCC_UNSEEN_CONDITION_C001803,MLCC_UNSEEN_CONDITION_B014,MLCC_X7R,leakage_ua,SIM_X7R_4U7_16V,healthy_settling,healthy_settling,False,True,False,,,0.190506251152,0.186919316516,False,False,False,1.3,synthetic,True
MLCC_UNSEEN_CONDITION_C001847,MLCC_UNSEEN_CONDITION_B014,MLCC_X7R,leakage_ua,SIM_X7R_4U7_16V,healthy_settling,healthy_settling,False,True,False,,,0.259720713666,0.257851206771,False,False,False,1.3,synthetic,True
MLCC_UNSEEN_CONDITION_C001859,MLCC_UNSEEN_CONDITION_B014,MLCC_X7R,leakage_ua,SIM_X7R_4U7_16V,ordinary_noise,ordinary_noise,False,True,False,,,0.182428771195,0.284568147523,False,False,False,1.3,synthetic,True
MLCC_UNSEEN_CONDITION_C001872,MLCC_UNSEEN_CONDITION_B014,MLCC_X7R,leakage_ua,SIM_X7R_4U7_16V,healthy_settling,healthy_settling,False,True,False,,,0.2164138052,0.219901623706,False,False,False,1.3,synthetic,True
MLCC_UNSEEN_CONDITION_C001899,MLCC_UNSEEN_CONDITION_B014,MLCC_X7R,leakage_ua,SIM_X7R_4U7_16V,gradual_drift,gradual_drift,True,False,False,0,,1.00026971788,1.03542798398,False,False,False,1.3,synthetic,True
MLCC_UNSEEN_CONDITION_C001942,MLCC_UNSEEN_CONDITION_B014,MLCC_X7R,leakage_ua,SIM_X7R_4U7_16V,accelerating_drift,accelerating_drift,True,False,False,24,,0.583623863947,0.577503408215,False,False,False,1.3,synthetic,True
MLCC_UNSEEN_CONDITION_C001979,MLCC_UNSEEN_CONDITION_B014,MLCC_X7R,leakage_ua,SIM_X7R_4U7_16V,ordinary_noise,ordinary_noise,False,True,False,,,0.15669076113,0.174301075971,False,False,False,1.3,synthetic,True
MLCC_UNSEEN_CONDITION_C001982,MLCC_UNSEEN_CONDITION_B014,MLCC_X7R,leakage_ua,SIM_X7R_4U7_16V,ordinary_noise,ordinary_noise,False,True,False,,,0.256480495625,0.244535830888,False,False,False,1.3,synthetic,True
MLCC_UNSEEN_CONDITION_C001984,MLCC_UNSEEN_CONDITION_B014,MLCC_X7R,leakage_ua,SIM_X7R_4U7_16V,accelerating_drift,accelerating_drift,True,False,False,6,,1.44608762334,1.40761062679,True,True,True,1.3,synthetic,True
MLCC_UNSEEN_CONDITION_C000010,MLCC_UNSEEN_CONDITION_B015,MLCC_X7R,leakage_ua,SIM_X7R_4U7_16V,gradual_drift,gradual_drift,True,False,False,6,,1.53123033389,1.52097112747,True,True,True,1.3,synthetic,True
MLCC_UNSEEN_CONDITION_C000039,MLCC_UNSEEN_CONDITION_B015,MLCC_X7R,leakage_ua,SIM_X7R_4U7_16V,ordinary_noise,ordinary_noise,False,True,False,,,0.261492643381,0.250635962545,False,False,False,1.3,synthetic,True
MLCC_UNSEEN_CONDITION_C000047,MLCC_UNSEEN_CONDITION_B015,MLCC_X7R,leakage_ua,SIM_X7R_4U7_16V,healthy_settling,healthy_settling,False,True,False,,,0.310542768102,0.300003691603,False,False,False,1.3,synthetic,True
MLCC_UNSEEN_CONDITION_C000049,MLCC_UNSEEN_CONDITION_B015,MLCC_X7R,leakage_ua,SIM_X7R_4U7_16V,gradual_drift,gradual_drift,True,False,False,0,,1.80025133992,1.73708382857,True,True,True,1.3,synthetic,True
MLCC_UNSEEN_CONDITION_C000050,MLCC_UNSEEN_CONDITION_B015,MLCC_X7R,leakage_ua,SIM_X7R_4U7_16V,healthy_settling,healthy_settling,False,True,False,,,0.27586673364,0.281306099903,False,False,False,1.3,synthetic,True
MLCC_UNSEEN_CONDITION_C000068,MLCC_UNSEEN_CONDITION_B015,MLCC_X7R,leakage_ua,SIM_X7R_4U7_16V,healthy_settling,healthy_settling,False,True,False,,,0.400300735725,0.410220045492,False,False,False,1.3,synthetic,True
MLCC_UNSEEN_CONDITION_C000141,MLCC_UNSEEN_CONDITION_B015,MLCC_X7R,leakage_ua,SIM_X7R_4U7_16V,healthy_settling,healthy_settling,False,True,False,,,0.23472213462,0.230611915951,False,False,False,1.3,synthetic,True
MLCC_UNSEEN_CONDITION_C000156,MLCC_UNSEEN_CONDITION_B015,MLCC_X7R,leakage_ua,SIM_X7R_4U7_16V,healthy_settling,healthy_settling,False,True,False,,,0.260717828324,0.263279457597,False,False,False,1.3,synthetic,True
MLCC_UNSEEN_CONDITION_C000203,MLCC_UNSEEN_CONDITION_B015,MLCC_X7R,leakage_ua,SIM_X7R_4U7_16V,healthy_settling,healthy_settling,False,True,False,,,0.270785097788,0.272928243977,False,False,False,1.3,synthetic,True
MLCC_UNSEEN_CONDITION_C000210,MLCC_UNSEEN_CONDITION_B015,MLCC_X7R,leakage_ua,SIM_X7R_4U7_16V,accelerating_drift,accelerating_drift,True,False,False,6,,1.07223083239,1.02034682926,False,False,False,1.3,synthetic,True
MLCC_UNSEEN_CONDITION_C000215,MLCC_UNSEEN_CONDITION_B015,MLCC_X7R,leakage_ua,SIM_X7R_4U7_16V,gradual_drift,gradual_drift,True,False,False,12,,2.14400134233,2.13680811275,True,True,True,1.3,synthetic,True
MLCC_UNSEEN_CONDITION_C000359,MLCC_UNSEEN_CONDITION_B015,MLCC_X7R,leakage_ua,SIM_X7R_4U7_16V,healthy_settling,healthy_settling,False,True,False,,,0.282492391343,0.292584512512,False,False,False,1.3,synthetic,True
MLCC_UNSEEN_CONDITION_C000383,MLCC_UNSEEN_CONDITION_B015,MLCC_X7R,leakage_ua,SIM_X7R_4U7_16V,healthy_settling,healthy_settling,False,True,False,,,0.239965617579,0.236218457045,False,False,False,1.3,synthetic,True
MLCC_UNSEEN_CONDITION_C000396,MLCC_UNSEEN_CONDITION_B015,MLCC_X7R,leakage_ua,SIM_X7R_4U7_16V,gradual_drift,gradual_drift,True,False,False,6,,0.477809297931,0.490476498909,False,False,False,1.3,synthetic,True
MLCC_UNSEEN_CONDITION_C000411,MLCC_UNSEEN_CONDITION_B015,MLCC_X7R,leakage_ua,SIM_X7R_4U7_16V,healthy_settling,healthy_settling,False,True,False,,,0.267774233239,0.266060730175,False,False,False,1.3,synthetic,True
MLCC_UNSEEN_CONDITION_C000424,MLCC_UNSEEN_CONDITION_B015,MLCC_X7R,leakage_ua,SIM_X7R_4U7_16V,gradual_drift,gradual_drift,True,False,False,6,,1.37278526594,1.43140433061,True,True,True,1.3,synthetic,True
MLCC_UNSEEN_CONDITION_C000432,MLCC_UNSEEN_CONDITION_B015,MLCC_X7R,leakage_ua,SIM_X7R_4U7_16V,healthy_settling,healthy_settling,False,True,False,,,0.172656952482,0.174080596699,False,False,False,1.3,synthetic,True
MLCC_UNSEEN_CONDITION_C000458,MLCC_UNSEEN_CONDITION_B015,MLCC_X7R,leakage_ua,SIM_X7R_4U7_16V,moisture_associated_history,moisture_associated_history,True,False,False,0,,1.53872358025,1.5026423805,True,True,True,1.3,synthetic,True
MLCC_UNSEEN_CONDITION_C000468,MLCC_UNSEEN_CONDITION_B015,MLCC_X7R,leakage_ua,SIM_X7R_4U7_16V,accelerating_drift,accelerating_drift,True,False,False,12,,0.791459179702,0.788266697656,False,False,False,1.3,synthetic,True
MLCC_UNSEEN_CONDITION_C000540,MLCC_UNSEEN_CONDITION_B015,MLCC_X7R,leakage_ua,SIM_X7R_4U7_16V,gradual_drift,gradual_drift,True,False,False,12,,3.17879227536,3.17490628952,True,True,True,1.3,synthetic,True
MLCC_UNSEEN_CONDITION_C000545,MLCC_UNSEEN_CONDITION_B015,MLCC_X7R,leakage_ua,SIM_X7R_4U7_16V,moisture_associated_history,moisture_associated_history,True,False,False,48,,0.515911324787,0.500916447161,False,False,False,1.3,synthetic,True
MLCC_UNSEEN_CONDITION_C000584,MLCC_UNSEEN_CONDITION_B015,MLCC_X7R,leakage_ua,SIM_X7R_4U7_16V,healthy_settling,healthy_settling,False,True,False,,,0.351759596175,0.349291007833,False,False,False,1.3,synthetic,True
MLCC_UNSEEN_CONDITION_C000587,MLCC_UNSEEN_CONDITION_B015,MLCC_X7R,leakage_ua,SIM_X7R_4U7_16V,healthy_settling,healthy_settling,False,True,False,,,0.376537309998,0.374806075352,False,False,False,1.3,synthetic,True
MLCC_UNSEEN_CONDITION_C000597,MLCC_UNSEEN_CONDITION_B015,MLCC_X7R,leakage_ua,SIM_X7R_4U7_16V,ordinary_noise,ordinary_noise,False,True,False,,,0.236889576488,0.250781390333,False,False,False,1.3,synthetic,True
MLCC_UNSEEN_CONDITION_C000600,MLCC_UNSEEN_CONDITION_B015,MLCC_X7R,leakage_ua,SIM_X7R_4U7_16V,accelerating_drift,accelerating_drift,True,False,False,0,,0.532175516583,0.537243088526,False,False,False,1.3,synthetic,True
MLCC_UNSEEN_CONDITION_C000622,MLCC_UNSEEN_CONDITION_B015,MLCC_X7R,leakage_ua,SIM_X7R_4U7_16V,healthy_settling,healthy_settling,False,True,False,,,0.150774359333,0.150651260398,False,False,False,1.3,synthetic,True
MLCC_UNSEEN_CONDITION_C000647,MLCC_UNSEEN_CONDITION_B015,MLCC_X7R,leakage_ua,SIM_X7R_4U7_16V,healthy_settling,healthy_settling,False,True,False,,,0.440773017649,0.431738186856,False,False,False,1.3,synthetic,True
MLCC_UNSEEN_CONDITION_C000675,MLCC_UNSEEN_CONDITION_B015,MLCC_X7R,leakage_ua,SIM_X7R_4U7_16V,gradual_drift,gradual_drift,True,False,False,6,,1.00547975327,0.972012499878,False,False,False,1.3,synthetic,True
MLCC_UNSEEN_CONDITION_C000703,MLCC_UNSEEN_CONDITION_B015,MLCC_X7R,leakage_ua,SIM_X7R_4U7_16V,ordinary_noise,ordinary_noise,False,True,False,,,0.332259448014,0.315529697638,False,False,False,1.3,synthetic,True
MLCC_UNSEEN_CONDITION_C000733,MLCC_UNSEEN_CONDITION_B015,MLCC_X7R,leakage_ua,SIM_X7R_4U7_16V,healthy_settling,healthy_settling,False,True,False,,,0.309673403771,0.30107651305,False,False,False,1.3,synthetic,True
MLCC_UNSEEN_CONDITION_C000789,MLCC_UNSEEN_CONDITION_B015,MLCC_X7R,leakage_ua,SIM_X7R_4U7_16V,healthy_settling,healthy_settling,False,True,False,,,0.30780012903,0.299159616783,False,False,False,1.3,synthetic,True
MLCC_UNSEEN_CONDITION_C000808,MLCC_UNSEEN_CONDITION_B015,MLCC_X7R,leakage_ua,SIM_X7R_4U7_16V,healthy_settling,healthy_settling,False,True,False,,,0.183817023831,0.180111428445,False,False,False,1.3,synthetic,True
MLCC_UNSEEN_CONDITION_C000830,MLCC_UNSEEN_CONDITION_B015,MLCC_X7R,leakage_ua,SIM_X7R_4U7_16V,healthy_settling,healthy_settling,False,True,False,,,0.291928049403,0.301828397176,False,False,False,1.3,synthetic,True
MLCC_UNSEEN_CONDITION_C000840,MLCC_UNSEEN_CONDITION_B015,MLCC_X7R,leakage_ua,SIM_X7R_4U7_16V,intermittent_leakage,intermittent_leakage,True,False,False,48,,0.237162478842,0.242489213562,False,False,False,1.3,synthetic,True
MLCC_UNSEEN_CONDITION_C000861,MLCC_UNSEEN_CONDITION_B015,MLCC_X7R,leakage_ua,SIM_X7R_4U7_16V,gradual_drift,gradual_drift,True,False,False,0,,1.14758102332,1.22719628871,False,False,False,1.3,synthetic,True
MLCC_UNSEEN_CONDITION_C000883,MLCC_UNSEEN_CONDITION_B015,MLCC_X7R,leakage_ua,SIM_X7R_4U7_16V,healthy_settling,healthy_settling,False,True,False,,,0.365337472848,0.358301860082,False,False,False,1.3,synthetic,True
MLCC_UNSEEN_CONDITION_C000895,MLCC_UNSEEN_CONDITION_B015,MLCC_X7R,leakage_ua,SIM_X7R_4U7_16V,healthy_settling,healthy_settling,False,True,False,,,0.31104938144,0.30441831324,False,False,False,1.3,synthetic,True
MLCC_UNSEEN_CONDITION_C000934,MLCC_UNSEEN_CONDITION_B015,MLCC_X7R,leakage_ua,SIM_X7R_4U7_16V,ordinary_noise,ordinary_noise,False,True,False,,,0.414419466661,0.436403596732,False,False,False,1.3,synthetic,True
MLCC_UNSEEN_CONDITION_C000997,MLCC_UNSEEN_CONDITION_B015,MLCC_X7R,leakage_ua,SIM_X7R_4U7_16V,gradual_drift,gradual_drift,True,False,False,12,,0.479233084118,0.472362691005,False,False,False,1.3,synthetic,True
MLCC_UNSEEN_CONDITION_C001016,MLCC_UNSEEN_CONDITION_B015,MLCC_X7R,leakage_ua,SIM_X7R_4U7_16V,accelerating_drift,accelerating_drift,True,False,False,24,,0.698006069233,0.677540164659,False,False,False,1.3,synthetic,True
MLCC_UNSEEN_CONDITION_C001033,MLCC_UNSEEN_CONDITION_B015,MLCC_X7R,leakage_ua,SIM_X7R_4U7_16V,healthy_settling,healthy_settling,False,True,False,,,0.288751718552,0.278249143388,False,False,False,1.3,synthetic,True
MLCC_UNSEEN_CONDITION_C001046,MLCC_UNSEEN_CONDITION_B015,MLCC_X7R,leakage_ua,SIM_X7R_4U7_16V,healthy_settling,healthy_settling,False,True,False,,,0.259800354664,0.26382765297,False,False,False,1.3,synthetic,True
MLCC_UNSEEN_CONDITION_C001047,MLCC_UNSEEN_CONDITION_B015,MLCC_X7R,leakage_ua,SIM_X7R_4U7_16V,healthy_settling,healthy_settling,False,True,False,,,0.327812898938,0.329333518949,False,False,False,1.3,synthetic,True
MLCC_UNSEEN_CONDITION_C001056,MLCC_UNSEEN_CONDITION_B015,MLCC_X7R,leakage_ua,SIM_X7R_4U7_16V,healthy_settling,healthy_settling,False,True,False,,,0.185767932318,0.187324696773,False,False,False,1.3,synthetic,True
MLCC_UNSEEN_CONDITION_C001060,MLCC_UNSEEN_CONDITION_B015,MLCC_X7R,leakage_ua,SIM_X7R_4U7_16V,ordinary_noise,ordinary_noise,False,True,False,,,0.214749075628,0.227216020563,False,False,False,1.3,synthetic,True
MLCC_UNSEEN_CONDITION_C001062,MLCC_UNSEEN_CONDITION_B015,MLCC_X7R,leakage_ua,SIM_X7R_4U7_16V,ordinary_noise,ordinary_noise,False,True,False,,,0.117266717477,0.165409051252,False,False,False,1.3,synthetic,True
MLCC_UNSEEN_CONDITION_C001064,MLCC_UNSEEN_CONDITION_B015,MLCC_X7R,leakage_ua,SIM_X7R_4U7_16V,healthy_settling,healthy_settling,False,True,False,,,0.296845392416,0.27980911783,False,False,False,1.3,synthetic,True
MLCC_UNSEEN_CONDITION_C001082,MLCC_UNSEEN_CONDITION_B015,MLCC_X7R,leakage_ua,SIM_X7R_4U7_16V,healthy_settling,healthy_settling,False,True,False,,,0.23243926691,0.233769011173,False,False,False,1.3,synthetic,True
MLCC_UNSEEN_CONDITION_C001090,MLCC_UNSEEN_CONDITION_B015,MLCC_X7R,leakage_ua,SIM_X7R_4U7_16V,healthy_settling,healthy_settling,False,True,False,,,0.171159507913,0.17384691749,False,False,False,1.3,synthetic,True
MLCC_UNSEEN_CONDITION_C001132,MLCC_UNSEEN_CONDITION_B015,MLCC_X7R,leakage_ua,SIM_X7R_4U7_16V,healthy_settling,healthy_settling,False,True,False,,,0.19720501953,0.20190526876,False,False,False,1.3,synthetic,True
MLCC_UNSEEN_CONDITION_C001136,MLCC_UNSEEN_CONDITION_B015,MLCC_X7R,leakage_ua,SIM_X7R_4U7_16V,healthy_settling,healthy_settling,False,True,False,,,0.217044902527,0.217804982008,False,False,False,1.3,synthetic,True
MLCC_UNSEEN_CONDITION_C001184,MLCC_UNSEEN_CONDITION_B015,MLCC_X7R,leakage_ua,SIM_X7R_4U7_16V,ordinary_noise,ordinary_noise,False,True,False,,,0.3282461178,0.367185395093,False,False,False,1.3,synthetic,True
MLCC_UNSEEN_CONDITION_C001188,MLCC_UNSEEN_CONDITION_B015,MLCC_X7R,leakage_ua,SIM_X7R_4U7_16V,healthy_settling,healthy_settling,False,True,False,,,0.211259265071,0.229441477053,False,False,False,1.3,synthetic,True
MLCC_UNSEEN_CONDITION_C001224,MLCC_UNSEEN_CONDITION_B015,MLCC_X7R,leakage_ua,SIM_X7R_4U7_16V,healthy_settling,healthy_settling,False,True,False,,,0.390233092069,0.387350322872,False,False,False,1.3,synthetic,True
MLCC_UNSEEN_CONDITION_C001230,MLCC_UNSEEN_CONDITION_B015,MLCC_X7R,leakage_ua,SIM_X7R_4U7_16V,accelerating_drift,accelerating_drift,True,False,False,12,,1.72668237396,1.74075885769,True,True,True,1.3,synthetic,True
MLCC_UNSEEN_CONDITION_C001238,MLCC_UNSEEN_CONDITION_B015,MLCC_X7R,leakage_ua,SIM_X7R_4U7_16V,healthy_settling,healthy_settling,False,True,False,,,0.153398592101,0.150021146901,False,False,False,1.3,synthetic,True
MLCC_UNSEEN_CONDITION_C001249,MLCC_UNSEEN_CONDITION_B015,MLCC_X7R,leakage_ua,SIM_X7R_4U7_16V,healthy_settling,healthy_settling,False,True,False,,,0.244837577646,0.244936344386,False,False,False,1.3,synthetic,True
MLCC_UNSEEN_CONDITION_C001270,MLCC_UNSEEN_CONDITION_B015,MLCC_X7R,leakage_ua,SIM_X7R_4U7_16V,healthy_settling,healthy_settling,False,True,False,,,0.413550230849,0.419991237025,False,False,False,1.3,synthetic,True
MLCC_UNSEEN_CONDITION_C001284,MLCC_UNSEEN_CONDITION_B015,MLCC_X7R,leakage_ua,SIM_X7R_4U7_16V,healthy_settling,healthy_settling,False,True,False,,,0.364746821366,0.359290879271,False,False,False,1.3,synthetic,True
MLCC_UNSEEN_CONDITION_C001289,MLCC_UNSEEN_CONDITION_B015,MLCC_X7R,leakage_ua,SIM_X7R_4U7_16V,accelerating_drift,accelerating_drift,True,False,False,24,,0.54387077246,0.529296575602,False,False,False,1.3,synthetic,True
MLCC_UNSEEN_CONDITION_C001293,MLCC_UNSEEN_CONDITION_B015,MLCC_X7R,leakage_ua,SIM_X7R_4U7_16V,moisture_associated_history,moisture_associated_history,True,False,False,12,,1.39620519338,1.4368126379,True,True,True,1.3,synthetic,True
MLCC_UNSEEN_CONDITION_C001299,MLCC_UNSEEN_CONDITION_B015,MLCC_X7R,leakage_ua,SIM_X7R_4U7_16V,ordinary_noise,ordinary_noise,False,True,False,,,0.381340921235,0.332351182704,False,False,False,1.3,synthetic,True
MLCC_UNSEEN_CONDITION_C001325,MLCC_UNSEEN_CONDITION_B015,MLCC_X7R,leakage_ua,SIM_X7R_4U7_16V,ordinary_noise,ordinary_noise,False,True,False,,,0.223941687253,0.216580949674,False,False,False,1.3,synthetic,True
MLCC_UNSEEN_CONDITION_C001349,MLCC_UNSEEN_CONDITION_B015,MLCC_X7R,leakage_ua,SIM_X7R_4U7_16V,healthy_settling,healthy_settling,False,True,False,,,0.301802288729,0.30540866944,False,False,False,1.3,synthetic,True
MLCC_UNSEEN_CONDITION_C001354,MLCC_UNSEEN_CONDITION_B015,MLCC_X7R,leakage_ua,SIM_X7R_4U7_16V,healthy_settling,healthy_settling,False,True,False,,,0.343868340139,0.339548062554,False,False,False,1.3,synthetic,True
MLCC_UNSEEN_CONDITION_C001373,MLCC_UNSEEN_CONDITION_B015,MLCC_X7R,leakage_ua,SIM_X7R_4U7_16V,healthy_settling,healthy_settling,False,True,False,,,0.542806294511,0.540922117481,False,False,False,1.3,synthetic,True
MLCC_UNSEEN_CONDITION_C001383,MLCC_UNSEEN_CONDITION_B015,MLCC_X7R,leakage_ua,SIM_X7R_4U7_16V,healthy_settling,healthy_settling,False,True,False,,,0.193176506832,0.195594291068,False,False,False,1.3,synthetic,True
MLCC_UNSEEN_CONDITION_C001414,MLCC_UNSEEN_CONDITION_B015,MLCC_X7R,leakage_ua,SIM_X7R_4U7_16V,healthy_settling,healthy_settling,False,True,False,,,0.190887426655,0.190354206263,False,False,False,1.3,synthetic,True
MLCC_UNSEEN_CONDITION_C001419,MLCC_UNSEEN_CONDITION_B015,MLCC_X7R,leakage_ua,SIM_X7R_4U7_16V,healthy_settling,healthy_settling,False,True,False,,,0.761089225254,0.767085794994,False,False,False,1.3,synthetic,True
MLCC_UNSEEN_CONDITION_C001423,MLCC_UNSEEN_CONDITION_B015,MLCC_X7R,leakage_ua,SIM_X7R_4U7_16V,ordinary_noise,ordinary_noise,False,True,False,,,0.373795900245,0.347654451211,False,False,False,1.3,synthetic,True
MLCC_UNSEEN_CONDITION_C001460,MLCC_UNSEEN_CONDITION_B015,MLCC_X7R,leakage_ua,SIM_X7R_4U7_16V,healthy_settling,healthy_settling,False,True,False,,,0.202204527723,0.203397683883,False,False,False,1.3,synthetic,True
MLCC_UNSEEN_CONDITION_C001469,MLCC_UNSEEN_CONDITION_B015,MLCC_X7R,leakage_ua,SIM_X7R_4U7_16V,late_abrupt_onset,late_abrupt_onset,True,False,False,48,,3.30098061767,3.20151017141,True,True,True,1.3,synthetic,True
MLCC_UNSEEN_CONDITION_C001479,MLCC_UNSEEN_CONDITION_B015,MLCC_X7R,leakage_ua,SIM_X7R_4U7_16V,healthy_settling,healthy_settling,False,True,False,,,0.275480695727,0.27165199137,False,False,False,1.3,synthetic,True
MLCC_UNSEEN_CONDITION_C001485,MLCC_UNSEEN_CONDITION_B015,MLCC_X7R,leakage_ua,SIM_X7R_4U7_16V,ordinary_noise,ordinary_noise,False,True,False,,,0.302980402869,0.310018273505,False,False,False,1.3,synthetic,True
MLCC_UNSEEN_CONDITION_C001488,MLCC_UNSEEN_CONDITION_B015,MLCC_X7R,leakage_ua,SIM_X7R_4U7_16V,healthy_settling,healthy_settling,False,True,False,,,0.267119999933,0.277131234166,False,False,False,1.3,synthetic,True
MLCC_UNSEEN_CONDITION_C001499,MLCC_UNSEEN_CONDITION_B015,MLCC_X7R,leakage_ua,SIM_X7R_4U7_16V,healthy_settling,healthy_settling,False,True,False,,,0.335210756172,0.337019307084,False,False,False,1.3,synthetic,True
MLCC_UNSEEN_CONDITION_C001560,MLCC_UNSEEN_CONDITION_B015,MLCC_X7R,leakage_ua,SIM_X7R_4U7_16V,healthy_settling,healthy_settling,False,True,False,,,0.236384187321,0.227383920061,False,False,False,1.3,synthetic,True
MLCC_UNSEEN_CONDITION_C001565,MLCC_UNSEEN_CONDITION_B015,MLCC_X7R,leakage_ua,SIM_X7R_4U7_16V,healthy_settling,healthy_settling,False,True,False,,,0.257720194556,0.28672480941,False,False,False,1.3,synthetic,True
MLCC_UNSEEN_CONDITION_C001569,MLCC_UNSEEN_CONDITION_B015,MLCC_X7R,leakage_ua,SIM_X7R_4U7_16V,accelerating_drift,accelerating_drift,True,False,False,24,,0.272182446429,0.283576470873,False,False,False,1.3,synthetic,True
MLCC_UNSEEN_CONDITION_C001583,MLCC_UNSEEN_CONDITION_B015,MLCC_X7R,leakage_ua,SIM_X7R_4U7_16V,ordinary_noise,ordinary_noise,False,True,False,,,0.32659662311,0.251269332941,False,False,False,1.3,synthetic,True
MLCC_UNSEEN_CONDITION_C001589,MLCC_UNSEEN_CONDITION_B015,MLCC_X7R,leakage_ua,SIM_X7R_4U7_16V,healthy_settling,healthy_settling,False,True,False,,,0.150290232236,0.153875654406,False,False,False,1.3,synthetic,True
MLCC_UNSEEN_CONDITION_C001615,MLCC_UNSEEN_CONDITION_B015,MLCC_X7R,leakage_ua,SIM_X7R_4U7_16V,healthy_settling,healthy_settling,False,True,False,,,0.240481619724,0.239274780104,False,False,False,1.3,synthetic,True
MLCC_UNSEEN_CONDITION_C001662,MLCC_UNSEEN_CONDITION_B015,MLCC_X7R,leakage_ua,SIM_X7R_4U7_16V,healthy_settling,healthy_settling,False,True,False,,,0.271402727189,0.270163726883,False,False,False,1.3,synthetic,True
MLCC_UNSEEN_CONDITION_C001672,MLCC_UNSEEN_CONDITION_B015,MLCC_X7R,leakage_ua,SIM_X7R_4U7_16V,healthy_settling,healthy_settling,False,True,False,,,0.40614555649,0.406653819005,False,False,False,1.3,synthetic,True
MLCC_UNSEEN_CONDITION_C001677,MLCC_UNSEEN_CONDITION_B015,MLCC_X7R,leakage_ua,SIM_X7R_4U7_16V,healthy_settling,healthy_settling,False,True,False,,,0.381950531283,0.364204058054,False,False,False,1.3,synthetic,True
MLCC_UNSEEN_CONDITION_C001681,MLCC_UNSEEN_CONDITION_B015,MLCC_X7R,leakage_ua,SIM_X7R_4U7_16V,healthy_settling,healthy_settling,False,True,False,,,0.30568557087,0.326953633941,False,False,False,1.3,synthetic,True
MLCC_UNSEEN_CONDITION_C001686,MLCC_UNSEEN_CONDITION_B015,MLCC_X7R,leakage_ua,SIM_X7R_4U7_16V,accelerating_drift,accelerating_drift,True,False,False,0,,0.831587204796,0.873208054417,False,False,False,1.3,synthetic,True
MLCC_UNSEEN_CONDITION_C001695,MLCC_UNSEEN_CONDITION_B015,MLCC_X7R,leakage_ua,SIM_X7R_4U7_16V,healthy_settling,healthy_settling,False,True,False,,,0.214113282029,0.227470418792,False,False,False,1.3,synthetic,True
MLCC_UNSEEN_CONDITION_C001704,MLCC_UNSEEN_CONDITION_B015,MLCC_X7R,leakage_ua,SIM_X7R_4U7_16V,intermittent_leakage,intermittent_leakage,True,False,False,6,,1.96227796555,1.89848446618,True,True,True,1.3,synthetic,True
MLCC_UNSEEN_CONDITION_C001729,MLCC_UNSEEN_CONDITION_B015,MLCC_X7R,leakage_ua,SIM_X7R_4U7_16V,late_abrupt_onset,late_abrupt_onset,True,False,False,72,,1.03920022721,1.01893443267,False,False,False,1.3,synthetic,True
MLCC_UNSEEN_CONDITION_C001734,MLCC_UNSEEN_CONDITION_B015,MLCC_X7R,leakage_ua,SIM_X7R_4U7_16V,healthy_settling,healthy_settling,False,True,False,,,0.363500335798,0.350532753922,False,False,False,1.3,synthetic,True
MLCC_UNSEEN_CONDITION_C001751,MLCC_UNSEEN_CONDITION_B015,MLCC_X7R,leakage_ua,SIM_X7R_4U7_16V,ordinary_noise,ordinary_noise,False,True,False,,,0.226281313834,0.217644160752,False,False,False,1.3,synthetic,True
MLCC_UNSEEN_CONDITION_C001770,MLCC_UNSEEN_CONDITION_B015,MLCC_X7R,leakage_ua,SIM_X7R_4U7_16V,gradual_drift,gradual_drift,True,False,False,12,,1.44445810072,1.4836697151,True,True,True,1.3,synthetic,True
MLCC_UNSEEN_CONDITION_C001776,MLCC_UNSEEN_CONDITION_B015,MLCC_X7R,leakage_ua,SIM_X7R_4U7_16V,healthy_settling,healthy_settling,False,True,False,,,0.410715830058,0.384141927702,False,False,False,1.3,synthetic,True
MLCC_UNSEEN_CONDITION_C001858,MLCC_UNSEEN_CONDITION_B015,MLCC_X7R,leakage_ua,SIM_X7R_4U7_16V,healthy_settling,healthy_settling,False,True,False,,,0.255505709297,0.25770746111,False,False,False,1.3,synthetic,True
MLCC_UNSEEN_CONDITION_C001919,MLCC_UNSEEN_CONDITION_B015,MLCC_X7R,leakage_ua,SIM_X7R_4U7_16V,healthy_settling,healthy_settling,False,True,False,,,0.39504318568,0.397795724308,False,False,False,1.3,synthetic,True
MLCC_UNSEEN_CONDITION_C001935,MLCC_UNSEEN_CONDITION_B015,MLCC_X7R,leakage_ua,SIM_X7R_4U7_16V,healthy_settling,healthy_settling,False,True,False,,,0.271688039451,0.264574871235,False,False,False,1.3,synthetic,True
MLCC_UNSEEN_CONDITION_C001939,MLCC_UNSEEN_CONDITION_B015,MLCC_X7R,leakage_ua,SIM_X7R_4U7_16V,healthy_settling,healthy_settling,False,True,False,,,0.199638222254,0.195631590451,False,False,False,1.3,synthetic,True
MLCC_UNSEEN_CONDITION_C001940,MLCC_UNSEEN_CONDITION_B015,MLCC_X7R,leakage_ua,SIM_X7R_4U7_16V,ordinary_noise,ordinary_noise,False,True,False,,,0.449428368753,0.43541973753,False,False,False,1.3,synthetic,True
MLCC_UNSEEN_CONDITION_C001968,MLCC_UNSEEN_CONDITION_B015,MLCC_X7R,leakage_ua,SIM_X7R_4U7_16V,healthy_settling,healthy_settling,False,True,False,,,0.392222993352,0.374344134741,False,False,False,1.3,synthetic,True
MLCC_UNSEEN_CONDITION_C000046,MLCC_UNSEEN_CONDITION_B016,MLCC_X7R,leakage_ua,SIM_X7R_1U_25V,ordinary_noise,ordinary_noise,False,True,False,,,0.125647399226,0.130932901404,False,False,False,0.7,synthetic,True
MLCC_UNSEEN_CONDITION_C000065,MLCC_UNSEEN_CONDITION_B016,MLCC_X7R,leakage_ua,SIM_X7R_1U_25V,ordinary_noise,ordinary_noise,False,True,False,,,0.080844008635,0.0950934002704,False,False,False,0.7,synthetic,True
MLCC_UNSEEN_CONDITION_C000066,MLCC_UNSEEN_CONDITION_B016,MLCC_X7R,leakage_ua,SIM_X7R_1U_25V,ordinary_noise,ordinary_noise,False,True,False,,,0.0836423952245,0.0795107176812,False,False,False,0.7,synthetic,True
MLCC_UNSEEN_CONDITION_C000157,MLCC_UNSEEN_CONDITION_B016,MLCC_X7R,leakage_ua,SIM_X7R_1U_25V,accelerating_drift,accelerating_drift,True,False,False,6,,0.471308653446,0.470210109561,False,False,False,0.7,synthetic,True
MLCC_UNSEEN_CONDITION_C000158,MLCC_UNSEEN_CONDITION_B016,MLCC_X7R,leakage_ua,SIM_X7R_1U_25V,healthy_settling,healthy_settling,False,True,False,,,0.140781248096,0.13454073907,False,False,False,0.7,synthetic,True
MLCC_UNSEEN_CONDITION_C000209,MLCC_UNSEEN_CONDITION_B016,MLCC_X7R,leakage_ua,SIM_X7R_1U_25V,ordinary_noise,ordinary_noise,False,True,False,,,0.0902670435411,0.0924866929417,False,False,False,0.7,synthetic,True
MLCC_UNSEEN_CONDITION_C000217,MLCC_UNSEEN_CONDITION_B016,MLCC_X7R,leakage_ua,SIM_X7R_1U_25V,healthy_settling,healthy_settling,False,True,False,,,0.111423659106,0.117811866871,False,False,False,0.7,synthetic,True
MLCC_UNSEEN_CONDITION_C000251,MLCC_UNSEEN_CONDITION_B016,MLCC_X7R,leakage_ua,SIM_X7R_1U_25V,healthy_settling,healthy_settling,False,True,False,,,0.100467344073,0.0991995579097,False,False,False,0.7,synthetic,True
MLCC_UNSEEN_CONDITION_C000297,MLCC_UNSEEN_CONDITION_B016,MLCC_X7R,leakage_ua,SIM_X7R_1U_25V,healthy_settling,healthy_settling,False,True,False,,,0.0888858796755,0.0947294464612,False,False,False,0.7,synthetic,True
MLCC_UNSEEN_CONDITION_C000317,MLCC_UNSEEN_CONDITION_B016,MLCC_X7R,leakage_ua,SIM_X7R_1U_25V,healthy_settling,healthy_settling,False,True,False,,,0.0966967258669,0.0965902809107,False,False,False,0.7,synthetic,True
MLCC_UNSEEN_CONDITION_C000331,MLCC_UNSEEN_CONDITION_B016,MLCC_X7R,leakage_ua,SIM_X7R_1U_25V,healthy_settling,healthy_settling,False,True,False,,,0.105261878117,0.108781757514,False,False,False,0.7,synthetic,True
MLCC_UNSEEN_CONDITION_C000344,MLCC_UNSEEN_CONDITION_B016,MLCC_X7R,leakage_ua,SIM_X7R_1U_25V,healthy_settling,healthy_settling,False,True,False,,,0.116963920338,0.113362606835,False,False,False,0.7,synthetic,True
MLCC_UNSEEN_CONDITION_C000350,MLCC_UNSEEN_CONDITION_B016,MLCC_X7R,leakage_ua,SIM_X7R_1U_25V,healthy_settling,healthy_settling,False,True,False,,,0.091121219369,0.0915651959411,False,False,False,0.7,synthetic,True
MLCC_UNSEEN_CONDITION_C000366,MLCC_UNSEEN_CONDITION_B016,MLCC_X7R,leakage_ua,SIM_X7R_1U_25V,accelerating_drift,accelerating_drift,True,False,False,12,,0.387737808686,0.386953435686,False,False,False,0.7,synthetic,True
MLCC_UNSEEN_CONDITION_C000374,MLCC_UNSEEN_CONDITION_B016,MLCC_X7R,leakage_ua,SIM_X7R_1U_25V,healthy_settling,healthy_settling,False,True,False,,,0.118197810234,0.123470919385,False,False,False,0.7,synthetic,True
MLCC_UNSEEN_CONDITION_C000398,MLCC_UNSEEN_CONDITION_B016,MLCC_X7R,leakage_ua,SIM_X7R_1U_25V,healthy_settling,healthy_settling,False,True,False,,,0.0625196410508,0.0608029238878,False,False,False,0.7,synthetic,True
MLCC_UNSEEN_CONDITION_C000403,MLCC_UNSEEN_CONDITION_B016,MLCC_X7R,leakage_ua,SIM_X7R_1U_25V,healthy_settling,healthy_settling,False,True,False,,,0.0788594198742,0.0796576086286,False,False,False,0.7,synthetic,True
MLCC_UNSEEN_CONDITION_C000419,MLCC_UNSEEN_CONDITION_B016,MLCC_X7R,leakage_ua,SIM_X7R_1U_25V,healthy_settling,healthy_settling,False,True,False,,,0.0992934053535,0.0939957366159,False,False,False,0.7,synthetic,True
MLCC_UNSEEN_CONDITION_C000431,MLCC_UNSEEN_CONDITION_B016,MLCC_X7R,leakage_ua,SIM_X7R_1U_25V,healthy_settling,healthy_settling,False,True,False,,,0.0826939559033,0.0800998171514,False,False,False,0.7,synthetic,True
MLCC_UNSEEN_CONDITION_C000435,MLCC_UNSEEN_CONDITION_B016,MLCC_X7R,leakage_ua,SIM_X7R_1U_25V,healthy_settling,healthy_settling,False,True,False,,,0.0847822822498,0.0859087765101,False,False,False,0.7,synthetic,True
MLCC_UNSEEN_CONDITION_C000440,MLCC_UNSEEN_CONDITION_B016,MLCC_X7R,leakage_ua,SIM_X7R_1U_25V,accelerating_drift,accelerating_drift,True,False,False,6,,0.508166249145,0.52052952204,False,False,False,0.7,synthetic,True
MLCC_UNSEEN_CONDITION_C000464,MLCC_UNSEEN_CONDITION_B016,MLCC_X7R,leakage_ua,SIM_X7R_1U_25V,healthy_settling,healthy_settling,False,True,False,,,0.060964384926,0.0610903805345,False,False,False,0.7,synthetic,True
MLCC_UNSEEN_CONDITION_C000493,MLCC_UNSEEN_CONDITION_B016,MLCC_X7R,leakage_ua,SIM_X7R_1U_25V,ordinary_noise,ordinary_noise,False,True,False,,,0.137026012553,0.133625697243,False,False,False,0.7,synthetic,True
MLCC_UNSEEN_CONDITION_C000496,MLCC_UNSEEN_CONDITION_B016,MLCC_X7R,leakage_ua,SIM_X7R_1U_25V,healthy_settling,healthy_settling,False,True,False,,,0.0963155119858,0.095448463567,False,False,False,0.7,synthetic,True
MLCC_UNSEEN_CONDITION_C000505,MLCC_UNSEEN_CONDITION_B016,MLCC_X7R,leakage_ua,SIM_X7R_1U_25V,healthy_settling,healthy_settling,False,True,False,,,0.133963392497,0.129505794277,False,False,False,0.7,synthetic,True
MLCC_UNSEEN_CONDITION_C000510,MLCC_UNSEEN_CONDITION_B016,MLCC_X7R,leakage_ua,SIM_X7R_1U_25V,healthy_settling,healthy_settling,False,True,False,,,0.147621009563,0.152338640299,False,False,False,0.7,synthetic,True
MLCC_UNSEEN_CONDITION_C000546,MLCC_UNSEEN_CONDITION_B016,MLCC_X7R,leakage_ua,SIM_X7R_1U_25V,healthy_settling,healthy_settling,False,True,False,,,0.0597983803391,0.0607887914857,False,False,False,0.7,synthetic,True
MLCC_UNSEEN_CONDITION_C000550,MLCC_UNSEEN_CONDITION_B016,MLCC_X7R,leakage_ua,SIM_X7R_1U_25V,gradual_drift,gradual_drift,True,False,False,0,,0.411428536947,0.437402742213,False,False,False,0.7,synthetic,True
MLCC_UNSEEN_CONDITION_C000566,MLCC_UNSEEN_CONDITION_B016,MLCC_X7R,leakage_ua,SIM_X7R_1U_25V,healthy_settling,healthy_settling,False,True,False,,,0.0802567210722,0.0798735285089,False,False,False,0.7,synthetic,True
MLCC_UNSEEN_CONDITION_C000611,MLCC_UNSEEN_CONDITION_B016,MLCC_X7R,leakage_ua,SIM_X7R_1U_25V,healthy_settling,healthy_settling,False,True,False,,,0.084944668626,0.0814444852501,False,False,False,0.7,synthetic,True
MLCC_UNSEEN_CONDITION_C000616,MLCC_UNSEEN_CONDITION_B016,MLCC_X7R,leakage_ua,SIM_X7R_1U_25V,healthy_settling,healthy_settling,False,True,False,,,0.177131898784,0.185573701583,False,False,False,0.7,synthetic,True
MLCC_UNSEEN_CONDITION_C000635,MLCC_UNSEEN_CONDITION_B016,MLCC_X7R,leakage_ua,SIM_X7R_1U_25V,healthy_settling,healthy_settling,False,True,False,,,0.116823898754,0.119813131971,False,False,False,0.7,synthetic,True
MLCC_UNSEEN_CONDITION_C000641,MLCC_UNSEEN_CONDITION_B016,MLCC_X7R,leakage_ua,SIM_X7R_1U_25V,healthy_settling,healthy_settling,False,True,False,,,0.0838824431667,0.0843257800587,False,False,False,0.7,synthetic,True
MLCC_UNSEEN_CONDITION_C000661,MLCC_UNSEEN_CONDITION_B016,MLCC_X7R,leakage_ua,SIM_X7R_1U_25V,accelerating_drift,accelerating_drift,True,False,False,24,,0.610456974212,0.582765384002,False,False,False,0.7,synthetic,True
MLCC_UNSEEN_CONDITION_C000691,MLCC_UNSEEN_CONDITION_B016,MLCC_X7R,leakage_ua,SIM_X7R_1U_25V,healthy_settling,healthy_settling,False,True,False,,,0.147446051957,0.147836959222,False,False,False,0.7,synthetic,True
MLCC_UNSEEN_CONDITION_C000787,MLCC_UNSEEN_CONDITION_B016,MLCC_X7R,leakage_ua,SIM_X7R_1U_25V,accelerating_drift,accelerating_drift,True,False,False,6,,0.169014819957,0.16656484408,False,False,False,0.7,synthetic,True
MLCC_UNSEEN_CONDITION_C000834,MLCC_UNSEEN_CONDITION_B016,MLCC_X7R,leakage_ua,SIM_X7R_1U_25V,healthy_settling,healthy_settling,False,True,False,,,0.103814863153,0.106527670314,False,False,False,0.7,synthetic,True
MLCC_UNSEEN_CONDITION_C000880,MLCC_UNSEEN_CONDITION_B016,MLCC_X7R,leakage_ua,SIM_X7R_1U_25V,healthy_settling,healthy_settling,False,True,False,,,0.114147150226,0.11787653696,False,False,False,0.7,synthetic,True
MLCC_UNSEEN_CONDITION_C000892,MLCC_UNSEEN_CONDITION_B016,MLCC_X7R,leakage_ua,SIM_X7R_1U_25V,healthy_settling,healthy_settling,False,True,False,,,0.144907694836,0.146890729404,False,False,False,0.7,synthetic,True
MLCC_UNSEEN_CONDITION_C000908,MLCC_UNSEEN_CONDITION_B016,MLCC_X7R,leakage_ua,SIM_X7R_1U_25V,healthy_settling,healthy_settling,False,True,False,,,0.100951509918,0.101751332847,False,False,False,0.7,synthetic,True
MLCC_UNSEEN_CONDITION_C000933,MLCC_UNSEEN_CONDITION_B016,MLCC_X7R,leakage_ua,SIM_X7R_1U_25V,healthy_settling,healthy_settling,False,True,False,,,0.118844853956,0.11244439796,False,False,False,0.7,synthetic,True
MLCC_UNSEEN_CONDITION_C000954,MLCC_UNSEEN_CONDITION_B016,MLCC_X7R,leakage_ua,SIM_X7R_1U_25V,healthy_settling,healthy_settling,False,True,False,,,0.148193683424,0.146452564529,False,False,False,0.7,synthetic,True
MLCC_UNSEEN_CONDITION_C001013,MLCC_UNSEEN_CONDITION_B016,MLCC_X7R,leakage_ua,SIM_X7R_1U_25V,healthy_settling,healthy_settling,False,True,False,,,0.0799557652185,0.0838510422837,False,False,False,0.7,synthetic,True
MLCC_UNSEEN_CONDITION_C001018,MLCC_UNSEEN_CONDITION_B016,MLCC_X7R,leakage_ua,SIM_X7R_1U_25V,moisture_associated_history,moisture_associated_history,True,False,False,6,,0.139396714774,0.141193860991,False,False,False,0.7,synthetic,True
MLCC_UNSEEN_CONDITION_C001021,MLCC_UNSEEN_CONDITION_B016,MLCC_X7R,leakage_ua,SIM_X7R_1U_25V,healthy_settling,healthy_settling,False,True,False,,,0.101376199038,0.10333884614,False,False,False,0.7,synthetic,True
MLCC_UNSEEN_CONDITION_C001026,MLCC_UNSEEN_CONDITION_B016,MLCC_X7R,leakage_ua,SIM_X7R_1U_25V,healthy_settling,healthy_settling,False,True,False,,,0.066909558484,0.0671038032148,False,False,False,0.7,synthetic,True
MLCC_UNSEEN_CONDITION_C001043,MLCC_UNSEEN_CONDITION_B016,MLCC_X7R,leakage_ua,SIM_X7R_1U_25V,healthy_settling,healthy_settling,False,True,False,,,0.0754327706201,0.0754434646742,False,False,False,0.7,synthetic,True
MLCC_UNSEEN_CONDITION_C001087,MLCC_UNSEEN_CONDITION_B016,MLCC_X7R,leakage_ua,SIM_X7R_1U_25V,ordinary_noise,ordinary_noise,False,True,False,,,0.0915658631011,0.0847648958414,False,False,False,0.7,synthetic,True
MLCC_UNSEEN_CONDITION_C001121,MLCC_UNSEEN_CONDITION_B016,MLCC_X7R,leakage_ua,SIM_X7R_1U_25V,healthy_settling,healthy_settling,False,True,False,,,0.0904144061533,0.0907235686335,False,False,False,0.7,synthetic,True
MLCC_UNSEEN_CONDITION_C001131,MLCC_UNSEEN_CONDITION_B016,MLCC_X7R,leakage_ua,SIM_X7R_1U_25V,healthy_settling,healthy_settling,False,True,False,,,0.118217144906,0.114291365603,False,False,False,0.7,synthetic,True
MLCC_UNSEEN_CONDITION_C001175,MLCC_UNSEEN_CONDITION_B016,MLCC_X7R,leakage_ua,SIM_X7R_1U_25V,healthy_settling,healthy_settling,False,True,False,,,0.0636827697693,0.0610609840155,False,False,False,0.7,synthetic,True
MLCC_UNSEEN_CONDITION_C001179,MLCC_UNSEEN_CONDITION_B016,MLCC_X7R,leakage_ua,SIM_X7R_1U_25V,late_abrupt_onset,late_abrupt_onset,True,False,False,120,,0.390855992767,0.375931700051,False,False,False,0.7,synthetic,True
MLCC_UNSEEN_CONDITION_C001193,MLCC_UNSEEN_CONDITION_B016,MLCC_X7R,leakage_ua,SIM_X7R_1U_25V,gradual_drift,gradual_drift,True,False,False,6,,0.917501712438,0.929765290252,True,True,True,0.7,synthetic,True
MLCC_UNSEEN_CONDITION_C001231,MLCC_UNSEEN_CONDITION_B016,MLCC_X7R,leakage_ua,SIM_X7R_1U_25V,healthy_settling,healthy_settling,False,True,False,,,0.104525915791,0.106725324098,False,False,False,0.7,synthetic,True
MLCC_UNSEEN_CONDITION_C001287,MLCC_UNSEEN_CONDITION_B016,MLCC_X7R,leakage_ua,SIM_X7R_1U_25V,accelerating_drift,accelerating_drift,True,False,False,12,,0.212659981402,0.214394227023,False,False,False,0.7,synthetic,True
MLCC_UNSEEN_CONDITION_C001312,MLCC_UNSEEN_CONDITION_B016,MLCC_X7R,leakage_ua,SIM_X7R_1U_25V,ordinary_noise,ordinary_noise,False,True,False,,,0.103083217438,0.120963448133,False,False,False,0.7,synthetic,True
MLCC_UNSEEN_CONDITION_C001314,MLCC_UNSEEN_CONDITION_B016,MLCC_X7R,leakage_ua,SIM_X7R_1U_25V,ordinary_noise,ordinary_noise,False,True,False,,,0.100558368231,0.0909821408763,False,False,False,0.7,synthetic,True
MLCC_UNSEEN_CONDITION_C001319,MLCC_UNSEEN_CONDITION_B016,MLCC_X7R,leakage_ua,SIM_X7R_1U_25V,healthy_settling,healthy_settling,False,True,False,,,0.0770896289151,0.0762131816157,False,False,False,0.7,synthetic,True
MLCC_UNSEEN_CONDITION_C001330,MLCC_UNSEEN_CONDITION_B016,MLCC_X7R,leakage_ua,SIM_X7R_1U_25V,ordinary_noise,ordinary_noise,False,True,False,,,0.0946800949775,0.0981338135822,False,False,False,0.7,synthetic,True
MLCC_UNSEEN_CONDITION_C001375,MLCC_UNSEEN_CONDITION_B016,MLCC_X7R,leakage_ua,SIM_X7R_1U_25V,healthy_settling,healthy_settling,False,True,False,,,0.166319771427,0.167018905355,False,False,False,0.7,synthetic,True
MLCC_UNSEEN_CONDITION_C001382,MLCC_UNSEEN_CONDITION_B016,MLCC_X7R,leakage_ua,SIM_X7R_1U_25V,healthy_settling,healthy_settling,False,True,False,,,0.0825086691614,0.0826554700098,False,False,False,0.7,synthetic,True
MLCC_UNSEEN_CONDITION_C001390,MLCC_UNSEEN_CONDITION_B016,MLCC_X7R,leakage_ua,SIM_X7R_1U_25V,healthy_settling,healthy_settling,False,True,False,,,0.0863384131635,0.08488293984,False,False,False,0.7,synthetic,True
MLCC_UNSEEN_CONDITION_C001407,MLCC_UNSEEN_CONDITION_B016,MLCC_X7R,leakage_ua,SIM_X7R_1U_25V,accelerating_drift,accelerating_drift,True,False,False,24,,0.528055880883,0.55751986298,False,False,False,0.7,synthetic,True
MLCC_UNSEEN_CONDITION_C001437,MLCC_UNSEEN_CONDITION_B016,MLCC_X7R,leakage_ua,SIM_X7R_1U_25V,healthy_settling,healthy_settling,False,True,False,,,0.137961649501,0.135973430686,False,False,False,0.7,synthetic,True
MLCC_UNSEEN_CONDITION_C001447,MLCC_UNSEEN_CONDITION_B016,MLCC_X7R,leakage_ua,SIM_X7R_1U_25V,healthy_settling,healthy_settling,False,True,False,,,0.0782887139775,0.0744859027262,False,False,False,0.7,synthetic,True
MLCC_UNSEEN_CONDITION_C001465,MLCC_UNSEEN_CONDITION_B016,MLCC_X7R,leakage_ua,SIM_X7R_1U_25V,ordinary_noise,ordinary_noise,False,True,False,,,0.0864909048803,0.0737651042277,False,False,False,0.7,synthetic,True
MLCC_UNSEEN_CONDITION_C001491,MLCC_UNSEEN_CONDITION_B016,MLCC_X7R,leakage_ua,SIM_X7R_1U_25V,gradual_drift,gradual_drift,True,False,False,0,,0.378465726217,0.385656068273,False,False,False,0.7,synthetic,True
MLCC_UNSEEN_CONDITION_C001500,MLCC_UNSEEN_CONDITION_B016,MLCC_X7R,leakage_ua,SIM_X7R_1U_25V,intermittent_leakage,intermittent_leakage,True,False,False,12,,0.064159495971,0.0645939673793,False,False,False,0.7,synthetic,True
MLCC_UNSEEN_CONDITION_C001510,MLCC_UNSEEN_CONDITION_B016,MLCC_X7R,leakage_ua,SIM_X7R_1U_25V,healthy_settling,healthy_settling,False,True,False,,,0.0999857999729,0.102585077892,False,False,False,0.7,synthetic,True
MLCC_UNSEEN_CONDITION_C001518,MLCC_UNSEEN_CONDITION_B016,MLCC_X7R,leakage_ua,SIM_X7R_1U_25V,healthy_settling,healthy_settling,False,True,False,,,0.0933665460639,0.0918006842226,False,False,False,0.7,synthetic,True
MLCC_UNSEEN_CONDITION_C001527,MLCC_UNSEEN_CONDITION_B016,MLCC_X7R,leakage_ua,SIM_X7R_1U_25V,ordinary_noise,ordinary_noise,False,True,False,,,0.0814607272002,0.0783164193713,False,False,False,0.7,synthetic,True
MLCC_UNSEEN_CONDITION_C001535,MLCC_UNSEEN_CONDITION_B016,MLCC_X7R,leakage_ua,SIM_X7R_1U_25V,healthy_settling,healthy_settling,False,True,False,,,0.118055965904,0.126431882244,False,False,False,0.7,synthetic,True
MLCC_UNSEEN_CONDITION_C001556,MLCC_UNSEEN_CONDITION_B016,MLCC_X7R,leakage_ua,SIM_X7R_1U_25V,late_abrupt_onset,late_abrupt_onset,True,False,False,120,,0.263480878899,0.269978051693,False,False,False,0.7,synthetic,True
MLCC_UNSEEN_CONDITION_C001575,MLCC_UNSEEN_CONDITION_B016,MLCC_X7R,leakage_ua,SIM_X7R_1U_25V,healthy_settling,healthy_settling,False,True,False,,,0.0773337483662,0.0764399899058,False,False,False,0.7,synthetic,True
MLCC_UNSEEN_CONDITION_C001577,MLCC_UNSEEN_CONDITION_B016,MLCC_X7R,leakage_ua,SIM_X7R_1U_25V,ordinary_noise,ordinary_noise,False,True,False,,,0.0756395789769,0.0692266198097,False,False,False,0.7,synthetic,True
MLCC_UNSEEN_CONDITION_C001595,MLCC_UNSEEN_CONDITION_B016,MLCC_X7R,leakage_ua,SIM_X7R_1U_25V,moisture_associated_history,moisture_associated_history,True,False,False,0,,0.628846604104,0.61702915602,False,False,False,0.7,synthetic,True
MLCC_UNSEEN_CONDITION_C001596,MLCC_UNSEEN_CONDITION_B016,MLCC_X7R,leakage_ua,SIM_X7R_1U_25V,healthy_settling,healthy_settling,False,True,False,,,0.0646362444316,0.0640385907534,False,False,False,0.7,synthetic,True
MLCC_UNSEEN_CONDITION_C001627,MLCC_UNSEEN_CONDITION_B016,MLCC_X7R,leakage_ua,SIM_X7R_1U_25V,healthy_settling,healthy_settling,False,True,False,,,0.0783904979606,0.0803339590514,False,False,False,0.7,synthetic,True
MLCC_UNSEEN_CONDITION_C001638,MLCC_UNSEEN_CONDITION_B016,MLCC_X7R,leakage_ua,SIM_X7R_1U_25V,healthy_settling,healthy_settling,False,True,False,,,0.116739636307,0.113723892872,False,False,False,0.7,synthetic,True
MLCC_UNSEEN_CONDITION_C001643,MLCC_UNSEEN_CONDITION_B016,MLCC_X7R,leakage_ua,SIM_X7R_1U_25V,healthy_settling,healthy_settling,False,True,False,,,0.0712185109269,0.06901476416,False,False,False,0.7,synthetic,True
MLCC_UNSEEN_CONDITION_C001645,MLCC_UNSEEN_CONDITION_B016,MLCC_X7R,leakage_ua,SIM_X7R_1U_25V,ordinary_noise,ordinary_noise,False,True,False,,,0.201983277599,0.194480772727,False,False,False,0.7,synthetic,True
MLCC_UNSEEN_CONDITION_C001667,MLCC_UNSEEN_CONDITION_B016,MLCC_X7R,leakage_ua,SIM_X7R_1U_25V,healthy_settling,healthy_settling,False,True,False,,,0.0729717705209,0.0719309537653,False,False,False,0.7,synthetic,True
MLCC_UNSEEN_CONDITION_C001671,MLCC_UNSEEN_CONDITION_B016,MLCC_X7R,leakage_ua,SIM_X7R_1U_25V,healthy_settling,healthy_settling,False,True,False,,,0.164983980797,0.16969739956,False,False,False,0.7,synthetic,True
MLCC_UNSEEN_CONDITION_C001674,MLCC_UNSEEN_CONDITION_B016,MLCC_X7R,leakage_ua,SIM_X7R_1U_25V,healthy_settling,healthy_settling,False,True,False,,,0.165761948133,0.170965515511,False,False,False,0.7,synthetic,True
MLCC_UNSEEN_CONDITION_C001694,MLCC_UNSEEN_CONDITION_B016,MLCC_X7R,leakage_ua,SIM_X7R_1U_25V,healthy_settling,healthy_settling,False,True,False,,,0.0796694378733,0.0751338898385,False,False,False,0.7,synthetic,True
MLCC_UNSEEN_CONDITION_C001700,MLCC_UNSEEN_CONDITION_B016,MLCC_X7R,leakage_ua,SIM_X7R_1U_25V,ordinary_noise,ordinary_noise,False,True,False,,,0.0884341105448,0.101647658859,False,False,False,0.7,synthetic,True
MLCC_UNSEEN_CONDITION_C001702,MLCC_UNSEEN_CONDITION_B016,MLCC_X7R,leakage_ua,SIM_X7R_1U_25V,ordinary_noise,ordinary_noise,False,True,False,,,0.0650107603278,0.0661441358091,False,False,False,0.7,synthetic,True
MLCC_UNSEEN_CONDITION_C001719,MLCC_UNSEEN_CONDITION_B016,MLCC_X7R,leakage_ua,SIM_X7R_1U_25V,ordinary_noise,ordinary_noise,False,True,False,,,0.0917711156283,0.0853808522213,False,False,False,0.7,synthetic,True
MLCC_UNSEEN_CONDITION_C001722,MLCC_UNSEEN_CONDITION_B016,MLCC_X7R,leakage_ua,SIM_X7R_1U_25V,healthy_settling,healthy_settling,False,True,False,,,0.133049138599,0.127822629561,False,False,False,0.7,synthetic,True
MLCC_UNSEEN_CONDITION_C001730,MLCC_UNSEEN_CONDITION_B016,MLCC_X7R,leakage_ua,SIM_X7R_1U_25V,healthy_settling,healthy_settling,False,True,False,,,0.0605335483921,0.0635181739878,False,False,False,0.7,synthetic,True
MLCC_UNSEEN_CONDITION_C001775,MLCC_UNSEEN_CONDITION_B016,MLCC_X7R,leakage_ua,SIM_X7R_1U_25V,gradual_drift,gradual_drift,True,False,False,12,,0.318391945388,0.333159651253,False,False,False,0.7,synthetic,True
MLCC_UNSEEN_CONDITION_C001806,MLCC_UNSEEN_CONDITION_B016,MLCC_X7R,leakage_ua,SIM_X7R_1U_25V,healthy_settling,healthy_settling,False,True,False,,,0.0965250450185,0.0997521068748,False,False,False,0.7,synthetic,True
MLCC_UNSEEN_CONDITION_C001818,MLCC_UNSEEN_CONDITION_B016,MLCC_X7R,leakage_ua,SIM_X7R_1U_25V,healthy_settling,healthy_settling,False,True,False,,,0.0566035049447,0.0573624873767,False,False,False,0.7,synthetic,True
MLCC_UNSEEN_CONDITION_C001837,MLCC_UNSEEN_CONDITION_B016,MLCC_X7R,leakage_ua,SIM_X7R_1U_25V,gradual_drift,gradual_drift,True,False,False,12,,0.200577966609,0.198303880008,False,False,False,0.7,synthetic,True
MLCC_UNSEEN_CONDITION_C001856,MLCC_UNSEEN_CONDITION_B016,MLCC_X7R,leakage_ua,SIM_X7R_1U_25V,healthy_settling,healthy_settling,False,True,False,,,0.0785627322695,0.0806492873431,False,False,False,0.7,synthetic,True
MLCC_UNSEEN_CONDITION_C001864,MLCC_UNSEEN_CONDITION_B016,MLCC_X7R,leakage_ua,SIM_X7R_1U_25V,healthy_settling,healthy_settling,False,True,False,,,0.134725083813,0.137791583522,False,False,False,0.7,synthetic,True
MLCC_UNSEEN_CONDITION_C001878,MLCC_UNSEEN_CONDITION_B016,MLCC_X7R,leakage_ua,SIM_X7R_1U_25V,ordinary_noise,ordinary_noise,False,True,False,,,0.079002258974,0.0853893037708,False,False,False,0.7,synthetic,True
MLCC_UNSEEN_CONDITION_C001884,MLCC_UNSEEN_CONDITION_B016,MLCC_X7R,leakage_ua,SIM_X7R_1U_25V,accelerating_drift,accelerating_drift,True,False,False,0,,0.393150303955,0.374494144433,False,False,False,0.7,synthetic,True
MLCC_UNSEEN_CONDITION_C001945,MLCC_UNSEEN_CONDITION_B016,MLCC_X7R,leakage_ua,SIM_X7R_1U_25V,healthy_settling,healthy_settling,False,True,False,,,0.0857947487212,0.0857984085066,False,False,False,0.7,synthetic,True
MLCC_UNSEEN_CONDITION_C001994,MLCC_UNSEEN_CONDITION_B016,MLCC_X7R,leakage_ua,SIM_X7R_1U_25V,healthy_settling,healthy_settling,False,True,False,,,0.142150058517,0.146625797894,False,False,False,0.7,synthetic,True
MLCC_UNSEEN_CONDITION_C000001,MLCC_UNSEEN_CONDITION_B017,MLCC_X7R,leakage_ua,SIM_X7R_1U_25V,healthy_settling,healthy_settling,False,True,False,,,0.115222525222,0.110262169051,False,False,False,0.7,synthetic,True
MLCC_UNSEEN_CONDITION_C000033,MLCC_UNSEEN_CONDITION_B017,MLCC_X7R,leakage_ua,SIM_X7R_1U_25V,healthy_settling,healthy_settling,False,True,False,,,0.181126225293,0.179929533017,False,False,False,0.7,synthetic,True
MLCC_UNSEEN_CONDITION_C000038,MLCC_UNSEEN_CONDITION_B017,MLCC_X7R,leakage_ua,SIM_X7R_1U_25V,healthy_settling,healthy_settling,False,True,False,,,0.0742832157656,0.0755292831111,False,False,False,0.7,synthetic,True
MLCC_UNSEEN_CONDITION_C000123,MLCC_UNSEEN_CONDITION_B017,MLCC_X7R,leakage_ua,SIM_X7R_1U_25V,healthy_settling,healthy_settling,False,True,False,,,0.104708140117,0.106882451617,False,False,False,0.7,synthetic,True
MLCC_UNSEEN_CONDITION_C000138,MLCC_UNSEEN_CONDITION_B017,MLCC_X7R,leakage_ua,SIM_X7R_1U_25V,healthy_settling,healthy_settling,False,True,False,,,0.142903344426,0.146011219507,False,False,False,0.7,synthetic,True
MLCC_UNSEEN_CONDITION_C000161,MLCC_UNSEEN_CONDITION_B017,MLCC_X7R,leakage_ua,SIM_X7R_1U_25V,healthy_settling,healthy_settling,False,True,False,,,0.083662240355,0.0821407539138,False,False,False,0.7,synthetic,True
MLCC_UNSEEN_CONDITION_C000163,MLCC_UNSEEN_CONDITION_B017,MLCC_X7R,leakage_ua,SIM_X7R_1U_25V,moisture_associated_history,moisture_associated_history,True,False,False,24,,0.396776335128,0.415402685974,False,False,False,0.7,synthetic,True
MLCC_UNSEEN_CONDITION_C000183,MLCC_UNSEEN_CONDITION_B017,MLCC_X7R,leakage_ua,SIM_X7R_1U_25V,healthy_settling,healthy_settling,False,True,False,,,0.0807738204737,0.0815380637208,False,False,False,0.7,synthetic,True
MLCC_UNSEEN_CONDITION_C000185,MLCC_UNSEEN_CONDITION_B017,MLCC_X7R,leakage_ua,SIM_X7R_1U_25V,accelerating_drift,accelerating_drift,True,False,False,6,,0.20993836591,0.213160665439,False,False,False,0.7,synthetic,True
MLCC_UNSEEN_CONDITION_C000196,MLCC_UNSEEN_CONDITION_B017,MLCC_X7R,leakage_ua,SIM_X7R_1U_25V,healthy_settling,healthy_settling,False,True,False,,,0.0889837695542,0.0938081286801,False,False,False,0.7,synthetic,True
MLCC_UNSEEN_CONDITION_C000207,MLCC_UNSEEN_CONDITION_B017,MLCC_X7R,leakage_ua,SIM_X7R_1U_25V,moisture_associated_history,moisture_associated_history,True,False,True,6,12,0.916076184805,0.352177597146,False,True,False,0.7,synthetic,True
MLCC_UNSEEN_CONDITION_C000234,MLCC_UNSEEN_CONDITION_B017,MLCC_X7R,leakage_ua,SIM_X7R_1U_25V,healthy_settling,healthy_settling,False,True,False,,,0.0876892660344,0.090886040515,False,False,False,0.7,synthetic,True
MLCC_UNSEEN_CONDITION_C000268,MLCC_UNSEEN_CONDITION_B017,MLCC_X7R,leakage_ua,SIM_X7R_1U_25V,tester_channel_fault,healthy_settling,False,False,True,,12,0.6737774421,0.104003190008,False,False,False,0.7,synthetic,True
MLCC_UNSEEN_CONDITION_C000284,MLCC_UNSEEN_CONDITION_B017,MLCC_X7R,leakage_ua,SIM_X7R_1U_25V,healthy_settling,healthy_settling,False,True,False,,,0.125352896594,0.12052074005,False,False,False,0.7,synthetic,True
MLCC_UNSEEN_CONDITION_C000285,MLCC_UNSEEN_CONDITION_B017,MLCC_X7R,leakage_ua,SIM_X7R_1U_25V,healthy_settling,healthy_settling,False,True,False,,,0.0748796984345,0.0751531805016,False,False,False,0.7,synthetic,True
MLCC_UNSEEN_CONDITION_C000301,MLCC_UNSEEN_CONDITION_B017,MLCC_X7R,leakage_ua,SIM_X7R_1U_25V,healthy_settling,healthy_settling,False,True,False,,,0.107343212241,0.106802948811,False,False,False,0.7,synthetic,True
MLCC_UNSEEN_CONDITION_C000310,MLCC_UNSEEN_CONDITION_B017,MLCC_X7R,leakage_ua,SIM_X7R_1U_25V,healthy_settling,healthy_settling,False,True,False,,,0.0668301611943,0.0686403271239,False,False,False,0.7,synthetic,True
MLCC_UNSEEN_CONDITION_C000328,MLCC_UNSEEN_CONDITION_B017,MLCC_X7R,leakage_ua,SIM_X7R_1U_25V,healthy_settling,healthy_settling,False,True,False,,,0.123766853269,0.125498135159,False,False,False,0.7,synthetic,True
MLCC_UNSEEN_CONDITION_C000395,MLCC_UNSEEN_CONDITION_B017,MLCC_X7R,leakage_ua,SIM_X7R_1U_25V,ordinary_noise,ordinary_noise,False,True,False,,,0.049469376142,0.05782311729,False,False,False,0.7,synthetic,True
MLCC_UNSEEN_CONDITION_C000407,MLCC_UNSEEN_CONDITION_B017,MLCC_X7R,leakage_ua,SIM_X7R_1U_25V,healthy_settling,healthy_settling,False,True,False,,,0.101555373891,0.103837801808,False,False,False,0.7,synthetic,True
MLCC_UNSEEN_CONDITION_C000460,MLCC_UNSEEN_CONDITION_B017,MLCC_X7R,leakage_ua,SIM_X7R_1U_25V,healthy_settling,healthy_settling,False,True,False,,,0.0771978458069,0.0793746766923,False,False,False,0.7,synthetic,True
MLCC_UNSEEN_CONDITION_C000480,MLCC_UNSEEN_CONDITION_B017,MLCC_X7R,leakage_ua,SIM_X7R_1U_25V,healthy_settling,healthy_settling,False,True,False,,,0.133353591832,0.130841974297,False,False,False,0.7,synthetic,True
MLCC_UNSEEN_CONDITION_C000501,MLCC_UNSEEN_CONDITION_B017,MLCC_X7R,leakage_ua,SIM_X7R_1U_25V,healthy_settling,healthy_settling,False,True,False,,,0.0751927669867,0.0743978803783,False,False,False,0.7,synthetic,True
MLCC_UNSEEN_CONDITION_C000518,MLCC_UNSEEN_CONDITION_B017,MLCC_X7R,leakage_ua,SIM_X7R_1U_25V,ordinary_noise,ordinary_noise,False,True,False,,,0.121480461488,0.118485224975,False,False,False,0.7,synthetic,True
MLCC_UNSEEN_CONDITION_C000532,MLCC_UNSEEN_CONDITION_B017,MLCC_X7R,leakage_ua,SIM_X7R_1U_25V,healthy_settling,healthy_settling,False,True,False,,,0.0720290771812,0.0718919816962,False,False,False,0.7,synthetic,True
MLCC_UNSEEN_CONDITION_C000585,MLCC_UNSEEN_CONDITION_B017,MLCC_X7R,leakage_ua,SIM_X7R_1U_25V,healthy_settling,healthy_settling,False,True,False,,,0.109097355603,0.113371826973,False,False,False,0.7,synthetic,True
MLCC_UNSEEN_CONDITION_C000604,MLCC_UNSEEN_CONDITION_B017,MLCC_X7R,leakage_ua,SIM_X7R_1U_25V,healthy_settling,healthy_settling,False,True,False,,,0.0771819654439,0.076639312439,False,False,False,0.7,synthetic,True
MLCC_UNSEEN_CONDITION_C000618,MLCC_UNSEEN_CONDITION_B017,MLCC_X7R,leakage_ua,SIM_X7R_1U_25V,healthy_settling,healthy_settling,False,True,False,,,0.057977487238,0.0599503071382,False,False,False,0.7,synthetic,True
MLCC_UNSEEN_CONDITION_C000619,MLCC_UNSEEN_CONDITION_B017,MLCC_X7R,leakage_ua,SIM_X7R_1U_25V,accelerating_drift,accelerating_drift,True,False,False,12,,0.761646175657,0.759437833557,True,True,True,0.7,synthetic,True
MLCC_UNSEEN_CONDITION_C000640,MLCC_UNSEEN_CONDITION_B017,MLCC_X7R,leakage_ua,SIM_X7R_1U_25V,healthy_settling,healthy_settling,False,True,False,,,0.0770744879237,0.0778421858099,False,False,False,0.7,synthetic,True
MLCC_UNSEEN_CONDITION_C000649,MLCC_UNSEEN_CONDITION_B017,MLCC_X7R,leakage_ua,SIM_X7R_1U_25V,healthy_settling,healthy_settling,False,True,False,,,0.104469497305,0.110224718813,False,False,False,0.7,synthetic,True
MLCC_UNSEEN_CONDITION_C000674,MLCC_UNSEEN_CONDITION_B017,MLCC_X7R,leakage_ua,SIM_X7R_1U_25V,healthy_settling,healthy_settling,False,True,False,,,0.195526162182,0.194135821395,False,False,False,0.7,synthetic,True
MLCC_UNSEEN_CONDITION_C000681,MLCC_UNSEEN_CONDITION_B017,MLCC_X7R,leakage_ua,SIM_X7R_1U_25V,healthy_settling,healthy_settling,False,True,False,,,0.198722638059,0.198861739032,False,False,False,0.7,synthetic,True
MLCC_UNSEEN_CONDITION_C000693,MLCC_UNSEEN_CONDITION_B017,MLCC_X7R,leakage_ua,SIM_X7R_1U_25V,healthy_settling,healthy_settling,False,True,False,,,0.14620814674,0.153283414509,False,False,False,0.7,synthetic,True
MLCC_UNSEEN_CONDITION_C000698,MLCC_UNSEEN_CONDITION_B017,MLCC_X7R,leakage_ua,SIM_X7R_1U_25V,healthy_settling,healthy_settling,False,True,False,,,0.099369074477,0.0983292069678,False,False,False,0.7,synthetic,True
MLCC_UNSEEN_CONDITION_C000707,MLCC_UNSEEN_CONDITION_B017,MLCC_X7R,leakage_ua,SIM_X7R_1U_25V,healthy_settling,healthy_settling,False,True,False,,,0.166388764371,0.167403133664,False,False,False,0.7,synthetic,True
MLCC_UNSEEN_CONDITION_C000708,MLCC_UNSEEN_CONDITION_B017,MLCC_X7R,leakage_ua,SIM_X7R_1U_25V,healthy_settling,healthy_settling,False,True,False,,,0.177487378664,0.180155419906,False,False,False,0.7,synthetic,True
MLCC_UNSEEN_CONDITION_C000715,MLCC_UNSEEN_CONDITION_B017,MLCC_X7R,leakage_ua,SIM_X7R_1U_25V,ordinary_noise,ordinary_noise,False,True,False,,,0.112699745515,0.127911813906,False,False,False,0.7,synthetic,True
MLCC_UNSEEN_CONDITION_C000744,MLCC_UNSEEN_CONDITION_B017,MLCC_X7R,leakage_ua,SIM_X7R_1U_25V,accelerating_drift,accelerating_drift,True,False,False,24,,0.432376653611,0.436004840657,False,False,False,0.7,synthetic,True
MLCC_UNSEEN_CONDITION_C000759,MLCC_UNSEEN_CONDITION_B017,MLCC_X7R,leakage_ua,SIM_X7R_1U_25V,ordinary_noise,ordinary_noise,False,True,False,,,0.179841949624,0.183976852161,False,False,False,0.7,synthetic,True
MLCC_UNSEEN_CONDITION_C000768,MLCC_UNSEEN_CONDITION_B017,MLCC_X7R,leakage_ua,SIM_X7R_1U_25V,healthy_settling,healthy_settling,False,True,False,,,0.14184533821,0.143698648311,False,False,False,0.7,synthetic,True
MLCC_UNSEEN_CONDITION_C000785,MLCC_UNSEEN_CONDITION_B017,MLCC_X7R,leakage_ua,SIM_X7R_1U_25V,healthy_settling,healthy_settling,False,True,False,,,0.120771790167,0.121950419289,False,False,False,0.7,synthetic,True
MLCC_UNSEEN_CONDITION_C000824,MLCC_UNSEEN_CONDITION_B017,MLCC_X7R,leakage_ua,SIM_X7R_1U_25V,healthy_settling,healthy_settling,False,True,False,,,0.106404021688,0.105196610608,False,False,False,0.7,synthetic,True
MLCC_UNSEEN_CONDITION_C000864,MLCC_UNSEEN_CONDITION_B017,MLCC_X7R,leakage_ua,SIM_X7R_1U_25V,healthy_settling,healthy_settling,False,True,False,,,0.136491318871,0.135378338571,False,False,False,0.7,synthetic,True
MLCC_UNSEEN_CONDITION_C000866,MLCC_UNSEEN_CONDITION_B017,MLCC_X7R,leakage_ua,SIM_X7R_1U_25V,accelerating_drift,accelerating_drift,True,False,False,24,,0.519558688134,0.510668909132,False,False,False,0.7,synthetic,True
MLCC_UNSEEN_CONDITION_C000890,MLCC_UNSEEN_CONDITION_B017,MLCC_X7R,leakage_ua,SIM_X7R_1U_25V,ordinary_noise,ordinary_noise,False,True,False,,,0.159745246054,0.14606744551,False,False,False,0.7,synthetic,True
MLCC_UNSEEN_CONDITION_C000950,MLCC_UNSEEN_CONDITION_B017,MLCC_X7R,leakage_ua,SIM_X7R_1U_25V,ordinary_noise,ordinary_noise,False,True,False,,,0.085519753874,0.0961759648078,False,False,False,0.7,synthetic,True
MLCC_UNSEEN_CONDITION_C000969,MLCC_UNSEEN_CONDITION_B017,MLCC_X7R,leakage_ua,SIM_X7R_1U_25V,healthy_settling,healthy_settling,False,True,False,,,0.112664157459,0.114421441823,False,False,False,0.7,synthetic,True
MLCC_UNSEEN_CONDITION_C000974,MLCC_UNSEEN_CONDITION_B017,MLCC_X7R,leakage_ua,SIM_X7R_1U_25V,ordinary_noise,ordinary_noise,False,True,False,,,0.162039094409,0.150802225855,False,False,False,0.7,synthetic,True
MLCC_UNSEEN_CONDITION_C001014,MLCC_UNSEEN_CONDITION_B017,MLCC_X7R,leakage_ua,SIM_X7R_1U_25V,healthy_settling,healthy_settling,False,True,False,,,0.100685947367,0.0988063010419,False,False,False,0.7,synthetic,True
MLCC_UNSEEN_CONDITION_C001030,MLCC_UNSEEN_CONDITION_B017,MLCC_X7R,leakage_ua,SIM_X7R_1U_25V,healthy_settling,healthy_settling,False,True,False,,,0.108655745881,0.115082523522,False,False,False,0.7,synthetic,True
MLCC_UNSEEN_CONDITION_C001042,MLCC_UNSEEN_CONDITION_B017,MLCC_X7R,leakage_ua,SIM_X7R_1U_25V,healthy_settling,healthy_settling,False,True,False,,,0.128694275999,0.131945179669,False,False,False,0.7,synthetic,True
MLCC_UNSEEN_CONDITION_C001066,MLCC_UNSEEN_CONDITION_B017,MLCC_X7R,leakage_ua,SIM_X7R_1U_25V,moisture_associated_history,moisture_associated_history,True,False,False,48,,0.585146632858,0.623297048092,False,False,False,0.7,synthetic,True
MLCC_UNSEEN_CONDITION_C001122,MLCC_UNSEEN_CONDITION_B017,MLCC_X7R,leakage_ua,SIM_X7R_1U_25V,accelerating_drift,accelerating_drift,True,False,False,6,,0.222169389693,0.226721637819,False,False,False,0.7,synthetic,True
MLCC_UNSEEN_CONDITION_C001153,MLCC_UNSEEN_CONDITION_B017,MLCC_X7R,leakage_ua,SIM_X7R_1U_25V,healthy_settling,healthy_settling,False,True,False,,,0.11113251215,0.107668003014,False,False,False,0.7,synthetic,True
MLCC_UNSEEN_CONDITION_C001154,MLCC_UNSEEN_CONDITION_B017,MLCC_X7R,leakage_ua,SIM_X7R_1U_25V,tester_channel_fault,healthy_settling,False,False,True,,12,0.666601728233,0.0968963112997,False,False,False,0.7,synthetic,True
MLCC_UNSEEN_CONDITION_C001158,MLCC_UNSEEN_CONDITION_B017,MLCC_X7R,leakage_ua,SIM_X7R_1U_25V,intermittent_leakage,intermittent_leakage,True,False,False,24,,0.124520696913,0.128404029517,False,False,False,0.7,synthetic,True
MLCC_UNSEEN_CONDITION_C001165,MLCC_UNSEEN_CONDITION_B017,MLCC_X7R,leakage_ua,SIM_X7R_1U_25V,accelerating_drift,accelerating_drift,True,False,True,24,12,0.862786973298,0.285856939883,False,True,False,0.7,synthetic,True
MLCC_UNSEEN_CONDITION_C001174,MLCC_UNSEEN_CONDITION_B017,MLCC_X7R,leakage_ua,SIM_X7R_1U_25V,healthy_settling,healthy_settling,False,True,False,,,0.108705114122,0.108378673254,False,False,False,0.7,synthetic,True
MLCC_UNSEEN_CONDITION_C001178,MLCC_UNSEEN_CONDITION_B017,MLCC_X7R,leakage_ua,SIM_X7R_1U_25V,accelerating_drift,accelerating_drift,True,False,False,24,,0.160770706771,0.15906502996,False,False,False,0.7,synthetic,True
MLCC_UNSEEN_CONDITION_C001201,MLCC_UNSEEN_CONDITION_B017,MLCC_X7R,leakage_ua,SIM_X7R_1U_25V,ordinary_noise,ordinary_noise,False,True,False,,,0.0996476529375,0.0992660970029,False,False,False,0.7,synthetic,True
MLCC_UNSEEN_CONDITION_C001226,MLCC_UNSEEN_CONDITION_B017,MLCC_X7R,leakage_ua,SIM_X7R_1U_25V,ordinary_noise,ordinary_noise,False,True,False,,,0.122278695968,0.121228209237,False,False,False,0.7,synthetic,True
MLCC_UNSEEN_CONDITION_C001254,MLCC_UNSEEN_CONDITION_B017,MLCC_X7R,leakage_ua,SIM_X7R_1U_25V,late_abrupt_onset,late_abrupt_onset,True,False,False,72,,0.262866107211,0.267884422733,False,False,False,0.7,synthetic,True
MLCC_UNSEEN_CONDITION_C001268,MLCC_UNSEEN_CONDITION_B017,MLCC_X7R,leakage_ua,SIM_X7R_1U_25V,ordinary_noise,ordinary_noise,False,True,False,,,0.184843978416,0.152730213631,False,False,False,0.7,synthetic,True
MLCC_UNSEEN_CONDITION_C001277,MLCC_UNSEEN_CONDITION_B017,MLCC_X7R,leakage_ua,SIM_X7R_1U_25V,healthy_settling,healthy_settling,False,True,False,,,0.143390065769,0.143800344571,False,False,False,0.7,synthetic,True
MLCC_UNSEEN_CONDITION_C001279,MLCC_UNSEEN_CONDITION_B017,MLCC_X7R,leakage_ua,SIM_X7R_1U_25V,healthy_settling,healthy_settling,False,True,False,,,0.0912528054797,0.0905710925597,False,False,False,0.7,synthetic,True
MLCC_UNSEEN_CONDITION_C001347,MLCC_UNSEEN_CONDITION_B017,MLCC_X7R,leakage_ua,SIM_X7R_1U_25V,ordinary_noise,ordinary_noise,False,True,False,,,0.108114164179,0.0960587318806,False,False,False,0.7,synthetic,True
MLCC_UNSEEN_CONDITION_C001377,MLCC_UNSEEN_CONDITION_B017,MLCC_X7R,leakage_ua,SIM_X7R_1U_25V,healthy_settling,healthy_settling,False,True,False,,,0.146380246884,0.144608537748,False,False,False,0.7,synthetic,True
MLCC_UNSEEN_CONDITION_C001384,MLCC_UNSEEN_CONDITION_B017,MLCC_X7R,leakage_ua,SIM_X7R_1U_25V,healthy_settling,healthy_settling,False,True,False,,,0.136901501943,0.144638143244,False,False,False,0.7,synthetic,True
MLCC_UNSEEN_CONDITION_C001386,MLCC_UNSEEN_CONDITION_B017,MLCC_X7R,leakage_ua,SIM_X7R_1U_25V,ordinary_noise,ordinary_noise,False,True,False,,,0.153108631368,0.174321435519,False,False,False,0.7,synthetic,True
MLCC_UNSEEN_CONDITION_C001422,MLCC_UNSEEN_CONDITION_B017,MLCC_X7R,leakage_ua,SIM_X7R_1U_25V,healthy_settling,healthy_settling,False,True,False,,,0.157510830191,0.15454935793,False,False,False,0.7,synthetic,True
MLCC_UNSEEN_CONDITION_C001459,MLCC_UNSEEN_CONDITION_B017,MLCC_X7R,leakage_ua,SIM_X7R_1U_25V,accelerating_drift,accelerating_drift,True,False,False,0,,0.256966352882,0.258255289026,False,False,False,0.7,synthetic,True
MLCC_UNSEEN_CONDITION_C001477,MLCC_UNSEEN_CONDITION_B017,MLCC_X7R,leakage_ua,SIM_X7R_1U_25V,healthy_settling,healthy_settling,False,True,False,,,0.11177308642,0.112830230148,False,False,False,0.7,synthetic,True
MLCC_UNSEEN_CONDITION_C001498,MLCC_UNSEEN_CONDITION_B017,MLCC_X7R,leakage_ua,SIM_X7R_1U_25V,healthy_settling,healthy_settling,False,True,False,,,0.0573065332274,0.0585455790559,False,False,False,0.7,synthetic,True
MLCC_UNSEEN_CONDITION_C001604,MLCC_UNSEEN_CONDITION_B017,MLCC_X7R,leakage_ua,SIM_X7R_1U_25V,healthy_settling,healthy_settling,False,True,False,,,0.18292070857,0.185510331788,False,False,False,0.7,synthetic,True
MLCC_UNSEEN_CONDITION_C001610,MLCC_UNSEEN_CONDITION_B017,MLCC_X7R,leakage_ua,SIM_X7R_1U_25V,healthy_settling,healthy_settling,False,True,False,,,0.08919844596,0.0905056227529,False,False,False,0.7,synthetic,True
MLCC_UNSEEN_CONDITION_C001631,MLCC_UNSEEN_CONDITION_B017,MLCC_X7R,leakage_ua,SIM_X7R_1U_25V,ordinary_noise,ordinary_noise,False,True,False,,,0.10528431887,0.107574909088,False,False,False,0.7,synthetic,True
MLCC_UNSEEN_CONDITION_C001637,MLCC_UNSEEN_CONDITION_B017,MLCC_X7R,leakage_ua,SIM_X7R_1U_25V,healthy_settling,healthy_settling,False,True,False,,,0.127568523159,0.119598414759,False,False,False,0.7,synthetic,True
MLCC_UNSEEN_CONDITION_C001650,MLCC_UNSEEN_CONDITION_B017,MLCC_X7R,leakage_ua,SIM_X7R_1U_25V,healthy_settling,healthy_settling,False,True,False,,,0.173018395309,0.175377445075,False,False,False,0.7,synthetic,True
MLCC_UNSEEN_CONDITION_C001653,MLCC_UNSEEN_CONDITION_B017,MLCC_X7R,leakage_ua,SIM_X7R_1U_25V,late_abrupt_onset,late_abrupt_onset,True,False,False,144,,0.709082863913,0.703479106186,True,True,True,0.7,synthetic,True
MLCC_UNSEEN_CONDITION_C001657,MLCC_UNSEEN_CONDITION_B017,MLCC_X7R,leakage_ua,SIM_X7R_1U_25V,healthy_settling,healthy_settling,False,True,False,,,0.129860675736,0.125634345436,False,False,False,0.7,synthetic,True
MLCC_UNSEEN_CONDITION_C001659,MLCC_UNSEEN_CONDITION_B017,MLCC_X7R,leakage_ua,SIM_X7R_1U_25V,healthy_settling,healthy_settling,False,True,False,,,0.0858550680078,0.0869228253898,False,False,False,0.7,synthetic,True
MLCC_UNSEEN_CONDITION_C001661,MLCC_UNSEEN_CONDITION_B017,MLCC_X7R,leakage_ua,SIM_X7R_1U_25V,healthy_settling,healthy_settling,False,True,False,,,0.0819063522514,0.0893150736727,False,False,False,0.7,synthetic,True
MLCC_UNSEEN_CONDITION_C001713,MLCC_UNSEEN_CONDITION_B017,MLCC_X7R,leakage_ua,SIM_X7R_1U_25V,healthy_settling,healthy_settling,False,True,False,,,0.0810888524362,0.0796667904612,False,False,False,0.7,synthetic,True
MLCC_UNSEEN_CONDITION_C001721,MLCC_UNSEEN_CONDITION_B017,MLCC_X7R,leakage_ua,SIM_X7R_1U_25V,intermittent_leakage,intermittent_leakage,True,False,False,48,,0.067979158564,0.0664781829509,False,False,False,0.7,synthetic,True
MLCC_UNSEEN_CONDITION_C001723,MLCC_UNSEEN_CONDITION_B017,MLCC_X7R,leakage_ua,SIM_X7R_1U_25V,tester_channel_fault,healthy_settling,False,False,True,,12,0.677880400293,0.105744116777,False,False,False,0.7,synthetic,True
MLCC_UNSEEN_CONDITION_C001744,MLCC_UNSEEN_CONDITION_B017,MLCC_X7R,leakage_ua,SIM_X7R_1U_25V,healthy_settling,healthy_settling,False,True,False,,,0.10769083298,0.10557357875,False,False,False,0.7,synthetic,True
MLCC_UNSEEN_CONDITION_C001761,MLCC_UNSEEN_CONDITION_B017,MLCC_X7R,leakage_ua,SIM_X7R_1U_25V,ordinary_noise,ordinary_noise,False,True,False,,,0.121682783877,0.128253544464,False,False,False,0.7,synthetic,True
MLCC_UNSEEN_CONDITION_C001771,MLCC_UNSEEN_CONDITION_B017,MLCC_X7R,leakage_ua,SIM_X7R_1U_25V,healthy_settling,healthy_settling,False,True,False,,,0.0797425197912,0.0792202788354,False,False,False,0.7,synthetic,True
MLCC_UNSEEN_CONDITION_C001778,MLCC_UNSEEN_CONDITION_B017,MLCC_X7R,leakage_ua,SIM_X7R_1U_25V,healthy_settling,healthy_settling,False,True,False,,,0.136708628913,0.135167056548,False,False,False,0.7,synthetic,True
MLCC_UNSEEN_CONDITION_C001787,MLCC_UNSEEN_CONDITION_B017,MLCC_X7R,leakage_ua,SIM_X7R_1U_25V,healthy_settling,healthy_settling,False,True,False,,,0.128383049245,0.127289201512,False,False,False,0.7,synthetic,True
MLCC_UNSEEN_CONDITION_C001819,MLCC_UNSEEN_CONDITION_B017,MLCC_X7R,leakage_ua,SIM_X7R_1U_25V,tester_channel_fault,ordinary_noise,False,False,True,,12,0.678462344759,0.115545307986,False,False,False,0.7,synthetic,True
MLCC_UNSEEN_CONDITION_C001841,MLCC_UNSEEN_CONDITION_B017,MLCC_X7R,leakage_ua,SIM_X7R_1U_25V,gradual_drift,gradual_drift,True,False,False,6,,0.455669310622,0.463682521219,False,False,False,0.7,synthetic,True
MLCC_UNSEEN_CONDITION_C001865,MLCC_UNSEEN_CONDITION_B017,MLCC_X7R,leakage_ua,SIM_X7R_1U_25V,accelerating_drift,accelerating_drift,True,False,False,12,,0.612488992022,0.621996086957,False,False,False,0.7,synthetic,True
MLCC_UNSEEN_CONDITION_C001898,MLCC_UNSEEN_CONDITION_B017,MLCC_X7R,leakage_ua,SIM_X7R_1U_25V,ordinary_noise,ordinary_noise,False,True,False,,,0.11884097882,0.116864591862,False,False,False,0.7,synthetic,True
MLCC_UNSEEN_CONDITION_C001911,MLCC_UNSEEN_CONDITION_B017,MLCC_X7R,leakage_ua,SIM_X7R_1U_25V,healthy_settling,healthy_settling,False,True,False,,,0.126873057337,0.13261773012,False,False,False,0.7,synthetic,True
MLCC_UNSEEN_CONDITION_C001925,MLCC_UNSEEN_CONDITION_B017,MLCC_X7R,leakage_ua,SIM_X7R_1U_25V,late_abrupt_onset,late_abrupt_onset,True,False,False,72,,0.260278605134,0.24774178346,False,False,False,0.7,synthetic,True
MLCC_UNSEEN_CONDITION_C001933,MLCC_UNSEEN_CONDITION_B017,MLCC_X7R,leakage_ua,SIM_X7R_1U_25V,healthy_settling,healthy_settling,False,True,False,,,0.140727035801,0.138972083234,False,False,False,0.7,synthetic,True
MLCC_UNSEEN_CONDITION_C001934,MLCC_UNSEEN_CONDITION_B017,MLCC_X7R,leakage_ua,SIM_X7R_1U_25V,healthy_settling,healthy_settling,False,True,False,,,0.141964859282,0.145785889579,False,False,False,0.7,synthetic,True
MLCC_UNSEEN_CONDITION_C001996,MLCC_UNSEEN_CONDITION_B017,MLCC_X7R,leakage_ua,SIM_X7R_1U_25V,healthy_settling,healthy_settling,False,True,False,,,0.0552148926667,0.0543054793359,False,False,False,0.7,synthetic,True
MLCC_UNSEEN_CONDITION_C000011,MLCC_UNSEEN_CONDITION_B018,MLCC_X7R,leakage_ua,SIM_X7R_10N_50V,healthy_settling,healthy_settling,False,True,False,,,0.0216895317539,0.0224476438407,False,False,False,0.12,synthetic,True
MLCC_UNSEEN_CONDITION_C000018,MLCC_UNSEEN_CONDITION_B018,MLCC_X7R,leakage_ua,SIM_X7R_10N_50V,intermittent_leakage,intermittent_leakage,True,False,False,6,,0.0262586949087,0.0256913683047,False,False,False,0.12,synthetic,True
MLCC_UNSEEN_CONDITION_C000021,MLCC_UNSEEN_CONDITION_B018,MLCC_X7R,leakage_ua,SIM_X7R_10N_50V,healthy_settling,healthy_settling,False,True,False,,,0.0151194263158,0.0156108621151,False,False,False,0.12,synthetic,True
MLCC_UNSEEN_CONDITION_C000048,MLCC_UNSEEN_CONDITION_B018,MLCC_X7R,leakage_ua,SIM_X7R_10N_50V,healthy_settling,healthy_settling,False,True,False,,,0.0141961510248,0.0138930285227,False,False,False,0.12,synthetic,True
MLCC_UNSEEN_CONDITION_C000072,MLCC_UNSEEN_CONDITION_B018,MLCC_X7R,leakage_ua,SIM_X7R_10N_50V,gradual_drift,gradual_drift,True,False,False,12,,0.031238186549,0.0339360571758,False,False,False,0.12,synthetic,True
MLCC_UNSEEN_CONDITION_C000084,MLCC_UNSEEN_CONDITION_B018,MLCC_X7R,leakage_ua,SIM_X7R_10N_50V,healthy_settling,healthy_settling,False,True,False,,,0.0265073519817,0.0260256852777,False,False,False,0.12,synthetic,True
MLCC_UNSEEN_CONDITION_C000145,MLCC_UNSEEN_CONDITION_B018,MLCC_X7R,leakage_ua,SIM_X7R_10N_50V,healthy_settling,healthy_settling,False,True,False,,,0.024878488946,0.0247771032082,False,False,False,0.12,synthetic,True
MLCC_UNSEEN_CONDITION_C000153,MLCC_UNSEEN_CONDITION_B018,MLCC_X7R,leakage_ua,SIM_X7R_10N_50V,healthy_settling,healthy_settling,False,True,False,,,0.0218941298382,0.0207976019306,False,False,False,0.12,synthetic,True
MLCC_UNSEEN_CONDITION_C000227,MLCC_UNSEEN_CONDITION_B018,MLCC_X7R,leakage_ua,SIM_X7R_10N_50V,healthy_settling,healthy_settling,False,True,False,,,0.0196151175229,0.0200337288404,False,False,False,0.12,synthetic,True
MLCC_UNSEEN_CONDITION_C000229,MLCC_UNSEEN_CONDITION_B018,MLCC_X7R,leakage_ua,SIM_X7R_10N_50V,healthy_settling,healthy_settling,False,True,False,,,0.0137163543664,0.0138701815944,False,False,False,0.12,synthetic,True
MLCC_UNSEEN_CONDITION_C000230,MLCC_UNSEEN_CONDITION_B018,MLCC_X7R,leakage_ua,SIM_X7R_10N_50V,accelerating_drift,accelerating_drift,True,False,False,6,,0.0883626669847,0.0887840393355,False,False,False,0.12,synthetic,True
MLCC_UNSEEN_CONDITION_C000243,MLCC_UNSEEN_CONDITION_B018,MLCC_X7R,leakage_ua,SIM_X7R_10N_50V,ordinary_noise,ordinary_noise,False,True,False,,,0.00862490659613,0.0101809107746,False,False,False,0.12,synthetic,True
MLCC_UNSEEN_CONDITION_C000253,MLCC_UNSEEN_CONDITION_B018,MLCC_X7R,leakage_ua,SIM_X7R_10N_50V,healthy_settling,healthy_settling,False,True,False,,,0.0189476121769,0.0188555183028,False,False,False,0.12,synthetic,True
MLCC_UNSEEN_CONDITION_C000260,MLCC_UNSEEN_CONDITION_B018,MLCC_X7R,leakage_ua,SIM_X7R_10N_50V,healthy_settling,healthy_settling,False,True,False,,,0.0170947615534,0.0180815750062,False,False,False,0.12,synthetic,True
MLCC_UNSEEN_CONDITION_C000274,MLCC_UNSEEN_CONDITION_B018,MLCC_X7R,leakage_ua,SIM_X7R_10N_50V,healthy_settling,healthy_settling,False,True,False,,,0.0152979740356,0.0163516445528,False,False,False,0.12,synthetic,True
MLCC_UNSEEN_CONDITION_C000306,MLCC_UNSEEN_CONDITION_B018,MLCC_X7R,leakage_ua,SIM_X7R_10N_50V,accelerating_drift,accelerating_drift,True,False,False,6,,0.0566527246086,0.0577017978831,False,False,False,0.12,synthetic,True
MLCC_UNSEEN_CONDITION_C000309,MLCC_UNSEEN_CONDITION_B018,MLCC_X7R,leakage_ua,SIM_X7R_10N_50V,accelerating_drift,accelerating_drift,True,False,False,12,,0.0472693627904,0.0471637843977,False,False,False,0.12,synthetic,True
MLCC_UNSEEN_CONDITION_C000351,MLCC_UNSEEN_CONDITION_B018,MLCC_X7R,leakage_ua,SIM_X7R_10N_50V,healthy_settling,healthy_settling,False,True,False,,,0.02525855451,0.0251777098559,False,False,False,0.12,synthetic,True
MLCC_UNSEEN_CONDITION_C000367,MLCC_UNSEEN_CONDITION_B018,MLCC_X7R,leakage_ua,SIM_X7R_10N_50V,ordinary_noise,ordinary_noise,False,True,False,,,0.0310709187459,0.0337809820543,False,False,False,0.12,synthetic,True
MLCC_UNSEEN_CONDITION_C000375,MLCC_UNSEEN_CONDITION_B018,MLCC_X7R,leakage_ua,SIM_X7R_10N_50V,healthy_settling,healthy_settling,False,True,False,,,0.0268792539142,0.0253680209567,False,False,False,0.12,synthetic,True
MLCC_UNSEEN_CONDITION_C000449,MLCC_UNSEEN_CONDITION_B018,MLCC_X7R,leakage_ua,SIM_X7R_10N_50V,healthy_settling,healthy_settling,False,True,False,,,0.0277946772186,0.0282405509921,False,False,False,0.12,synthetic,True
MLCC_UNSEEN_CONDITION_C000450,MLCC_UNSEEN_CONDITION_B018,MLCC_X7R,leakage_ua,SIM_X7R_10N_50V,ordinary_noise,ordinary_noise,False,True,False,,,0.0262310071464,0.0218055460608,False,False,False,0.12,synthetic,True
MLCC_UNSEEN_CONDITION_C000457,MLCC_UNSEEN_CONDITION_B018,MLCC_X7R,leakage_ua,SIM_X7R_10N_50V,healthy_settling,healthy_settling,False,True,False,,,0.019885563201,0.0206223190344,False,False,False,0.12,synthetic,True
MLCC_UNSEEN_CONDITION_C000487,MLCC_UNSEEN_CONDITION_B018,MLCC_X7R,leakage_ua,SIM_X7R_10N_50V,healthy_settling,healthy_settling,False,True,False,,,0.0266688708937,0.0268620268477,False,False,False,0.12,synthetic,True
MLCC_UNSEEN_CONDITION_C000499,MLCC_UNSEEN_CONDITION_B018,MLCC_X7R,leakage_ua,SIM_X7R_10N_50V,healthy_settling,healthy_settling,False,True,False,,,0.0224279753145,0.0223547748974,False,False,False,0.12,synthetic,True
MLCC_UNSEEN_CONDITION_C000586,MLCC_UNSEEN_CONDITION_B018,MLCC_X7R,leakage_ua,SIM_X7R_10N_50V,intermittent_leakage,intermittent_leakage,True,False,False,48,,0.0148920451448,0.0152385968494,False,False,True,0.12,synthetic,True
MLCC_UNSEEN_CONDITION_C000592,MLCC_UNSEEN_CONDITION_B018,MLCC_X7R,leakage_ua,SIM_X7R_10N_50V,healthy_settling,healthy_settling,False,True,False,,,0.0149432438319,0.0153017922223,False,False,False,0.12,synthetic,True
MLCC_UNSEEN_CONDITION_C000593,MLCC_UNSEEN_CONDITION_B018,MLCC_X7R,leakage_ua,SIM_X7R_10N_50V,late_abrupt_onset,late_abrupt_onset,True,False,False,120,,0.0916956777615,0.0908871113916,False,False,False,0.12,synthetic,True
MLCC_UNSEEN_CONDITION_C000638,MLCC_UNSEEN_CONDITION_B018,MLCC_X7R,leakage_ua,SIM_X7R_10N_50V,healthy_settling,healthy_settling,False,True,False,,,0.0190812165068,0.0194565498768,False,False,False,0.12,synthetic,True
MLCC_UNSEEN_CONDITION_C000646,MLCC_UNSEEN_CONDITION_B018,MLCC_X7R,leakage_ua,SIM_X7R_10N_50V,healthy_settling,healthy_settling,False,True,False,,,0.0210880320598,0.0212858874882,False,False,False,0.12,synthetic,True
MLCC_UNSEEN_CONDITION_C000652,MLCC_UNSEEN_CONDITION_B018,MLCC_X7R,leakage_ua,SIM_X7R_10N_50V,late_abrupt_onset,late_abrupt_onset,True,False,False,144,,0.149769414052,0.146459591258,True,True,True,0.12,synthetic,True
MLCC_UNSEEN_CONDITION_C000682,MLCC_UNSEEN_CONDITION_B018,MLCC_X7R,leakage_ua,SIM_X7R_10N_50V,healthy_settling,healthy_settling,False,True,False,,,0.0223936423194,0.0223694157579,False,False,False,0.12,synthetic,True
MLCC_UNSEEN_CONDITION_C000706,MLCC_UNSEEN_CONDITION_B018,MLCC_X7R,leakage_ua,SIM_X7R_10N_50V,ordinary_noise,ordinary_noise,False,True,False,,,0.0165231027629,0.0163718837398,False,False,False,0.12,synthetic,True
MLCC_UNSEEN_CONDITION_C000727,MLCC_UNSEEN_CONDITION_B018,MLCC_X7R,leakage_ua,SIM_X7R_10N_50V,healthy_settling,healthy_settling,False,True,False,,,0.0243999106695,0.0244177455065,False,False,False,0.12,synthetic,True
MLCC_UNSEEN_CONDITION_C000729,MLCC_UNSEEN_CONDITION_B018,MLCC_X7R,leakage_ua,SIM_X7R_10N_50V,healthy_settling,healthy_settling,False,True,False,,,0.0225771661184,0.0227609447913,False,False,False,0.12,synthetic,True
MLCC_UNSEEN_CONDITION_C000753,MLCC_UNSEEN_CONDITION_B018,MLCC_X7R,leakage_ua,SIM_X7R_10N_50V,ordinary_noise,ordinary_noise,False,True,False,,,0.0323076933687,0.0299868105774,False,False,False,0.12,synthetic,True
MLCC_UNSEEN_CONDITION_C000788,MLCC_UNSEEN_CONDITION_B018,MLCC_X7R,leakage_ua,SIM_X7R_10N_50V,healthy_settling,healthy_settling,False,True,False,,,0.02146030866,0.0230208208553,False,False,False,0.12,synthetic,True
MLCC_UNSEEN_CONDITION_C000795,MLCC_UNSEEN_CONDITION_B018,MLCC_X7R,leakage_ua,SIM_X7R_10N_50V,healthy_settling,healthy_settling,False,True,False,,,0.0172568845282,0.0174742746633,False,False,False,0.12,synthetic,True
MLCC_UNSEEN_CONDITION_C000806,MLCC_UNSEEN_CONDITION_B018,MLCC_X7R,leakage_ua,SIM_X7R_10N_50V,ordinary_noise,ordinary_noise,False,True,False,,,0.0170144400287,0.0179100604508,False,False,False,0.12,synthetic,True
MLCC_UNSEEN_CONDITION_C000811,MLCC_UNSEEN_CONDITION_B018,MLCC_X7R,leakage_ua,SIM_X7R_10N_50V,healthy_settling,healthy_settling,False,True,False,,,0.0155001861117,0.0151568109302,False,False,False,0.12,synthetic,True
MLCC_UNSEEN_CONDITION_C000814,MLCC_UNSEEN_CONDITION_B018,MLCC_X7R,leakage_ua,SIM_X7R_10N_50V,healthy_settling,healthy_settling,False,True,False,,,0.010951593973,0.0116405436934,False,False,False,0.12,synthetic,True
MLCC_UNSEEN_CONDITION_C000874,MLCC_UNSEEN_CONDITION_B018,MLCC_X7R,leakage_ua,SIM_X7R_10N_50V,healthy_settling,healthy_settling,False,True,False,,,0.0127673116574,0.0129987462004,False,False,False,0.12,synthetic,True
MLCC_UNSEEN_CONDITION_C000891,MLCC_UNSEEN_CONDITION_B018,MLCC_X7R,leakage_ua,SIM_X7R_10N_50V,healthy_settling,healthy_settling,False,True,False,,,0.0249797497032,0.0241281252604,False,False,False,0.12,synthetic,True
MLCC_UNSEEN_CONDITION_C000909,MLCC_UNSEEN_CONDITION_B018,MLCC_X7R,leakage_ua,SIM_X7R_10N_50V,intermittent_leakage,intermittent_leakage,True,False,False,48,,0.0206794763789,0.0212971622311,False,False,False,0.12,synthetic,True
MLCC_UNSEEN_CONDITION_C000913,MLCC_UNSEEN_CONDITION_B018,MLCC_X7R,leakage_ua,SIM_X7R_10N_50V,gradual_drift,gradual_drift,True,False,False,12,,0.053807521209,0.0527244387175,False,False,False,0.12,synthetic,True
MLCC_UNSEEN_CONDITION_C000941,MLCC_UNSEEN_CONDITION_B018,MLCC_X7R,leakage_ua,SIM_X7R_10N_50V,ordinary_noise,ordinary_noise,False,True,False,,,0.0253139607755,0.0257646414435,False,False,False,0.12,synthetic,True
MLCC_UNSEEN_CONDITION_C000951,MLCC_UNSEEN_CONDITION_B018,MLCC_X7R,leakage_ua,SIM_X7R_10N_50V,ordinary_noise,ordinary_noise,False,True,False,,,0.0216186662959,0.0216205729289,False,False,False,0.12,synthetic,True
MLCC_UNSEEN_CONDITION_C001010,MLCC_UNSEEN_CONDITION_B018,MLCC_X7R,leakage_ua,SIM_X7R_10N_50V,ordinary_noise,ordinary_noise,False,True,False,,,0.025544594212,0.0223760062529,False,False,False,0.12,synthetic,True
MLCC_UNSEEN_CONDITION_C001022,MLCC_UNSEEN_CONDITION_B018,MLCC_X7R,leakage_ua,SIM_X7R_10N_50V,ordinary_noise,ordinary_noise,False,True,False,,,0.0238051842942,0.0273567469631,False,False,False,0.12,synthetic,True
MLCC_UNSEEN_CONDITION_C001028,MLCC_UNSEEN_CONDITION_B018,MLCC_X7R,leakage_ua,SIM_X7R_10N_50V,healthy_settling,healthy_settling,False,True,False,,,0.0244781328121,0.0238627766079,False,False,False,0.12,synthetic,True
MLCC_UNSEEN_CONDITION_C001037,MLCC_UNSEEN_CONDITION_B018,MLCC_X7R,leakage_ua,SIM_X7R_10N_50V,gradual_drift,gradual_drift,True,False,False,0,,0.110884425146,0.106611736827,False,False,False,0.12,synthetic,True
MLCC_UNSEEN_CONDITION_C001118,MLCC_UNSEEN_CONDITION_B018,MLCC_X7R,leakage_ua,SIM_X7R_10N_50V,healthy_settling,healthy_settling,False,True,False,,,0.0204803543659,0.0198164808668,False,False,False,0.12,synthetic,True
MLCC_UNSEEN_CONDITION_C001148,MLCC_UNSEEN_CONDITION_B018,MLCC_X7R,leakage_ua,SIM_X7R_10N_50V,healthy_settling,healthy_settling,False,True,False,,,0.0274924948628,0.0277363692961,False,False,False,0.12,synthetic,True
MLCC_UNSEEN_CONDITION_C001198,MLCC_UNSEEN_CONDITION_B018,MLCC_X7R,leakage_ua,SIM_X7R_10N_50V,accelerating_drift,accelerating_drift,True,False,False,6,,0.0323429290028,0.0332461935322,False,False,False,0.12,synthetic,True
MLCC_UNSEEN_CONDITION_C001200,MLCC_UNSEEN_CONDITION_B018,MLCC_X7R,leakage_ua,SIM_X7R_10N_50V,late_abrupt_onset,late_abrupt_onset,True,False,False,144,,0.134995253794,0.137935913687,True,True,True,0.12,synthetic,True
MLCC_UNSEEN_CONDITION_C001206,MLCC_UNSEEN_CONDITION_B018,MLCC_X7R,leakage_ua,SIM_X7R_10N_50V,healthy_settling,healthy_settling,False,True,False,,,0.014313005868,0.0137004159885,False,False,False,0.12,synthetic,True
MLCC_UNSEEN_CONDITION_C001232,MLCC_UNSEEN_CONDITION_B018,MLCC_X7R,leakage_ua,SIM_X7R_10N_50V,healthy_settling,healthy_settling,False,True,False,,,0.0167712911075,0.0157260671663,False,False,False,0.12,synthetic,True
MLCC_UNSEEN_CONDITION_C001252,MLCC_UNSEEN_CONDITION_B018,MLCC_X7R,leakage_ua,SIM_X7R_10N_50V,ordinary_noise,ordinary_noise,False,True,False,,,0.0246193771451,0.0258136676401,False,False,False,0.12,synthetic,True
MLCC_UNSEEN_CONDITION_C001269,MLCC_UNSEEN_CONDITION_B018,MLCC_X7R,leakage_ua,SIM_X7R_10N_50V,healthy_settling,healthy_settling,False,True,False,,,0.0203858046834,0.0200617964353,False,False,False,0.12,synthetic,True
MLCC_UNSEEN_CONDITION_C001272,MLCC_UNSEEN_CONDITION_B018,MLCC_X7R,leakage_ua,SIM_X7R_10N_50V,intermittent_leakage,intermittent_leakage,True,False,False,12,,0.0297410307673,0.0309192994733,False,False,False,0.12,synthetic,True
MLCC_UNSEEN_CONDITION_C001315,MLCC_UNSEEN_CONDITION_B018,MLCC_X7R,leakage_ua,SIM_X7R_10N_50V,healthy_settling,healthy_settling,False,True,False,,,0.0170765207785,0.0175065998532,False,False,False,0.12,synthetic,True
MLCC_UNSEEN_CONDITION_C001322,MLCC_UNSEEN_CONDITION_B018,MLCC_X7R,leakage_ua,SIM_X7R_10N_50V,moisture_associated_history,moisture_associated_history,True,False,False,12,,0.0834078757906,0.0794396751445,False,False,False,0.12,synthetic,True
MLCC_UNSEEN_CONDITION_C001336,MLCC_UNSEEN_CONDITION_B018,MLCC_X7R,leakage_ua,SIM_X7R_10N_50V,healthy_settling,healthy_settling,False,True,False,,,0.0245150886413,0.0237212271906,False,False,False,0.12,synthetic,True
MLCC_UNSEEN_CONDITION_C001340,MLCC_UNSEEN_CONDITION_B018,MLCC_X7R,leakage_ua,SIM_X7R_10N_50V,ordinary_noise,ordinary_noise,False,True,False,,,0.0248843942564,0.0243837112781,False,False,False,0.12,synthetic,True
MLCC_UNSEEN_CONDITION_C001343,MLCC_UNSEEN_CONDITION_B018,MLCC_X7R,leakage_ua,SIM_X7R_10N_50V,ordinary_noise,ordinary_noise,False,True,False,,,0.0132228628615,0.0137414448172,False,False,False,0.12,synthetic,True
MLCC_UNSEEN_CONDITION_C001344,MLCC_UNSEEN_CONDITION_B018,MLCC_X7R,leakage_ua,SIM_X7R_10N_50V,healthy_settling,healthy_settling,False,True,False,,,0.0225881664859,0.0229549522139,False,False,False,0.12,synthetic,True
MLCC_UNSEEN_CONDITION_C001372,MLCC_UNSEEN_CONDITION_B018,MLCC_X7R,leakage_ua,SIM_X7R_10N_50V,healthy_settling,healthy_settling,False,True,False,,,0.0294662498268,0.0295336741858,False,False,False,0.12,synthetic,True
MLCC_UNSEEN_CONDITION_C001374,MLCC_UNSEEN_CONDITION_B018,MLCC_X7R,leakage_ua,SIM_X7R_10N_50V,healthy_settling,healthy_settling,False,True,False,,,0.0202616409941,0.0209615195144,False,False,False,0.12,synthetic,True
MLCC_UNSEEN_CONDITION_C001389,MLCC_UNSEEN_CONDITION_B018,MLCC_X7R,leakage_ua,SIM_X7R_10N_50V,healthy_settling,healthy_settling,False,True,False,,,0.0164684014649,0.0164823439122,False,False,False,0.12,synthetic,True
MLCC_UNSEEN_CONDITION_C001429,MLCC_UNSEEN_CONDITION_B018,MLCC_X7R,leakage_ua,SIM_X7R_10N_50V,healthy_settling,healthy_settling,False,True,False,,,0.0231516496345,0.0232446121135,False,False,False,0.12,synthetic,True
MLCC_UNSEEN_CONDITION_C001434,MLCC_UNSEEN_CONDITION_B018,MLCC_X7R,leakage_ua,SIM_X7R_10N_50V,ordinary_noise,ordinary_noise,False,True,False,,,0.0286629340871,0.0286971671204,False,False,False,0.12,synthetic,True
MLCC_UNSEEN_CONDITION_C001445,MLCC_UNSEEN_CONDITION_B018,MLCC_X7R,leakage_ua,SIM_X7R_10N_50V,healthy_settling,healthy_settling,False,True,False,,,0.0207145672905,0.021368335935,False,False,False,0.12,synthetic,True
MLCC_UNSEEN_CONDITION_C001450,MLCC_UNSEEN_CONDITION_B018,MLCC_X7R,leakage_ua,SIM_X7R_10N_50V,healthy_settling,healthy_settling,False,True,False,,,0.0221555323719,0.0202880720579,False,False,False,0.12,synthetic,True
MLCC_UNSEEN_CONDITION_C001463,MLCC_UNSEEN_CONDITION_B018,MLCC_X7R,leakage_ua,SIM_X7R_10N_50V,healthy_settling,healthy_settling,False,True,False,,,0.0170980319375,0.0168047062443,False,False,False,0.12,synthetic,True
MLCC_UNSEEN_CONDITION_C001493,MLCC_UNSEEN_CONDITION_B018,MLCC_X7R,leakage_ua,SIM_X7R_10N_50V,ordinary_noise,ordinary_noise,False,True,False,,,0.0142942731514,0.0199580879205,False,False,False,0.12,synthetic,True
MLCC_UNSEEN_CONDITION_C001504,MLCC_UNSEEN_CONDITION_B018,MLCC_X7R,leakage_ua,SIM_X7R_10N_50V,ordinary_noise,ordinary_noise,False,True,False,,,0.0165728739273,0.0178930809566,False,False,False,0.12,synthetic,True
MLCC_UNSEEN_CONDITION_C001529,MLCC_UNSEEN_CONDITION_B018,MLCC_X7R,leakage_ua,SIM_X7R_10N_50V,healthy_settling,healthy_settling,False,True,False,,,0.017885666196,0.0181668836545,False,False,False,0.12,synthetic,True
MLCC_UNSEEN_CONDITION_C001530,MLCC_UNSEEN_CONDITION_B018,MLCC_X7R,leakage_ua,SIM_X7R_10N_50V,healthy_settling,healthy_settling,False,True,False,,,0.0243419540534,0.024357149107,False,False,False,0.12,synthetic,True
MLCC_UNSEEN_CONDITION_C001531,MLCC_UNSEEN_CONDITION_B018,MLCC_X7R,leakage_ua,SIM_X7R_10N_50V,gradual_drift,gradual_drift,True,False,False,12,,0.0348401731512,0.0346361683881,False,False,False,0.12,synthetic,True
MLCC_UNSEEN_CONDITION_C001562,MLCC_UNSEEN_CONDITION_B018,MLCC_X7R,leakage_ua,SIM_X7R_10N_50V,healthy_settling,healthy_settling,False,True,False,,,0.0353294871299,0.0335666887672,False,False,False,0.12,synthetic,True
MLCC_UNSEEN_CONDITION_C001566,MLCC_UNSEEN_CONDITION_B018,MLCC_X7R,leakage_ua,SIM_X7R_10N_50V,healthy_settling,healthy_settling,False,True,False,,,0.0169952031579,0.016312309757,False,False,False,0.12,synthetic,True
MLCC_UNSEEN_CONDITION_C001572,MLCC_UNSEEN_CONDITION_B018,MLCC_X7R,leakage_ua,SIM_X7R_10N_50V,healthy_settling,healthy_settling,False,True,False,,,0.013945447123,0.013745878569,False,False,False,0.12,synthetic,True
MLCC_UNSEEN_CONDITION_C001574,MLCC_UNSEEN_CONDITION_B018,MLCC_X7R,leakage_ua,SIM_X7R_10N_50V,healthy_settling,healthy_settling,False,True,False,,,0.0339296100451,0.0339570535532,False,False,False,0.12,synthetic,True
MLCC_UNSEEN_CONDITION_C001592,MLCC_UNSEEN_CONDITION_B018,MLCC_X7R,leakage_ua,SIM_X7R_10N_50V,ordinary_noise,ordinary_noise,False,True,False,,,0.0226199494346,0.0244554165774,False,False,False,0.12,synthetic,True
MLCC_UNSEEN_CONDITION_C001593,MLCC_UNSEEN_CONDITION_B018,MLCC_X7R,leakage_ua,SIM_X7R_10N_50V,gradual_drift,gradual_drift,True,False,False,12,,0.105603102855,0.105840625145,False,False,False,0.12,synthetic,True
MLCC_UNSEEN_CONDITION_C001644,MLCC_UNSEEN_CONDITION_B018,MLCC_X7R,leakage_ua,SIM_X7R_10N_50V,healthy_settling,healthy_settling,False,True,False,,,0.0240423295499,0.0236531012717,False,False,False,0.12,synthetic,True
MLCC_UNSEEN_CONDITION_C001706,MLCC_UNSEEN_CONDITION_B018,MLCC_X7R,leakage_ua,SIM_X7R_10N_50V,healthy_settling,healthy_settling,False,True,False,,,0.0139876819345,0.0132035548135,False,False,False,0.12,synthetic,True
MLCC_UNSEEN_CONDITION_C001739,MLCC_UNSEEN_CONDITION_B018,MLCC_X7R,leakage_ua,SIM_X7R_10N_50V,ordinary_noise,ordinary_noise,False,True,False,,,0.0177278172349,0.0150399911892,False,False,False,0.12,synthetic,True
MLCC_UNSEEN_CONDITION_C001747,MLCC_UNSEEN_CONDITION_B018,MLCC_X7R,leakage_ua,SIM_X7R_10N_50V,gradual_drift,gradual_drift,True,False,False,0,,0.0866698399272,0.0865163893013,False,False,False,0.12,synthetic,True
MLCC_UNSEEN_CONDITION_C001754,MLCC_UNSEEN_CONDITION_B018,MLCC_X7R,leakage_ua,SIM_X7R_10N_50V,healthy_settling,healthy_settling,False,True,False,,,0.0212148842333,0.0214680770837,False,False,False,0.12,synthetic,True
MLCC_UNSEEN_CONDITION_C001782,MLCC_UNSEEN_CONDITION_B018,MLCC_X7R,leakage_ua,SIM_X7R_10N_50V,healthy_settling,healthy_settling,False,True,False,,,0.0192866119597,0.0195873191425,False,False,False,0.12,synthetic,True
MLCC_UNSEEN_CONDITION_C001786,MLCC_UNSEEN_CONDITION_B018,MLCC_X7R,leakage_ua,SIM_X7R_10N_50V,accelerating_drift,accelerating_drift,True,False,False,24,,0.135020326247,0.145453422198,True,True,True,0.12,synthetic,True
MLCC_UNSEEN_CONDITION_C001828,MLCC_UNSEEN_CONDITION_B018,MLCC_X7R,leakage_ua,SIM_X7R_10N_50V,healthy_settling,healthy_settling,False,True,False,,,0.0241926116095,0.0235514767894,False,False,False,0.12,synthetic,True
MLCC_UNSEEN_CONDITION_C001836,MLCC_UNSEEN_CONDITION_B018,MLCC_X7R,leakage_ua,SIM_X7R_10N_50V,healthy_settling,healthy_settling,False,True,False,,,0.0212755504234,0.0210636743921,False,False,False,0.12,synthetic,True
MLCC_UNSEEN_CONDITION_C001852,MLCC_UNSEEN_CONDITION_B018,MLCC_X7R,leakage_ua,SIM_X7R_10N_50V,healthy_settling,healthy_settling,False,True,False,,,0.0173887644292,0.0174965355067,False,False,False,0.12,synthetic,True
MLCC_UNSEEN_CONDITION_C001862,MLCC_UNSEEN_CONDITION_B018,MLCC_X7R,leakage_ua,SIM_X7R_10N_50V,gradual_drift,gradual_drift,True,False,False,12,,0.065705556444,0.0651434512162,False,False,False,0.12,synthetic,True
MLCC_UNSEEN_CONDITION_C001893,MLCC_UNSEEN_CONDITION_B018,MLCC_X7R,leakage_ua,SIM_X7R_10N_50V,healthy_settling,healthy_settling,False,True,False,,,0.0195324132427,0.0197434445092,False,False,False,0.12,synthetic,True
MLCC_UNSEEN_CONDITION_C001908,MLCC_UNSEEN_CONDITION_B018,MLCC_X7R,leakage_ua,SIM_X7R_10N_50V,healthy_settling,healthy_settling,False,True,False,,,0.0268519953734,0.0270323670405,False,False,False,0.12,synthetic,True
MLCC_UNSEEN_CONDITION_C001914,MLCC_UNSEEN_CONDITION_B018,MLCC_X7R,leakage_ua,SIM_X7R_10N_50V,healthy_settling,healthy_settling,False,True,False,,,0.0266637310973,0.0268416307407,False,False,False,0.12,synthetic,True
MLCC_UNSEEN_CONDITION_C001957,MLCC_UNSEEN_CONDITION_B018,MLCC_X7R,leakage_ua,SIM_X7R_10N_50V,healthy_settling,healthy_settling,False,True,False,,,0.0136288889607,0.0135732796482,False,False,False,0.12,synthetic,True
MLCC_UNSEEN_CONDITION_C000025,MLCC_UNSEEN_CONDITION_B019,MLCC_X7R,leakage_ua,SIM_X7R_10N_50V,ordinary_noise,ordinary_noise,False,True,False,,,0.0224345487808,0.0242542260026,False,False,False,0.12,synthetic,True
MLCC_UNSEEN_CONDITION_C000037,MLCC_UNSEEN_CONDITION_B019,MLCC_X7R,leakage_ua,SIM_X7R_10N_50V,healthy_settling,healthy_settling,False,True,False,,,0.0255100687523,0.0266504758263,False,False,False,0.12,synthetic,True
MLCC_UNSEEN_CONDITION_C000051,MLCC_UNSEEN_CONDITION_B019,MLCC_X7R,leakage_ua,SIM_X7R_10N_50V,healthy_settling,healthy_settling,False,True,False,,,0.0294823173065,0.0291600398073,False,False,False,0.12,synthetic,True
MLCC_UNSEEN_CONDITION_C000057,MLCC_UNSEEN_CONDITION_B019,MLCC_X7R,leakage_ua,SIM_X7R_10N_50V,healthy_settling,healthy_settling,False,True,False,,,0.0182224458763,0.0182001145038,False,False,False,0.12,synthetic,True
MLCC_UNSEEN_CONDITION_C000080,MLCC_UNSEEN_CONDITION_B019,MLCC_X7R,leakage_ua,SIM_X7R_10N_50V,healthy_settling,healthy_settling,False,True,False,,,0.0227828253419,0.0216959882853,False,False,False,0.12,synthetic,True
MLCC_UNSEEN_CONDITION_C000093,MLCC_UNSEEN_CONDITION_B019,MLCC_X7R,leakage_ua,SIM_X7R_10N_50V,gradual_drift,gradual_drift,True,False,False,0,,0.124567558598,0.123511334398,True,True,True,0.12,synthetic,True
MLCC_UNSEEN_CONDITION_C000143,MLCC_UNSEEN_CONDITION_B019,MLCC_X7R,leakage_ua,SIM_X7R_10N_50V,healthy_settling,healthy_settling,False,True,False,,,0.0372212219209,0.034685830536,False,False,False,0.12,synthetic,True
MLCC_UNSEEN_CONDITION_C000151,MLCC_UNSEEN_CONDITION_B019,MLCC_X7R,leakage_ua,SIM_X7R_10N_50V,healthy_settling,healthy_settling,False,True,False,,,0.0188598270817,0.0201327191962,False,False,False,0.12,synthetic,True
MLCC_UNSEEN_CONDITION_C000170,MLCC_UNSEEN_CONDITION_B019,MLCC_X7R,leakage_ua,SIM_X7R_10N_50V,healthy_settling,healthy_settling,False,True,False,,,0.0229063110482,0.0240086282478,False,False,False,0.12,synthetic,True
MLCC_UNSEEN_CONDITION_C000186,MLCC_UNSEEN_CONDITION_B019,MLCC_X7R,leakage_ua,SIM_X7R_10N_50V,ordinary_noise,ordinary_noise,False,True,False,,,0.0287548581075,0.0268230388267,False,False,False,0.12,synthetic,True
MLCC_UNSEEN_CONDITION_C000208,MLCC_UNSEEN_CONDITION_B019,MLCC_X7R,leakage_ua,SIM_X7R_10N_50V,ordinary_noise,ordinary_noise,False,True,False,,,0.0273944738005,0.0262718791386,False,False,False,0.12,synthetic,True
MLCC_UNSEEN_CONDITION_C000237,MLCC_UNSEEN_CONDITION_B019,MLCC_X7R,leakage_ua,SIM_X7R_10N_50V,late_abrupt_onset,late_abrupt_onset,True,False,False,48,,0.0843090436489,0.0831666303971,False,False,False,0.12,synthetic,True
MLCC_UNSEEN_CONDITION_C000249,MLCC_UNSEEN_CONDITION_B019,MLCC_X7R,leakage_ua,SIM_X7R_10N_50V,healthy_settling,healthy_settling,False,True,False,,,0.0249536724937,0.0255323548409,False,False,False,0.12,synthetic,True
MLCC_UNSEEN_CONDITION_C000250,MLCC_UNSEEN_CONDITION_B019,MLCC_X7R,leakage_ua,SIM_X7R_10N_50V,accelerating_drift,accelerating_drift,True,False,False,24,,0.208764940656,0.2067974895,True,True,True,0.12,synthetic,True
MLCC_UNSEEN_CONDITION_C000278,MLCC_UNSEEN_CONDITION_B019,MLCC_X7R,leakage_ua,SIM_X7R_10N_50V,healthy_settling,healthy_settling,False,True,False,,,0.0211674734697,0.0218965289984,False,False,False,0.12,synthetic,True
MLCC_UNSEEN_CONDITION_C000283,MLCC_UNSEEN_CONDITION_B019,MLCC_X7R,leakage_ua,SIM_X7R_10N_50V,ordinary_noise,ordinary_noise,False,True,False,,,0.0255299141927,0.0270410168921,False,False,False,0.12,synthetic,True
MLCC_UNSEEN_CONDITION_C000288,MLCC_UNSEEN_CONDITION_B019,MLCC_X7R,leakage_ua,SIM_X7R_10N_50V,ordinary_noise,ordinary_noise,False,True,False,,,0.0236635190748,0.0294431093462,False,False,False,0.12,synthetic,True
MLCC_UNSEEN_CONDITION_C000323,MLCC_UNSEEN_CONDITION_B019,MLCC_X7R,leakage_ua,SIM_X7R_10N_50V,healthy_settling,healthy_settling,False,True,False,,,0.03199755359,0.0314089354839,False,False,False,0.12,synthetic,True
MLCC_UNSEEN_CONDITION_C000380,MLCC_UNSEEN_CONDITION_B019,MLCC_X7R,leakage_ua,SIM_X7R_10N_50V,healthy_settling,healthy_settling,False,True,False,,,0.0194814777738,0.0194515251889,False,False,False,0.12,synthetic,True
MLCC_UNSEEN_CONDITION_C000389,MLCC_UNSEEN_CONDITION_B019,MLCC_X7R,leakage_ua,SIM_X7R_10N_50V,ordinary_noise,ordinary_noise,False,True,False,,,0.0321405767802,0.0254610383119,False,False,False,0.12,synthetic,True
MLCC_UNSEEN_CONDITION_C000391,MLCC_UNSEEN_CONDITION_B019,MLCC_X7R,leakage_ua,SIM_X7R_10N_50V,ordinary_noise,ordinary_noise,False,True,False,,,0.0153599055754,0.0152833361096,False,False,False,0.12,synthetic,True
MLCC_UNSEEN_CONDITION_C000471,MLCC_UNSEEN_CONDITION_B019,MLCC_X7R,leakage_ua,SIM_X7R_10N_50V,ordinary_noise,ordinary_noise,False,True,False,,,0.0262631464748,0.0270716472256,False,False,False,0.12,synthetic,True
MLCC_UNSEEN_CONDITION_C000481,MLCC_UNSEEN_CONDITION_B019,MLCC_X7R,leakage_ua,SIM_X7R_10N_50V,healthy_settling,healthy_settling,False,True,False,,,0.0279667188973,0.0279465311076,False,False,False,0.12,synthetic,True
MLCC_UNSEEN_CONDITION_C000491,MLCC_UNSEEN_CONDITION_B019,MLCC_X7R,leakage_ua,SIM_X7R_10N_50V,healthy_settling,healthy_settling,False,True,False,,,0.057702670288,0.0558815499639,False,False,False,0.12,synthetic,True
MLCC_UNSEEN_CONDITION_C000502,MLCC_UNSEEN_CONDITION_B019,MLCC_X7R,leakage_ua,SIM_X7R_10N_50V,ordinary_noise,ordinary_noise,False,True,False,,,0.0304549048457,0.0345305424928,False,False,False,0.12,synthetic,True
MLCC_UNSEEN_CONDITION_C000558,MLCC_UNSEEN_CONDITION_B019,MLCC_X7R,leakage_ua,SIM_X7R_10N_50V,ordinary_noise,ordinary_noise,False,True,False,,,0.0314011347583,0.0356447704479,False,False,False,0.12,synthetic,True
MLCC_UNSEEN_CONDITION_C000598,MLCC_UNSEEN_CONDITION_B019,MLCC_X7R,leakage_ua,SIM_X7R_10N_50V,healthy_settling,healthy_settling,False,True,False,,,0.0240025683293,0.0251706514041,False,False,False,0.12,synthetic,True
MLCC_UNSEEN_CONDITION_C000643,MLCC_UNSEEN_CONDITION_B019,MLCC_X7R,leakage_ua,SIM_X7R_10N_50V,ordinary_noise,ordinary_noise,False,True,False,,,0.0402348302145,0.0372722632185,False,False,False,0.12,synthetic,True
MLCC_UNSEEN_CONDITION_C000648,MLCC_UNSEEN_CONDITION_B019,MLCC_X7R,leakage_ua,SIM_X7R_10N_50V,healthy_settling,healthy_settling,False,True,False,,,0.0381775474467,0.0373719591779,False,False,False,0.12,synthetic,True
MLCC_UNSEEN_CONDITION_C000651,MLCC_UNSEEN_CONDITION_B019,MLCC_X7R,leakage_ua,SIM_X7R_10N_50V,ordinary_noise,ordinary_noise,False,True,False,,,0.0385607349227,0.0360174393893,False,False,False,0.12,synthetic,True
MLCC_UNSEEN_CONDITION_C000677,MLCC_UNSEEN_CONDITION_B019,MLCC_X7R,leakage_ua,SIM_X7R_10N_50V,intermittent_leakage,intermittent_leakage,True,False,False,6,,0.054516581678,0.0550175318866,False,False,False,0.12,synthetic,True
MLCC_UNSEEN_CONDITION_C000700,MLCC_UNSEEN_CONDITION_B019,MLCC_X7R,leakage_ua,SIM_X7R_10N_50V,healthy_settling,healthy_settling,False,True,False,,,0.0189162493667,0.0187762009124,False,False,False,0.12,synthetic,True
MLCC_UNSEEN_CONDITION_C000702,MLCC_UNSEEN_CONDITION_B019,MLCC_X7R,leakage_ua,SIM_X7R_10N_50V,healthy_settling,healthy_settling,False,True,False,,,0.0261932115446,0.0261269136198,False,False,False,0.12,synthetic,True
MLCC_UNSEEN_CONDITION_C000722,MLCC_UNSEEN_CONDITION_B019,MLCC_X7R,leakage_ua,SIM_X7R_10N_50V,intermittent_leakage,intermittent_leakage,True,False,False,6,,0.0408785214098,0.041980258913,False,False,True,0.12,synthetic,True
MLCC_UNSEEN_CONDITION_C000732,MLCC_UNSEEN_CONDITION_B019,MLCC_X7R,leakage_ua,SIM_X7R_10N_50V,healthy_settling,healthy_settling,False,True,False,,,0.0289902220481,0.0286578632147,False,False,False,0.12,synthetic,True
MLCC_UNSEEN_CONDITION_C000740,MLCC_UNSEEN_CONDITION_B019,MLCC_X7R,leakage_ua,SIM_X7R_10N_50V,ordinary_noise,ordinary_noise,False,True,False,,,0.0291984525062,0.0289919621616,False,False,False,0.12,synthetic,True
MLCC_UNSEEN_CONDITION_C000773,MLCC_UNSEEN_CONDITION_B019,MLCC_X7R,leakage_ua,SIM_X7R_10N_50V,healthy_settling,healthy_settling,False,True,False,,,0.0327669833317,0.0334494208409,False,False,False,0.12,synthetic,True
MLCC_UNSEEN_CONDITION_C000798,MLCC_UNSEEN_CONDITION_B019,MLCC_X7R,leakage_ua,SIM_X7R_10N_50V,healthy_settling,healthy_settling,False,True,False,,,0.0300426615753,0.0293435220284,False,False,False,0.12,synthetic,True
MLCC_UNSEEN_CONDITION_C000804,MLCC_UNSEEN_CONDITION_B019,MLCC_X7R,leakage_ua,SIM_X7R_10N_50V,intermittent_leakage,intermittent_leakage,True,False,False,24,,0.023360699301,0.0235269278251,False,False,False,0.12,synthetic,True
MLCC_UNSEEN_CONDITION_C000833,MLCC_UNSEEN_CONDITION_B019,MLCC_X7R,leakage_ua,SIM_X7R_10N_50V,healthy_settling,healthy_settling,False,True,False,,,0.0293402830123,0.0294514207188,False,False,False,0.12,synthetic,True
MLCC_UNSEEN_CONDITION_C000873,MLCC_UNSEEN_CONDITION_B019,MLCC_X7R,leakage_ua,SIM_X7R_10N_50V,ordinary_noise,ordinary_noise,False,True,False,,,0.0307511167941,0.0351611931247,False,False,False,0.12,synthetic,True
MLCC_UNSEEN_CONDITION_C000878,MLCC_UNSEEN_CONDITION_B019,MLCC_X7R,leakage_ua,SIM_X7R_10N_50V,healthy_settling,healthy_settling,False,True,False,,,0.0201061063589,0.0196290707745,False,False,False,0.12,synthetic,True
MLCC_UNSEEN_CONDITION_C000884,MLCC_UNSEEN_CONDITION_B019,MLCC_X7R,leakage_ua,SIM_X7R_10N_50V,accelerating_drift,accelerating_drift,True,False,False,24,,0.0498403327003,0.0521766362746,False,False,False,0.12,synthetic,True
MLCC_UNSEEN_CONDITION_C000889,MLCC_UNSEEN_CONDITION_B019,MLCC_X7R,leakage_ua,SIM_X7R_10N_50V,healthy_settling,healthy_settling,False,True,False,,,0.0272853796351,0.0275357518621,False,False,False,0.12,synthetic,True
MLCC_UNSEEN_CONDITION_C000905,MLCC_UNSEEN_CONDITION_B019,MLCC_X7R,leakage_ua,SIM_X7R_10N_50V,healthy_settling,healthy_settling,False,True,False,,,0.0300909282905,0.030204463024,False,False,False,0.12,synthetic,True
MLCC_UNSEEN_CONDITION_C000927,MLCC_UNSEEN_CONDITION_B019,MLCC_X7R,leakage_ua,SIM_X7R_10N_50V,healthy_settling,healthy_settling,False,True,False,,,0.030653634655,0.0295646653435,False,False,False,0.12,synthetic,True
MLCC_UNSEEN_CONDITION_C000970,MLCC_UNSEEN_CONDITION_B019,MLCC_X7R,leakage_ua,SIM_X7R_10N_50V,healthy_settling,healthy_settling,False,True,False,,,0.0217700312808,0.0221946295377,False,False,False,0.12,synthetic,True
MLCC_UNSEEN_CONDITION_C000976,MLCC_UNSEEN_CONDITION_B019,MLCC_X7R,leakage_ua,SIM_X7R_10N_50V,ordinary_noise,ordinary_noise,False,True,False,,,0.0342792174218,0.0334872588195,False,False,False,0.12,synthetic,True
MLCC_UNSEEN_CONDITION_C000990,MLCC_UNSEEN_CONDITION_B019,MLCC_X7R,leakage_ua,SIM_X7R_10N_50V,healthy_settling,healthy_settling,False,True,False,,,0.0232788842776,0.0232160812345,False,False,False,0.12,synthetic,True
MLCC_UNSEEN_CONDITION_C001002,MLCC_UNSEEN_CONDITION_B019,MLCC_X7R,leakage_ua,SIM_X7R_10N_50V,healthy_settling,healthy_settling,False,True,False,,,0.027479422612,0.0278281486842,False,False,False,0.12,synthetic,True
MLCC_UNSEEN_CONDITION_C001008,MLCC_UNSEEN_CONDITION_B019,MLCC_X7R,leakage_ua,SIM_X7R_10N_50V,healthy_settling,healthy_settling,False,True,False,,,0.0255901739951,0.0257918300184,False,False,False,0.12,synthetic,True
MLCC_UNSEEN_CONDITION_C001029,MLCC_UNSEEN_CONDITION_B019,MLCC_X7R,leakage_ua,SIM_X7R_10N_50V,healthy_settling,healthy_settling,False,True,False,,,0.0242892319531,0.0237845361507,False,False,False,0.12,synthetic,True
MLCC_UNSEEN_CONDITION_C001051,MLCC_UNSEEN_CONDITION_B019,MLCC_X7R,leakage_ua,SIM_X7R_10N_50V,ordinary_noise,ordinary_noise,False,True,False,,,0.0482707544306,0.0429737805039,False,False,False,0.12,synthetic,True
MLCC_UNSEEN_CONDITION_C001072,MLCC_UNSEEN_CONDITION_B019,MLCC_X7R,leakage_ua,SIM_X7R_10N_50V,healthy_settling,healthy_settling,False,True,False,,,0.0310015126688,0.0302527186912,False,False,False,0.12,synthetic,True
MLCC_UNSEEN_CONDITION_C001074,MLCC_UNSEEN_CONDITION_B019,MLCC_X7R,leakage_ua,SIM_X7R_10N_50V,healthy_settling,healthy_settling,False,True,False,,,0.0572931720945,0.0569066310153,False,False,False,0.12,synthetic,True
MLCC_UNSEEN_CONDITION_C001089,MLCC_UNSEEN_CONDITION_B019,MLCC_X7R,leakage_ua,SIM_X7R_10N_50V,healthy_settling,healthy_settling,False,True,False,,,0.0315094942159,0.0313637612701,False,False,False,0.12,synthetic,True
MLCC_UNSEEN_CONDITION_C001099,MLCC_UNSEEN_CONDITION_B019,MLCC_X7R,leakage_ua,SIM_X7R_10N_50V,healthy_settling,healthy_settling,False,True,False,,,0.035323475039,0.0340932211677,False,False,False,0.12,synthetic,True
MLCC_UNSEEN_CONDITION_C001149,MLCC_UNSEEN_CONDITION_B019,MLCC_X7R,leakage_ua,SIM_X7R_10N_50V,healthy_settling,healthy_settling,False,True,False,,,0.0218069372131,0.0217935309571,False,False,False,0.12,synthetic,True
MLCC_UNSEEN_CONDITION_C001155,MLCC_UNSEEN_CONDITION_B019,MLCC_X7R,leakage_ua,SIM_X7R_10N_50V,ordinary_noise,ordinary_noise,False,True,False,,,0.0412620307992,0.0518981516299,False,False,False,0.12,synthetic,True
MLCC_UNSEEN_CONDITION_C001162,MLCC_UNSEEN_CONDITION_B019,MLCC_X7R,leakage_ua,SIM_X7R_10N_50V,healthy_settling,healthy_settling,False,True,False,,,0.0369226032286,0.0380745398173,False,False,False,0.12,synthetic,True
MLCC_UNSEEN_CONDITION_C001213,MLCC_UNSEEN_CONDITION_B019,MLCC_X7R,leakage_ua,SIM_X7R_10N_50V,healthy_settling,healthy_settling,False,True,False,,,0.0260851441526,0.0255398811923,False,False,False,0.12,synthetic,True
MLCC_UNSEEN_CONDITION_C001242,MLCC_UNSEEN_CONDITION_B019,MLCC_X7R,leakage_ua,SIM_X7R_10N_50V,moisture_associated_history,moisture_associated_history,True,False,False,12,,0.0481832240033,0.0478675292154,False,False,False,0.12,synthetic,True
MLCC_UNSEEN_CONDITION_C001291,MLCC_UNSEEN_CONDITION_B019,MLCC_X7R,leakage_ua,SIM_X7R_10N_50V,gradual_drift,gradual_drift,True,False,False,6,,0.0856083661632,0.0789841263015,False,False,False,0.12,synthetic,True
MLCC_UNSEEN_CONDITION_C001307,MLCC_UNSEEN_CONDITION_B019,MLCC_X7R,leakage_ua,SIM_X7R_10N_50V,healthy_settling,healthy_settling,False,True,False,,,0.0246941611433,0.0234278912979,False,False,False,0.12,synthetic,True
MLCC_UNSEEN_CONDITION_C001364,MLCC_UNSEEN_CONDITION_B019,MLCC_X7R,leakage_ua,SIM_X7R_10N_50V,healthy_settling,healthy_settling,False,True,False,,,0.0290188839268,0.0286782379372,False,False,False,0.12,synthetic,True
MLCC_UNSEEN_CONDITION_C001366,MLCC_UNSEEN_CONDITION_B019,MLCC_X7R,leakage_ua,SIM_X7R_10N_50V,healthy_settling,healthy_settling,False,True,False,,,0.024800707832,0.0236132642333,False,False,False,0.12,synthetic,True
MLCC_UNSEEN_CONDITION_C001368,MLCC_UNSEEN_CONDITION_B019,MLCC_X7R,leakage_ua,SIM_X7R_10N_50V,late_abrupt_onset,late_abrupt_onset,True,False,False,96,,0.156995298787,0.154113599537,True,True,True,0.12,synthetic,True
MLCC_UNSEEN_CONDITION_C001398,MLCC_UNSEEN_CONDITION_B019,MLCC_X7R,leakage_ua,SIM_X7R_10N_50V,healthy_settling,healthy_settling,False,True,False,,,0.0288624848238,0.02813570391,False,False,False,0.12,synthetic,True
MLCC_UNSEEN_CONDITION_C001410,MLCC_UNSEEN_CONDITION_B019,MLCC_X7R,leakage_ua,SIM_X7R_10N_50V,ordinary_noise,ordinary_noise,False,True,False,,,0.0303045453786,0.023954701487,False,False,False,0.12,synthetic,True
MLCC_UNSEEN_CONDITION_C001413,MLCC_UNSEEN_CONDITION_B019,MLCC_X7R,leakage_ua,SIM_X7R_10N_50V,healthy_settling,healthy_settling,False,True,False,,,0.0257984175786,0.0256375708632,False,False,False,0.12,synthetic,True
MLCC_UNSEEN_CONDITION_C001425,MLCC_UNSEEN_CONDITION_B019,MLCC_X7R,leakage_ua,SIM_X7R_10N_50V,healthy_settling,healthy_settling,False,True,False,,,0.0188773273473,0.018800092709,False,False,False,0.12,synthetic,True
MLCC_UNSEEN_CONDITION_C001428,MLCC_UNSEEN_CONDITION_B019,MLCC_X7R,leakage_ua,SIM_X7R_10N_50V,gradual_drift,gradual_drift,True,False,False,0,,0.0658519025674,0.0659193850329,False,False,False,0.12,synthetic,True
MLCC_UNSEEN_CONDITION_C001462,MLCC_UNSEEN_CONDITION_B019,MLCC_X7R,leakage_ua,SIM_X7R_10N_50V,healthy_settling,healthy_settling,False,True,False,,,0.0198587580988,0.0210328318748,False,False,False,0.12,synthetic,True
MLCC_UNSEEN_CONDITION_C001468,MLCC_UNSEEN_CONDITION_B019,MLCC_X7R,leakage_ua,SIM_X7R_10N_50V,healthy_settling,healthy_settling,False,True,False,,,0.0268464602672,0.0262313275933,False,False,False,0.12,synthetic,True
MLCC_UNSEEN_CONDITION_C001474,MLCC_UNSEEN_CONDITION_B019,MLCC_X7R,leakage_ua,SIM_X7R_10N_50V,healthy_settling,healthy_settling,False,True,False,,,0.0485076535286,0.0503622406947,False,False,False,0.12,synthetic,True
MLCC_UNSEEN_CONDITION_C001503,MLCC_UNSEEN_CONDITION_B019,MLCC_X7R,leakage_ua,SIM_X7R_10N_50V,ordinary_noise,ordinary_noise,False,True,False,,,0.0206678710692,0.0252532793512,False,False,False,0.12,synthetic,True
MLCC_UNSEEN_CONDITION_C001544,MLCC_UNSEEN_CONDITION_B019,MLCC_X7R,leakage_ua,SIM_X7R_10N_50V,healthy_settling,healthy_settling,False,True,False,,,0.0206151258893,0.0204090417631,False,False,False,0.12,synthetic,True
MLCC_UNSEEN_CONDITION_C001549,MLCC_UNSEEN_CONDITION_B019,MLCC_X7R,leakage_ua,SIM_X7R_10N_50V,healthy_settling,healthy_settling,False,True,False,,,0.0254655791104,0.0248089361804,False,False,False,0.12,synthetic,True
MLCC_UNSEEN_CONDITION_C001576,MLCC_UNSEEN_CONDITION_B019,MLCC_X7R,leakage_ua,SIM_X7R_10N_50V,healthy_settling,healthy_settling,False,True,False,,,0.0140149485128,0.0136157539407,False,False,False,0.12,synthetic,True
MLCC_UNSEEN_CONDITION_C001582,MLCC_UNSEEN_CONDITION_B019,MLCC_X7R,leakage_ua,SIM_X7R_10N_50V,healthy_settling,healthy_settling,False,True,False,,,0.0226454080691,0.0222241242958,False,False,False,0.12,synthetic,True
MLCC_UNSEEN_CONDITION_C001597,MLCC_UNSEEN_CONDITION_B019,MLCC_X7R,leakage_ua,SIM_X7R_10N_50V,healthy_settling,healthy_settling,False,True,False,,,0.0164768305869,0.0163203245113,False,False,False,0.12,synthetic,True
MLCC_UNSEEN_CONDITION_C001618,MLCC_UNSEEN_CONDITION_B019,MLCC_X7R,leakage_ua,SIM_X7R_10N_50V,moisture_associated_history,moisture_associated_history,True,False,False,48,,0.304506527295,0.300752213165,True,True,True,0.12,synthetic,True
MLCC_UNSEEN_CONDITION_C001619,MLCC_UNSEEN_CONDITION_B019,MLCC_X7R,leakage_ua,SIM_X7R_10N_50V,accelerating_drift,accelerating_drift,True,False,False,6,,0.06292607069,0.0668217971437,False,False,False,0.12,synthetic,True
MLCC_UNSEEN_CONDITION_C001673,MLCC_UNSEEN_CONDITION_B019,MLCC_X7R,leakage_ua,SIM_X7R_10N_50V,healthy_settling,healthy_settling,False,True,False,,,0.0253493324789,0.0256748547084,False,False,False,0.12,synthetic,True
MLCC_UNSEEN_CONDITION_C001689,MLCC_UNSEEN_CONDITION_B019,MLCC_X7R,leakage_ua,SIM_X7R_10N_50V,intermittent_leakage,intermittent_leakage,True,False,False,6,,0.164984162282,0.165521532697,True,True,True,0.12,synthetic,True
MLCC_UNSEEN_CONDITION_C001736,MLCC_UNSEEN_CONDITION_B019,MLCC_X7R,leakage_ua,SIM_X7R_10N_50V,healthy_settling,healthy_settling,False,True,False,,,0.0294978970691,0.030343275674,False,False,False,0.12,synthetic,True
MLCC_UNSEEN_CONDITION_C001737,MLCC_UNSEEN_CONDITION_B019,MLCC_X7R,leakage_ua,SIM_X7R_10N_50V,healthy_settling,healthy_settling,False,True,False,,,0.0246197389934,0.0250876824122,False,False,False,0.12,synthetic,True
MLCC_UNSEEN_CONDITION_C001741,MLCC_UNSEEN_CONDITION_B019,MLCC_X7R,leakage_ua,SIM_X7R_10N_50V,healthy_settling,healthy_settling,False,True,False,,,0.0346643554859,0.0357551900598,False,False,False,0.12,synthetic,True
MLCC_UNSEEN_CONDITION_C001764,MLCC_UNSEEN_CONDITION_B019,MLCC_X7R,leakage_ua,SIM_X7R_10N_50V,ordinary_noise,ordinary_noise,False,True,False,,,0.0488907451574,0.0494257787152,False,False,False,0.12,synthetic,True
MLCC_UNSEEN_CONDITION_C001768,MLCC_UNSEEN_CONDITION_B019,MLCC_X7R,leakage_ua,SIM_X7R_10N_50V,healthy_settling,healthy_settling,False,True,False,,,0.0221735705949,0.022664671322,False,False,False,0.12,synthetic,True
MLCC_UNSEEN_CONDITION_C001777,MLCC_UNSEEN_CONDITION_B019,MLCC_X7R,leakage_ua,SIM_X7R_10N_50V,healthy_settling,healthy_settling,False,True,False,,,0.0268379314242,0.0272658428822,False,False,False,0.12,synthetic,True
MLCC_UNSEEN_CONDITION_C001801,MLCC_UNSEEN_CONDITION_B019,MLCC_X7R,leakage_ua,SIM_X7R_10N_50V,ordinary_noise,ordinary_noise,False,True,False,,,0.0287629225489,0.0394052388123,False,False,False,0.12,synthetic,True
MLCC_UNSEEN_CONDITION_C001830,MLCC_UNSEEN_CONDITION_B019,MLCC_X7R,leakage_ua,SIM_X7R_10N_50V,accelerating_drift,accelerating_drift,True,False,False,12,,0.0637625100148,0.0622260744366,False,False,False,0.12,synthetic,True
MLCC_UNSEEN_CONDITION_C001833,MLCC_UNSEEN_CONDITION_B019,MLCC_X7R,leakage_ua,SIM_X7R_10N_50V,ordinary_noise,ordinary_noise,False,True,False,,,0.0334242287,0.0357812099934,False,False,False,0.12,synthetic,True
MLCC_UNSEEN_CONDITION_C001851,MLCC_UNSEEN_CONDITION_B019,MLCC_X7R,leakage_ua,SIM_X7R_10N_50V,healthy_settling,healthy_settling,False,True,False,,,0.0299311717968,0.028566089675,False,False,False,0.12,synthetic,True
MLCC_UNSEEN_CONDITION_C001889,MLCC_UNSEEN_CONDITION_B019,MLCC_X7R,leakage_ua,SIM_X7R_10N_50V,healthy_settling,healthy_settling,False,True,False,,,0.0240900988987,0.0241624044715,False,False,False,0.12,synthetic,True
MLCC_UNSEEN_CONDITION_C001936,MLCC_UNSEEN_CONDITION_B019,MLCC_X7R,leakage_ua,SIM_X7R_10N_50V,healthy_settling,healthy_settling,False,True,False,,,0.0189182894085,0.0191869797484,False,False,False,0.12,synthetic,True
MLCC_UNSEEN_CONDITION_C001954,MLCC_UNSEEN_CONDITION_B019,MLCC_X7R,leakage_ua,SIM_X7R_10N_50V,healthy_settling,healthy_settling,False,True,False,,,0.0347338721593,0.0342682333583,False,False,False,0.12,synthetic,True
MLCC_UNSEEN_CONDITION_C001978,MLCC_UNSEEN_CONDITION_B019,MLCC_X7R,leakage_ua,SIM_X7R_10N_50V,healthy_settling,healthy_settling,False,True,False,,,0.0190294350677,0.0190624220464,False,False,False,0.12,synthetic,True
MLCC_UNSEEN_CONDITION_C001990,MLCC_UNSEEN_CONDITION_B019,MLCC_X7R,leakage_ua,SIM_X7R_10N_50V,healthy_settling,healthy_settling,False,True,False,,,0.0209177970224,0.0198725123488,False,False,False,0.12,synthetic,True
MLCC_UNSEEN_CONDITION_C000007,MLCC_UNSEEN_CONDITION_B020,MLCC_X7R,leakage_ua,SIM_X7R_100N_50V,intermittent_leakage,intermittent_leakage,True,False,False,48,,0.0582109307855,0.0580807890177,False,False,True,0.25,synthetic,True
MLCC_UNSEEN_CONDITION_C000040,MLCC_UNSEEN_CONDITION_B020,MLCC_X7R,leakage_ua,SIM_X7R_100N_50V,healthy_settling,healthy_settling,False,True,False,,,0.061141956067,0.0610809536695,False,False,False,0.25,synthetic,True
MLCC_UNSEEN_CONDITION_C000063,MLCC_UNSEEN_CONDITION_B020,MLCC_X7R,leakage_ua,SIM_X7R_100N_50V,healthy_settling,healthy_settling,False,True,False,,,0.0465939552554,0.0467836215999,False,False,False,0.25,synthetic,True
MLCC_UNSEEN_CONDITION_C000069,MLCC_UNSEEN_CONDITION_B020,MLCC_X7R,leakage_ua,SIM_X7R_100N_50V,healthy_settling,healthy_settling,False,True,False,,,0.0590133538364,0.0626882857358,False,False,False,0.25,synthetic,True
MLCC_UNSEEN_CONDITION_C000079,MLCC_UNSEEN_CONDITION_B020,MLCC_X7R,leakage_ua,SIM_X7R_100N_50V,ordinary_noise,ordinary_noise,False,True,False,,,0.0265671223828,0.0257925770922,False,False,False,0.25,synthetic,True
MLCC_UNSEEN_CONDITION_C000086,MLCC_UNSEEN_CONDITION_B020,MLCC_X7R,leakage_ua,SIM_X7R_100N_50V,healthy_settling,healthy_settling,False,True,False,,,0.0888583521088,0.0888237962068,False,False,False,0.25,synthetic,True
MLCC_UNSEEN_CONDITION_C000089,MLCC_UNSEEN_CONDITION_B020,MLCC_X7R,leakage_ua,SIM_X7R_100N_50V,ordinary_noise,ordinary_noise,False,True,False,,,0.109326567728,0.0871522786788,False,False,False,0.25,synthetic,True
MLCC_UNSEEN_CONDITION_C000090,MLCC_UNSEEN_CONDITION_B020,MLCC_X7R,leakage_ua,SIM_X7R_100N_50V,accelerating_drift,accelerating_drift,True,False,False,6,,0.155698288797,0.156655555069,False,False,False,0.25,synthetic,True
MLCC_UNSEEN_CONDITION_C000096,MLCC_UNSEEN_CONDITION_B020,MLCC_X7R,leakage_ua,SIM_X7R_100N_50V,healthy_settling,healthy_settling,False,True,False,,,0.0641643381465,0.0641817975928,False,False,False,0.25,synthetic,True
MLCC_UNSEEN_CONDITION_C000111,MLCC_UNSEEN_CONDITION_B020,MLCC_X7R,leakage_ua,SIM_X7R_100N_50V,ordinary_noise,ordinary_noise,False,True,False,,,0.0637372310732,0.0631922467221,False,False,False,0.25,synthetic,True
MLCC_UNSEEN_CONDITION_C000116,MLCC_UNSEEN_CONDITION_B020,MLCC_X7R,leakage_ua,SIM_X7R_100N_50V,healthy_settling,healthy_settling,False,True,False,,,0.0722050804402,0.0693222398417,False,False,False,0.25,synthetic,True
MLCC_UNSEEN_CONDITION_C000169,MLCC_UNSEEN_CONDITION_B020,MLCC_X7R,leakage_ua,SIM_X7R_100N_50V,ordinary_noise,ordinary_noise,False,True,False,,,0.049342391116,0.0512864906207,False,False,False,0.25,synthetic,True
MLCC_UNSEEN_CONDITION_C000175,MLCC_UNSEEN_CONDITION_B020,MLCC_X7R,leakage_ua,SIM_X7R_100N_50V,healthy_settling,healthy_settling,False,True,False,,,0.0875592968237,0.0930346925074,False,False,False,0.25,synthetic,True
MLCC_UNSEEN_CONDITION_C000181,MLCC_UNSEEN_CONDITION_B020,MLCC_X7R,leakage_ua,SIM_X7R_100N_50V,gradual_drift,gradual_drift,True,False,False,6,,0.193726411764,0.180910624516,False,False,False,0.25,synthetic,True
MLCC_UNSEEN_CONDITION_C000232,MLCC_UNSEEN_CONDITION_B020,MLCC_X7R,leakage_ua,SIM_X7R_100N_50V,healthy_settling,healthy_settling,False,True,False,,,0.0350715686553,0.0349465433633,False,False,False,0.25,synthetic,True
MLCC_UNSEEN_CONDITION_C000239,MLCC_UNSEEN_CONDITION_B020,MLCC_X7R,leakage_ua,SIM_X7R_100N_50V,healthy_settling,healthy_settling,False,True,False,,,0.0680172303974,0.0710745421722,False,False,False,0.25,synthetic,True
MLCC_UNSEEN_CONDITION_C000247,MLCC_UNSEEN_CONDITION_B020,MLCC_X7R,leakage_ua,SIM_X7R_100N_50V,healthy_settling,healthy_settling,False,True,False,,,0.0348463000162,0.0353576858193,False,False,False,0.25,synthetic,True
MLCC_UNSEEN_CONDITION_C000252,MLCC_UNSEEN_CONDITION_B020,MLCC_X7R,leakage_ua,SIM_X7R_100N_50V,healthy_settling,healthy_settling,False,True,False,,,0.0972231638681,0.0980781241581,False,False,False,0.25,synthetic,True
MLCC_UNSEEN_CONDITION_C000262,MLCC_UNSEEN_CONDITION_B020,MLCC_X7R,leakage_ua,SIM_X7R_100N_50V,healthy_settling,healthy_settling,False,True,False,,,0.0616043341244,0.0621288603116,False,False,False,0.25,synthetic,True
MLCC_UNSEEN_CONDITION_C000273,MLCC_UNSEEN_CONDITION_B020,MLCC_X7R,leakage_ua,SIM_X7R_100N_50V,healthy_settling,healthy_settling,False,True,False,,,0.0550661266224,0.0550583328144,False,False,False,0.25,synthetic,True
MLCC_UNSEEN_CONDITION_C000307,MLCC_UNSEEN_CONDITION_B020,MLCC_X7R,leakage_ua,SIM_X7R_100N_50V,healthy_settling,healthy_settling,False,True,False,,,0.0494482887419,0.0495477471649,False,False,False,0.25,synthetic,True
MLCC_UNSEEN_CONDITION_C000339,MLCC_UNSEEN_CONDITION_B020,MLCC_X7R,leakage_ua,SIM_X7R_100N_50V,healthy_settling,healthy_settling,False,True,False,,,0.0477817990192,0.0465890355911,False,False,False,0.25,synthetic,True
MLCC_UNSEEN_CONDITION_C000377,MLCC_UNSEEN_CONDITION_B020,MLCC_X7R,leakage_ua,SIM_X7R_100N_50V,healthy_settling,healthy_settling,False,True,False,,,0.0512966076101,0.0510872544276,False,False,False,0.25,synthetic,True
MLCC_UNSEEN_CONDITION_C000408,MLCC_UNSEEN_CONDITION_B020,MLCC_X7R,leakage_ua,SIM_X7R_100N_50V,gradual_drift,gradual_drift,True,False,False,12,,0.141386372183,0.143582054786,False,False,False,0.25,synthetic,True
MLCC_UNSEEN_CONDITION_C000425,MLCC_UNSEEN_CONDITION_B020,MLCC_X7R,leakage_ua,SIM_X7R_100N_50V,accelerating_drift,accelerating_drift,True,False,False,0,,0.259243214833,0.259356917982,True,True,True,0.25,synthetic,True
MLCC_UNSEEN_CONDITION_C000433,MLCC_UNSEEN_CONDITION_B020,MLCC_X7R,leakage_ua,SIM_X7R_100N_50V,healthy_settling,healthy_settling,False,True,False,,,0.0351880845508,0.0364464308868,False,False,False,0.25,synthetic,True
MLCC_UNSEEN_CONDITION_C000463,MLCC_UNSEEN_CONDITION_B020,MLCC_X7R,leakage_ua,SIM_X7R_100N_50V,healthy_settling,healthy_settling,False,True,False,,,0.0394473399154,0.041940517016,False,False,False,0.25,synthetic,True
MLCC_UNSEEN_CONDITION_C000486,MLCC_UNSEEN_CONDITION_B020,MLCC_X7R,leakage_ua,SIM_X7R_100N_50V,healthy_settling,healthy_settling,False,True,False,,,0.0506345071167,0.049912763892,False,False,False,0.25,synthetic,True
MLCC_UNSEEN_CONDITION_C000588,MLCC_UNSEEN_CONDITION_B020,MLCC_X7R,leakage_ua,SIM_X7R_100N_50V,intermittent_leakage,intermittent_leakage,True,False,False,12,,0.0822801825636,0.0800188233513,False,False,False,0.25,synthetic,True
MLCC_UNSEEN_CONDITION_C000590,MLCC_UNSEEN_CONDITION_B020,MLCC_X7R,leakage_ua,SIM_X7R_100N_50V,accelerating_drift,accelerating_drift,True,False,False,12,,0.214630008903,0.225972434163,False,False,False,0.25,synthetic,True
MLCC_UNSEEN_CONDITION_C000602,MLCC_UNSEEN_CONDITION_B020,MLCC_X7R,leakage_ua,SIM_X7R_100N_50V,healthy_settling,healthy_settling,False,True,False,,,0.0389795890458,0.0399737951922,False,False,False,0.25,synthetic,True
MLCC_UNSEEN_CONDITION_C000612,MLCC_UNSEEN_CONDITION_B020,MLCC_X7R,leakage_ua,SIM_X7R_100N_50V,ordinary_noise,ordinary_noise,False,True,False,,,0.0664407236678,0.0561003674345,False,False,False,0.25,synthetic,True
MLCC_UNSEEN_CONDITION_C000615,MLCC_UNSEEN_CONDITION_B020,MLCC_X7R,leakage_ua,SIM_X7R_100N_50V,ordinary_noise,ordinary_noise,False,True,False,,,0.0554359522775,0.0591318010181,False,False,False,0.25,synthetic,True
MLCC_UNSEEN_CONDITION_C000620,MLCC_UNSEEN_CONDITION_B020,MLCC_X7R,leakage_ua,SIM_X7R_100N_50V,gradual_drift,gradual_drift,True,False,False,6,,0.205480980266,0.21221956871,False,False,False,0.25,synthetic,True
MLCC_UNSEEN_CONDITION_C000632,MLCC_UNSEEN_CONDITION_B020,MLCC_X7R,leakage_ua,SIM_X7R_100N_50V,healthy_settling,healthy_settling,False,True,False,,,0.0773437335185,0.0804558132973,False,False,False,0.25,synthetic,True
MLCC_UNSEEN_CONDITION_C000658,MLCC_UNSEEN_CONDITION_B020,MLCC_X7R,leakage_ua,SIM_X7R_100N_50V,healthy_settling,healthy_settling,False,True,False,,,0.0450126725529,0.0478005129245,False,False,False,0.25,synthetic,True
MLCC_UNSEEN_CONDITION_C000692,MLCC_UNSEEN_CONDITION_B020,MLCC_X7R,leakage_ua,SIM_X7R_100N_50V,ordinary_noise,ordinary_noise,False,True,False,,,0.0523743993765,0.0567272233258,False,False,False,0.25,synthetic,True
MLCC_UNSEEN_CONDITION_C000712,MLCC_UNSEEN_CONDITION_B020,MLCC_X7R,leakage_ua,SIM_X7R_100N_50V,healthy_settling,healthy_settling,False,True,False,,,0.0525113522107,0.0507697577363,False,False,False,0.25,synthetic,True
MLCC_UNSEEN_CONDITION_C000716,MLCC_UNSEEN_CONDITION_B020,MLCC_X7R,leakage_ua,SIM_X7R_100N_50V,healthy_settling,healthy_settling,False,True,False,,,0.0308999038231,0.0309522958666,False,False,False,0.25,synthetic,True
MLCC_UNSEEN_CONDITION_C000731,MLCC_UNSEEN_CONDITION_B020,MLCC_X7R,leakage_ua,SIM_X7R_100N_50V,healthy_settling,healthy_settling,False,True,False,,,0.0781471279142,0.0756049268886,False,False,False,0.25,synthetic,True
MLCC_UNSEEN_CONDITION_C000734,MLCC_UNSEEN_CONDITION_B020,MLCC_X7R,leakage_ua,SIM_X7R_100N_50V,healthy_settling,healthy_settling,False,True,False,,,0.068511419541,0.0722530241814,False,False,False,0.25,synthetic,True
MLCC_UNSEEN_CONDITION_C000755,MLCC_UNSEEN_CONDITION_B020,MLCC_X7R,leakage_ua,SIM_X7R_100N_50V,healthy_settling,healthy_settling,False,True,False,,,0.0759586468041,0.0764149538722,False,False,False,0.25,synthetic,True
MLCC_UNSEEN_CONDITION_C000776,MLCC_UNSEEN_CONDITION_B020,MLCC_X7R,leakage_ua,SIM_X7R_100N_50V,healthy_settling,healthy_settling,False,True,False,,,0.0633935870669,0.0642899462275,False,False,False,0.25,synthetic,True
MLCC_UNSEEN_CONDITION_C000796,MLCC_UNSEEN_CONDITION_B020,MLCC_X7R,leakage_ua,SIM_X7R_100N_50V,healthy_settling,healthy_settling,False,True,False,,,0.0603562336912,0.0601013366506,False,False,False,0.25,synthetic,True
MLCC_UNSEEN_CONDITION_C000816,MLCC_UNSEEN_CONDITION_B020,MLCC_X7R,leakage_ua,SIM_X7R_100N_50V,healthy_settling,healthy_settling,False,True,False,,,0.0365318032605,0.0377588878581,False,False,False,0.25,synthetic,True
MLCC_UNSEEN_CONDITION_C000817,MLCC_UNSEEN_CONDITION_B020,MLCC_X7R,leakage_ua,SIM_X7R_100N_50V,accelerating_drift,accelerating_drift,True,False,False,6,,0.241499114153,0.237128668472,False,False,False,0.25,synthetic,True
MLCC_UNSEEN_CONDITION_C000826,MLCC_UNSEEN_CONDITION_B020,MLCC_X7R,leakage_ua,SIM_X7R_100N_50V,gradual_drift,gradual_drift,True,False,False,0,,0.087220804761,0.0888668387603,False,False,False,0.25,synthetic,True
MLCC_UNSEEN_CONDITION_C000839,MLCC_UNSEEN_CONDITION_B020,MLCC_X7R,leakage_ua,SIM_X7R_100N_50V,healthy_settling,healthy_settling,False,True,False,,,0.041924634749,0.0442771807038,False,False,False,0.25,synthetic,True
MLCC_UNSEEN_CONDITION_C000857,MLCC_UNSEEN_CONDITION_B020,MLCC_X7R,leakage_ua,SIM_X7R_100N_50V,healthy_settling,healthy_settling,False,True,False,,,0.0924112886112,0.0901757063173,False,False,False,0.25,synthetic,True
MLCC_UNSEEN_CONDITION_C000871,MLCC_UNSEEN_CONDITION_B020,MLCC_X7R,leakage_ua,SIM_X7R_100N_50V,healthy_settling,healthy_settling,False,True,False,,,0.0506733924748,0.0504438322897,False,False,False,0.25,synthetic,True
MLCC_UNSEEN_CONDITION_C000897,MLCC_UNSEEN_CONDITION_B020,MLCC_X7R,leakage_ua,SIM_X7R_100N_50V,healthy_settling,healthy_settling,False,True,False,,,0.0622666313843,0.061526906797,False,False,False,0.25,synthetic,True
MLCC_UNSEEN_CONDITION_C000911,MLCC_UNSEEN_CONDITION_B020,MLCC_X7R,leakage_ua,SIM_X7R_100N_50V,healthy_settling,healthy_settling,False,True,False,,,0.0533793020794,0.0522157995483,False,False,False,0.25,synthetic,True
MLCC_UNSEEN_CONDITION_C000968,MLCC_UNSEEN_CONDITION_B020,MLCC_X7R,leakage_ua,SIM_X7R_100N_50V,healthy_settling,healthy_settling,False,True,False,,,0.0334596491301,0.0352620112984,False,False,False,0.25,synthetic,True
MLCC_UNSEEN_CONDITION_C000980,MLCC_UNSEEN_CONDITION_B020,MLCC_X7R,leakage_ua,SIM_X7R_100N_50V,accelerating_drift,accelerating_drift,True,False,False,12,,0.0771154787035,0.073910815367,False,False,False,0.25,synthetic,True
MLCC_UNSEEN_CONDITION_C000987,MLCC_UNSEEN_CONDITION_B020,MLCC_X7R,leakage_ua,SIM_X7R_100N_50V,ordinary_noise,ordinary_noise,False,True,False,,,0.0768016393869,0.0541217813627,False,False,False,0.25,synthetic,True
MLCC_UNSEEN_CONDITION_C000993,MLCC_UNSEEN_CONDITION_B020,MLCC_X7R,leakage_ua,SIM_X7R_100N_50V,ordinary_noise,ordinary_noise,False,True,False,,,0.0285251598171,0.0333441567254,False,False,False,0.25,synthetic,True
MLCC_UNSEEN_CONDITION_C001005,MLCC_UNSEEN_CONDITION_B020,MLCC_X7R,leakage_ua,SIM_X7R_100N_50V,ordinary_noise,ordinary_noise,False,True,False,,,0.0384458324967,0.0410141184993,False,False,False,0.25,synthetic,True
MLCC_UNSEEN_CONDITION_C001011,MLCC_UNSEEN_CONDITION_B020,MLCC_X7R,leakage_ua,SIM_X7R_100N_50V,healthy_settling,healthy_settling,False,True,False,,,0.0588970511233,0.0592628965714,False,False,False,0.25,synthetic,True
MLCC_UNSEEN_CONDITION_C001059,MLCC_UNSEEN_CONDITION_B020,MLCC_X7R,leakage_ua,SIM_X7R_100N_50V,intermittent_leakage,intermittent_leakage,True,False,False,6,,0.075765121662,0.0760742153187,False,False,False,0.25,synthetic,True
MLCC_UNSEEN_CONDITION_C001065,MLCC_UNSEEN_CONDITION_B020,MLCC_X7R,leakage_ua,SIM_X7R_100N_50V,healthy_settling,healthy_settling,False,True,False,,,0.0795893313666,0.0774592526394,False,False,False,0.25,synthetic,True
MLCC_UNSEEN_CONDITION_C001093,MLCC_UNSEEN_CONDITION_B020,MLCC_X7R,leakage_ua,SIM_X7R_100N_50V,gradual_drift,gradual_drift,True,False,False,0,,0.143908931486,0.145135935954,False,False,False,0.25,synthetic,True
MLCC_UNSEEN_CONDITION_C001109,MLCC_UNSEEN_CONDITION_B020,MLCC_X7R,leakage_ua,SIM_X7R_100N_50V,gradual_drift,gradual_drift,True,False,False,0,,0.399161812131,0.401415950847,True,True,True,0.25,synthetic,True
MLCC_UNSEEN_CONDITION_C001111,MLCC_UNSEEN_CONDITION_B020,MLCC_X7R,leakage_ua,SIM_X7R_100N_50V,healthy_settling,healthy_settling,False,True,False,,,0.0760760920322,0.0747774967078,False,False,False,0.25,synthetic,True
MLCC_UNSEEN_CONDITION_C001124,MLCC_UNSEEN_CONDITION_B020,MLCC_X7R,leakage_ua,SIM_X7R_100N_50V,healthy_settling,healthy_settling,False,True,False,,,0.0325862865688,0.0335766999336,False,False,False,0.25,synthetic,True
MLCC_UNSEEN_CONDITION_C001137,MLCC_UNSEEN_CONDITION_B020,MLCC_X7R,leakage_ua,SIM_X7R_100N_50V,healthy_settling,healthy_settling,False,True,False,,,0.0455404125348,0.0443331500205,False,False,False,0.25,synthetic,True
MLCC_UNSEEN_CONDITION_C001143,MLCC_UNSEEN_CONDITION_B020,MLCC_X7R,leakage_ua,SIM_X7R_100N_50V,healthy_settling,healthy_settling,False,True,False,,,0.0360499148868,0.0366719138581,False,False,False,0.25,synthetic,True
MLCC_UNSEEN_CONDITION_C001209,MLCC_UNSEEN_CONDITION_B020,MLCC_X7R,leakage_ua,SIM_X7R_100N_50V,healthy_settling,healthy_settling,False,True,False,,,0.0320327591704,0.0317350600411,False,False,False,0.25,synthetic,True
MLCC_UNSEEN_CONDITION_C001210,MLCC_UNSEEN_CONDITION_B020,MLCC_X7R,leakage_ua,SIM_X7R_100N_50V,healthy_settling,healthy_settling,False,True,False,,,0.0442747140341,0.0436936628615,False,False,False,0.25,synthetic,True
MLCC_UNSEEN_CONDITION_C001223,MLCC_UNSEEN_CONDITION_B020,MLCC_X7R,leakage_ua,SIM_X7R_100N_50V,healthy_settling,healthy_settling,False,True,False,,,0.0411623351635,0.0411621918024,False,False,False,0.25,synthetic,True
MLCC_UNSEEN_CONDITION_C001255,MLCC_UNSEEN_CONDITION_B020,MLCC_X7R,leakage_ua,SIM_X7R_100N_50V,healthy_settling,healthy_settling,False,True,False,,,0.0908598618425,0.0893860658408,False,False,False,0.25,synthetic,True
MLCC_UNSEEN_CONDITION_C001316,MLCC_UNSEEN_CONDITION_B020,MLCC_X7R,leakage_ua,SIM_X7R_100N_50V,healthy_settling,healthy_settling,False,True,False,,,0.0318981026409,0.0323936388451,False,False,False,0.25,synthetic,True
MLCC_UNSEEN_CONDITION_C001331,MLCC_UNSEEN_CONDITION_B020,MLCC_X7R,leakage_ua,SIM_X7R_100N_50V,healthy_settling,healthy_settling,False,True,False,,,0.0505986712474,0.0498297842544,False,False,False,0.25,synthetic,True
MLCC_UNSEEN_CONDITION_C001346,MLCC_UNSEEN_CONDITION_B020,MLCC_X7R,leakage_ua,SIM_X7R_100N_50V,healthy_settling,healthy_settling,False,True,False,,,0.0637610497837,0.0636194377042,False,False,False,0.25,synthetic,True
MLCC_UNSEEN_CONDITION_C001357,MLCC_UNSEEN_CONDITION_B020,MLCC_X7R,leakage_ua,SIM_X7R_100N_50V,healthy_settling,healthy_settling,False,True,False,,,0.0685469658355,0.0693926888779,False,False,False,0.25,synthetic,True
MLCC_UNSEEN_CONDITION_C001417,MLCC_UNSEEN_CONDITION_B020,MLCC_X7R,leakage_ua,SIM_X7R_100N_50V,healthy_settling,healthy_settling,False,True,False,,,0.0599258174382,0.0613302768618,False,False,False,0.25,synthetic,True
MLCC_UNSEEN_CONDITION_C001436,MLCC_UNSEEN_CONDITION_B020,MLCC_X7R,leakage_ua,SIM_X7R_100N_50V,healthy_settling,healthy_settling,False,True,False,,,0.0419397339648,0.0411962165999,False,False,False,0.25,synthetic,True
MLCC_UNSEEN_CONDITION_C001452,MLCC_UNSEEN_CONDITION_B020,MLCC_X7R,leakage_ua,SIM_X7R_100N_50V,healthy_settling,healthy_settling,False,True,False,,,0.0558391695414,0.0567121429181,False,False,False,0.25,synthetic,True
MLCC_UNSEEN_CONDITION_C001481,MLCC_UNSEEN_CONDITION_B020,MLCC_X7R,leakage_ua,SIM_X7R_100N_50V,ordinary_noise,ordinary_noise,False,True,False,,,0.061233098222,0.0715472245166,False,False,False,0.25,synthetic,True
MLCC_UNSEEN_CONDITION_C001497,MLCC_UNSEEN_CONDITION_B020,MLCC_X7R,leakage_ua,SIM_X7R_100N_50V,ordinary_noise,ordinary_noise,False,True,False,,,0.0286217906206,0.0313361810489,False,False,False,0.25,synthetic,True
MLCC_UNSEEN_CONDITION_C001525,MLCC_UNSEEN_CONDITION_B020,MLCC_X7R,leakage_ua,SIM_X7R_100N_50V,healthy_settling,healthy_settling,False,True,False,,,0.0550567622626,0.0555661785795,False,False,False,0.25,synthetic,True
MLCC_UNSEEN_CONDITION_C001534,MLCC_UNSEEN_CONDITION_B020,MLCC_X7R,leakage_ua,SIM_X7R_100N_50V,healthy_settling,healthy_settling,False,True,False,,,0.0558034778541,0.05432642703,False,False,False,0.25,synthetic,True
MLCC_UNSEEN_CONDITION_C001573,MLCC_UNSEEN_CONDITION_B020,MLCC_X7R,leakage_ua,SIM_X7R_100N_50V,healthy_settling,healthy_settling,False,True,False,,,0.0636216882434,0.0643774135776,False,False,False,0.25,synthetic,True
MLCC_UNSEEN_CONDITION_C001585,MLCC_UNSEEN_CONDITION_B020,MLCC_X7R,leakage_ua,SIM_X7R_100N_50V,healthy_settling,healthy_settling,False,True,False,,,0.0434701852861,0.0427566042833,False,False,False,0.25,synthetic,True
MLCC_UNSEEN_CONDITION_C001609,MLCC_UNSEEN_CONDITION_B020,MLCC_X7R,leakage_ua,SIM_X7R_100N_50V,healthy_settling,healthy_settling,False,True,False,,,0.0493571184779,0.0514536853993,False,False,False,0.25,synthetic,True
MLCC_UNSEEN_CONDITION_C001613,MLCC_UNSEEN_CONDITION_B020,MLCC_X7R,leakage_ua,SIM_X7R_100N_50V,healthy_settling,healthy_settling,False,True,False,,,0.0379702420022,0.0375931776943,False,False,False,0.25,synthetic,True
MLCC_UNSEEN_CONDITION_C001628,MLCC_UNSEEN_CONDITION_B020,MLCC_X7R,leakage_ua,SIM_X7R_100N_50V,healthy_settling,healthy_settling,False,True,False,,,0.0598168660926,0.0615146780621,False,False,False,0.25,synthetic,True
MLCC_UNSEEN_CONDITION_C001701,MLCC_UNSEEN_CONDITION_B020,MLCC_X7R,leakage_ua,SIM_X7R_100N_50V,healthy_settling,healthy_settling,False,True,False,,,0.0486962634233,0.0490752133825,False,False,False,0.25,synthetic,True
MLCC_UNSEEN_CONDITION_C001712,MLCC_UNSEEN_CONDITION_B020,MLCC_X7R,leakage_ua,SIM_X7R_100N_50V,healthy_settling,healthy_settling,False,True,False,,,0.0856137559513,0.0870233571962,False,False,False,0.25,synthetic,True
MLCC_UNSEEN_CONDITION_C001717,MLCC_UNSEEN_CONDITION_B020,MLCC_X7R,leakage_ua,SIM_X7R_100N_50V,healthy_settling,healthy_settling,False,True,False,,,0.0654851054321,0.0610615601727,False,False,False,0.25,synthetic,True
MLCC_UNSEEN_CONDITION_C001785,MLCC_UNSEEN_CONDITION_B020,MLCC_X7R,leakage_ua,SIM_X7R_100N_50V,ordinary_noise,ordinary_noise,False,True,False,,,0.0384453795872,0.0420924816679,False,False,False,0.25,synthetic,True
MLCC_UNSEEN_CONDITION_C001822,MLCC_UNSEEN_CONDITION_B020,MLCC_X7R,leakage_ua,SIM_X7R_100N_50V,ordinary_noise,ordinary_noise,False,True,False,,,0.0424933520565,0.0416028594874,False,False,False,0.25,synthetic,True
MLCC_UNSEEN_CONDITION_C001848,MLCC_UNSEEN_CONDITION_B020,MLCC_X7R,leakage_ua,SIM_X7R_100N_50V,accelerating_drift,accelerating_drift,True,False,False,0,,0.115258147278,0.11299478998,False,False,False,0.25,synthetic,True
MLCC_UNSEEN_CONDITION_C001853,MLCC_UNSEEN_CONDITION_B020,MLCC_X7R,leakage_ua,SIM_X7R_100N_50V,healthy_settling,healthy_settling,False,True,False,,,0.0453299441402,0.0486411125194,False,False,False,0.25,synthetic,True
MLCC_UNSEEN_CONDITION_C001881,MLCC_UNSEEN_CONDITION_B020,MLCC_X7R,leakage_ua,SIM_X7R_100N_50V,healthy_settling,healthy_settling,False,True,False,,,0.043694456719,0.0455572789599,False,False,False,0.25,synthetic,True
MLCC_UNSEEN_CONDITION_C001885,MLCC_UNSEEN_CONDITION_B020,MLCC_X7R,leakage_ua,SIM_X7R_100N_50V,healthy_settling,healthy_settling,False,True,False,,,0.0643250660738,0.0646190098959,False,False,False,0.25,synthetic,True
MLCC_UNSEEN_CONDITION_C001905,MLCC_UNSEEN_CONDITION_B020,MLCC_X7R,leakage_ua,SIM_X7R_100N_50V,moisture_associated_history,moisture_associated_history,True,False,False,48,,0.160592932622,0.161915050779,False,False,False,0.25,synthetic,True
MLCC_UNSEEN_CONDITION_C001910,MLCC_UNSEEN_CONDITION_B020,MLCC_X7R,leakage_ua,SIM_X7R_100N_50V,healthy_settling,healthy_settling,False,True,False,,,0.0476326617286,0.0517997644769,False,False,False,0.25,synthetic,True
MLCC_UNSEEN_CONDITION_C001927,MLCC_UNSEEN_CONDITION_B020,MLCC_X7R,leakage_ua,SIM_X7R_100N_50V,healthy_settling,healthy_settling,False,True,False,,,0.038122741107,0.0385223422084,False,False,False,0.25,synthetic,True
MLCC_UNSEEN_CONDITION_C001956,MLCC_UNSEEN_CONDITION_B020,MLCC_X7R,leakage_ua,SIM_X7R_100N_50V,healthy_settling,healthy_settling,False,True,False,,,0.0638162328787,0.0632999894747,False,False,False,0.25,synthetic,True
MLCC_UNSEEN_CONDITION_C001977,MLCC_UNSEEN_CONDITION_B020,MLCC_X7R,leakage_ua,SIM_X7R_100N_50V,healthy_settling,healthy_settling,False,True,False,,,0.0867329723963,0.086425651459,False,False,False,0.25,synthetic,True
