component_id,batch_id,component_family,measurement_name,profile_id,scenario,component_scenario,is_defect,is_healthy,is_tester_fault,anomaly_onset_hour,tester_fault_onset_hour,final_value,true_final_value,is_future_failure,is_observed_final_exceedance,ever_latent_exceedance,upper_limit,data_source,is_synthetic
MLCC_LOW_PREVALENCE_C000051,MLCC_LOW_PREVALENCE_B001,MLCC_X7R,leakage_ua,SIM_X7R_100N_50V,healthy_settling,healthy_settling,False,True,False,,,0.0249107897522,0.0242490536422,False,False,False,0.25,synthetic,True
MLCC_LOW_PREVALENCE_C000075,MLCC_LOW_PREVALENCE_B001,MLCC_X7R,leakage_ua,SIM_X7R_100N_50V,healthy_settling,healthy_settling,False,True,False,,,0.0261484224523,0.0260354212937,False,False,False,0.25,synthetic,True
MLCC_LOW_PREVALENCE_C000114,MLCC_LOW_PREVALENCE_B001,MLCC_X7R,leakage_ua,SIM_X7R_100N_50V,healthy_settling,healthy_settling,False,True,False,,,0.0288098100996,0.029580084701,False,False,False,0.25,synthetic,True
MLCC_LOW_PREVALENCE_C000120,MLCC_LOW_PREVALENCE_B001,MLCC_X7R,leakage_ua,SIM_X7R_100N_50V,healthy_settling,healthy_settling,False,True,False,,,0.0292244198319,0.0277511738228,False,False,False,0.25,synthetic,True
MLCC_LOW_PREVALENCE_C000138,MLCC_LOW_PREVALENCE_B001,MLCC_X7R,leakage_ua,SIM_X7R_100N_50V,healthy_settling,healthy_settling,False,True,False,,,0.0250546488555,0.0232256739127,False,False,False,0.25,synthetic,True
MLCC_LOW_PREVALENCE_C000155,MLCC_LOW_PREVALENCE_B001,MLCC_X7R,leakage_ua,SIM_X7R_100N_50V,healthy_settling,healthy_settling,False,True,False,,,0.0303708382298,0.0299972872813,False,False,False,0.25,synthetic,True
MLCC_LOW_PREVALENCE_C000161,MLCC_LOW_PREVALENCE_B001,MLCC_X7R,leakage_ua,SIM_X7R_100N_50V,healthy_settling,healthy_settling,False,True,False,,,0.0357152420034,0.0348191881873,False,False,False,0.25,synthetic,True
MLCC_LOW_PREVALENCE_C000166,MLCC_LOW_PREVALENCE_B001,MLCC_X7R,leakage_ua,SIM_X7R_100N_50V,healthy_settling,healthy_settling,False,True,False,,,0.0362897511661,0.0394504910544,False,False,False,0.25,synthetic,True
MLCC_LOW_PREVALENCE_C000172,MLCC_LOW_PREVALENCE_B001,MLCC_X7R,leakage_ua,SIM_X7R_100N_50V,ordinary_noise,ordinary_noise,False,True,False,,,0.0193609044599,0.0180798759698,False,False,False,0.25,synthetic,True
MLCC_LOW_PREVALENCE_C000197,MLCC_LOW_PREVALENCE_B001,MLCC_X7R,leakage_ua,SIM_X7R_100N_50V,healthy_settling,healthy_settling,False,True,False,,,0.0241816362648,0.0237499325213,False,False,False,0.25,synthetic,True
MLCC_LOW_PREVALENCE_C000233,MLCC_LOW_PREVALENCE_B001,MLCC_X7R,leakage_ua,SIM_X7R_100N_50V,healthy_settling,healthy_settling,False,True,False,,,0.0361532488622,0.0345981045546,False,False,False,0.25,synthetic,True
MLCC_LOW_PREVALENCE_C000304,MLCC_LOW_PREVALENCE_B001,MLCC_X7R,leakage_ua,SIM_X7R_100N_50V,ordinary_noise,ordinary_noise,False,True,False,,,0.0255581326519,0.0279468446897,False,False,False,0.25,synthetic,True
MLCC_LOW_PREVALENCE_C000353,MLCC_LOW_PREVALENCE_B001,MLCC_X7R,leakage_ua,SIM_X7R_100N_50V,healthy_settling,healthy_settling,False,True,False,,,0.0221464659551,0.0227676471644,False,False,False,0.25,synthetic,True
MLCC_LOW_PREVALENCE_C000371,MLCC_LOW_PREVALENCE_B001,MLCC_X7R,leakage_ua,SIM_X7R_100N_50V,ordinary_noise,ordinary_noise,False,True,False,,,0.0288758636702,0.0297796301097,False,False,False,0.25,synthetic,True
MLCC_LOW_PREVALENCE_C000403,MLCC_LOW_PREVALENCE_B001,MLCC_X7R,leakage_ua,SIM_X7R_100N_50V,ordinary_noise,ordinary_noise,False,True,False,,,0.0258226680994,0.0256930881187,False,False,False,0.25,synthetic,True
MLCC_LOW_PREVALENCE_C000411,MLCC_LOW_PREVALENCE_B001,MLCC_X7R,leakage_ua,SIM_X7R_100N_50V,ordinary_noise,ordinary_noise,False,True,False,,,0.0141146846249,0.0164683579651,False,False,False,0.25,synthetic,True
MLCC_LOW_PREVALENCE_C000419,MLCC_LOW_PREVALENCE_B001,MLCC_X7R,leakage_ua,SIM_X7R_100N_50V,ordinary_noise,ordinary_noise,False,True,False,,,0.0222925390621,0.023895948407,False,False,False,0.25,synthetic,True
MLCC_LOW_PREVALENCE_C000459,MLCC_LOW_PREVALENCE_B001,MLCC_X7R,leakage_ua,SIM_X7R_100N_50V,healthy_settling,healthy_settling,False,True,False,,,0.0363031477134,0.0358118317974,False,False,False,0.25,synthetic,True
MLCC_LOW_PREVALENCE_C000461,MLCC_LOW_PREVALENCE_B001,MLCC_X7R,leakage_ua,SIM_X7R_100N_50V,healthy_settling,healthy_settling,False,True,False,,,0.0220281812188,0.0214884693933,False,False,False,0.25,synthetic,True
MLCC_LOW_PREVALENCE_C000516,MLCC_LOW_PREVALENCE_B001,MLCC_X7R,leakage_ua,SIM_X7R_100N_50V,healthy_settling,healthy_settling,False,True,False,,,0.0278774705265,0.028832263505,False,False,False,0.25,synthetic,True
MLCC_LOW_PREVALENCE_C000538,MLCC_LOW_PREVALENCE_B001,MLCC_X7R,leakage_ua,SIM_X7R_100N_50V,healthy_settling,healthy_settling,False,True,False,,,0.0282170174756,0.0283399220147,False,False,False,0.25,synthetic,True
MLCC_LOW_PREVALENCE_C000553,MLCC_LOW_PREVALENCE_B001,MLCC_X7R,leakage_ua,SIM_X7R_100N_50V,healthy_settling,healthy_settling,False,True,False,,,0.0294652187528,0.0286157518603,False,False,False,0.25,synthetic,True
MLCC_LOW_PREVALENCE_C000580,MLCC_LOW_PREVALENCE_B001,MLCC_X7R,leakage_ua,SIM_X7R_100N_50V,healthy_settling,healthy_settling,False,True,False,,,0.0340816564705,0.0345680178218,False,False,False,0.25,synthetic,True
MLCC_LOW_PREVALENCE_C000596,MLCC_LOW_PREVALENCE_B001,MLCC_X7R,leakage_ua,SIM_X7R_100N_50V,healthy_settling,healthy_settling,False,True,False,,,0.0316788393419,0.0313068630863,False,False,False,0.25,synthetic,True
MLCC_LOW_PREVALENCE_C000667,MLCC_LOW_PREVALENCE_B001,MLCC_X7R,leakage_ua,SIM_X7R_100N_50V,healthy_settling,healthy_settling,False,True,False,,,0.0219563133858,0.0217590521826,False,False,False,0.25,synthetic,True
MLCC_LOW_PREVALENCE_C000681,MLCC_LOW_PREVALENCE_B001,MLCC_X7R,leakage_ua,SIM_X7R_100N_50V,healthy_settling,healthy_settling,False,True,False,,,0.0257760498878,0.0249725618181,False,False,False,0.25,synthetic,True
MLCC_LOW_PREVALENCE_C000687,MLCC_LOW_PREVALENCE_B001,MLCC_X7R,leakage_ua,SIM_X7R_100N_50V,healthy_settling,healthy_settling,False,True,False,,,0.0311719053812,0.0315465515164,False,False,False,0.25,synthetic,True
MLCC_LOW_PREVALENCE_C000782,MLCC_LOW_PREVALENCE_B001,MLCC_X7R,leakage_ua,SIM_X7R_100N_50V,healthy_settling,healthy_settling,False,True,False,,,0.0262626209676,0.0261914229274,False,False,False,0.25,synthetic,True
MLCC_LOW_PREVALENCE_C000783,MLCC_LOW_PREVALENCE_B001,MLCC_X7R,leakage_ua,SIM_X7R_100N_50V,healthy_settling,healthy_settling,False,True,False,,,0.0375277576245,0.0383090265578,False,False,False,0.25,synthetic,True
MLCC_LOW_PREVALENCE_C000798,MLCC_LOW_PREVALENCE_B001,MLCC_X7R,leakage_ua,SIM_X7R_100N_50V,healthy_settling,healthy_settling,False,True,False,,,0.0229587756024,0.0228201839574,False,False,False,0.25,synthetic,True
MLCC_LOW_PREVALENCE_C000819,MLCC_LOW_PREVALENCE_B001,MLCC_X7R,leakage_ua,SIM_X7R_100N_50V,healthy_settling,healthy_settling,False,True,False,,,0.0304839734408,0.0305557496083,False,False,False,0.25,synthetic,True
MLCC_LOW_PREVALENCE_C000823,MLCC_LOW_PREVALENCE_B001,MLCC_X7R,leakage_ua,SIM_X7R_100N_50V,ordinary_noise,ordinary_noise,False,True,False,,,0.0217882775545,0.0222930702322,False,False,False,0.25,synthetic,True
MLCC_LOW_PREVALENCE_C000862,MLCC_LOW_PREVALENCE_B001,MLCC_X7R,leakage_ua,SIM_X7R_100N_50V,ordinary_noise,ordinary_noise,False,True,False,,,0.0196333976458,0.0193507663315,False,False,False,0.25,synthetic,True
MLCC_LOW_PREVALENCE_C000900,MLCC_LOW_PREVALENCE_B001,MLCC_X7R,leakage_ua,SIM_X7R_100N_50V,healthy_settling,healthy_settling,False,True,False,,,0.0153784913432,0.0152673272795,False,False,False,0.25,synthetic,True
MLCC_LOW_PREVALENCE_C000904,MLCC_LOW_PREVALENCE_B001,MLCC_X7R,leakage_ua,SIM_X7R_100N_50V,healthy_settling,healthy_settling,False,True,False,,,0.0314819133161,0.0312512547747,False,False,False,0.25,synthetic,True
MLCC_LOW_PREVALENCE_C000940,MLCC_LOW_PREVALENCE_B001,MLCC_X7R,leakage_ua,SIM_X7R_100N_50V,healthy_settling,healthy_settling,False,True,False,,,0.0239380586606,0.0233314037472,False,False,False,0.25,synthetic,True
MLCC_LOW_PREVALENCE_C000946,MLCC_LOW_PREVALENCE_B001,MLCC_X7R,leakage_ua,SIM_X7R_100N_50V,healthy_settling,healthy_settling,False,True,False,,,0.023230270487,0.0232230384455,False,False,False,0.25,synthetic,True
MLCC_LOW_PREVALENCE_C000979,MLCC_LOW_PREVALENCE_B001,MLCC_X7R,leakage_ua,SIM_X7R_100N_50V,healthy_settling,healthy_settling,False,True,False,,,0.038773389541,0.0379959241563,False,False,False,0.25,synthetic,True
MLCC_LOW_PREVALENCE_C001001,MLCC_LOW_PREVALENCE_B001,MLCC_X7R,leakage_ua,SIM_X7R_100N_50V,healthy_settling,healthy_settling,False,True,False,,,0.0214945410267,0.0212898965577,False,False,False,0.25,synthetic,True
MLCC_LOW_PREVALENCE_C001028,MLCC_LOW_PREVALENCE_B001,MLCC_X7R,leakage_ua,SIM_X7R_100N_50V,healthy_settling,healthy_settling,False,True,False,,,0.0280208663219,0.0272006309078,False,False,False,0.25,synthetic,True
MLCC_LOW_PREVALENCE_C001037,MLCC_LOW_PREVALENCE_B001,MLCC_X7R,leakage_ua,SIM_X7R_100N_50V,healthy_settling,healthy_settling,False,True,False,,,0.0330273644237,0.0339431366618,False,False,False,0.25,synthetic,True
MLCC_LOW_PREVALENCE_C001039,MLCC_LOW_PREVALENCE_B001,MLCC_X7R,leakage_ua,SIM_X7R_100N_50V,healthy_settling,healthy_settling,False,True,False,,,0.032826404096,0.0323239445392,False,False,False,0.25,synthetic,True
MLCC_LOW_PREVALENCE_C001081,MLCC_LOW_PREVALENCE_B001,MLCC_X7R,leakage_ua,SIM_X7R_100N_50V,healthy_settling,healthy_settling,False,True,False,,,0.0221984601485,0.0223784895553,False,False,False,0.25,synthetic,True
MLCC_LOW_PREVALENCE_C001090,MLCC_LOW_PREVALENCE_B001,MLCC_X7R,leakage_ua,SIM_X7R_100N_50V,ordinary_noise,ordinary_noise,False,True,False,,,0.0231853877681,0.0262453661952,False,False,False,0.25,synthetic,True
MLCC_LOW_PREVALENCE_C001103,MLCC_LOW_PREVALENCE_B001,MLCC_X7R,leakage_ua,SIM_X7R_100N_50V,healthy_settling,healthy_settling,False,True,False,,,0.0240491234996,0.024980254701,False,False,False,0.25,synthetic,True
MLCC_LOW_PREVALENCE_C001153,MLCC_LOW_PREVALENCE_B001,MLCC_X7R,leakage_ua,SIM_X7R_100N_50V,healthy_settling,healthy_settling,False,True,False,,,0.0224477369881,0.0227381128758,False,False,False,0.25,synthetic,True
MLCC_LOW_PREVALENCE_C001175,MLCC_LOW_PREVALENCE_B001,MLCC_X7R,leakage_ua,SIM_X7R_100N_50V,ordinary_noise,ordinary_noise,False,True,False,,,0.0223426829668,0.021537373446,False,False,False,0.25,synthetic,True
MLCC_LOW_PREVALENCE_C001193,MLCC_LOW_PREVALENCE_B001,MLCC_X7R,leakage_ua,SIM_X7R_100N_50V,intermittent_leakage,intermittent_leakage,True,False,False,12,,0.0193922492525,0.0197457438764,False,False,False,0.25,synthetic,True
MLCC_LOW_PREVALENCE_C001211,MLCC_LOW_PREVALENCE_B001,MLCC_X7R,leakage_ua,SIM_X7R_100N_50V,healthy_settling,healthy_settling,False,True,False,,,0.0252643494599,0.0249486387361,False,False,False,0.25,synthetic,True
MLCC_LOW_PREVALENCE_C001252,MLCC_LOW_PREVALENCE_B001,MLCC_X7R,leakage_ua,SIM_X7R_100N_50V,healthy_settling,healthy_settling,False,True,False,,,0.0230292172123,0.0226915799141,False,False,False,0.25,synthetic,True
MLCC_LOW_PREVALENCE_C001257,MLCC_LOW_PREVALENCE_B001,MLCC_X7R,leakage_ua,SIM_X7R_100N_50V,healthy_settling,healthy_settling,False,True,False,,,0.0229469663987,0.0239119118501,False,False,False,0.25,synthetic,True
MLCC_LOW_PREVALENCE_C001294,MLCC_LOW_PREVALENCE_B001,MLCC_X7R,leakage_ua,SIM_X7R_100N_50V,healthy_settling,healthy_settling,False,True,False,,,0.0246553004299,0.0247910381496,False,False,False,0.25,synthetic,True
MLCC_LOW_PREVALENCE_C001297,MLCC_LOW_PREVALENCE_B001,MLCC_X7R,leakage_ua,SIM_X7R_100N_50V,healthy_settling,healthy_settling,False,True,False,,,0.0211278335344,0.0205952970109,False,False,False,0.25,synthetic,True
MLCC_LOW_PREVALENCE_C001300,MLCC_LOW_PREVALENCE_B001,MLCC_X7R,leakage_ua,SIM_X7R_100N_50V,healthy_settling,healthy_settling,False,True,False,,,0.03682853417,0.0363900947617,False,False,False,0.25,synthetic,True
MLCC_LOW_PREVALENCE_C001336,MLCC_LOW_PREVALENCE_B001,MLCC_X7R,leakage_ua,SIM_X7R_100N_50V,healthy_settling,healthy_settling,False,True,False,,,0.0195330339891,0.0197225900229,False,False,False,0.25,synthetic,True
MLCC_LOW_PREVALENCE_C001356,MLCC_LOW_PREVALENCE_B001,MLCC_X7R,leakage_ua,SIM_X7R_100N_50V,healthy_settling,healthy_settling,False,True,False,,,0.0276024545149,0.0277729589259,False,False,False,0.25,synthetic,True
MLCC_LOW_PREVALENCE_C001357,MLCC_LOW_PREVALENCE_B001,MLCC_X7R,leakage_ua,SIM_X7R_100N_50V,healthy_settling,healthy_settling,False,True,False,,,0.0265770061092,0.0249404862916,False,False,False,0.25,synthetic,True
MLCC_LOW_PREVALENCE_C001363,MLCC_LOW_PREVALENCE_B001,MLCC_X7R,leakage_ua,SIM_X7R_100N_50V,healthy_settling,healthy_settling,False,True,False,,,0.0229966993836,0.0246933969811,False,False,False,0.25,synthetic,True
MLCC_LOW_PREVALENCE_C001375,MLCC_LOW_PREVALENCE_B001,MLCC_X7R,leakage_ua,SIM_X7R_100N_50V,healthy_settling,healthy_settling,False,True,False,,,0.0195118798356,0.0199371365443,False,False,False,0.25,synthetic,True
MLCC_LOW_PREVALENCE_C001377,MLCC_LOW_PREVALENCE_B001,MLCC_X7R,leakage_ua,SIM_X7R_100N_50V,healthy_settling,healthy_settling,False,True,False,,,0.0182638278567,0.0180396391509,False,False,False,0.25,synthetic,True
MLCC_LOW_PREVALENCE_C001421,MLCC_LOW_PREVALENCE_B001,MLCC_X7R,leakage_ua,SIM_X7R_100N_50V,ordinary_noise,ordinary_noise,False,True,False,,,0.0379750149525,0.0446947684153,False,False,False,0.25,synthetic,True
MLCC_LOW_PREVALENCE_C001437,MLCC_LOW_PREVALENCE_B001,MLCC_X7R,leakage_ua,SIM_X7R_100N_50V,healthy_settling,healthy_settling,False,True,False,,,0.0302401155274,0.0297008746669,False,False,False,0.25,synthetic,True
MLCC_LOW_PREVALENCE_C001449,MLCC_LOW_PREVALENCE_B001,MLCC_X7R,leakage_ua,SIM_X7R_100N_50V,healthy_settling,healthy_settling,False,True,False,,,0.0286443706543,0.0297620103918,False,False,False,0.25,synthetic,True
MLCC_LOW_PREVALENCE_C001456,MLCC_LOW_PREVALENCE_B001,MLCC_X7R,leakage_ua,SIM_X7R_100N_50V,healthy_settling,healthy_settling,False,True,False,,,0.0342755484025,0.0337992952779,False,False,False,0.25,synthetic,True
MLCC_LOW_PREVALENCE_C001487,MLCC_LOW_PREVALENCE_B001,MLCC_X7R,leakage_ua,SIM_X7R_100N_50V,healthy_settling,healthy_settling,False,True,False,,,0.0202030304475,0.0222558588293,False,False,False,0.25,synthetic,True
MLCC_LOW_PREVALENCE_C001488,MLCC_LOW_PREVALENCE_B001,MLCC_X7R,leakage_ua,SIM_X7R_100N_50V,healthy_settling,healthy_settling,False,True,False,,,0.0228885524702,0.0224350508154,False,False,False,0.25,synthetic,True
MLCC_LOW_PREVALENCE_C001513,MLCC_LOW_PREVALENCE_B001,MLCC_X7R,leakage_ua,SIM_X7R_100N_50V,ordinary_noise,ordinary_noise,False,True,False,,,0.0304943374733,0.0301191353724,False,False,False,0.25,synthetic,True
MLCC_LOW_PREVALENCE_C001536,MLCC_LOW_PREVALENCE_B001,MLCC_X7R,leakage_ua,SIM_X7R_100N_50V,healthy_settling,healthy_settling,False,True,False,,,0.0382333030885,0.0370364427534,False,False,False,0.25,synthetic,True
MLCC_LOW_PREVALENCE_C001539,MLCC_LOW_PREVALENCE_B001,MLCC_X7R,leakage_ua,SIM_X7R_100N_50V,healthy_settling,healthy_settling,False,True,False,,,0.0395962814694,0.0401161383803,False,False,False,0.25,synthetic,True
MLCC_LOW_PREVALENCE_C001558,MLCC_LOW_PREVALENCE_B001,MLCC_X7R,leakage_ua,SIM_X7R_100N_50V,healthy_settling,healthy_settling,False,True,False,,,0.0172189517889,0.0175545252461,False,False,False,0.25,synthetic,True
MLCC_LOW_PREVALENCE_C001572,MLCC_LOW_PREVALENCE_B001,MLCC_X7R,leakage_ua,SIM_X7R_100N_50V,healthy_settling,healthy_settling,False,True,False,,,0.0641552300112,0.0650926485258,False,False,False,0.25,synthetic,True
MLCC_LOW_PREVALENCE_C001580,MLCC_LOW_PREVALENCE_B001,MLCC_X7R,leakage_ua,SIM_X7R_100N_50V,healthy_settling,healthy_settling,False,True,False,,,0.0272709492421,0.0266781688481,False,False,False,0.25,synthetic,True
MLCC_LOW_PREVALENCE_C001597,MLCC_LOW_PREVALENCE_B001,MLCC_X7R,leakage_ua,SIM_X7R_100N_50V,healthy_settling,healthy_settling,False,True,False,,,0.0218941150936,0.0218426641406,False,False,False,0.25,synthetic,True
MLCC_LOW_PREVALENCE_C001598,MLCC_LOW_PREVALENCE_B001,MLCC_X7R,leakage_ua,SIM_X7R_100N_50V,healthy_settling,healthy_settling,False,True,False,,,0.0387069110436,0.0385377850791,False,False,False,0.25,synthetic,True
MLCC_LOW_PREVALENCE_C001660,MLCC_LOW_PREVALENCE_B001,MLCC_X7R,leakage_ua,SIM_X7R_100N_50V,ordinary_noise,ordinary_noise,False,True,False,,,0.0220337790506,0.0220045417848,False,False,False,0.25,synthetic,True
MLCC_LOW_PREVALENCE_C001661,MLCC_LOW_PREVALENCE_B001,MLCC_X7R,leakage_ua,SIM_X7R_100N_50V,ordinary_noise,ordinary_noise,False,True,False,,,0.0240006934481,0.0231539597004,False,False,False,0.25,synthetic,True
MLCC_LOW_PREVALENCE_C001685,MLCC_LOW_PREVALENCE_B001,MLCC_X7R,leakage_ua,SIM_X7R_100N_50V,healthy_settling,healthy_settling,False,True,False,,,0.02218593354,0.0216538626836,False,False,False,0.25,synthetic,True
MLCC_LOW_PREVALENCE_C001704,MLCC_LOW_PREVALENCE_B001,MLCC_X7R,leakage_ua,SIM_X7R_100N_50V,healthy_settling,healthy_settling,False,True,False,,,0.0264252898338,0.025900866209,False,False,False,0.25,synthetic,True
MLCC_LOW_PREVALENCE_C001707,MLCC_LOW_PREVALENCE_B001,MLCC_X7R,leakage_ua,SIM_X7R_100N_50V,healthy_settling,healthy_settling,False,True,False,,,0.0344316803505,0.0324309160594,False,False,False,0.25,synthetic,True
MLCC_LOW_PREVALENCE_C001710,MLCC_LOW_PREVALENCE_B001,MLCC_X7R,leakage_ua,SIM_X7R_100N_50V,healthy_settling,healthy_settling,False,True,False,,,0.0399886603908,0.0381769141837,False,False,False,0.25,synthetic,True
MLCC_LOW_PREVALENCE_C001732,MLCC_LOW_PREVALENCE_B001,MLCC_X7R,leakage_ua,SIM_X7R_100N_50V,ordinary_noise,ordinary_noise,False,True,False,,,0.027721369421,0.0251700024408,False,False,False,0.25,synthetic,True
MLCC_LOW_PREVALENCE_C001745,MLCC_LOW_PREVALENCE_B001,MLCC_X7R,leakage_ua,SIM_X7R_100N_50V,healthy_settling,healthy_settling,False,True,False,,,0.0433334770536,0.0421253195277,False,False,False,0.25,synthetic,True
MLCC_LOW_PREVALENCE_C001773,MLCC_LOW_PREVALENCE_B001,MLCC_X7R,leakage_ua,SIM_X7R_100N_50V,healthy_settling,healthy_settling,False,True,False,,,0.0265180424559,0.0279653356842,False,False,False,0.25,synthetic,True
MLCC_LOW_PREVALENCE_C001789,MLCC_LOW_PREVALENCE_B001,MLCC_X7R,leakage_ua,SIM_X7R_100N_50V,healthy_settling,healthy_settling,False,True,False,,,0.0161588083591,0.0160908795146,False,False,False,0.25,synthetic,True
MLCC_LOW_PREVALENCE_C001796,MLCC_LOW_PREVALENCE_B001,MLCC_X7R,leakage_ua,SIM_X7R_100N_50V,healthy_settling,healthy_settling,False,True,False,,,0.0227455745535,0.0222255931399,False,False,False,0.25,synthetic,True
MLCC_LOW_PREVALENCE_C001807,MLCC_LOW_PREVALENCE_B001,MLCC_X7R,leakage_ua,SIM_X7R_100N_50V,ordinary_noise,ordinary_noise,False,True,False,,,0.0248693218369,0.0248035942272,False,False,False,0.25,synthetic,True
MLCC_LOW_PREVALENCE_C001830,MLCC_LOW_PREVALENCE_B001,MLCC_X7R,leakage_ua,SIM_X7R_100N_50V,ordinary_noise,ordinary_noise,False,True,False,,,0.0246830623675,0.0200424034578,False,False,False,0.25,synthetic,True
MLCC_LOW_PREVALENCE_C001837,MLCC_LOW_PREVALENCE_B001,MLCC_X7R,leakage_ua,SIM_X7R_100N_50V,healthy_settling,healthy_settling,False,True,False,,,0.0245386024578,0.0244013910423,False,False,False,0.25,synthetic,True
MLCC_LOW_PREVALENCE_C001849,MLCC_LOW_PREVALENCE_B001,MLCC_X7R,leakage_ua,SIM_X7R_100N_50V,ordinary_noise,ordinary_noise,False,True,False,,,0.0218747894795,0.0211328398487,False,False,False,0.25,synthetic,True
MLCC_LOW_PREVALENCE_C001859,MLCC_LOW_PREVALENCE_B001,MLCC_X7R,leakage_ua,SIM_X7R_100N_50V,ordinary_noise,ordinary_noise,False,True,False,,,0.0152907996638,0.0227624883043,False,False,False,0.25,synthetic,True
MLCC_LOW_PREVALENCE_C001862,MLCC_LOW_PREVALENCE_B001,MLCC_X7R,leakage_ua,SIM_X7R_100N_50V,healthy_settling,healthy_settling,False,True,False,,,0.0207793541311,0.0210564925956,False,False,False,0.25,synthetic,True
MLCC_LOW_PREVALENCE_C001888,MLCC_LOW_PREVALENCE_B001,MLCC_X7R,leakage_ua,SIM_X7R_100N_50V,ordinary_noise,ordinary_noise,False,True,False,,,0.0161987356107,0.0164323552176,False,False,False,0.25,synthetic,True
MLCC_LOW_PREVALENCE_C001899,MLCC_LOW_PREVALENCE_B001,MLCC_X7R,leakage_ua,SIM_X7R_100N_50V,ordinary_noise,ordinary_noise,False,True,False,,,0.0274949474228,0.0278810214588,False,False,False,0.25,synthetic,True
MLCC_LOW_PREVALENCE_C001912,MLCC_LOW_PREVALENCE_B001,MLCC_X7R,leakage_ua,SIM_X7R_100N_50V,ordinary_noise,ordinary_noise,False,True,False,,,0.0389078790799,0.0336449651612,False,False,False,0.25,synthetic,True
MLCC_LOW_PREVALENCE_C001915,MLCC_LOW_PREVALENCE_B001,MLCC_X7R,leakage_ua,SIM_X7R_100N_50V,ordinary_noise,ordinary_noise,False,True,False,,,0.0386177232692,0.0414081980295,False,False,False,0.25,synthetic,True
MLCC_LOW_PREVALENCE_C001975,MLCC_LOW_PREVALENCE_B001,MLCC_X7R,leakage_ua,SIM_X7R_100N_50V,healthy_settling,healthy_settling,False,True,False,,,0.0286391006858,0.0293468490917,False,False,False,0.25,synthetic,True
MLCC_LOW_PREVALENCE_C001979,MLCC_LOW_PREVALENCE_B001,MLCC_X7R,leakage_ua,SIM_X7R_100N_50V,ordinary_noise,ordinary_noise,False,True,False,,,0.0242538684311,0.0330998824257,False,False,False,0.25,synthetic,True
MLCC_LOW_PREVALENCE_C001981,MLCC_LOW_PREVALENCE_B001,MLCC_X7R,leakage_ua,SIM_X7R_100N_50V,healthy_settling,healthy_settling,False,True,False,,,0.02387542184,0.0238798434544,False,False,False,0.25,synthetic,True
MLCC_LOW_PREVALENCE_C001986,MLCC_LOW_PREVALENCE_B001,MLCC_X7R,leakage_ua,SIM_X7R_100N_50V,healthy_settling,healthy_settling,False,True,False,,,0.0392650406489,0.0392459930295,False,False,False,0.25,synthetic,True
MLCC_LOW_PREVALENCE_C001996,MLCC_LOW_PREVALENCE_B001,MLCC_X7R,leakage_ua,SIM_X7R_100N_50V,healthy_settling,healthy_settling,False,True,False,,,0.031390736554,0.0322331515057,False,False,False,0.25,synthetic,True
MLCC_LOW_PREVALENCE_C000020,MLCC_LOW_PREVALENCE_B002,MLCC_X7R,leakage_ua,SIM_X7R_4U7_16V,healthy_settling,healthy_settling,False,True,False,,,0.141559374017,0.141754905885,False,False,False,1.3,synthetic,True
MLCC_LOW_PREVALENCE_C000031,MLCC_LOW_PREVALENCE_B002,MLCC_X7R,leakage_ua,SIM_X7R_4U7_16V,healthy_settling,healthy_settling,False,True,False,,,0.110571182945,0.111030635666,False,False,False,1.3,synthetic,True
MLCC_LOW_PREVALENCE_C000047,MLCC_LOW_PREVALENCE_B002,MLCC_X7R,leakage_ua,SIM_X7R_4U7_16V,healthy_settling,healthy_settling,False,True,False,,,0.0917610424209,0.0950732149971,False,False,False,1.3,synthetic,True
MLCC_LOW_PREVALENCE_C000052,MLCC_LOW_PREVALENCE_B002,MLCC_X7R,leakage_ua,SIM_X7R_4U7_16V,healthy_settling,healthy_settling,False,True,False,,,0.20898580581,0.212300825986,False,False,False,1.3,synthetic,True
MLCC_LOW_PREVALENCE_C000082,MLCC_LOW_PREVALENCE_B002,MLCC_X7R,leakage_ua,SIM_X7R_4U7_16V,healthy_settling,healthy_settling,False,True,False,,,0.123550401551,0.125610686815,False,False,False,1.3,synthetic,True
MLCC_LOW_PREVALENCE_C000090,MLCC_LOW_PREVALENCE_B002,MLCC_X7R,leakage_ua,SIM_X7R_4U7_16V,healthy_settling,healthy_settling,False,True,False,,,0.170405954805,0.168739381343,False,False,False,1.3,synthetic,True
MLCC_LOW_PREVALENCE_C000105,MLCC_LOW_PREVALENCE_B002,MLCC_X7R,leakage_ua,SIM_X7R_4U7_16V,healthy_settling,healthy_settling,False,True,False,,,0.118898058997,0.111719284593,False,False,False,1.3,synthetic,True
MLCC_LOW_PREVALENCE_C000115,MLCC_LOW_PREVALENCE_B002,MLCC_X7R,leakage_ua,SIM_X7R_4U7_16V,healthy_settling,healthy_settling,False,True,False,,,0.0952009424865,0.0961535238772,False,False,False,1.3,synthetic,True
MLCC_LOW_PREVALENCE_C000118,MLCC_LOW_PREVALENCE_B002,MLCC_X7R,leakage_ua,SIM_X7R_4U7_16V,healthy_settling,healthy_settling,False,True,False,,,0.194284966297,0.191380489952,False,False,False,1.3,synthetic,True
MLCC_LOW_PREVALENCE_C000130,MLCC_LOW_PREVALENCE_B002,MLCC_X7R,leakage_ua,SIM_X7R_4U7_16V,ordinary_noise,ordinary_noise,False,True,False,,,0.142961131117,0.13733784148,False,False,False,1.3,synthetic,True
MLCC_LOW_PREVALENCE_C000156,MLCC_LOW_PREVALENCE_B002,MLCC_X7R,leakage_ua,SIM_X7R_4U7_16V,healthy_settling,healthy_settling,False,True,False,,,0.139443307439,0.132501154556,False,False,False,1.3,synthetic,True
MLCC_LOW_PREVALENCE_C000170,MLCC_LOW_PREVALENCE_B002,MLCC_X7R,leakage_ua,SIM_X7R_4U7_16V,healthy_settling,healthy_settling,False,True,False,,,0.142216048965,0.1465544672,False,False,False,1.3,synthetic,True
MLCC_LOW_PREVALENCE_C000201,MLCC_LOW_PREVALENCE_B002,MLCC_X7R,leakage_ua,SIM_X7R_4U7_16V,healthy_settling,healthy_settling,False,True,False,,,0.186812320302,0.187631624351,False,False,False,1.3,synthetic,True
MLCC_LOW_PREVALENCE_C000209,MLCC_LOW_PREVALENCE_B002,MLCC_X7R,leakage_ua,SIM_X7R_4U7_16V,healthy_settling,healthy_settling,False,True,False,,,0.170151924862,0.178783263539,False,False,False,1.3,synthetic,True
MLCC_LOW_PREVALENCE_C000221,MLCC_LOW_PREVALENCE_B002,MLCC_X7R,leakage_ua,SIM_X7R_4U7_16V,healthy_settling,healthy_settling,False,True,False,,,0.191286797714,0.199241149229,False,False,False,1.3,synthetic,True
MLCC_LOW_PREVALENCE_C000236,MLCC_LOW_PREVALENCE_B002,MLCC_X7R,leakage_ua,SIM_X7R_4U7_16V,ordinary_noise,ordinary_noise,False,True,False,,,0.168590373987,0.150797313643,False,False,False,1.3,synthetic,True
MLCC_LOW_PREVALENCE_C000242,MLCC_LOW_PREVALENCE_B002,MLCC_X7R,leakage_ua,SIM_X7R_4U7_16V,ordinary_noise,ordinary_noise,False,True,False,,,0.164071529131,0.197140668509,False,False,False,1.3,synthetic,True
MLCC_LOW_PREVALENCE_C000243,MLCC_LOW_PREVALENCE_B002,MLCC_X7R,leakage_ua,SIM_X7R_4U7_16V,healthy_settling,healthy_settling,False,True,False,,,0.10376309238,0.104291986548,False,False,False,1.3,synthetic,True
MLCC_LOW_PREVALENCE_C000295,MLCC_LOW_PREVALENCE_B002,MLCC_X7R,leakage_ua,SIM_X7R_4U7_16V,healthy_settling,healthy_settling,False,True,False,,,0.15072257555,0.144421929344,False,False,False,1.3,synthetic,True
MLCC_LOW_PREVALENCE_C000298,MLCC_LOW_PREVALENCE_B002,MLCC_X7R,leakage_ua,SIM_X7R_4U7_16V,healthy_settling,healthy_settling,False,True,False,,,0.122995877903,0.12598190183,False,False,False,1.3,synthetic,True
MLCC_LOW_PREVALENCE_C000300,MLCC_LOW_PREVALENCE_B002,MLCC_X7R,leakage_ua,SIM_X7R_4U7_16V,healthy_settling,healthy_settling,False,True,False,,,0.154415361728,0.152209264082,False,False,False,1.3,synthetic,True
MLCC_LOW_PREVALENCE_C000334,MLCC_LOW_PREVALENCE_B002,MLCC_X7R,leakage_ua,SIM_X7R_4U7_16V,ordinary_noise,ordinary_noise,False,True,False,,,0.200009478231,0.198817214076,False,False,False,1.3,synthetic,True
MLCC_LOW_PREVALENCE_C000338,MLCC_LOW_PREVALENCE_B002,MLCC_X7R,leakage_ua,SIM_X7R_4U7_16V,healthy_settling,healthy_settling,False,True,False,,,0.158484031053,0.160357565028,False,False,False,1.3,synthetic,True
MLCC_LOW_PREVALENCE_C000341,MLCC_LOW_PREVALENCE_B002,MLCC_X7R,leakage_ua,SIM_X7R_4U7_16V,healthy_settling,healthy_settling,False,True,False,,,0.105510331222,0.10280580805,False,False,False,1.3,synthetic,True
MLCC_LOW_PREVALENCE_C000356,MLCC_LOW_PREVALENCE_B002,MLCC_X7R,leakage_ua,SIM_X7R_4U7_16V,healthy_settling,healthy_settling,False,True,False,,,0.123563120653,0.124241476514,False,False,False,1.3,synthetic,True
MLCC_LOW_PREVALENCE_C000364,MLCC_LOW_PREVALENCE_B002,MLCC_X7R,leakage_ua,SIM_X7R_4U7_16V,ordinary_noise,ordinary_noise,False,True,False,,,0.0954733476702,0.0871196926598,False,False,False,1.3,synthetic,True
MLCC_LOW_PREVALENCE_C000375,MLCC_LOW_PREVALENCE_B002,MLCC_X7R,leakage_ua,SIM_X7R_4U7_16V,ordinary_noise,ordinary_noise,False,True,False,,,0.107309696002,0.10595236888,False,False,False,1.3,synthetic,True
MLCC_LOW_PREVALENCE_C000380,MLCC_LOW_PREVALENCE_B002,MLCC_X7R,leakage_ua,SIM_X7R_4U7_16V,healthy_settling,healthy_settling,False,True,False,,,0.124276426685,0.126646240017,False,False,False,1.3,synthetic,True
MLCC_LOW_PREVALENCE_C000387,MLCC_LOW_PREVALENCE_B002,MLCC_X7R,leakage_ua,SIM_X7R_4U7_16V,healthy_settling,healthy_settling,False,True,False,,,0.147249237358,0.141758304531,False,False,False,1.3,synthetic,True
MLCC_LOW_PREVALENCE_C000397,MLCC_LOW_PREVALENCE_B002,MLCC_X7R,leakage_ua,SIM_X7R_4U7_16V,healthy_settling,healthy_settling,False,True,False,,,0.1368294337,0.139805257212,False,False,False,1.3,synthetic,True
MLCC_LOW_PREVALENCE_C000423,MLCC_LOW_PREVALENCE_B002,MLCC_X7R,leakage_ua,SIM_X7R_4U7_16V,healthy_settling,healthy_settling,False,True,False,,,0.0978901955978,0.0970115432192,False,False,False,1.3,synthetic,True
MLCC_LOW_PREVALENCE_C000425,MLCC_LOW_PREVALENCE_B002,MLCC_X7R,leakage_ua,SIM_X7R_4U7_16V,healthy_settling,healthy_settling,False,True,False,,,0.07285919807,0.0701616583204,False,False,False,1.3,synthetic,True
MLCC_LOW_PREVALENCE_C000470,MLCC_LOW_PREVALENCE_B002,MLCC_X7R,leakage_ua,SIM_X7R_4U7_16V,healthy_settling,healthy_settling,False,True,False,,,0.110613437041,0.104390348051,False,False,False,1.3,synthetic,True
MLCC_LOW_PREVALENCE_C000480,MLCC_LOW_PREVALENCE_B002,MLCC_X7R,leakage_ua,SIM_X7R_4U7_16V,healthy_settling,healthy_settling,False,True,False,,,0.100373443358,0.100932767889,False,False,False,1.3,synthetic,True
MLCC_LOW_PREVALENCE_C000496,MLCC_LOW_PREVALENCE_B002,MLCC_X7R,leakage_ua,SIM_X7R_4U7_16V,ordinary_noise,ordinary_noise,False,True,False,,,0.0634135327442,0.0826771358365,False,False,False,1.3,synthetic,True
MLCC_LOW_PREVALENCE_C000510,MLCC_LOW_PREVALENCE_B002,MLCC_X7R,leakage_ua,SIM_X7R_4U7_16V,healthy_settling,healthy_settling,False,True,False,,,0.108919951553,0.106396093057,False,False,False,1.3,synthetic,True
MLCC_LOW_PREVALENCE_C000531,MLCC_LOW_PREVALENCE_B002,MLCC_X7R,leakage_ua,SIM_X7R_4U7_16V,healthy_settling,healthy_settling,False,True,False,,,0.129437456684,0.133770717331,False,False,False,1.3,synthetic,True
MLCC_LOW_PREVALENCE_C000539,MLCC_LOW_PREVALENCE_B002,MLCC_X7R,leakage_ua,SIM_X7R_4U7_16V,healthy_settling,healthy_settling,False,True,False,,,0.192286831833,0.190658713517,False,False,False,1.3,synthetic,True
MLCC_LOW_PREVALENCE_C000585,MLCC_LOW_PREVALENCE_B002,MLCC_X7R,leakage_ua,SIM_X7R_4U7_16V,healthy_settling,healthy_settling,False,True,False,,,0.115230083616,0.112661158035,False,False,False,1.3,synthetic,True
MLCC_LOW_PREVALENCE_C000591,MLCC_LOW_PREVALENCE_B002,MLCC_X7R,leakage_ua,SIM_X7R_4U7_16V,healthy_settling,healthy_settling,False,True,False,,,0.099609673598,0.100265258343,False,False,False,1.3,synthetic,True
MLCC_LOW_PREVALENCE_C000679,MLCC_LOW_PREVALENCE_B002,MLCC_X7R,leakage_ua,SIM_X7R_4U7_16V,ordinary_noise,ordinary_noise,False,True,False,,,0.107057234397,0.121312891459,False,False,False,1.3,synthetic,True
MLCC_LOW_PREVALENCE_C000686,MLCC_LOW_PREVALENCE_B002,MLCC_X7R,leakage_ua,SIM_X7R_4U7_16V,ordinary_noise,ordinary_noise,False,True,False,,,0.138133755368,0.186841260069,False,False,False,1.3,synthetic,True
MLCC_LOW_PREVALENCE_C000708,MLCC_LOW_PREVALENCE_B002,MLCC_X7R,leakage_ua,SIM_X7R_4U7_16V,healthy_settling,healthy_settling,False,True,False,,,0.114118574455,0.116575254942,False,False,False,1.3,synthetic,True
MLCC_LOW_PREVALENCE_C000709,MLCC_LOW_PREVALENCE_B002,MLCC_X7R,leakage_ua,SIM_X7R_4U7_16V,healthy_settling,healthy_settling,False,True,False,,,0.0954836476191,0.0993484574215,False,False,False,1.3,synthetic,True
MLCC_LOW_PREVALENCE_C000725,MLCC_LOW_PREVALENCE_B002,MLCC_X7R,leakage_ua,SIM_X7R_4U7_16V,healthy_settling,healthy_settling,False,True,False,,,0.152420340032,0.156359697455,False,False,False,1.3,synthetic,True
MLCC_LOW_PREVALENCE_C000768,MLCC_LOW_PREVALENCE_B002,MLCC_X7R,leakage_ua,SIM_X7R_4U7_16V,ordinary_noise,ordinary_noise,False,True,False,,,0.132124472041,0.136739870078,False,False,False,1.3,synthetic,True
MLCC_LOW_PREVALENCE_C000772,MLCC_LOW_PREVALENCE_B002,MLCC_X7R,leakage_ua,SIM_X7R_4U7_16V,ordinary_noise,ordinary_noise,False,True,False,,,0.174238719535,0.161143342529,False,False,False,1.3,synthetic,True
MLCC_LOW_PREVALENCE_C000835,MLCC_LOW_PREVALENCE_B002,MLCC_X7R,leakage_ua,SIM_X7R_4U7_16V,ordinary_noise,ordinary_noise,False,True,False,,,0.142942735191,0.133510438722,False,False,False,1.3,synthetic,True
MLCC_LOW_PREVALENCE_C000837,MLCC_LOW_PREVALENCE_B002,MLCC_X7R,leakage_ua,SIM_X7R_4U7_16V,ordinary_noise,ordinary_noise,False,True,False,,,0.194511427301,0.196093450811,False,False,False,1.3,synthetic,True
MLCC_LOW_PREVALENCE_C000855,MLCC_LOW_PREVALENCE_B002,MLCC_X7R,leakage_ua,SIM_X7R_4U7_16V,ordinary_noise,ordinary_noise,False,True,False,,,0.129155821873,0.102299796374,False,False,False,1.3,synthetic,True
MLCC_LOW_PREVALENCE_C000859,MLCC_LOW_PREVALENCE_B002,MLCC_X7R,leakage_ua,SIM_X7R_4U7_16V,ordinary_noise,ordinary_noise,False,True,False,,,0.167604659579,0.145709891888,False,False,False,1.3,synthetic,True
MLCC_LOW_PREVALENCE_C000860,MLCC_LOW_PREVALENCE_B002,MLCC_X7R,leakage_ua,SIM_X7R_4U7_16V,ordinary_noise,ordinary_noise,False,True,False,,,0.178617643839,0.205717170064,False,False,False,1.3,synthetic,True
MLCC_LOW_PREVALENCE_C000903,MLCC_LOW_PREVALENCE_B002,MLCC_X7R,leakage_ua,SIM_X7R_4U7_16V,healthy_settling,healthy_settling,False,True,False,,,0.117002730075,0.113597289932,False,False,False,1.3,synthetic,True
MLCC_LOW_PREVALENCE_C000925,MLCC_LOW_PREVALENCE_B002,MLCC_X7R,leakage_ua,SIM_X7R_4U7_16V,ordinary_noise,ordinary_noise,False,True,False,,,0.136022899707,0.127821178031,False,False,False,1.3,synthetic,True
MLCC_LOW_PREVALENCE_C000935,MLCC_LOW_PREVALENCE_B002,MLCC_X7R,leakage_ua,SIM_X7R_4U7_16V,healthy_settling,healthy_settling,False,True,False,,,0.208749349504,0.201161938604,False,False,False,1.3,synthetic,True
MLCC_LOW_PREVALENCE_C000943,MLCC_LOW_PREVALENCE_B002,MLCC_X7R,leakage_ua,SIM_X7R_4U7_16V,healthy_settling,healthy_settling,False,True,False,,,0.17853014996,0.177455034707,False,False,False,1.3,synthetic,True
MLCC_LOW_PREVALENCE_C000945,MLCC_LOW_PREVALENCE_B002,MLCC_X7R,leakage_ua,SIM_X7R_4U7_16V,ordinary_noise,ordinary_noise,False,True,False,,,0.137131136465,0.127594785514,False,False,False,1.3,synthetic,True
MLCC_LOW_PREVALENCE_C000961,MLCC_LOW_PREVALENCE_B002,MLCC_X7R,leakage_ua,SIM_X7R_4U7_16V,healthy_settling,healthy_settling,False,True,False,,,0.120688166826,0.121959040003,False,False,False,1.3,synthetic,True
MLCC_LOW_PREVALENCE_C000962,MLCC_LOW_PREVALENCE_B002,MLCC_X7R,leakage_ua,SIM_X7R_4U7_16V,healthy_settling,healthy_settling,False,True,False,,,0.134709679429,0.133432057337,False,False,False,1.3,synthetic,True
MLCC_LOW_PREVALENCE_C000964,MLCC_LOW_PREVALENCE_B002,MLCC_X7R,leakage_ua,SIM_X7R_4U7_16V,healthy_settling,healthy_settling,False,True,False,,,0.103477517544,0.103360422935,False,False,False,1.3,synthetic,True
MLCC_LOW_PREVALENCE_C000972,MLCC_LOW_PREVALENCE_B002,MLCC_X7R,leakage_ua,SIM_X7R_4U7_16V,healthy_settling,healthy_settling,False,True,False,,,0.170627239541,0.175730448468,False,False,False,1.3,synthetic,True
MLCC_LOW_PREVALENCE_C000977,MLCC_LOW_PREVALENCE_B002,MLCC_X7R,leakage_ua,SIM_X7R_4U7_16V,healthy_settling,healthy_settling,False,True,False,,,0.203497002718,0.210596974866,False,False,False,1.3,synthetic,True
MLCC_LOW_PREVALENCE_C001010,MLCC_LOW_PREVALENCE_B002,MLCC_X7R,leakage_ua,SIM_X7R_4U7_16V,healthy_settling,healthy_settling,False,True,False,,,0.129288175915,0.127118504296,False,False,False,1.3,synthetic,True
MLCC_LOW_PREVALENCE_C001012,MLCC_LOW_PREVALENCE_B002,MLCC_X7R,leakage_ua,SIM_X7R_4U7_16V,ordinary_noise,ordinary_noise,False,True,False,,,0.127004365629,0.108194333216,False,False,False,1.3,synthetic,True
MLCC_LOW_PREVALENCE_C001047,MLCC_LOW_PREVALENCE_B002,MLCC_X7R,leakage_ua,SIM_X7R_4U7_16V,healthy_settling,healthy_settling,False,True,False,,,0.134574445691,0.133282043129,False,False,False,1.3,synthetic,True
MLCC_LOW_PREVALENCE_C001061,MLCC_LOW_PREVALENCE_B002,MLCC_X7R,leakage_ua,SIM_X7R_4U7_16V,healthy_settling,healthy_settling,False,True,False,,,0.184750474003,0.183963279119,False,False,False,1.3,synthetic,True
MLCC_LOW_PREVALENCE_C001073,MLCC_LOW_PREVALENCE_B002,MLCC_X7R,leakage_ua,SIM_X7R_4U7_16V,healthy_settling,healthy_settling,False,True,False,,,0.115719226704,0.117648230134,False,False,False,1.3,synthetic,True
MLCC_LOW_PREVALENCE_C001128,MLCC_LOW_PREVALENCE_B002,MLCC_X7R,leakage_ua,SIM_X7R_4U7_16V,healthy_settling,healthy_settling,False,True,False,,,0.0930469538958,0.0936081624695,False,False,False,1.3,synthetic,True
MLCC_LOW_PREVALENCE_C001129,MLCC_LOW_PREVALENCE_B002,MLCC_X7R,leakage_ua,SIM_X7R_4U7_16V,healthy_settling,healthy_settling,False,True,False,,,0.153216198451,0.15024590119,False,False,False,1.3,synthetic,True
MLCC_LOW_PREVALENCE_C001183,MLCC_LOW_PREVALENCE_B002,MLCC_X7R,leakage_ua,SIM_X7R_4U7_16V,healthy_settling,healthy_settling,False,True,False,,,0.0972418418646,0.0939006979306,False,False,False,1.3,synthetic,True
MLCC_LOW_PREVALENCE_C001187,MLCC_LOW_PREVALENCE_B002,MLCC_X7R,leakage_ua,SIM_X7R_4U7_16V,ordinary_noise,ordinary_noise,False,True,False,,,0.188247697576,0.239507088777,False,False,False,1.3,synthetic,True
MLCC_LOW_PREVALENCE_C001188,MLCC_LOW_PREVALENCE_B002,MLCC_X7R,leakage_ua,SIM_X7R_4U7_16V,healthy_settling,healthy_settling,False,True,False,,,0.149033228049,0.156056063678,False,False,False,1.3,synthetic,True
MLCC_LOW_PREVALENCE_C001283,MLCC_LOW_PREVALENCE_B002,MLCC_X7R,leakage_ua,SIM_X7R_4U7_16V,healthy_settling,healthy_settling,False,True,False,,,0.240821750655,0.240602813109,False,False,False,1.3,synthetic,True
MLCC_LOW_PREVALENCE_C001295,MLCC_LOW_PREVALENCE_B002,MLCC_X7R,leakage_ua,SIM_X7R_4U7_16V,ordinary_noise,ordinary_noise,False,True,False,,,0.186674853966,0.194119007592,False,False,False,1.3,synthetic,True
MLCC_LOW_PREVALENCE_C001323,MLCC_LOW_PREVALENCE_B002,MLCC_X7R,leakage_ua,SIM_X7R_4U7_16V,ordinary_noise,ordinary_noise,False,True,False,,,0.14292772561,0.135776262767,False,False,False,1.3,synthetic,True
MLCC_LOW_PREVALENCE_C001368,MLCC_LOW_PREVALENCE_B002,MLCC_X7R,leakage_ua,SIM_X7R_4U7_16V,healthy_settling,healthy_settling,False,True,False,,,0.126610218466,0.121352625484,False,False,False,1.3,synthetic,True
MLCC_LOW_PREVALENCE_C001411,MLCC_LOW_PREVALENCE_B002,MLCC_X7R,leakage_ua,SIM_X7R_4U7_16V,ordinary_noise,ordinary_noise,False,True,False,,,0.259503788626,0.248411821517,False,False,False,1.3,synthetic,True
MLCC_LOW_PREVALENCE_C001423,MLCC_LOW_PREVALENCE_B002,MLCC_X7R,leakage_ua,SIM_X7R_4U7_16V,healthy_settling,healthy_settling,False,True,False,,,0.146191203808,0.150948412419,False,False,False,1.3,synthetic,True
MLCC_LOW_PREVALENCE_C001442,MLCC_LOW_PREVALENCE_B002,MLCC_X7R,leakage_ua,SIM_X7R_4U7_16V,healthy_settling,healthy_settling,False,True,False,,,0.130276768402,0.133101275551,False,False,False,1.3,synthetic,True
MLCC_LOW_PREVALENCE_C001505,MLCC_LOW_PREVALENCE_B002,MLCC_X7R,leakage_ua,SIM_X7R_4U7_16V,healthy_settling,healthy_settling,False,True,False,,,0.0740702854651,0.0733040330234,False,False,False,1.3,synthetic,True
MLCC_LOW_PREVALENCE_C001549,MLCC_LOW_PREVALENCE_B002,MLCC_X7R,leakage_ua,SIM_X7R_4U7_16V,healthy_settling,healthy_settling,False,True,False,,,0.131067804779,0.12930760634,False,False,False,1.3,synthetic,True
MLCC_LOW_PREVALENCE_C001552,MLCC_LOW_PREVALENCE_B002,MLCC_X7R,leakage_ua,SIM_X7R_4U7_16V,healthy_settling,healthy_settling,False,True,False,,,0.131767875183,0.13108014282,False,False,False,1.3,synthetic,True
MLCC_LOW_PREVALENCE_C001618,MLCC_LOW_PREVALENCE_B002,MLCC_X7R,leakage_ua,SIM_X7R_4U7_16V,healthy_settling,healthy_settling,False,True,False,,,0.118327913,0.120024752135,False,False,False,1.3,synthetic,True
MLCC_LOW_PREVALENCE_C001638,MLCC_LOW_PREVALENCE_B002,MLCC_X7R,leakage_ua,SIM_X7R_4U7_16V,ordinary_noise,ordinary_noise,False,True,False,,,0.149906216858,0.162164794632,False,False,False,1.3,synthetic,True
MLCC_LOW_PREVALENCE_C001643,MLCC_LOW_PREVALENCE_B002,MLCC_X7R,leakage_ua,SIM_X7R_4U7_16V,healthy_settling,healthy_settling,False,True,False,,,0.3384463313,0.336054034911,False,False,False,1.3,synthetic,True
MLCC_LOW_PREVALENCE_C001652,MLCC_LOW_PREVALENCE_B002,MLCC_X7R,leakage_ua,SIM_X7R_4U7_16V,healthy_settling,healthy_settling,False,True,False,,,0.231705518406,0.23630290406,False,False,False,1.3,synthetic,True
MLCC_LOW_PREVALENCE_C001665,MLCC_LOW_PREVALENCE_B002,MLCC_X7R,leakage_ua,SIM_X7R_4U7_16V,ordinary_noise,ordinary_noise,False,True,False,,,0.177045422238,0.174510877486,False,False,False,1.3,synthetic,True
MLCC_LOW_PREVALENCE_C001683,MLCC_LOW_PREVALENCE_B002,MLCC_X7R,leakage_ua,SIM_X7R_4U7_16V,healthy_settling,healthy_settling,False,True,False,,,0.0949468876555,0.0990018848014,False,False,False,1.3,synthetic,True
MLCC_LOW_PREVALENCE_C001762,MLCC_LOW_PREVALENCE_B002,MLCC_X7R,leakage_ua,SIM_X7R_4U7_16V,healthy_settling,healthy_settling,False,True,False,,,0.112410621056,0.11067682544,False,False,False,1.3,synthetic,True
MLCC_LOW_PREVALENCE_C001780,MLCC_LOW_PREVALENCE_B002,MLCC_X7R,leakage_ua,SIM_X7R_4U7_16V,healthy_settling,healthy_settling,False,True,False,,,0.151745625163,0.144832251112,False,False,False,1.3,synthetic,True
MLCC_LOW_PREVALENCE_C001782,MLCC_LOW_PREVALENCE_B002,MLCC_X7R,leakage_ua,SIM_X7R_4U7_16V,healthy_settling,healthy_settling,False,True,False,,,0.154061150884,0.157318844232,False,False,False,1.3,synthetic,True
MLCC_LOW_PREVALENCE_C001819,MLCC_LOW_PREVALENCE_B002,MLCC_X7R,leakage_ua,SIM_X7R_4U7_16V,healthy_settling,healthy_settling,False,True,False,,,0.146981656028,0.146210012425,False,False,False,1.3,synthetic,True
MLCC_LOW_PREVALENCE_C001820,MLCC_LOW_PREVALENCE_B002,MLCC_X7R,leakage_ua,SIM_X7R_4U7_16V,ordinary_noise,ordinary_noise,False,True,False,,,0.220296519476,0.218283936989,False,False,False,1.3,synthetic,True
MLCC_LOW_PREVALENCE_C001823,MLCC_LOW_PREVALENCE_B002,MLCC_X7R,leakage_ua,SIM_X7R_4U7_16V,healthy_settling,healthy_settling,False,True,False,,,0.164413291143,0.16590842533,False,False,False,1.3,synthetic,True
MLCC_LOW_PREVALENCE_C001869,MLCC_LOW_PREVALENCE_B002,MLCC_X7R,leakage_ua,SIM_X7R_4U7_16V,healthy_settling,healthy_settling,False,True,False,,,0.187969303593,0.191649070446,False,False,False,1.3,synthetic,True
MLCC_LOW_PREVALENCE_C001876,MLCC_LOW_PREVALENCE_B002,MLCC_X7R,leakage_ua,SIM_X7R_4U7_16V,ordinary_noise,ordinary_noise,False,True,False,,,0.177035386818,0.16785144706,False,False,False,1.3,synthetic,True
MLCC_LOW_PREVALENCE_C001920,MLCC_LOW_PREVALENCE_B002,MLCC_X7R,leakage_ua,SIM_X7R_4U7_16V,healthy_settling,healthy_settling,False,True,False,,,0.150198311763,0.152120973761,False,False,False,1.3,synthetic,True
MLCC_LOW_PREVALENCE_C001958,MLCC_LOW_PREVALENCE_B002,MLCC_X7R,leakage_ua,SIM_X7R_4U7_16V,ordinary_noise,ordinary_noise,False,True,False,,,0.172552587609,0.184680437724,False,False,False,1.3,synthetic,True
MLCC_LOW_PREVALENCE_C001974,MLCC_LOW_PREVALENCE_B002,MLCC_X7R,leakage_ua,SIM_X7R_4U7_16V,healthy_settling,healthy_settling,False,True,False,,,0.100355028715,0.101665599728,False,False,False,1.3,synthetic,True
MLCC_LOW_PREVALENCE_C001978,MLCC_LOW_PREVALENCE_B002,MLCC_X7R,leakage_ua,SIM_X7R_4U7_16V,ordinary_noise,ordinary_noise,False,True,False,,,0.178492357845,0.197996136889,False,False,False,1.3,synthetic,True
MLCC_LOW_PREVALENCE_C000065,MLCC_LOW_PREVALENCE_B003,MLCC_X7R,leakage_ua,SIM_X7R_10N_50V,healthy_settling,healthy_settling,False,True,False,,,0.0131501440752,0.0136308789963,False,False,False,0.12,synthetic,True
MLCC_LOW_PREVALENCE_C000071,MLCC_LOW_PREVALENCE_B003,MLCC_X7R,leakage_ua,SIM_X7R_10N_50V,healthy_settling,healthy_settling,False,True,False,,,0.0291458767941,0.0290517363841,False,False,False,0.12,synthetic,True
MLCC_LOW_PREVALENCE_C000077,MLCC_LOW_PREVALENCE_B003,MLCC_X7R,leakage_ua,SIM_X7R_10N_50V,ordinary_noise,ordinary_noise,False,True,False,,,0.0110037393219,0.00875422516575,False,False,False,0.12,synthetic,True
MLCC_LOW_PREVALENCE_C000091,MLCC_LOW_PREVALENCE_B003,MLCC_X7R,leakage_ua,SIM_X7R_10N_50V,ordinary_noise,ordinary_noise,False,True,False,,,0.0157969518559,0.0163100805113,False,False,False,0.12,synthetic,True
MLCC_LOW_PREVALENCE_C000131,MLCC_LOW_PREVALENCE_B003,MLCC_X7R,leakage_ua,SIM_X7R_10N_50V,healthy_settling,healthy_settling,False,True,False,,,0.0104387202693,0.0104746506599,False,False,False,0.12,synthetic,True
MLCC_LOW_PREVALENCE_C000133,MLCC_LOW_PREVALENCE_B003,MLCC_X7R,leakage_ua,SIM_X7R_10N_50V,healthy_settling,healthy_settling,False,True,False,,,0.0101635116213,0.0102716021252,False,False,False,0.12,synthetic,True
MLCC_LOW_PREVALENCE_C000158,MLCC_LOW_PREVALENCE_B003,MLCC_X7R,leakage_ua,SIM_X7R_10N_50V,healthy_settling,healthy_settling,False,True,False,,,0.00806783260273,0.00764713506262,False,False,False,0.12,synthetic,True
MLCC_LOW_PREVALENCE_C000205,MLCC_LOW_PREVALENCE_B003,MLCC_X7R,leakage_ua,SIM_X7R_10N_50V,ordinary_noise,ordinary_noise,False,True,False,,,0.0130929741236,0.0139066452525,False,False,False,0.12,synthetic,True
MLCC_LOW_PREVALENCE_C000207,MLCC_LOW_PREVALENCE_B003,MLCC_X7R,leakage_ua,SIM_X7R_10N_50V,ordinary_noise,ordinary_noise,False,True,False,,,0.0164722969839,0.0138240013657,False,False,False,0.12,synthetic,True
MLCC_LOW_PREVALENCE_C000215,MLCC_LOW_PREVALENCE_B003,MLCC_X7R,leakage_ua,SIM_X7R_10N_50V,ordinary_noise,ordinary_noise,False,True,False,,,0.00830293197316,0.00815672490197,False,False,False,0.12,synthetic,True
MLCC_LOW_PREVALENCE_C000220,MLCC_LOW_PREVALENCE_B003,MLCC_X7R,leakage_ua,SIM_X7R_10N_50V,healthy_settling,healthy_settling,False,True,False,,,0.0115132116036,0.0123426561414,False,False,False,0.12,synthetic,True
MLCC_LOW_PREVALENCE_C000227,MLCC_LOW_PREVALENCE_B003,MLCC_X7R,leakage_ua,SIM_X7R_10N_50V,healthy_settling,healthy_settling,False,True,False,,,0.00898780040964,0.00890306618289,False,False,False,0.12,synthetic,True
MLCC_LOW_PREVALENCE_C000230,MLCC_LOW_PREVALENCE_B003,MLCC_X7R,leakage_ua,SIM_X7R_10N_50V,healthy_settling,healthy_settling,False,True,False,,,0.0112535809484,0.0116824007223,False,False,False,0.12,synthetic,True
MLCC_LOW_PREVALENCE_C000250,MLCC_LOW_PREVALENCE_B003,MLCC_X7R,leakage_ua,SIM_X7R_10N_50V,healthy_settling,healthy_settling,False,True,False,,,0.0105290261396,0.0107555464295,False,False,False,0.12,synthetic,True
MLCC_LOW_PREVALENCE_C000301,MLCC_LOW_PREVALENCE_B003,MLCC_X7R,leakage_ua,SIM_X7R_10N_50V,healthy_settling,healthy_settling,False,True,False,,,0.0122161537306,0.0121340375592,False,False,False,0.12,synthetic,True
MLCC_LOW_PREVALENCE_C000307,MLCC_LOW_PREVALENCE_B003,MLCC_X7R,leakage_ua,SIM_X7R_10N_50V,healthy_settling,healthy_settling,False,True,False,,,0.00779522040624,0.00805335980256,False,False,False,0.12,synthetic,True
MLCC_LOW_PREVALENCE_C000317,MLCC_LOW_PREVALENCE_B003,MLCC_X7R,leakage_ua,SIM_X7R_10N_50V,healthy_settling,healthy_settling,False,True,False,,,0.0122306865017,0.0120880838526,False,False,False,0.12,synthetic,True
MLCC_LOW_PREVALENCE_C000322,MLCC_LOW_PREVALENCE_B003,MLCC_X7R,leakage_ua,SIM_X7R_10N_50V,healthy_settling,healthy_settling,False,True,False,,,0.011244431981,0.010492132437,False,False,False,0.12,synthetic,True
MLCC_LOW_PREVALENCE_C000329,MLCC_LOW_PREVALENCE_B003,MLCC_X7R,leakage_ua,SIM_X7R_10N_50V,healthy_settling,healthy_settling,False,True,False,,,0.0146075822525,0.0141356773179,False,False,False,0.12,synthetic,True
MLCC_LOW_PREVALENCE_C000331,MLCC_LOW_PREVALENCE_B003,MLCC_X7R,leakage_ua,SIM_X7R_10N_50V,healthy_settling,healthy_settling,False,True,False,,,0.0115805335361,0.0121140711841,False,False,False,0.12,synthetic,True
MLCC_LOW_PREVALENCE_C000333,MLCC_LOW_PREVALENCE_B003,MLCC_X7R,leakage_ua,SIM_X7R_10N_50V,healthy_settling,healthy_settling,False,True,False,,,0.0100967726941,0.01012362329,False,False,False,0.12,synthetic,True
MLCC_LOW_PREVALENCE_C000337,MLCC_LOW_PREVALENCE_B003,MLCC_X7R,leakage_ua,SIM_X7R_10N_50V,healthy_settling,healthy_settling,False,True,False,,,0.0159863565656,0.0156476042338,False,False,False,0.12,synthetic,True
MLCC_LOW_PREVALENCE_C000342,MLCC_LOW_PREVALENCE_B003,MLCC_X7R,leakage_ua,SIM_X7R_10N_50V,healthy_settling,healthy_settling,False,True,False,,,0.00891845012669,0.00896494500997,False,False,False,0.12,synthetic,True
MLCC_LOW_PREVALENCE_C000359,MLCC_LOW_PREVALENCE_B003,MLCC_X7R,leakage_ua,SIM_X7R_10N_50V,healthy_settling,healthy_settling,False,True,False,,,0.0105431356927,0.00990262913619,False,False,False,0.12,synthetic,True
MLCC_LOW_PREVALENCE_C000376,MLCC_LOW_PREVALENCE_B003,MLCC_X7R,leakage_ua,SIM_X7R_10N_50V,healthy_settling,healthy_settling,False,True,False,,,0.0123482677169,0.0122512332514,False,False,False,0.12,synthetic,True
MLCC_LOW_PREVALENCE_C000390,MLCC_LOW_PREVALENCE_B003,MLCC_X7R,leakage_ua,SIM_X7R_10N_50V,healthy_settling,healthy_settling,False,True,False,,,0.0110773468278,0.0122518750744,False,False,False,0.12,synthetic,True
MLCC_LOW_PREVALENCE_C000398,MLCC_LOW_PREVALENCE_B003,MLCC_X7R,leakage_ua,SIM_X7R_10N_50V,ordinary_noise,ordinary_noise,False,True,False,,,0.00790418496299,0.00740482511702,False,False,False,0.12,synthetic,True
MLCC_LOW_PREVALENCE_C000426,MLCC_LOW_PREVALENCE_B003,MLCC_X7R,leakage_ua,SIM_X7R_10N_50V,healthy_settling,healthy_settling,False,True,False,,,0.00550434751947,0.00545107058674,False,False,False,0.12,synthetic,True
MLCC_LOW_PREVALENCE_C000429,MLCC_LOW_PREVALENCE_B003,MLCC_X7R,leakage_ua,SIM_X7R_10N_50V,healthy_settling,healthy_settling,False,True,False,,,0.0125122727635,0.0127613694628,False,False,False,0.12,synthetic,True
MLCC_LOW_PREVALENCE_C000453,MLCC_LOW_PREVALENCE_B003,MLCC_X7R,leakage_ua,SIM_X7R_10N_50V,healthy_settling,healthy_settling,False,True,False,,,0.0126019803235,0.0126481296186,False,False,False,0.12,synthetic,True
MLCC_LOW_PREVALENCE_C000476,MLCC_LOW_PREVALENCE_B003,MLCC_X7R,leakage_ua,SIM_X7R_10N_50V,healthy_settling,healthy_settling,False,True,False,,,0.010115363914,0.010022026716,False,False,False,0.12,synthetic,True
MLCC_LOW_PREVALENCE_C000487,MLCC_LOW_PREVALENCE_B003,MLCC_X7R,leakage_ua,SIM_X7R_10N_50V,healthy_settling,healthy_settling,False,True,False,,,0.011998098033,0.0124223323137,False,False,False,0.12,synthetic,True
MLCC_LOW_PREVALENCE_C000520,MLCC_LOW_PREVALENCE_B003,MLCC_X7R,leakage_ua,SIM_X7R_10N_50V,healthy_settling,healthy_settling,False,True,False,,,0.0136425018883,0.0126730676008,False,False,False,0.12,synthetic,True
MLCC_LOW_PREVALENCE_C000543,MLCC_LOW_PREVALENCE_B003,MLCC_X7R,leakage_ua,SIM_X7R_10N_50V,healthy_settling,healthy_settling,False,True,False,,,0.0159723599746,0.0162178994653,False,False,False,0.12,synthetic,True
MLCC_LOW_PREVALENCE_C000574,MLCC_LOW_PREVALENCE_B003,MLCC_X7R,leakage_ua,SIM_X7R_10N_50V,healthy_settling,healthy_settling,False,True,False,,,0.00936065241227,0.00933067942179,False,False,False,0.12,synthetic,True
MLCC_LOW_PREVALENCE_C000584,MLCC_LOW_PREVALENCE_B003,MLCC_X7R,leakage_ua,SIM_X7R_10N_50V,healthy_settling,healthy_settling,False,True,False,,,0.0190082574549,0.0196045577743,False,False,False,0.12,synthetic,True
MLCC_LOW_PREVALENCE_C000614,MLCC_LOW_PREVALENCE_B003,MLCC_X7R,leakage_ua,SIM_X7R_10N_50V,healthy_settling,healthy_settling,False,True,False,,,0.0095701570788,0.00952198586984,False,False,False,0.12,synthetic,True
MLCC_LOW_PREVALENCE_C000630,MLCC_LOW_PREVALENCE_B003,MLCC_X7R,leakage_ua,SIM_X7R_10N_50V,healthy_settling,healthy_settling,False,True,False,,,0.0123859028515,0.0125577505852,False,False,False,0.12,synthetic,True
MLCC_LOW_PREVALENCE_C000645,MLCC_LOW_PREVALENCE_B003,MLCC_X7R,leakage_ua,SIM_X7R_10N_50V,healthy_settling,healthy_settling,False,True,False,,,0.0216703428407,0.0210076269362,False,False,False,0.12,synthetic,True
MLCC_LOW_PREVALENCE_C000731,MLCC_LOW_PREVALENCE_B003,MLCC_X7R,leakage_ua,SIM_X7R_10N_50V,healthy_settling,healthy_settling,False,True,False,,,0.0147569479302,0.0138957578818,False,False,False,0.12,synthetic,True
MLCC_LOW_PREVALENCE_C000748,MLCC_LOW_PREVALENCE_B003,MLCC_X7R,leakage_ua,SIM_X7R_10N_50V,healthy_settling,healthy_settling,False,True,False,,,0.00950056118572,0.00958413658652,False,False,False,0.12,synthetic,True
MLCC_LOW_PREVALENCE_C000846,MLCC_LOW_PREVALENCE_B003,MLCC_X7R,leakage_ua,SIM_X7R_10N_50V,healthy_settling,healthy_settling,False,True,False,,,0.0213569157573,0.020820677076,False,False,False,0.12,synthetic,True
MLCC_LOW_PREVALENCE_C000874,MLCC_LOW_PREVALENCE_B003,MLCC_X7R,leakage_ua,SIM_X7R_10N_50V,healthy_settling,healthy_settling,False,True,False,,,0.0112006254334,0.011010924026,False,False,False,0.12,synthetic,True
MLCC_LOW_PREVALENCE_C000887,MLCC_LOW_PREVALENCE_B003,MLCC_X7R,leakage_ua,SIM_X7R_10N_50V,healthy_settling,healthy_settling,False,True,False,,,0.00689630730778,0.00684266454685,False,False,False,0.12,synthetic,True
MLCC_LOW_PREVALENCE_C000914,MLCC_LOW_PREVALENCE_B003,MLCC_X7R,leakage_ua,SIM_X7R_10N_50V,ordinary_noise,ordinary_noise,False,True,False,,,0.00822496814807,0.00987000781538,False,False,False,0.12,synthetic,True
MLCC_LOW_PREVALENCE_C000930,MLCC_LOW_PREVALENCE_B003,MLCC_X7R,leakage_ua,SIM_X7R_10N_50V,ordinary_noise,ordinary_noise,False,True,False,,,0.00911098754359,0.00979283285496,False,False,False,0.12,synthetic,True
MLCC_LOW_PREVALENCE_C000966,MLCC_LOW_PREVALENCE_B003,MLCC_X7R,leakage_ua,SIM_X7R_10N_50V,healthy_settling,healthy_settling,False,True,False,,,0.0125549491425,0.0124627738589,False,False,False,0.12,synthetic,True
MLCC_LOW_PREVALENCE_C000984,MLCC_LOW_PREVALENCE_B003,MLCC_X7R,leakage_ua,SIM_X7R_10N_50V,healthy_settling,healthy_settling,False,True,False,,,0.0150850097006,0.0150531092972,False,False,False,0.12,synthetic,True
MLCC_LOW_PREVALENCE_C001021,MLCC_LOW_PREVALENCE_B003,MLCC_X7R,leakage_ua,SIM_X7R_10N_50V,healthy_settling,healthy_settling,False,True,False,,,0.011925226744,0.0119689493753,False,False,False,0.12,synthetic,True
MLCC_LOW_PREVALENCE_C001044,MLCC_LOW_PREVALENCE_B003,MLCC_X7R,leakage_ua,SIM_X7R_10N_50V,healthy_settling,healthy_settling,False,True,False,,,0.0108091804354,0.0111061908485,False,False,False,0.12,synthetic,True
MLCC_LOW_PREVALENCE_C001054,MLCC_LOW_PREVALENCE_B003,MLCC_X7R,leakage_ua,SIM_X7R_10N_50V,healthy_settling,healthy_settling,False,True,False,,,0.0128537421046,0.0127601980967,False,False,False,0.12,synthetic,True
MLCC_LOW_PREVALENCE_C001059,MLCC_LOW_PREVALENCE_B003,MLCC_X7R,leakage_ua,SIM_X7R_10N_50V,healthy_settling,healthy_settling,False,True,False,,,0.01499514396,0.0150263244834,False,False,False,0.12,synthetic,True
MLCC_LOW_PREVALENCE_C001115,MLCC_LOW_PREVALENCE_B003,MLCC_X7R,leakage_ua,SIM_X7R_10N_50V,ordinary_noise,ordinary_noise,False,True,False,,,0.018891395797,0.0170905276206,False,False,False,0.12,synthetic,True
MLCC_LOW_PREVALENCE_C001151,MLCC_LOW_PREVALENCE_B003,MLCC_X7R,leakage_ua,SIM_X7R_10N_50V,healthy_settling,healthy_settling,False,True,False,,,0.018540848328,0.0187858634928,False,False,False,0.12,synthetic,True
MLCC_LOW_PREVALENCE_C001157,MLCC_LOW_PREVALENCE_B003,MLCC_X7R,leakage_ua,SIM_X7R_10N_50V,healthy_settling,healthy_settling,False,True,False,,,0.0135782330199,0.0137422145314,False,False,False,0.12,synthetic,True
MLCC_LOW_PREVALENCE_C001185,MLCC_LOW_PREVALENCE_B003,MLCC_X7R,leakage_ua,SIM_X7R_10N_50V,healthy_settling,healthy_settling,False,True,False,,,0.0127705365189,0.0129531385075,False,False,False,0.12,synthetic,True
MLCC_LOW_PREVALENCE_C001217,MLCC_LOW_PREVALENCE_B003,MLCC_X7R,leakage_ua,SIM_X7R_10N_50V,healthy_settling,healthy_settling,False,True,False,,,0.0117520123202,0.0118622549586,False,False,False,0.12,synthetic,True
MLCC_LOW_PREVALENCE_C001280,MLCC_LOW_PREVALENCE_B003,MLCC_X7R,leakage_ua,SIM_X7R_10N_50V,healthy_settling,healthy_settling,False,True,False,,,0.0243856730135,0.0251415612201,False,False,False,0.12,synthetic,True
MLCC_LOW_PREVALENCE_C001303,MLCC_LOW_PREVALENCE_B003,MLCC_X7R,leakage_ua,SIM_X7R_10N_50V,healthy_settling,healthy_settling,False,True,False,,,0.0164022996186,0.0166178045667,False,False,False,0.12,synthetic,True
MLCC_LOW_PREVALENCE_C001358,MLCC_LOW_PREVALENCE_B003,MLCC_X7R,leakage_ua,SIM_X7R_10N_50V,healthy_settling,healthy_settling,False,True,False,,,0.0155322837536,0.0151939756629,False,False,False,0.12,synthetic,True
MLCC_LOW_PREVALENCE_C001359,MLCC_LOW_PREVALENCE_B003,MLCC_X7R,leakage_ua,SIM_X7R_10N_50V,healthy_settling,healthy_settling,False,True,False,,,0.0130994834597,0.0129516009586,False,False,False,0.12,synthetic,True
MLCC_LOW_PREVALENCE_C001369,MLCC_LOW_PREVALENCE_B003,MLCC_X7R,leakage_ua,SIM_X7R_10N_50V,ordinary_noise,ordinary_noise,False,True,False,,,0.0082953081717,0.00818862230313,False,False,False,0.12,synthetic,True
MLCC_LOW_PREVALENCE_C001390,MLCC_LOW_PREVALENCE_B003,MLCC_X7R,leakage_ua,SIM_X7R_10N_50V,healthy_settling,healthy_settling,False,True,False,,,0.0113076351567,0.0115010445375,False,False,False,0.12,synthetic,True
MLCC_LOW_PREVALENCE_C001399,MLCC_LOW_PREVALENCE_B003,MLCC_X7R,leakage_ua,SIM_X7R_10N_50V,healthy_settling,healthy_settling,False,True,False,,,0.0140166483342,0.0143876813069,False,False,False,0.12,synthetic,True
MLCC_LOW_PREVALENCE_C001481,MLCC_LOW_PREVALENCE_B003,MLCC_X7R,leakage_ua,SIM_X7R_10N_50V,healthy_settling,healthy_settling,False,True,False,,,0.0101987478562,0.0103205511293,False,False,False,0.12,synthetic,True
MLCC_LOW_PREVALENCE_C001517,MLCC_LOW_PREVALENCE_B003,MLCC_X7R,leakage_ua,SIM_X7R_10N_50V,ordinary_noise,ordinary_noise,False,True,False,,,0.0159823163395,0.015650761701,False,False,False,0.12,synthetic,True
MLCC_LOW_PREVALENCE_C001519,MLCC_LOW_PREVALENCE_B003,MLCC_X7R,leakage_ua,SIM_X7R_10N_50V,healthy_settling,healthy_settling,False,True,False,,,0.00969948297978,0.00986291211807,False,False,False,0.12,synthetic,True
MLCC_LOW_PREVALENCE_C001540,MLCC_LOW_PREVALENCE_B003,MLCC_X7R,leakage_ua,SIM_X7R_10N_50V,healthy_settling,healthy_settling,False,True,False,,,0.00930996277326,0.00964306986339,False,False,False,0.12,synthetic,True
MLCC_LOW_PREVALENCE_C001568,MLCC_LOW_PREVALENCE_B003,MLCC_X7R,leakage_ua,SIM_X7R_10N_50V,ordinary_noise,ordinary_noise,False,True,False,,,0.0124714479449,0.0147928312634,False,False,False,0.12,synthetic,True
MLCC_LOW_PREVALENCE_C001579,MLCC_LOW_PREVALENCE_B003,MLCC_X7R,leakage_ua,SIM_X7R_10N_50V,ordinary_noise,ordinary_noise,False,True,False,,,0.0136728812481,0.0138271351168,False,False,False,0.12,synthetic,True
MLCC_LOW_PREVALENCE_C001590,MLCC_LOW_PREVALENCE_B003,MLCC_X7R,leakage_ua,SIM_X7R_10N_50V,ordinary_noise,ordinary_noise,False,True,False,,,0.00960901065504,0.0101103592848,False,False,False,0.12,synthetic,True
MLCC_LOW_PREVALENCE_C001594,MLCC_LOW_PREVALENCE_B003,MLCC_X7R,leakage_ua,SIM_X7R_10N_50V,healthy_settling,healthy_settling,False,True,False,,,0.0208379086465,0.0210957296525,False,False,False,0.12,synthetic,True
MLCC_LOW_PREVALENCE_C001639,MLCC_LOW_PREVALENCE_B003,MLCC_X7R,leakage_ua,SIM_X7R_10N_50V,healthy_settling,healthy_settling,False,True,False,,,0.0191341545391,0.0200024007607,False,False,False,0.12,synthetic,True
MLCC_LOW_PREVALENCE_C001646,MLCC_LOW_PREVALENCE_B003,MLCC_X7R,leakage_ua,SIM_X7R_10N_50V,healthy_settling,healthy_settling,False,True,False,,,0.0101461156148,0.01032355126,False,False,False,0.12,synthetic,True
MLCC_LOW_PREVALENCE_C001654,MLCC_LOW_PREVALENCE_B003,MLCC_X7R,leakage_ua,SIM_X7R_10N_50V,healthy_settling,healthy_settling,False,True,False,,,0.00959144876608,0.00937636218456,False,False,False,0.12,synthetic,True
MLCC_LOW_PREVALENCE_C001672,MLCC_LOW_PREVALENCE_B003,MLCC_X7R,leakage_ua,SIM_X7R_10N_50V,healthy_settling,healthy_settling,False,True,False,,,0.00982142196007,0.0106908713836,False,False,False,0.12,synthetic,True
MLCC_LOW_PREVALENCE_C001688,MLCC_LOW_PREVALENCE_B003,MLCC_X7R,leakage_ua,SIM_X7R_10N_50V,healthy_settling,healthy_settling,False,True,False,,,0.018125865263,0.0183991331173,False,False,False,0.12,synthetic,True
MLCC_LOW_PREVALENCE_C001689,MLCC_LOW_PREVALENCE_B003,MLCC_X7R,leakage_ua,SIM_X7R_10N_50V,healthy_settling,healthy_settling,False,True,False,,,0.0175173958766,0.0173152336776,False,False,False,0.12,synthetic,True
MLCC_LOW_PREVALENCE_C001725,MLCC_LOW_PREVALENCE_B003,MLCC_X7R,leakage_ua,SIM_X7R_10N_50V,ordinary_noise,ordinary_noise,False,True,False,,,0.0142378854626,0.013891777634,False,False,False,0.12,synthetic,True
MLCC_LOW_PREVALENCE_C001737,MLCC_LOW_PREVALENCE_B003,MLCC_X7R,leakage_ua,SIM_X7R_10N_50V,ordinary_noise,ordinary_noise,False,True,False,,,0.0129955758462,0.0126992721572,False,False,False,0.12,synthetic,True
MLCC_LOW_PREVALENCE_C001769,MLCC_LOW_PREVALENCE_B003,MLCC_X7R,leakage_ua,SIM_X7R_10N_50V,healthy_settling,healthy_settling,False,True,False,,,0.0145110117542,0.0142884112484,False,False,False,0.12,synthetic,True
MLCC_LOW_PREVALENCE_C001786,MLCC_LOW_PREVALENCE_B003,MLCC_X7R,leakage_ua,SIM_X7R_10N_50V,healthy_settling,healthy_settling,False,True,False,,,0.00917375789437,0.00962432375243,False,False,False,0.12,synthetic,True
MLCC_LOW_PREVALENCE_C001804,MLCC_LOW_PREVALENCE_B003,MLCC_X7R,leakage_ua,SIM_X7R_10N_50V,healthy_settling,healthy_settling,False,True,False,,,0.00776806907161,0.00803565142203,False,False,False,0.12,synthetic,True
MLCC_LOW_PREVALENCE_C001809,MLCC_LOW_PREVALENCE_B003,MLCC_X7R,leakage_ua,SIM_X7R_10N_50V,ordinary_noise,ordinary_noise,False,True,False,,,0.0101530056806,0.012430931119,False,False,False,0.12,synthetic,True
MLCC_LOW_PREVALENCE_C001816,MLCC_LOW_PREVALENCE_B003,MLCC_X7R,leakage_ua,SIM_X7R_10N_50V,ordinary_noise,ordinary_noise,False,True,False,,,0.0101604766519,0.0115693337246,False,False,False,0.12,synthetic,True
MLCC_LOW_PREVALENCE_C001817,MLCC_LOW_PREVALENCE_B003,MLCC_X7R,leakage_ua,SIM_X7R_10N_50V,ordinary_noise,ordinary_noise,False,True,False,,,0.0135629318187,0.0132289859967,False,False,False,0.12,synthetic,True
MLCC_LOW_PREVALENCE_C001843,MLCC_LOW_PREVALENCE_B003,MLCC_X7R,leakage_ua,SIM_X7R_10N_50V,ordinary_noise,ordinary_noise,False,True,False,,,0.00810580860106,0.00907837427297,False,False,False,0.12,synthetic,True
MLCC_LOW_PREVALENCE_C001851,MLCC_LOW_PREVALENCE_B003,MLCC_X7R,leakage_ua,SIM_X7R_10N_50V,healthy_settling,healthy_settling,False,True,False,,,0.0135309816677,0.0135356421747,False,False,False,0.12,synthetic,True
MLCC_LOW_PREVALENCE_C001854,MLCC_LOW_PREVALENCE_B003,MLCC_X7R,leakage_ua,SIM_X7R_10N_50V,healthy_settling,healthy_settling,False,True,False,,,0.0207101762565,0.0205689575252,False,False,False,0.12,synthetic,True
MLCC_LOW_PREVALENCE_C001861,MLCC_LOW_PREVALENCE_B003,MLCC_X7R,leakage_ua,SIM_X7R_10N_50V,healthy_settling,healthy_settling,False,True,False,,,0.0158034805128,0.0160940628852,False,False,False,0.12,synthetic,True
MLCC_LOW_PREVALENCE_C001883,MLCC_LOW_PREVALENCE_B003,MLCC_X7R,leakage_ua,SIM_X7R_10N_50V,healthy_settling,healthy_settling,False,True,False,,,0.0107026129462,0.0101274027439,False,False,False,0.12,synthetic,True
MLCC_LOW_PREVALENCE_C001893,MLCC_LOW_PREVALENCE_B003,MLCC_X7R,leakage_ua,SIM_X7R_10N_50V,healthy_settling,healthy_settling,False,True,False,,,0.0100183981795,0.0103724609489,False,False,False,0.12,synthetic,True
MLCC_LOW_PREVALENCE_C001897,MLCC_LOW_PREVALENCE_B003,MLCC_X7R,leakage_ua,SIM_X7R_10N_50V,healthy_settling,healthy_settling,False,True,False,,,0.0215104105874,0.0218102750971,False,False,False,0.12,synthetic,True
MLCC_LOW_PREVALENCE_C001901,MLCC_LOW_PREVALENCE_B003,MLCC_X7R,leakage_ua,SIM_X7R_10N_50V,ordinary_noise,ordinary_noise,False,True,False,,,0.0203611765946,0.0154173838062,False,False,False,0.12,synthetic,True
MLCC_LOW_PREVALENCE_C001904,MLCC_LOW_PREVALENCE_B003,MLCC_X7R,leakage_ua,SIM_X7R_10N_50V,healthy_settling,healthy_settling,False,True,False,,,0.00768487959639,0.00752573259849,False,False,False,0.12,synthetic,True
MLCC_LOW_PREVALENCE_C001937,MLCC_LOW_PREVALENCE_B003,MLCC_X7R,leakage_ua,SIM_X7R_10N_50V,ordinary_noise,ordinary_noise,False,True,False,,,0.01921010927,0.0179537146612,False,False,False,0.12,synthetic,True
MLCC_LOW_PREVALENCE_C001945,MLCC_LOW_PREVALENCE_B003,MLCC_X7R,leakage_ua,SIM_X7R_10N_50V,healthy_settling,healthy_settling,False,True,False,,,0.0113824556851,0.0112301920753,False,False,False,0.12,synthetic,True
MLCC_LOW_PREVALENCE_C001950,MLCC_LOW_PREVALENCE_B003,MLCC_X7R,leakage_ua,SIM_X7R_10N_50V,healthy_settling,healthy_settling,False,True,False,,,0.0168440031399,0.0172519119644,False,False,False,0.12,synthetic,True
MLCC_LOW_PREVALENCE_C001973,MLCC_LOW_PREVALENCE_B003,MLCC_X7R,leakage_ua,SIM_X7R_10N_50V,healthy_settling,healthy_settling,False,True,False,,,0.0190884886442,0.0192390742909,False,False,False,0.12,synthetic,True
MLCC_LOW_PREVALENCE_C001987,MLCC_LOW_PREVALENCE_B003,MLCC_X7R,leakage_ua,SIM_X7R_10N_50V,healthy_settling,healthy_settling,False,True,False,,,0.0130800197632,0.0125171833641,False,False,False,0.12,synthetic,True
MLCC_LOW_PREVALENCE_C000033,MLCC_LOW_PREVALENCE_B004,MLCC_X7R,leakage_ua,SIM_X7R_4U7_16V,healthy_settling,healthy_settling,False,True,False,,,0.164386401329,0.169893017516,False,False,False,1.3,synthetic,True
MLCC_LOW_PREVALENCE_C000072,MLCC_LOW_PREVALENCE_B004,MLCC_X7R,leakage_ua,SIM_X7R_4U7_16V,ordinary_noise,ordinary_noise,False,True,False,,,0.150151610588,0.152898074636,False,False,False,1.3,synthetic,True
MLCC_LOW_PREVALENCE_C000096,MLCC_LOW_PREVALENCE_B004,MLCC_X7R,leakage_ua,SIM_X7R_4U7_16V,healthy_settling,healthy_settling,False,True,False,,,0.119852745639,0.123435765716,False,False,False,1.3,synthetic,True
MLCC_LOW_PREVALENCE_C000136,MLCC_LOW_PREVALENCE_B004,MLCC_X7R,leakage_ua,SIM_X7R_4U7_16V,healthy_settling,healthy_settling,False,True,False,,,0.169343305866,0.169714288392,False,False,False,1.3,synthetic,True
MLCC_LOW_PREVALENCE_C000154,MLCC_LOW_PREVALENCE_B004,MLCC_X7R,leakage_ua,SIM_X7R_4U7_16V,ordinary_noise,ordinary_noise,False,True,False,,,0.152482227588,0.160912188546,False,False,False,1.3,synthetic,True
MLCC_LOW_PREVALENCE_C000160,MLCC_LOW_PREVALENCE_B004,MLCC_X7R,leakage_ua,SIM_X7R_4U7_16V,healthy_settling,healthy_settling,False,True,False,,,0.255192313159,0.260669457466,False,False,False,1.3,synthetic,True
MLCC_LOW_PREVALENCE_C000191,MLCC_LOW_PREVALENCE_B004,MLCC_X7R,leakage_ua,SIM_X7R_4U7_16V,healthy_settling,healthy_settling,False,True,False,,,0.155337465553,0.150147718505,False,False,False,1.3,synthetic,True
MLCC_LOW_PREVALENCE_C000192,MLCC_LOW_PREVALENCE_B004,MLCC_X7R,leakage_ua,SIM_X7R_4U7_16V,healthy_settling,healthy_settling,False,True,False,,,0.222945233418,0.207798972968,False,False,False,1.3,synthetic,True
MLCC_LOW_PREVALENCE_C000211,MLCC_LOW_PREVALENCE_B004,MLCC_X7R,leakage_ua,SIM_X7R_4U7_16V,ordinary_noise,ordinary_noise,False,True,False,,,0.160346852465,0.195642832274,False,False,False,1.3,synthetic,True
MLCC_LOW_PREVALENCE_C000214,MLCC_LOW_PREVALENCE_B004,MLCC_X7R,leakage_ua,SIM_X7R_4U7_16V,healthy_settling,healthy_settling,False,True,False,,,0.195616133388,0.198682534384,False,False,False,1.3,synthetic,True
MLCC_LOW_PREVALENCE_C000267,MLCC_LOW_PREVALENCE_B004,MLCC_X7R,leakage_ua,SIM_X7R_4U7_16V,healthy_settling,healthy_settling,False,True,False,,,0.10521827284,0.108116950085,False,False,False,1.3,synthetic,True
MLCC_LOW_PREVALENCE_C000316,MLCC_LOW_PREVALENCE_B004,MLCC_X7R,leakage_ua,SIM_X7R_4U7_16V,healthy_settling,healthy_settling,False,True,False,,,0.117653183625,0.117157852922,False,False,False,1.3,synthetic,True
MLCC_LOW_PREVALENCE_C000332,MLCC_LOW_PREVALENCE_B004,MLCC_X7R,leakage_ua,SIM_X7R_4U7_16V,healthy_settling,healthy_settling,False,True,False,,,0.139078105066,0.141106341336,False,False,False,1.3,synthetic,True
MLCC_LOW_PREVALENCE_C000348,MLCC_LOW_PREVALENCE_B004,MLCC_X7R,leakage_ua,SIM_X7R_4U7_16V,ordinary_noise,ordinary_noise,False,True,False,,,0.155290219456,0.158807780881,False,False,False,1.3,synthetic,True
MLCC_LOW_PREVALENCE_C000354,MLCC_LOW_PREVALENCE_B004,MLCC_X7R,leakage_ua,SIM_X7R_4U7_16V,healthy_settling,healthy_settling,False,True,False,,,0.176017685144,0.166717597918,False,False,False,1.3,synthetic,True
MLCC_LOW_PREVALENCE_C000367,MLCC_LOW_PREVALENCE_B004,MLCC_X7R,leakage_ua,SIM_X7R_4U7_16V,ordinary_noise,ordinary_noise,False,True,False,,,0.176715306888,0.189812445442,False,False,False,1.3,synthetic,True
MLCC_LOW_PREVALENCE_C000372,MLCC_LOW_PREVALENCE_B004,MLCC_X7R,leakage_ua,SIM_X7R_4U7_16V,healthy_settling,healthy_settling,False,True,False,,,0.168071317538,0.174032143644,False,False,False,1.3,synthetic,True
MLCC_LOW_PREVALENCE_C000384,MLCC_LOW_PREVALENCE_B004,MLCC_X7R,leakage_ua,SIM_X7R_4U7_16V,ordinary_noise,ordinary_noise,False,True,False,,,0.303168978728,0.271093021737,False,False,False,1.3,synthetic,True
MLCC_LOW_PREVALENCE_C000402,MLCC_LOW_PREVALENCE_B004,MLCC_X7R,leakage_ua,SIM_X7R_4U7_16V,healthy_settling,healthy_settling,False,True,False,,,0.137111815929,0.134552798084,False,False,False,1.3,synthetic,True
MLCC_LOW_PREVALENCE_C000417,MLCC_LOW_PREVALENCE_B004,MLCC_X7R,leakage_ua,SIM_X7R_4U7_16V,healthy_settling,healthy_settling,False,True,False,,,0.133993391223,0.133052558974,False,False,False,1.3,synthetic,True
MLCC_LOW_PREVALENCE_C000437,MLCC_LOW_PREVALENCE_B004,MLCC_X7R,leakage_ua,SIM_X7R_4U7_16V,healthy_settling,healthy_settling,False,True,False,,,0.211434232801,0.211571423832,False,False,False,1.3,synthetic,True
MLCC_LOW_PREVALENCE_C000444,MLCC_LOW_PREVALENCE_B004,MLCC_X7R,leakage_ua,SIM_X7R_4U7_16V,healthy_settling,healthy_settling,False,True,False,,,0.129334970026,0.131197624824,False,False,False,1.3,synthetic,True
MLCC_LOW_PREVALENCE_C000445,MLCC_LOW_PREVALENCE_B004,MLCC_X7R,leakage_ua,SIM_X7R_4U7_16V,healthy_settling,healthy_settling,False,True,False,,,0.166240627264,0.166567619311,False,False,False,1.3,synthetic,True
MLCC_LOW_PREVALENCE_C000446,MLCC_LOW_PREVALENCE_B004,MLCC_X7R,leakage_ua,SIM_X7R_4U7_16V,ordinary_noise,ordinary_noise,False,True,False,,,0.147624866321,0.142131095504,False,False,False,1.3,synthetic,True
MLCC_LOW_PREVALENCE_C000482,MLCC_LOW_PREVALENCE_B004,MLCC_X7R,leakage_ua,SIM_X7R_4U7_16V,healthy_settling,healthy_settling,False,True,False,,,0.127071266129,0.125837887935,False,False,False,1.3,synthetic,True
MLCC_LOW_PREVALENCE_C000507,MLCC_LOW_PREVALENCE_B004,MLCC_X7R,leakage_ua,SIM_X7R_4U7_16V,ordinary_noise,ordinary_noise,False,True,False,,,0.179451899623,0.146165197186,False,False,False,1.3,synthetic,True
MLCC_LOW_PREVALENCE_C000518,MLCC_LOW_PREVALENCE_B004,MLCC_X7R,leakage_ua,SIM_X7R_4U7_16V,healthy_settling,healthy_settling,False,True,False,,,0.165746820269,0.167540832106,False,False,False,1.3,synthetic,True
MLCC_LOW_PREVALENCE_C000541,MLCC_LOW_PREVALENCE_B004,MLCC_X7R,leakage_ua,SIM_X7R_4U7_16V,healthy_settling,healthy_settling,False,True,False,,,0.101221522923,0.10264060626,False,False,False,1.3,synthetic,True
MLCC_LOW_PREVALENCE_C000558,MLCC_LOW_PREVALENCE_B004,MLCC_X7R,leakage_ua,SIM_X7R_4U7_16V,healthy_settling,healthy_settling,False,True,False,,,0.146583440791,0.144644630387,False,False,False,1.3,synthetic,True
MLCC_LOW_PREVALENCE_C000571,MLCC_LOW_PREVALENCE_B004,MLCC_X7R,leakage_ua,SIM_X7R_4U7_16V,ordinary_noise,ordinary_noise,False,True,False,,,0.109631925676,0.097097307089,False,False,False,1.3,synthetic,True
MLCC_LOW_PREVALENCE_C000575,MLCC_LOW_PREVALENCE_B004,MLCC_X7R,leakage_ua,SIM_X7R_4U7_16V,healthy_settling,healthy_settling,False,True,False,,,0.213286946638,0.215220636178,False,False,False,1.3,synthetic,True
MLCC_LOW_PREVALENCE_C000637,MLCC_LOW_PREVALENCE_B004,MLCC_X7R,leakage_ua,SIM_X7R_4U7_16V,healthy_settling,healthy_settling,False,True,False,,,0.225800709129,0.227731659081,False,False,False,1.3,synthetic,True
MLCC_LOW_PREVALENCE_C000668,MLCC_LOW_PREVALENCE_B004,MLCC_X7R,leakage_ua,SIM_X7R_4U7_16V,healthy_settling,healthy_settling,False,True,False,,,0.127439401142,0.130151646835,False,False,False,1.3,synthetic,True
MLCC_LOW_PREVALENCE_C000703,MLCC_LOW_PREVALENCE_B004,MLCC_X7R,leakage_ua,SIM_X7R_4U7_16V,healthy_settling,healthy_settling,False,True,False,,,0.121396733891,0.124814850199,False,False,False,1.3,synthetic,True
MLCC_LOW_PREVALENCE_C000716,MLCC_LOW_PREVALENCE_B004,MLCC_X7R,leakage_ua,SIM_X7R_4U7_16V,healthy_settling,healthy_settling,False,True,False,,,0.184714694327,0.183617135586,False,False,False,1.3,synthetic,True
MLCC_LOW_PREVALENCE_C000723,MLCC_LOW_PREVALENCE_B004,MLCC_X7R,leakage_ua,SIM_X7R_4U7_16V,healthy_settling,healthy_settling,False,True,False,,,0.128632942005,0.133499735264,False,False,False,1.3,synthetic,True
MLCC_LOW_PREVALENCE_C000732,MLCC_LOW_PREVALENCE_B004,MLCC_X7R,leakage_ua,SIM_X7R_4U7_16V,healthy_settling,healthy_settling,False,True,False,,,0.11813544813,0.120585690763,False,False,False,1.3,synthetic,True
MLCC_LOW_PREVALENCE_C000734,MLCC_LOW_PREVALENCE_B004,MLCC_X7R,leakage_ua,SIM_X7R_4U7_16V,healthy_settling,healthy_settling,False,True,False,,,0.134115404317,0.137289950845,False,False,False,1.3,synthetic,True
MLCC_LOW_PREVALENCE_C000756,MLCC_LOW_PREVALENCE_B004,MLCC_X7R,leakage_ua,SIM_X7R_4U7_16V,healthy_settling,healthy_settling,False,True,False,,,0.172352357259,0.172969411133,False,False,False,1.3,synthetic,True
MLCC_LOW_PREVALENCE_C000758,MLCC_LOW_PREVALENCE_B004,MLCC_X7R,leakage_ua,SIM_X7R_4U7_16V,healthy_settling,healthy_settling,False,True,False,,,0.122944184283,0.124534092103,False,False,False,1.3,synthetic,True
MLCC_LOW_PREVALENCE_C000761,MLCC_LOW_PREVALENCE_B004,MLCC_X7R,leakage_ua,SIM_X7R_4U7_16V,ordinary_noise,ordinary_noise,False,True,False,,,0.172957581514,0.182790453928,False,False,False,1.3,synthetic,True
MLCC_LOW_PREVALENCE_C000766,MLCC_LOW_PREVALENCE_B004,MLCC_X7R,leakage_ua,SIM_X7R_4U7_16V,healthy_settling,healthy_settling,False,True,False,,,0.17654371423,0.175659001555,False,False,False,1.3,synthetic,True
MLCC_LOW_PREVALENCE_C000777,MLCC_LOW_PREVALENCE_B004,MLCC_X7R,leakage_ua,SIM_X7R_4U7_16V,healthy_settling,healthy_settling,False,True,False,,,0.220605776543,0.223825798912,False,False,False,1.3,synthetic,True
MLCC_LOW_PREVALENCE_C000781,MLCC_LOW_PREVALENCE_B004,MLCC_X7R,leakage_ua,SIM_X7R_4U7_16V,healthy_settling,healthy_settling,False,True,False,,,0.115989273197,0.108885659082,False,False,False,1.3,synthetic,True
MLCC_LOW_PREVALENCE_C000818,MLCC_LOW_PREVALENCE_B004,MLCC_X7R,leakage_ua,SIM_X7R_4U7_16V,healthy_settling,healthy_settling,False,True,False,,,0.193410308924,0.201200536468,False,False,False,1.3,synthetic,True
MLCC_LOW_PREVALENCE_C000826,MLCC_LOW_PREVALENCE_B004,MLCC_X7R,leakage_ua,SIM_X7R_4U7_16V,healthy_settling,healthy_settling,False,True,False,,,0.303457481942,0.303746117713,False,False,False,1.3,synthetic,True
MLCC_LOW_PREVALENCE_C000827,MLCC_LOW_PREVALENCE_B004,MLCC_X7R,leakage_ua,SIM_X7R_4U7_16V,healthy_settling,healthy_settling,False,True,False,,,0.117941590373,0.122441504788,False,False,False,1.3,synthetic,True
MLCC_LOW_PREVALENCE_C000882,MLCC_LOW_PREVALENCE_B004,MLCC_X7R,leakage_ua,SIM_X7R_4U7_16V,healthy_settling,healthy_settling,False,True,False,,,0.21067050492,0.218457050578,False,False,False,1.3,synthetic,True
MLCC_LOW_PREVALENCE_C000888,MLCC_LOW_PREVALENCE_B004,MLCC_X7R,leakage_ua,SIM_X7R_4U7_16V,healthy_settling,healthy_settling,False,True,False,,,0.204041654907,0.207952136407,False,False,False,1.3,synthetic,True
MLCC_LOW_PREVALENCE_C000928,MLCC_LOW_PREVALENCE_B004,MLCC_X7R,leakage_ua,SIM_X7R_4U7_16V,healthy_settling,healthy_settling,False,True,False,,,0.100007449162,0.10161270529,False,False,False,1.3,synthetic,True
MLCC_LOW_PREVALENCE_C000981,MLCC_LOW_PREVALENCE_B004,MLCC_X7R,leakage_ua,SIM_X7R_4U7_16V,healthy_settling,healthy_settling,False,True,False,,,0.0895794065856,0.0881806759124,False,False,False,1.3,synthetic,True
MLCC_LOW_PREVALENCE_C000985,MLCC_LOW_PREVALENCE_B004,MLCC_X7R,leakage_ua,SIM_X7R_4U7_16V,ordinary_noise,ordinary_noise,False,True,False,,,0.232412576679,0.230831905151,False,False,False,1.3,synthetic,True
MLCC_LOW_PREVALENCE_C000986,MLCC_LOW_PREVALENCE_B004,MLCC_X7R,leakage_ua,SIM_X7R_4U7_16V,healthy_settling,healthy_settling,False,True,False,,,0.142380076128,0.139914847458,False,False,False,1.3,synthetic,True
MLCC_LOW_PREVALENCE_C000992,MLCC_LOW_PREVALENCE_B004,MLCC_X7R,leakage_ua,SIM_X7R_4U7_16V,healthy_settling,healthy_settling,False,True,False,,,0.127039615794,0.132413812598,False,False,False,1.3,synthetic,True
MLCC_LOW_PREVALENCE_C001026,MLCC_LOW_PREVALENCE_B004,MLCC_X7R,leakage_ua,SIM_X7R_4U7_16V,ordinary_noise,ordinary_noise,False,True,False,,,0.0956216240048,0.0993374816772,False,False,False,1.3,synthetic,True
MLCC_LOW_PREVALENCE_C001036,MLCC_LOW_PREVALENCE_B004,MLCC_X7R,leakage_ua,SIM_X7R_4U7_16V,healthy_settling,healthy_settling,False,True,False,,,0.228746911066,0.232413462583,False,False,False,1.3,synthetic,True
MLCC_LOW_PREVALENCE_C001053,MLCC_LOW_PREVALENCE_B004,MLCC_X7R,leakage_ua,SIM_X7R_4U7_16V,ordinary_noise,ordinary_noise,False,True,False,,,0.13048545899,0.173336922919,False,False,False,1.3,synthetic,True
MLCC_LOW_PREVALENCE_C001083,MLCC_LOW_PREVALENCE_B004,MLCC_X7R,leakage_ua,SIM_X7R_4U7_16V,healthy_settling,healthy_settling,False,True,False,,,0.172306603632,0.174656633571,False,False,False,1.3,synthetic,True
MLCC_LOW_PREVALENCE_C001088,MLCC_LOW_PREVALENCE_B004,MLCC_X7R,leakage_ua,SIM_X7R_4U7_16V,healthy_settling,healthy_settling,False,True,False,,,0.186169206014,0.186000358484,False,False,False,1.3,synthetic,True
MLCC_LOW_PREVALENCE_C001096,MLCC_LOW_PREVALENCE_B004,MLCC_X7R,leakage_ua,SIM_X7R_4U7_16V,healthy_settling,healthy_settling,False,True,False,,,0.139611824955,0.141392442101,False,False,False,1.3,synthetic,True
MLCC_LOW_PREVALENCE_C001104,MLCC_LOW_PREVALENCE_B004,MLCC_X7R,leakage_ua,SIM_X7R_4U7_16V,healthy_settling,healthy_settling,False,True,False,,,0.164963088663,0.164696176354,False,False,False,1.3,synthetic,True
MLCC_LOW_PREVALENCE_C001126,MLCC_LOW_PREVALENCE_B004,MLCC_X7R,leakage_ua,SIM_X7R_4U7_16V,healthy_settling,healthy_settling,False,True,False,,,0.121709489081,0.117493571685,False,False,False,1.3,synthetic,True
MLCC_LOW_PREVALENCE_C001148,MLCC_LOW_PREVALENCE_B004,MLCC_X7R,leakage_ua,SIM_X7R_4U7_16V,ordinary_noise,ordinary_noise,False,True,False,,,0.105804329913,0.109115658761,False,False,False,1.3,synthetic,True
MLCC_LOW_PREVALENCE_C001203,MLCC_LOW_PREVALENCE_B004,MLCC_X7R,leakage_ua,SIM_X7R_4U7_16V,healthy_settling,healthy_settling,False,True,False,,,0.157004887564,0.160323649481,False,False,False,1.3,synthetic,True
MLCC_LOW_PREVALENCE_C001221,MLCC_LOW_PREVALENCE_B004,MLCC_X7R,leakage_ua,SIM_X7R_4U7_16V,ordinary_noise,ordinary_noise,False,True,False,,,0.203503156795,0.199677661461,False,False,False,1.3,synthetic,True
MLCC_LOW_PREVALENCE_C001238,MLCC_LOW_PREVALENCE_B004,MLCC_X7R,leakage_ua,SIM_X7R_4U7_16V,ordinary_noise,ordinary_noise,False,True,False,,,0.147289249862,0.169589293125,False,False,False,1.3,synthetic,True
MLCC_LOW_PREVALENCE_C001259,MLCC_LOW_PREVALENCE_B004,MLCC_X7R,leakage_ua,SIM_X7R_4U7_16V,healthy_settling,healthy_settling,False,True,False,,,0.218672183132,0.197953639457,False,False,False,1.3,synthetic,True
MLCC_LOW_PREVALENCE_C001277,MLCC_LOW_PREVALENCE_B004,MLCC_X7R,leakage_ua,SIM_X7R_4U7_16V,healthy_settling,healthy_settling,False,True,False,,,0.131776146598,0.13899900256,False,False,False,1.3,synthetic,True
MLCC_LOW_PREVALENCE_C001302,MLCC_LOW_PREVALENCE_B004,MLCC_X7R,leakage_ua,SIM_X7R_4U7_16V,healthy_settling,healthy_settling,False,True,False,,,0.119451910341,0.127323063611,False,False,False,1.3,synthetic,True
MLCC_LOW_PREVALENCE_C001304,MLCC_LOW_PREVALENCE_B004,MLCC_X7R,leakage_ua,SIM_X7R_4U7_16V,ordinary_noise,ordinary_noise,False,True,False,,,0.122800083458,0.160642713806,False,False,False,1.3,synthetic,True
MLCC_LOW_PREVALENCE_C001318,MLCC_LOW_PREVALENCE_B004,MLCC_X7R,leakage_ua,SIM_X7R_4U7_16V,healthy_settling,healthy_settling,False,True,False,,,0.150473852136,0.152307285932,False,False,False,1.3,synthetic,True
MLCC_LOW_PREVALENCE_C001353,MLCC_LOW_PREVALENCE_B004,MLCC_X7R,leakage_ua,SIM_X7R_4U7_16V,ordinary_noise,ordinary_noise,False,True,False,,,0.132371199694,0.163885738223,False,False,False,1.3,synthetic,True
MLCC_LOW_PREVALENCE_C001365,MLCC_LOW_PREVALENCE_B004,MLCC_X7R,leakage_ua,SIM_X7R_4U7_16V,healthy_settling,healthy_settling,False,True,False,,,0.158950132936,0.157124801232,False,False,False,1.3,synthetic,True
MLCC_LOW_PREVALENCE_C001393,MLCC_LOW_PREVALENCE_B004,MLCC_X7R,leakage_ua,SIM_X7R_4U7_16V,ordinary_noise,ordinary_noise,False,True,False,,,0.136814753041,0.148010061448,False,False,False,1.3,synthetic,True
MLCC_LOW_PREVALENCE_C001468,MLCC_LOW_PREVALENCE_B004,MLCC_X7R,leakage_ua,SIM_X7R_4U7_16V,healthy_settling,healthy_settling,False,True,False,,,0.121539871978,0.122923519291,False,False,False,1.3,synthetic,True
MLCC_LOW_PREVALENCE_C001490,MLCC_LOW_PREVALENCE_B004,MLCC_X7R,leakage_ua,SIM_X7R_4U7_16V,healthy_settling,healthy_settling,False,True,False,,,0.144818581593,0.143752900353,False,False,False,1.3,synthetic,True
MLCC_LOW_PREVALENCE_C001532,MLCC_LOW_PREVALENCE_B004,MLCC_X7R,leakage_ua,SIM_X7R_4U7_16V,ordinary_noise,ordinary_noise,False,True,False,,,0.183195088741,0.162611629034,False,False,False,1.3,synthetic,True
MLCC_LOW_PREVALENCE_C001545,MLCC_LOW_PREVALENCE_B004,MLCC_X7R,leakage_ua,SIM_X7R_4U7_16V,healthy_settling,healthy_settling,False,True,False,,,0.152732121634,0.159242035855,False,False,False,1.3,synthetic,True
MLCC_LOW_PREVALENCE_C001550,MLCC_LOW_PREVALENCE_B004,MLCC_X7R,leakage_ua,SIM_X7R_4U7_16V,healthy_settling,healthy_settling,False,True,False,,,0.116765576847,0.118642405174,False,False,False,1.3,synthetic,True
MLCC_LOW_PREVALENCE_C001566,MLCC_LOW_PREVALENCE_B004,MLCC_X7R,leakage_ua,SIM_X7R_4U7_16V,healthy_settling,healthy_settling,False,True,False,,,0.173666544442,0.173648740944,False,False,False,1.3,synthetic,True
MLCC_LOW_PREVALENCE_C001582,MLCC_LOW_PREVALENCE_B004,MLCC_X7R,leakage_ua,SIM_X7R_4U7_16V,ordinary_noise,ordinary_noise,False,True,False,,,0.315284335087,0.325107127275,False,False,False,1.3,synthetic,True
MLCC_LOW_PREVALENCE_C001592,MLCC_LOW_PREVALENCE_B004,MLCC_X7R,leakage_ua,SIM_X7R_4U7_16V,healthy_settling,healthy_settling,False,True,False,,,0.246566038999,0.216354472555,False,False,False,1.3,synthetic,True
MLCC_LOW_PREVALENCE_C001605,MLCC_LOW_PREVALENCE_B004,MLCC_X7R,leakage_ua,SIM_X7R_4U7_16V,healthy_settling,healthy_settling,False,True,False,,,0.178937056935,0.175575717121,False,False,False,1.3,synthetic,True
MLCC_LOW_PREVALENCE_C001614,MLCC_LOW_PREVALENCE_B004,MLCC_X7R,leakage_ua,SIM_X7R_4U7_16V,healthy_settling,healthy_settling,False,True,False,,,0.18181208684,0.182380270771,False,False,False,1.3,synthetic,True
MLCC_LOW_PREVALENCE_C001616,MLCC_LOW_PREVALENCE_B004,MLCC_X7R,leakage_ua,SIM_X7R_4U7_16V,ordinary_noise,ordinary_noise,False,True,False,,,0.200769790873,0.212705283066,False,False,False,1.3,synthetic,True
MLCC_LOW_PREVALENCE_C001624,MLCC_LOW_PREVALENCE_B004,MLCC_X7R,leakage_ua,SIM_X7R_4U7_16V,healthy_settling,healthy_settling,False,True,False,,,0.182931662547,0.175302659816,False,False,False,1.3,synthetic,True
MLCC_LOW_PREVALENCE_C001632,MLCC_LOW_PREVALENCE_B004,MLCC_X7R,leakage_ua,SIM_X7R_4U7_16V,ordinary_noise,ordinary_noise,False,True,False,,,0.215074853097,0.214925657617,False,False,False,1.3,synthetic,True
MLCC_LOW_PREVALENCE_C001674,MLCC_LOW_PREVALENCE_B004,MLCC_X7R,leakage_ua,SIM_X7R_4U7_16V,ordinary_noise,ordinary_noise,False,True,False,,,0.12637396551,0.12253507674,False,False,False,1.3,synthetic,True
MLCC_LOW_PREVALENCE_C001716,MLCC_LOW_PREVALENCE_B004,MLCC_X7R,leakage_ua,SIM_X7R_4U7_16V,healthy_settling,healthy_settling,False,True,False,,,0.141360250881,0.138274363689,False,False,False,1.3,synthetic,True
MLCC_LOW_PREVALENCE_C001752,MLCC_LOW_PREVALENCE_B004,MLCC_X7R,leakage_ua,SIM_X7R_4U7_16V,healthy_settling,healthy_settling,False,True,False,,,0.110570083405,0.117216500432,False,False,False,1.3,synthetic,True
MLCC_LOW_PREVALENCE_C001753,MLCC_LOW_PREVALENCE_B004,MLCC_X7R,leakage_ua,SIM_X7R_4U7_16V,healthy_settling,healthy_settling,False,True,False,,,0.17257340228,0.171667576087,False,False,False,1.3,synthetic,True
MLCC_LOW_PREVALENCE_C001795,MLCC_LOW_PREVALENCE_B004,MLCC_X7R,leakage_ua,SIM_X7R_4U7_16V,healthy_settling,healthy_settling,False,True,False,,,0.202315274883,0.205098222896,False,False,False,1.3,synthetic,True
MLCC_LOW_PREVALENCE_C001805,MLCC_LOW_PREVALENCE_B004,MLCC_X7R,leakage_ua,SIM_X7R_4U7_16V,ordinary_noise,ordinary_noise,False,True,False,,,0.143539078643,0.160773164803,False,False,False,1.3,synthetic,True
MLCC_LOW_PREVALENCE_C001808,MLCC_LOW_PREVALENCE_B004,MLCC_X7R,leakage_ua,SIM_X7R_4U7_16V,healthy_settling,healthy_settling,False,True,False,,,0.0826910800403,0.0831543501771,False,False,False,1.3,synthetic,True
MLCC_LOW_PREVALENCE_C001841,MLCC_LOW_PREVALENCE_B004,MLCC_X7R,leakage_ua,SIM_X7R_4U7_16V,healthy_settling,healthy_settling,False,True,False,,,0.119450569859,0.115316965855,False,False,False,1.3,synthetic,True
MLCC_LOW_PREVALENCE_C001845,MLCC_LOW_PREVALENCE_B004,MLCC_X7R,leakage_ua,SIM_X7R_4U7_16V,healthy_settling,healthy_settling,False,True,False,,,0.122752148753,0.124067377038,False,False,False,1.3,synthetic,True
MLCC_LOW_PREVALENCE_C001852,MLCC_LOW_PREVALENCE_B004,MLCC_X7R,leakage_ua,SIM_X7R_4U7_16V,healthy_settling,healthy_settling,False,True,False,,,0.186491326113,0.189257044861,False,False,False,1.3,synthetic,True
MLCC_LOW_PREVALENCE_C001853,MLCC_LOW_PREVALENCE_B004,MLCC_X7R,leakage_ua,SIM_X7R_4U7_16V,healthy_settling,healthy_settling,False,True,False,,,0.219838264479,0.211806788973,False,False,False,1.3,synthetic,True
MLCC_LOW_PREVALENCE_C001921,MLCC_LOW_PREVALENCE_B004,MLCC_X7R,leakage_ua,SIM_X7R_4U7_16V,healthy_settling,healthy_settling,False,True,False,,,0.10885364677,0.108006597233,False,False,False,1.3,synthetic,True
MLCC_LOW_PREVALENCE_C001925,MLCC_LOW_PREVALENCE_B004,MLCC_X7R,leakage_ua,SIM_X7R_4U7_16V,healthy_settling,healthy_settling,False,True,False,,,0.206981754595,0.201334901183,False,False,False,1.3,synthetic,True
MLCC_LOW_PREVALENCE_C000011,MLCC_LOW_PREVALENCE_B005,MLCC_X7R,leakage_ua,SIM_X7R_100N_50V,healthy_settling,healthy_settling,False,True,False,,,0.0363965609652,0.0365444555294,False,False,False,0.25,synthetic,True
MLCC_LOW_PREVALENCE_C000014,MLCC_LOW_PREVALENCE_B005,MLCC_X7R,leakage_ua,SIM_X7R_100N_50V,healthy_settling,healthy_settling,False,True,False,,,0.0251498775418,0.0265113887729,False,False,False,0.25,synthetic,True
MLCC_LOW_PREVALENCE_C000021,MLCC_LOW_PREVALENCE_B005,MLCC_X7R,leakage_ua,SIM_X7R_100N_50V,healthy_settling,healthy_settling,False,True,False,,,0.0200938230678,0.0204479805,False,False,False,0.25,synthetic,True
MLCC_LOW_PREVALENCE_C000029,MLCC_LOW_PREVALENCE_B005,MLCC_X7R,leakage_ua,SIM_X7R_100N_50V,ordinary_noise,ordinary_noise,False,True,False,,,0.0292563226502,0.0267486652859,False,False,False,0.25,synthetic,True
MLCC_LOW_PREVALENCE_C000054,MLCC_LOW_PREVALENCE_B005,MLCC_X7R,leakage_ua,SIM_X7R_100N_50V,ordinary_noise,ordinary_noise,False,True,False,,,0.0211518295544,0.0205438221569,False,False,False,0.25,synthetic,True
MLCC_LOW_PREVALENCE_C000073,MLCC_LOW_PREVALENCE_B005,MLCC_X7R,leakage_ua,SIM_X7R_100N_50V,healthy_settling,healthy_settling,False,True,False,,,0.0146689798478,0.0142514853403,False,False,False,0.25,synthetic,True
MLCC_LOW_PREVALENCE_C000100,MLCC_LOW_PREVALENCE_B005,MLCC_X7R,leakage_ua,SIM_X7R_100N_50V,ordinary_noise,ordinary_noise,False,True,False,,,0.0185430971356,0.0168628282515,False,False,False,0.25,synthetic,True
MLCC_LOW_PREVALENCE_C000103,MLCC_LOW_PREVALENCE_B005,MLCC_X7R,leakage_ua,SIM_X7R_100N_50V,healthy_settling,healthy_settling,False,True,False,,,0.0112749305844,0.0118584067354,False,False,False,0.25,synthetic,True
MLCC_LOW_PREVALENCE_C000108,MLCC_LOW_PREVALENCE_B005,MLCC_X7R,leakage_ua,SIM_X7R_100N_50V,healthy_settling,healthy_settling,False,True,False,,,0.0184870131174,0.0187013539274,False,False,False,0.25,synthetic,True
MLCC_LOW_PREVALENCE_C000147,MLCC_LOW_PREVALENCE_B005,MLCC_X7R,leakage_ua,SIM_X7R_100N_50V,ordinary_noise,ordinary_noise,False,True,False,,,0.0260997032899,0.0257371661824,False,False,False,0.25,synthetic,True
MLCC_LOW_PREVALENCE_C000150,MLCC_LOW_PREVALENCE_B005,MLCC_X7R,leakage_ua,SIM_X7R_100N_50V,healthy_settling,healthy_settling,False,True,False,,,0.0273969594207,0.0275465230533,False,False,False,0.25,synthetic,True
MLCC_LOW_PREVALENCE_C000169,MLCC_LOW_PREVALENCE_B005,MLCC_X7R,leakage_ua,SIM_X7R_100N_50V,healthy_settling,healthy_settling,False,True,False,,,0.0386623832805,0.0370022971947,False,False,False,0.25,synthetic,True
MLCC_LOW_PREVALENCE_C000171,MLCC_LOW_PREVALENCE_B005,MLCC_X7R,leakage_ua,SIM_X7R_100N_50V,healthy_settling,healthy_settling,False,True,False,,,0.0416559829721,0.0423028300671,False,False,False,0.25,synthetic,True
MLCC_LOW_PREVALENCE_C000188,MLCC_LOW_PREVALENCE_B005,MLCC_X7R,leakage_ua,SIM_X7R_100N_50V,healthy_settling,healthy_settling,False,True,False,,,0.0256514036669,0.0265365214336,False,False,False,0.25,synthetic,True
MLCC_LOW_PREVALENCE_C000212,MLCC_LOW_PREVALENCE_B005,MLCC_X7R,leakage_ua,SIM_X7R_100N_50V,ordinary_noise,ordinary_noise,False,True,False,,,0.0396033628344,0.0455895934284,False,False,False,0.25,synthetic,True
MLCC_LOW_PREVALENCE_C000213,MLCC_LOW_PREVALENCE_B005,MLCC_X7R,leakage_ua,SIM_X7R_100N_50V,healthy_settling,healthy_settling,False,True,False,,,0.02439073847,0.0244638484302,False,False,False,0.25,synthetic,True
MLCC_LOW_PREVALENCE_C000228,MLCC_LOW_PREVALENCE_B005,MLCC_X7R,leakage_ua,SIM_X7R_100N_50V,healthy_settling,healthy_settling,False,True,False,,,0.0267752043078,0.0282056669865,False,False,False,0.25,synthetic,True
MLCC_LOW_PREVALENCE_C000238,MLCC_LOW_PREVALENCE_B005,MLCC_X7R,leakage_ua,SIM_X7R_100N_50V,healthy_settling,healthy_settling,False,True,False,,,0.0278064809596,0.0291349741501,False,False,False,0.25,synthetic,True
MLCC_LOW_PREVALENCE_C000251,MLCC_LOW_PREVALENCE_B005,MLCC_X7R,leakage_ua,SIM_X7R_100N_50V,healthy_settling,healthy_settling,False,True,False,,,0.040121299254,0.0385330742127,False,False,False,0.25,synthetic,True
MLCC_LOW_PREVALENCE_C000273,MLCC_LOW_PREVALENCE_B005,MLCC_X7R,leakage_ua,SIM_X7R_100N_50V,healthy_settling,healthy_settling,False,True,False,,,0.0205522843552,0.0206810065409,False,False,False,0.25,synthetic,True
MLCC_LOW_PREVALENCE_C000281,MLCC_LOW_PREVALENCE_B005,MLCC_X7R,leakage_ua,SIM_X7R_100N_50V,healthy_settling,healthy_settling,False,True,False,,,0.0214654390654,0.0209665810707,False,False,False,0.25,synthetic,True
MLCC_LOW_PREVALENCE_C000288,MLCC_LOW_PREVALENCE_B005,MLCC_X7R,leakage_ua,SIM_X7R_100N_50V,healthy_settling,healthy_settling,False,True,False,,,0.0184828970855,0.0184079182465,False,False,False,0.25,synthetic,True
MLCC_LOW_PREVALENCE_C000416,MLCC_LOW_PREVALENCE_B005,MLCC_X7R,leakage_ua,SIM_X7R_100N_50V,ordinary_noise,ordinary_noise,False,True,False,,,0.0183836711625,0.0142641570129,False,False,False,0.25,synthetic,True
MLCC_LOW_PREVALENCE_C000469,MLCC_LOW_PREVALENCE_B005,MLCC_X7R,leakage_ua,SIM_X7R_100N_50V,healthy_settling,healthy_settling,False,True,False,,,0.0401713996264,0.0388347854477,False,False,False,0.25,synthetic,True
MLCC_LOW_PREVALENCE_C000478,MLCC_LOW_PREVALENCE_B005,MLCC_X7R,leakage_ua,SIM_X7R_100N_50V,healthy_settling,healthy_settling,False,True,False,,,0.0350332422958,0.0353525813602,False,False,False,0.25,synthetic,True
MLCC_LOW_PREVALENCE_C000523,MLCC_LOW_PREVALENCE_B005,MLCC_X7R,leakage_ua,SIM_X7R_100N_50V,healthy_settling,healthy_settling,False,True,False,,,0.025961300642,0.026415395212,False,False,False,0.25,synthetic,True
MLCC_LOW_PREVALENCE_C000572,MLCC_LOW_PREVALENCE_B005,MLCC_X7R,leakage_ua,SIM_X7R_100N_50V,healthy_settling,healthy_settling,False,True,False,,,0.0349041638794,0.0340063573905,False,False,False,0.25,synthetic,True
MLCC_LOW_PREVALENCE_C000595,MLCC_LOW_PREVALENCE_B005,MLCC_X7R,leakage_ua,SIM_X7R_100N_50V,healthy_settling,healthy_settling,False,True,False,,,0.0202460204599,0.0203604233214,False,False,False,0.25,synthetic,True
MLCC_LOW_PREVALENCE_C000603,MLCC_LOW_PREVALENCE_B005,MLCC_X7R,leakage_ua,SIM_X7R_100N_50V,healthy_settling,healthy_settling,False,True,False,,,0.0351608275889,0.0347309086592,False,False,False,0.25,synthetic,True
MLCC_LOW_PREVALENCE_C000606,MLCC_LOW_PREVALENCE_B005,MLCC_X7R,leakage_ua,SIM_X7R_100N_50V,ordinary_noise,ordinary_noise,False,True,False,,,0.0206036889925,0.0189879877583,False,False,False,0.25,synthetic,True
MLCC_LOW_PREVALENCE_C000616,MLCC_LOW_PREVALENCE_B005,MLCC_X7R,leakage_ua,SIM_X7R_100N_50V,healthy_settling,healthy_settling,False,True,False,,,0.0279904840394,0.0274956487338,False,False,False,0.25,synthetic,True
MLCC_LOW_PREVALENCE_C000633,MLCC_LOW_PREVALENCE_B005,MLCC_X7R,leakage_ua,SIM_X7R_100N_50V,healthy_settling,healthy_settling,False,True,False,,,0.0236044900773,0.0245216357564,False,False,False,0.25,synthetic,True
MLCC_LOW_PREVALENCE_C000642,MLCC_LOW_PREVALENCE_B005,MLCC_X7R,leakage_ua,SIM_X7R_100N_50V,healthy_settling,healthy_settling,False,True,False,,,0.0301381407598,0.0293079637201,False,False,False,0.25,synthetic,True
MLCC_LOW_PREVALENCE_C000652,MLCC_LOW_PREVALENCE_B005,MLCC_X7R,leakage_ua,SIM_X7R_100N_50V,healthy_settling,healthy_settling,False,True,False,,,0.0338296702787,0.0327817184755,False,False,False,0.25,synthetic,True
MLCC_LOW_PREVALENCE_C000694,MLCC_LOW_PREVALENCE_B005,MLCC_X7R,leakage_ua,SIM_X7R_100N_50V,healthy_settling,healthy_settling,False,True,False,,,0.0266984642092,0.0273622109833,False,False,False,0.25,synthetic,True
MLCC_LOW_PREVALENCE_C000697,MLCC_LOW_PREVALENCE_B005,MLCC_X7R,leakage_ua,SIM_X7R_100N_50V,healthy_settling,healthy_settling,False,True,False,,,0.0289893283218,0.0291878719411,False,False,False,0.25,synthetic,True
MLCC_LOW_PREVALENCE_C000700,MLCC_LOW_PREVALENCE_B005,MLCC_X7R,leakage_ua,SIM_X7R_100N_50V,healthy_settling,healthy_settling,False,True,False,,,0.034728708322,0.0327430748608,False,False,False,0.25,synthetic,True
MLCC_LOW_PREVALENCE_C000711,MLCC_LOW_PREVALENCE_B005,MLCC_X7R,leakage_ua,SIM_X7R_100N_50V,healthy_settling,healthy_settling,False,True,False,,,0.0273132031573,0.0268607901128,False,False,False,0.25,synthetic,True
MLCC_LOW_PREVALENCE_C000719,MLCC_LOW_PREVALENCE_B005,MLCC_X7R,leakage_ua,SIM_X7R_100N_50V,healthy_settling,healthy_settling,False,True,False,,,0.0346440560417,0.0351614148231,False,False,False,0.25,synthetic,True
MLCC_LOW_PREVALENCE_C000727,MLCC_LOW_PREVALENCE_B005,MLCC_X7R,leakage_ua,SIM_X7R_100N_50V,ordinary_noise,ordinary_noise,False,True,False,,,0.0244724168127,0.0214456366134,False,False,False,0.25,synthetic,True
MLCC_LOW_PREVALENCE_C000825,MLCC_LOW_PREVALENCE_B005,MLCC_X7R,leakage_ua,SIM_X7R_100N_50V,ordinary_noise,ordinary_noise,False,True,False,,,0.0366454003553,0.0319385498013,False,False,False,0.25,synthetic,True
MLCC_LOW_PREVALENCE_C000892,MLCC_LOW_PREVALENCE_B005,MLCC_X7R,leakage_ua,SIM_X7R_100N_50V,healthy_settling,healthy_settling,False,True,False,,,0.0467938715486,0.0481142567223,False,False,False,0.25,synthetic,True
MLCC_LOW_PREVALENCE_C000893,MLCC_LOW_PREVALENCE_B005,MLCC_X7R,leakage_ua,SIM_X7R_100N_50V,ordinary_noise,ordinary_noise,False,True,False,,,0.0197548899253,0.0194438418224,False,False,False,0.25,synthetic,True
MLCC_LOW_PREVALENCE_C000919,MLCC_LOW_PREVALENCE_B005,MLCC_X7R,leakage_ua,SIM_X7R_100N_50V,healthy_settling,healthy_settling,False,True,False,,,0.0296028819264,0.0311341591929,False,False,False,0.25,synthetic,True
MLCC_LOW_PREVALENCE_C000934,MLCC_LOW_PREVALENCE_B005,MLCC_X7R,leakage_ua,SIM_X7R_100N_50V,ordinary_noise,ordinary_noise,False,True,False,,,0.0204532924917,0.0240791891749,False,False,False,0.25,synthetic,True
MLCC_LOW_PREVALENCE_C000942,MLCC_LOW_PREVALENCE_B005,MLCC_X7R,leakage_ua,SIM_X7R_100N_50V,ordinary_noise,ordinary_noise,False,True,False,,,0.0181533446954,0.0200244530031,False,False,False,0.25,synthetic,True
MLCC_LOW_PREVALENCE_C000944,MLCC_LOW_PREVALENCE_B005,MLCC_X7R,leakage_ua,SIM_X7R_100N_50V,healthy_settling,healthy_settling,False,True,False,,,0.0281979486514,0.0281042836591,False,False,False,0.25,synthetic,True
MLCC_LOW_PREVALENCE_C000947,MLCC_LOW_PREVALENCE_B005,MLCC_X7R,leakage_ua,SIM_X7R_100N_50V,healthy_settling,healthy_settling,False,True,False,,,0.0248950801118,0.023614931694,False,False,False,0.25,synthetic,True
MLCC_LOW_PREVALENCE_C000949,MLCC_LOW_PREVALENCE_B005,MLCC_X7R,leakage_ua,SIM_X7R_100N_50V,ordinary_noise,ordinary_noise,False,True,False,,,0.0268654777948,0.0265255491164,False,False,False,0.25,synthetic,True
MLCC_LOW_PREVALENCE_C000955,MLCC_LOW_PREVALENCE_B005,MLCC_X7R,leakage_ua,SIM_X7R_100N_50V,healthy_settling,healthy_settling,False,True,False,,,0.0270273873172,0.0280324543738,False,False,False,0.25,synthetic,True
MLCC_LOW_PREVALENCE_C000989,MLCC_LOW_PREVALENCE_B005,MLCC_X7R,leakage_ua,SIM_X7R_100N_50V,healthy_settling,healthy_settling,False,True,False,,,0.0247300610741,0.0252255936379,False,False,False,0.25,synthetic,True
MLCC_LOW_PREVALENCE_C001007,MLCC_LOW_PREVALENCE_B005,MLCC_X7R,leakage_ua,SIM_X7R_100N_50V,healthy_settling,healthy_settling,False,True,False,,,0.0267538317635,0.0268793684379,False,False,False,0.25,synthetic,True
MLCC_LOW_PREVALENCE_C001022,MLCC_LOW_PREVALENCE_B005,MLCC_X7R,leakage_ua,SIM_X7R_100N_50V,ordinary_noise,ordinary_noise,False,True,False,,,0.0238569398012,0.0290020092441,False,False,False,0.25,synthetic,True
MLCC_LOW_PREVALENCE_C001046,MLCC_LOW_PREVALENCE_B005,MLCC_X7R,leakage_ua,SIM_X7R_100N_50V,healthy_settling,healthy_settling,False,True,False,,,0.0261606685769,0.0278026678616,False,False,False,0.25,synthetic,True
MLCC_LOW_PREVALENCE_C001049,MLCC_LOW_PREVALENCE_B005,MLCC_X7R,leakage_ua,SIM_X7R_100N_50V,healthy_settling,healthy_settling,False,True,False,,,0.0260596715179,0.0250496141707,False,False,False,0.25,synthetic,True
MLCC_LOW_PREVALENCE_C001091,MLCC_LOW_PREVALENCE_B005,MLCC_X7R,leakage_ua,SIM_X7R_100N_50V,ordinary_noise,ordinary_noise,False,True,False,,,0.0204293162927,0.0206166998216,False,False,False,0.25,synthetic,True
MLCC_LOW_PREVALENCE_C001105,MLCC_LOW_PREVALENCE_B005,MLCC_X7R,leakage_ua,SIM_X7R_100N_50V,ordinary_noise,ordinary_noise,False,True,False,,,0.0335675208649,0.0307131263869,False,False,False,0.25,synthetic,True
MLCC_LOW_PREVALENCE_C001124,MLCC_LOW_PREVALENCE_B005,MLCC_X7R,leakage_ua,SIM_X7R_100N_50V,healthy_settling,healthy_settling,False,True,False,,,0.0155509019692,0.0153315194647,False,False,False,0.25,synthetic,True
MLCC_LOW_PREVALENCE_C001125,MLCC_LOW_PREVALENCE_B005,MLCC_X7R,leakage_ua,SIM_X7R_100N_50V,healthy_settling,healthy_settling,False,True,False,,,0.019641743375,0.0192410302628,False,False,False,0.25,synthetic,True
MLCC_LOW_PREVALENCE_C001127,MLCC_LOW_PREVALENCE_B005,MLCC_X7R,leakage_ua,SIM_X7R_100N_50V,ordinary_noise,ordinary_noise,False,True,False,,,0.0192724711209,0.0187674831567,False,False,False,0.25,synthetic,True
MLCC_LOW_PREVALENCE_C001130,MLCC_LOW_PREVALENCE_B005,MLCC_X7R,leakage_ua,SIM_X7R_100N_50V,healthy_settling,healthy_settling,False,True,False,,,0.0147120926459,0.015473824393,False,False,False,0.25,synthetic,True
MLCC_LOW_PREVALENCE_C001145,MLCC_LOW_PREVALENCE_B005,MLCC_X7R,leakage_ua,SIM_X7R_100N_50V,ordinary_noise,ordinary_noise,False,True,False,,,0.013914655295,0.0151419981996,False,False,False,0.25,synthetic,True
MLCC_LOW_PREVALENCE_C001152,MLCC_LOW_PREVALENCE_B005,MLCC_X7R,leakage_ua,SIM_X7R_100N_50V,healthy_settling,healthy_settling,False,True,False,,,0.0253904516683,0.0252820656931,False,False,False,0.25,synthetic,True
MLCC_LOW_PREVALENCE_C001158,MLCC_LOW_PREVALENCE_B005,MLCC_X7R,leakage_ua,SIM_X7R_100N_50V,ordinary_noise,ordinary_noise,False,True,False,,,0.0324755635876,0.0316216740686,False,False,False,0.25,synthetic,True
MLCC_LOW_PREVALENCE_C001190,MLCC_LOW_PREVALENCE_B005,MLCC_X7R,leakage_ua,SIM_X7R_100N_50V,healthy_settling,healthy_settling,False,True,False,,,0.0165244443021,0.0166098902921,False,False,False,0.25,synthetic,True
MLCC_LOW_PREVALENCE_C001199,MLCC_LOW_PREVALENCE_B005,MLCC_X7R,leakage_ua,SIM_X7R_100N_50V,healthy_settling,healthy_settling,False,True,False,,,0.0245075348182,0.026036064802,False,False,False,0.25,synthetic,True
MLCC_LOW_PREVALENCE_C001242,MLCC_LOW_PREVALENCE_B005,MLCC_X7R,leakage_ua,SIM_X7R_100N_50V,healthy_settling,healthy_settling,False,True,False,,,0.0228939786703,0.0223589386351,False,False,False,0.25,synthetic,True
MLCC_LOW_PREVALENCE_C001255,MLCC_LOW_PREVALENCE_B005,MLCC_X7R,leakage_ua,SIM_X7R_100N_50V,healthy_settling,healthy_settling,False,True,False,,,0.0286059262857,0.0284483550233,False,False,False,0.25,synthetic,True
MLCC_LOW_PREVALENCE_C001269,MLCC_LOW_PREVALENCE_B005,MLCC_X7R,leakage_ua,SIM_X7R_100N_50V,healthy_settling,healthy_settling,False,True,False,,,0.0402692035677,0.0404828333545,False,False,False,0.25,synthetic,True
MLCC_LOW_PREVALENCE_C001275,MLCC_LOW_PREVALENCE_B005,MLCC_X7R,leakage_ua,SIM_X7R_100N_50V,ordinary_noise,ordinary_noise,False,True,False,,,0.0143038551735,0.016026266376,False,False,False,0.25,synthetic,True
MLCC_LOW_PREVALENCE_C001290,MLCC_LOW_PREVALENCE_B005,MLCC_X7R,leakage_ua,SIM_X7R_100N_50V,healthy_settling,healthy_settling,False,True,False,,,0.0209113453989,0.0205352792429,False,False,False,0.25,synthetic,True
MLCC_LOW_PREVALENCE_C001337,MLCC_LOW_PREVALENCE_B005,MLCC_X7R,leakage_ua,SIM_X7R_100N_50V,healthy_settling,healthy_settling,False,True,False,,,0.0262232632794,0.0264782068203,False,False,False,0.25,synthetic,True
MLCC_LOW_PREVALENCE_C001347,MLCC_LOW_PREVALENCE_B005,MLCC_X7R,leakage_ua,SIM_X7R_100N_50V,healthy_settling,healthy_settling,False,True,False,,,0.0225257196652,0.0222464957925,False,False,False,0.25,synthetic,True
MLCC_LOW_PREVALENCE_C001364,MLCC_LOW_PREVALENCE_B005,MLCC_X7R,leakage_ua,SIM_X7R_100N_50V,healthy_settling,healthy_settling,False,True,False,,,0.0120795652619,0.0117685540656,False,False,False,0.25,synthetic,True
MLCC_LOW_PREVALENCE_C001415,MLCC_LOW_PREVALENCE_B005,MLCC_X7R,leakage_ua,SIM_X7R_100N_50V,healthy_settling,healthy_settling,False,True,False,,,0.0201007863331,0.0200354226239,False,False,False,0.25,synthetic,True
MLCC_LOW_PREVALENCE_C001427,MLCC_LOW_PREVALENCE_B005,MLCC_X7R,leakage_ua,SIM_X7R_100N_50V,healthy_settling,healthy_settling,False,True,False,,,0.0410624700125,0.04178575033,False,False,False,0.25,synthetic,True
MLCC_LOW_PREVALENCE_C001462,MLCC_LOW_PREVALENCE_B005,MLCC_X7R,leakage_ua,SIM_X7R_100N_50V,healthy_settling,healthy_settling,False,True,False,,,0.0321446760917,0.0318570933674,False,False,False,0.25,synthetic,True
MLCC_LOW_PREVALENCE_C001495,MLCC_LOW_PREVALENCE_B005,MLCC_X7R,leakage_ua,SIM_X7R_100N_50V,healthy_settling,healthy_settling,False,True,False,,,0.0343282577007,0.0343585180567,False,False,False,0.25,synthetic,True
MLCC_LOW_PREVALENCE_C001506,MLCC_LOW_PREVALENCE_B005,MLCC_X7R,leakage_ua,SIM_X7R_100N_50V,healthy_settling,healthy_settling,False,True,False,,,0.0271145219443,0.0270370601191,False,False,False,0.25,synthetic,True
MLCC_LOW_PREVALENCE_C001520,MLCC_LOW_PREVALENCE_B005,MLCC_X7R,leakage_ua,SIM_X7R_100N_50V,healthy_settling,healthy_settling,False,True,False,,,0.031735440928,0.0308786563724,False,False,False,0.25,synthetic,True
MLCC_LOW_PREVALENCE_C001525,MLCC_LOW_PREVALENCE_B005,MLCC_X7R,leakage_ua,SIM_X7R_100N_50V,healthy_settling,healthy_settling,False,True,False,,,0.0146946135972,0.0144077011719,False,False,False,0.25,synthetic,True
MLCC_LOW_PREVALENCE_C001535,MLCC_LOW_PREVALENCE_B005,MLCC_X7R,leakage_ua,SIM_X7R_100N_50V,healthy_settling,healthy_settling,False,True,False,,,0.0242122065412,0.0240292165921,False,False,False,0.25,synthetic,True
MLCC_LOW_PREVALENCE_C001591,MLCC_LOW_PREVALENCE_B005,MLCC_X7R,leakage_ua,SIM_X7R_100N_50V,healthy_settling,healthy_settling,False,True,False,,,0.0387222931361,0.0384610028735,False,False,False,0.25,synthetic,True
MLCC_LOW_PREVALENCE_C001640,MLCC_LOW_PREVALENCE_B005,MLCC_X7R,leakage_ua,SIM_X7R_100N_50V,healthy_settling,healthy_settling,False,True,False,,,0.0231621907967,0.0237318036228,False,False,False,0.25,synthetic,True
MLCC_LOW_PREVALENCE_C001642,MLCC_LOW_PREVALENCE_B005,MLCC_X7R,leakage_ua,SIM_X7R_100N_50V,ordinary_noise,ordinary_noise,False,True,False,,,0.0147981225717,0.0142416687756,False,False,False,0.25,synthetic,True
MLCC_LOW_PREVALENCE_C001655,MLCC_LOW_PREVALENCE_B005,MLCC_X7R,leakage_ua,SIM_X7R_100N_50V,healthy_settling,healthy_settling,False,True,False,,,0.020338436352,0.0198629994017,False,False,False,0.25,synthetic,True
MLCC_LOW_PREVALENCE_C001657,MLCC_LOW_PREVALENCE_B005,MLCC_X7R,leakage_ua,SIM_X7R_100N_50V,healthy_settling,healthy_settling,False,True,False,,,0.0155718447262,0.0160783262971,False,False,False,0.25,synthetic,True
MLCC_LOW_PREVALENCE_C001663,MLCC_LOW_PREVALENCE_B005,MLCC_X7R,leakage_ua,SIM_X7R_100N_50V,healthy_settling,healthy_settling,False,True,False,,,0.0131593777886,0.0129984960278,False,False,False,0.25,synthetic,True
MLCC_LOW_PREVALENCE_C001673,MLCC_LOW_PREVALENCE_B005,MLCC_X7R,leakage_ua,SIM_X7R_100N_50V,ordinary_noise,ordinary_noise,False,True,False,,,0.045986555912,0.0426750752471,False,False,False,0.25,synthetic,True
MLCC_LOW_PREVALENCE_C001675,MLCC_LOW_PREVALENCE_B005,MLCC_X7R,leakage_ua,SIM_X7R_100N_50V,ordinary_noise,ordinary_noise,False,True,False,,,0.0192828417605,0.0226337385283,False,False,False,0.25,synthetic,True
MLCC_LOW_PREVALENCE_C001694,MLCC_LOW_PREVALENCE_B005,MLCC_X7R,leakage_ua,SIM_X7R_100N_50V,healthy_settling,healthy_settling,False,True,False,,,0.0213973598416,0.0213829673156,False,False,False,0.25,synthetic,True
MLCC_LOW_PREVALENCE_C001715,MLCC_LOW_PREVALENCE_B005,MLCC_X7R,leakage_ua,SIM_X7R_100N_50V,gradual_drift,gradual_drift,True,False,False,6,,0.161505879066,0.1616201368,False,False,False,0.25,synthetic,True
MLCC_LOW_PREVALENCE_C001735,MLCC_LOW_PREVALENCE_B005,MLCC_X7R,leakage_ua,SIM_X7R_100N_50V,ordinary_noise,ordinary_noise,False,True,False,,,0.0225325492815,0.0256823491582,False,False,False,0.25,synthetic,True
MLCC_LOW_PREVALENCE_C001751,MLCC_LOW_PREVALENCE_B005,MLCC_X7R,leakage_ua,SIM_X7R_100N_50V,healthy_settling,healthy_settling,False,True,False,,,0.0167203065755,0.0167376542832,False,False,False,0.25,synthetic,True
MLCC_LOW_PREVALENCE_C001768,MLCC_LOW_PREVALENCE_B005,MLCC_X7R,leakage_ua,SIM_X7R_100N_50V,healthy_settling,healthy_settling,False,True,False,,,0.029465408956,0.0292532622471,False,False,False,0.25,synthetic,True
MLCC_LOW_PREVALENCE_C001783,MLCC_LOW_PREVALENCE_B005,MLCC_X7R,leakage_ua,SIM_X7R_100N_50V,healthy_settling,healthy_settling,False,True,False,,,0.0220927340104,0.0236888308621,False,False,False,0.25,synthetic,True
MLCC_LOW_PREVALENCE_C001793,MLCC_LOW_PREVALENCE_B005,MLCC_X7R,leakage_ua,SIM_X7R_100N_50V,healthy_settling,healthy_settling,False,True,False,,,0.0250234933952,0.0239225774652,False,False,False,0.25,synthetic,True
MLCC_LOW_PREVALENCE_C001926,MLCC_LOW_PREVALENCE_B005,MLCC_X7R,leakage_ua,SIM_X7R_100N_50V,healthy_settling,healthy_settling,False,True,False,,,0.0376387291241,0.0389221175141,False,False,False,0.25,synthetic,True
MLCC_LOW_PREVALENCE_C001947,MLCC_LOW_PREVALENCE_B005,MLCC_X7R,leakage_ua,SIM_X7R_100N_50V,ordinary_noise,ordinary_noise,False,True,False,,,0.0191497095027,0.0236400263745,False,False,False,0.25,synthetic,True
MLCC_LOW_PREVALENCE_C001984,MLCC_LOW_PREVALENCE_B005,MLCC_X7R,leakage_ua,SIM_X7R_100N_50V,healthy_settling,healthy_settling,False,True,False,,,0.0177363217777,0.0175695908053,False,False,False,0.25,synthetic,True
MLCC_LOW_PREVALENCE_C000006,MLCC_LOW_PREVALENCE_B006,MLCC_X7R,leakage_ua,SIM_X7R_100N_50V,healthy_settling,healthy_settling,False,True,False,,,0.0315996789215,0.0328147357896,False,False,False,0.25,synthetic,True
MLCC_LOW_PREVALENCE_C000007,MLCC_LOW_PREVALENCE_B006,MLCC_X7R,leakage_ua,SIM_X7R_100N_50V,accelerating_drift,accelerating_drift,True,False,False,0,,0.330159268559,0.333655480438,True,True,True,0.25,synthetic,True
MLCC_LOW_PREVALENCE_C000040,MLCC_LOW_PREVALENCE_B006,MLCC_X7R,leakage_ua,SIM_X7R_100N_50V,healthy_settling,healthy_settling,False,True,False,,,0.0308089405069,0.0306887744701,False,False,False,0.25,synthetic,True
MLCC_LOW_PREVALENCE_C000127,MLCC_LOW_PREVALENCE_B006,MLCC_X7R,leakage_ua,SIM_X7R_100N_50V,healthy_settling,healthy_settling,False,True,False,,,0.0268308962819,0.026524978956,False,False,False,0.25,synthetic,True
MLCC_LOW_PREVALENCE_C000144,MLCC_LOW_PREVALENCE_B006,MLCC_X7R,leakage_ua,SIM_X7R_100N_50V,healthy_settling,healthy_settling,False,True,False,,,0.032782225546,0.0319841888052,False,False,False,0.25,synthetic,True
MLCC_LOW_PREVALENCE_C000148,MLCC_LOW_PREVALENCE_B006,MLCC_X7R,leakage_ua,SIM_X7R_100N_50V,healthy_settling,healthy_settling,False,True,False,,,0.0296565737465,0.0302111538407,False,False,False,0.25,synthetic,True
MLCC_LOW_PREVALENCE_C000175,MLCC_LOW_PREVALENCE_B006,MLCC_X7R,leakage_ua,SIM_X7R_100N_50V,healthy_settling,healthy_settling,False,True,False,,,0.0344344579311,0.0334999351129,False,False,False,0.25,synthetic,True
MLCC_LOW_PREVALENCE_C000193,MLCC_LOW_PREVALENCE_B006,MLCC_X7R,leakage_ua,SIM_X7R_100N_50V,healthy_settling,healthy_settling,False,True,False,,,0.0297275919316,0.028598752501,False,False,False,0.25,synthetic,True
MLCC_LOW_PREVALENCE_C000196,MLCC_LOW_PREVALENCE_B006,MLCC_X7R,leakage_ua,SIM_X7R_100N_50V,healthy_settling,healthy_settling,False,True,False,,,0.0437005710906,0.0410555504174,False,False,False,0.25,synthetic,True
MLCC_LOW_PREVALENCE_C000264,MLCC_LOW_PREVALENCE_B006,MLCC_X7R,leakage_ua,SIM_X7R_100N_50V,ordinary_noise,ordinary_noise,False,True,False,,,0.0154708568452,0.0168139552749,False,False,False,0.25,synthetic,True
MLCC_LOW_PREVALENCE_C000291,MLCC_LOW_PREVALENCE_B006,MLCC_X7R,leakage_ua,SIM_X7R_100N_50V,healthy_settling,healthy_settling,False,True,False,,,0.0228791147083,0.0227759014856,False,False,False,0.25,synthetic,True
MLCC_LOW_PREVALENCE_C000326,MLCC_LOW_PREVALENCE_B006,MLCC_X7R,leakage_ua,SIM_X7R_100N_50V,ordinary_noise,ordinary_noise,False,True,False,,,0.024792418756,0.0250351711957,False,False,False,0.25,synthetic,True
MLCC_LOW_PREVALENCE_C000328,MLCC_LOW_PREVALENCE_B006,MLCC_X7R,leakage_ua,SIM_X7R_100N_50V,healthy_settling,healthy_settling,False,True,False,,,0.0430128647022,0.0423063226572,False,False,False,0.25,synthetic,True
MLCC_LOW_PREVALENCE_C000340,MLCC_LOW_PREVALENCE_B006,MLCC_X7R,leakage_ua,SIM_X7R_100N_50V,healthy_settling,healthy_settling,False,True,False,,,0.0276869582275,0.0281938303856,False,False,False,0.25,synthetic,True
MLCC_LOW_PREVALENCE_C000361,MLCC_LOW_PREVALENCE_B006,MLCC_X7R,leakage_ua,SIM_X7R_100N_50V,healthy_settling,healthy_settling,False,True,False,,,0.0353354273624,0.0351709485107,False,False,False,0.25,synthetic,True
MLCC_LOW_PREVALENCE_C000392,MLCC_LOW_PREVALENCE_B006,MLCC_X7R,leakage_ua,SIM_X7R_100N_50V,healthy_settling,healthy_settling,False,True,False,,,0.013598562255,0.0144935670456,False,False,False,0.25,synthetic,True
MLCC_LOW_PREVALENCE_C000439,MLCC_LOW_PREVALENCE_B006,MLCC_X7R,leakage_ua,SIM_X7R_100N_50V,healthy_settling,healthy_settling,False,True,False,,,0.0304100053566,0.0303684842588,False,False,False,0.25,synthetic,True
MLCC_LOW_PREVALENCE_C000452,MLCC_LOW_PREVALENCE_B006,MLCC_X7R,leakage_ua,SIM_X7R_100N_50V,healthy_settling,healthy_settling,False,True,False,,,0.0320035657805,0.0316912590638,False,False,False,0.25,synthetic,True
MLCC_LOW_PREVALENCE_C000501,MLCC_LOW_PREVALENCE_B006,MLCC_X7R,leakage_ua,SIM_X7R_100N_50V,healthy_settling,healthy_settling,False,True,False,,,0.0491706205442,0.0471130694248,False,False,False,0.25,synthetic,True
MLCC_LOW_PREVALENCE_C000504,MLCC_LOW_PREVALENCE_B006,MLCC_X7R,leakage_ua,SIM_X7R_100N_50V,healthy_settling,healthy_settling,False,True,False,,,0.037839803768,0.0381776049997,False,False,False,0.25,synthetic,True
MLCC_LOW_PREVALENCE_C000511,MLCC_LOW_PREVALENCE_B006,MLCC_X7R,leakage_ua,SIM_X7R_100N_50V,healthy_settling,healthy_settling,False,True,False,,,0.0202266074542,0.0194928778428,False,False,False,0.25,synthetic,True
MLCC_LOW_PREVALENCE_C000555,MLCC_LOW_PREVALENCE_B006,MLCC_X7R,leakage_ua,SIM_X7R_100N_50V,healthy_settling,healthy_settling,False,True,False,,,0.0324560198904,0.0323313907638,False,False,False,0.25,synthetic,True
MLCC_LOW_PREVALENCE_C000579,MLCC_LOW_PREVALENCE_B006,MLCC_X7R,leakage_ua,SIM_X7R_100N_50V,ordinary_noise,ordinary_noise,False,True,False,,,0.0337319856141,0.0410885327903,False,False,False,0.25,synthetic,True
MLCC_LOW_PREVALENCE_C000589,MLCC_LOW_PREVALENCE_B006,MLCC_X7R,leakage_ua,SIM_X7R_100N_50V,healthy_settling,healthy_settling,False,True,False,,,0.0231238224347,0.0227249917616,False,False,False,0.25,synthetic,True
MLCC_LOW_PREVALENCE_C000608,MLCC_LOW_PREVALENCE_B006,MLCC_X7R,leakage_ua,SIM_X7R_100N_50V,healthy_settling,healthy_settling,False,True,False,,,0.0171576568133,0.0173092339474,False,False,False,0.25,synthetic,True
MLCC_LOW_PREVALENCE_C000611,MLCC_LOW_PREVALENCE_B006,MLCC_X7R,leakage_ua,SIM_X7R_100N_50V,ordinary_noise,ordinary_noise,False,True,False,,,0.0591697628869,0.0531754744015,False,False,False,0.25,synthetic,True
MLCC_LOW_PREVALENCE_C000654,MLCC_LOW_PREVALENCE_B006,MLCC_X7R,leakage_ua,SIM_X7R_100N_50V,healthy_settling,healthy_settling,False,True,False,,,0.0508794119657,0.0495881354608,False,False,False,0.25,synthetic,True
MLCC_LOW_PREVALENCE_C000658,MLCC_LOW_PREVALENCE_B006,MLCC_X7R,leakage_ua,SIM_X7R_100N_50V,ordinary_noise,ordinary_noise,False,True,False,,,0.0210647662634,0.0210170729236,False,False,False,0.25,synthetic,True
MLCC_LOW_PREVALENCE_C000659,MLCC_LOW_PREVALENCE_B006,MLCC_X7R,leakage_ua,SIM_X7R_100N_50V,ordinary_noise,ordinary_noise,False,True,False,,,0.023179898534,0.0196945893458,False,False,False,0.25,synthetic,True
MLCC_LOW_PREVALENCE_C000690,MLCC_LOW_PREVALENCE_B006,MLCC_X7R,leakage_ua,SIM_X7R_100N_50V,healthy_settling,healthy_settling,False,True,False,,,0.0317361135308,0.03133990362,False,False,False,0.25,synthetic,True
MLCC_LOW_PREVALENCE_C000699,MLCC_LOW_PREVALENCE_B006,MLCC_X7R,leakage_ua,SIM_X7R_100N_50V,healthy_settling,healthy_settling,False,True,False,,,0.0281725221162,0.0287580088064,False,False,False,0.25,synthetic,True
MLCC_LOW_PREVALENCE_C000713,MLCC_LOW_PREVALENCE_B006,MLCC_X7R,leakage_ua,SIM_X7R_100N_50V,ordinary_noise,ordinary_noise,False,True,False,,,0.0201491144584,0.0220211918816,False,False,False,0.25,synthetic,True
MLCC_LOW_PREVALENCE_C000718,MLCC_LOW_PREVALENCE_B006,MLCC_X7R,leakage_ua,SIM_X7R_100N_50V,healthy_settling,healthy_settling,False,True,False,,,0.0233889631144,0.0232579235397,False,False,False,0.25,synthetic,True
MLCC_LOW_PREVALENCE_C000722,MLCC_LOW_PREVALENCE_B006,MLCC_X7R,leakage_ua,SIM_X7R_100N_50V,ordinary_noise,ordinary_noise,False,True,False,,,0.021722502926,0.0244272604556,False,False,False,0.25,synthetic,True
MLCC_LOW_PREVALENCE_C000774,MLCC_LOW_PREVALENCE_B006,MLCC_X7R,leakage_ua,SIM_X7R_100N_50V,ordinary_noise,ordinary_noise,False,True,False,,,0.0217653142271,0.0228576983496,False,False,False,0.25,synthetic,True
MLCC_LOW_PREVALENCE_C000776,MLCC_LOW_PREVALENCE_B006,MLCC_X7R,leakage_ua,SIM_X7R_100N_50V,healthy_settling,healthy_settling,False,True,False,,,0.0278614576064,0.0276145323258,False,False,False,0.25,synthetic,True
MLCC_LOW_PREVALENCE_C000789,MLCC_LOW_PREVALENCE_B006,MLCC_X7R,leakage_ua,SIM_X7R_100N_50V,healthy_settling,healthy_settling,False,True,False,,,0.0267460796,0.027416749067,False,False,False,0.25,synthetic,True
MLCC_LOW_PREVALENCE_C000805,MLCC_LOW_PREVALENCE_B006,MLCC_X7R,leakage_ua,SIM_X7R_100N_50V,ordinary_noise,ordinary_noise,False,True,False,,,0.024395843891,0.0257545258089,False,False,False,0.25,synthetic,True
MLCC_LOW_PREVALENCE_C000840,MLCC_LOW_PREVALENCE_B006,MLCC_X7R,leakage_ua,SIM_X7R_100N_50V,ordinary_noise,ordinary_noise,False,True,False,,,0.0279991722133,0.0264987781151,False,False,False,0.25,synthetic,True
MLCC_LOW_PREVALENCE_C000841,MLCC_LOW_PREVALENCE_B006,MLCC_X7R,leakage_ua,SIM_X7R_100N_50V,healthy_settling,healthy_settling,False,True,False,,,0.0224533844668,0.0222816731655,False,False,False,0.25,synthetic,True
MLCC_LOW_PREVALENCE_C000885,MLCC_LOW_PREVALENCE_B006,MLCC_X7R,leakage_ua,SIM_X7R_100N_50V,healthy_settling,healthy_settling,False,True,False,,,0.0263415054951,0.0259497237224,False,False,False,0.25,synthetic,True
MLCC_LOW_PREVALENCE_C000910,MLCC_LOW_PREVALENCE_B006,MLCC_X7R,leakage_ua,SIM_X7R_100N_50V,healthy_settling,healthy_settling,False,True,False,,,0.0436560782391,0.0445318484193,False,False,False,0.25,synthetic,True
MLCC_LOW_PREVALENCE_C000931,MLCC_LOW_PREVALENCE_B006,MLCC_X7R,leakage_ua,SIM_X7R_100N_50V,healthy_settling,healthy_settling,False,True,False,,,0.0202270470794,0.0196647474007,False,False,False,0.25,synthetic,True
MLCC_LOW_PREVALENCE_C000939,MLCC_LOW_PREVALENCE_B006,MLCC_X7R,leakage_ua,SIM_X7R_100N_50V,healthy_settling,healthy_settling,False,True,False,,,0.0182443945719,0.0183436190478,False,False,False,0.25,synthetic,True
MLCC_LOW_PREVALENCE_C000999,MLCC_LOW_PREVALENCE_B006,MLCC_X7R,leakage_ua,SIM_X7R_100N_50V,healthy_settling,healthy_settling,False,True,False,,,0.0205918002567,0.019178263816,False,False,False,0.25,synthetic,True
MLCC_LOW_PREVALENCE_C001043,MLCC_LOW_PREVALENCE_B006,MLCC_X7R,leakage_ua,SIM_X7R_100N_50V,healthy_settling,healthy_settling,False,True,False,,,0.0311928062326,0.0311294330594,False,False,False,0.25,synthetic,True
MLCC_LOW_PREVALENCE_C001082,MLCC_LOW_PREVALENCE_B006,MLCC_X7R,leakage_ua,SIM_X7R_100N_50V,healthy_settling,healthy_settling,False,True,False,,,0.0353537427948,0.0349372622742,False,False,False,0.25,synthetic,True
MLCC_LOW_PREVALENCE_C001092,MLCC_LOW_PREVALENCE_B006,MLCC_X7R,leakage_ua,SIM_X7R_100N_50V,healthy_settling,healthy_settling,False,True,False,,,0.0573833660892,0.0567411115189,False,False,False,0.25,synthetic,True
MLCC_LOW_PREVALENCE_C001141,MLCC_LOW_PREVALENCE_B006,MLCC_X7R,leakage_ua,SIM_X7R_100N_50V,late_abrupt_onset,late_abrupt_onset,True,False,False,48,,0.0880722618005,0.0892979685294,False,False,False,0.25,synthetic,True
MLCC_LOW_PREVALENCE_C001143,MLCC_LOW_PREVALENCE_B006,MLCC_X7R,leakage_ua,SIM_X7R_100N_50V,healthy_settling,healthy_settling,False,True,False,,,0.0231067047963,0.0224038053368,False,False,False,0.25,synthetic,True
MLCC_LOW_PREVALENCE_C001168,MLCC_LOW_PREVALENCE_B006,MLCC_X7R,leakage_ua,SIM_X7R_100N_50V,healthy_settling,healthy_settling,False,True,False,,,0.0410673331393,0.0422871224482,False,False,False,0.25,synthetic,True
MLCC_LOW_PREVALENCE_C001172,MLCC_LOW_PREVALENCE_B006,MLCC_X7R,leakage_ua,SIM_X7R_100N_50V,healthy_settling,healthy_settling,False,True,False,,,0.0238569681612,0.0238865688699,False,False,False,0.25,synthetic,True
MLCC_LOW_PREVALENCE_C001219,MLCC_LOW_PREVALENCE_B006,MLCC_X7R,leakage_ua,SIM_X7R_100N_50V,healthy_settling,healthy_settling,False,True,False,,,0.0221483773678,0.0219170847048,False,False,False,0.25,synthetic,True
MLCC_LOW_PREVALENCE_C001224,MLCC_LOW_PREVALENCE_B006,MLCC_X7R,leakage_ua,SIM_X7R_100N_50V,healthy_settling,healthy_settling,False,True,False,,,0.0289954086246,0.0281885579888,False,False,False,0.25,synthetic,True
MLCC_LOW_PREVALENCE_C001241,MLCC_LOW_PREVALENCE_B006,MLCC_X7R,leakage_ua,SIM_X7R_100N_50V,healthy_settling,healthy_settling,False,True,False,,,0.0292442252845,0.0312873048661,False,False,False,0.25,synthetic,True
MLCC_LOW_PREVALENCE_C001256,MLCC_LOW_PREVALENCE_B006,MLCC_X7R,leakage_ua,SIM_X7R_100N_50V,healthy_settling,healthy_settling,False,True,False,,,0.0349164167823,0.0344171962117,False,False,False,0.25,synthetic,True
MLCC_LOW_PREVALENCE_C001267,MLCC_LOW_PREVALENCE_B006,MLCC_X7R,leakage_ua,SIM_X7R_100N_50V,healthy_settling,healthy_settling,False,True,False,,,0.0397404559273,0.042192232387,False,False,False,0.25,synthetic,True
MLCC_LOW_PREVALENCE_C001276,MLCC_LOW_PREVALENCE_B006,MLCC_X7R,leakage_ua,SIM_X7R_100N_50V,healthy_settling,healthy_settling,False,True,False,,,0.02489950137,0.0258859002998,False,False,False,0.25,synthetic,True
MLCC_LOW_PREVALENCE_C001298,MLCC_LOW_PREVALENCE_B006,MLCC_X7R,leakage_ua,SIM_X7R_100N_50V,healthy_settling,healthy_settling,False,True,False,,,0.0163633119292,0.0161385909592,False,False,False,0.25,synthetic,True
MLCC_LOW_PREVALENCE_C001301,MLCC_LOW_PREVALENCE_B006,MLCC_X7R,leakage_ua,SIM_X7R_100N_50V,healthy_settling,healthy_settling,False,True,False,,,0.0234682418604,0.0238578428771,False,False,False,0.25,synthetic,True
MLCC_LOW_PREVALENCE_C001325,MLCC_LOW_PREVALENCE_B006,MLCC_X7R,leakage_ua,SIM_X7R_100N_50V,healthy_settling,healthy_settling,False,True,False,,,0.0222279891332,0.022306878751,False,False,False,0.25,synthetic,True
MLCC_LOW_PREVALENCE_C001331,MLCC_LOW_PREVALENCE_B006,MLCC_X7R,leakage_ua,SIM_X7R_100N_50V,ordinary_noise,ordinary_noise,False,True,False,,,0.034824026225,0.0345736887326,False,False,False,0.25,synthetic,True
MLCC_LOW_PREVALENCE_C001345,MLCC_LOW_PREVALENCE_B006,MLCC_X7R,leakage_ua,SIM_X7R_100N_50V,ordinary_noise,ordinary_noise,False,True,False,,,0.0381550454679,0.0350976468162,False,False,False,0.25,synthetic,True
MLCC_LOW_PREVALENCE_C001386,MLCC_LOW_PREVALENCE_B006,MLCC_X7R,leakage_ua,SIM_X7R_100N_50V,ordinary_noise,ordinary_noise,False,True,False,,,0.0246412232912,0.0236839249212,False,False,False,0.25,synthetic,True
MLCC_LOW_PREVALENCE_C001469,MLCC_LOW_PREVALENCE_B006,MLCC_X7R,leakage_ua,SIM_X7R_100N_50V,healthy_settling,healthy_settling,False,True,False,,,0.0281955678723,0.0292580001412,False,False,False,0.25,synthetic,True
MLCC_LOW_PREVALENCE_C001470,MLCC_LOW_PREVALENCE_B006,MLCC_X7R,leakage_ua,SIM_X7R_100N_50V,ordinary_noise,ordinary_noise,False,True,False,,,0.0292281947881,0.0324798221031,False,False,False,0.25,synthetic,True
MLCC_LOW_PREVALENCE_C001474,MLCC_LOW_PREVALENCE_B006,MLCC_X7R,leakage_ua,SIM_X7R_100N_50V,ordinary_noise,ordinary_noise,False,True,False,,,0.0420412457934,0.0359813644008,False,False,False,0.25,synthetic,True
MLCC_LOW_PREVALENCE_C001511,MLCC_LOW_PREVALENCE_B006,MLCC_X7R,leakage_ua,SIM_X7R_100N_50V,healthy_settling,healthy_settling,False,True,False,,,0.0273776804815,0.0275440945121,False,False,False,0.25,synthetic,True
MLCC_LOW_PREVALENCE_C001546,MLCC_LOW_PREVALENCE_B006,MLCC_X7R,leakage_ua,SIM_X7R_100N_50V,healthy_settling,healthy_settling,False,True,False,,,0.029973979623,0.0299492537246,False,False,False,0.25,synthetic,True
MLCC_LOW_PREVALENCE_C001548,MLCC_LOW_PREVALENCE_B006,MLCC_X7R,leakage_ua,SIM_X7R_100N_50V,healthy_settling,healthy_settling,False,True,False,,,0.0205645532265,0.021540715048,False,False,False,0.25,synthetic,True
MLCC_LOW_PREVALENCE_C001574,MLCC_LOW_PREVALENCE_B006,MLCC_X7R,leakage_ua,SIM_X7R_100N_50V,healthy_settling,healthy_settling,False,True,False,,,0.0311023357297,0.0296627216284,False,False,False,0.25,synthetic,True
MLCC_LOW_PREVALENCE_C001595,MLCC_LOW_PREVALENCE_B006,MLCC_X7R,leakage_ua,SIM_X7R_100N_50V,healthy_settling,healthy_settling,False,True,False,,,0.0241408682746,0.0258826185439,False,False,False,0.25,synthetic,True
MLCC_LOW_PREVALENCE_C001596,MLCC_LOW_PREVALENCE_B006,MLCC_X7R,leakage_ua,SIM_X7R_100N_50V,healthy_settling,healthy_settling,False,True,False,,,0.0181208356493,0.0193027200918,False,False,False,0.25,synthetic,True
MLCC_LOW_PREVALENCE_C001617,MLCC_LOW_PREVALENCE_B006,MLCC_X7R,leakage_ua,SIM_X7R_100N_50V,ordinary_noise,ordinary_noise,False,True,False,,,0.0406252839893,0.0380449373717,False,False,False,0.25,synthetic,True
MLCC_LOW_PREVALENCE_C001628,MLCC_LOW_PREVALENCE_B006,MLCC_X7R,leakage_ua,SIM_X7R_100N_50V,healthy_settling,healthy_settling,False,True,False,,,0.0288529096362,0.0272156917286,False,False,False,0.25,synthetic,True
MLCC_LOW_PREVALENCE_C001629,MLCC_LOW_PREVALENCE_B006,MLCC_X7R,leakage_ua,SIM_X7R_100N_50V,healthy_settling,healthy_settling,False,True,False,,,0.0364343529037,0.03737546428,False,False,False,0.25,synthetic,True
MLCC_LOW_PREVALENCE_C001634,MLCC_LOW_PREVALENCE_B006,MLCC_X7R,leakage_ua,SIM_X7R_100N_50V,healthy_settling,healthy_settling,False,True,False,,,0.0224157757241,0.0224274779666,False,False,False,0.25,synthetic,True
MLCC_LOW_PREVALENCE_C001656,MLCC_LOW_PREVALENCE_B006,MLCC_X7R,leakage_ua,SIM_X7R_100N_50V,healthy_settling,healthy_settling,False,True,False,,,0.0296989450593,0.0331389668883,False,False,False,0.25,synthetic,True
MLCC_LOW_PREVALENCE_C001677,MLCC_LOW_PREVALENCE_B006,MLCC_X7R,leakage_ua,SIM_X7R_100N_50V,healthy_settling,healthy_settling,False,True,False,,,0.0224851313537,0.0225915604234,False,False,False,0.25,synthetic,True
MLCC_LOW_PREVALENCE_C001682,MLCC_LOW_PREVALENCE_B006,MLCC_X7R,leakage_ua,SIM_X7R_100N_50V,healthy_settling,healthy_settling,False,True,False,,,0.0252946060504,0.0259952838585,False,False,False,0.25,synthetic,True
MLCC_LOW_PREVALENCE_C001696,MLCC_LOW_PREVALENCE_B006,MLCC_X7R,leakage_ua,SIM_X7R_100N_50V,healthy_settling,healthy_settling,False,True,False,,,0.0222189774898,0.0224109021145,False,False,False,0.25,synthetic,True
MLCC_LOW_PREVALENCE_C001740,MLCC_LOW_PREVALENCE_B006,MLCC_X7R,leakage_ua,SIM_X7R_100N_50V,ordinary_noise,ordinary_noise,False,True,False,,,0.0298897312194,0.0287952148077,False,False,False,0.25,synthetic,True
MLCC_LOW_PREVALENCE_C001749,MLCC_LOW_PREVALENCE_B006,MLCC_X7R,leakage_ua,SIM_X7R_100N_50V,healthy_settling,healthy_settling,False,True,False,,,0.0190481833023,0.0191165382497,False,False,False,0.25,synthetic,True
MLCC_LOW_PREVALENCE_C001772,MLCC_LOW_PREVALENCE_B006,MLCC_X7R,leakage_ua,SIM_X7R_100N_50V,healthy_settling,healthy_settling,False,True,False,,,0.0313857573227,0.0302562829232,False,False,False,0.25,synthetic,True
MLCC_LOW_PREVALENCE_C001776,MLCC_LOW_PREVALENCE_B006,MLCC_X7R,leakage_ua,SIM_X7R_100N_50V,healthy_settling,healthy_settling,False,True,False,,,0.0455124945508,0.0445308708592,False,False,False,0.25,synthetic,True
MLCC_LOW_PREVALENCE_C001792,MLCC_LOW_PREVALENCE_B006,MLCC_X7R,leakage_ua,SIM_X7R_100N_50V,healthy_settling,healthy_settling,False,True,False,,,0.0225693548646,0.0226000963364,False,False,False,0.25,synthetic,True
MLCC_LOW_PREVALENCE_C001802,MLCC_LOW_PREVALENCE_B006,MLCC_X7R,leakage_ua,SIM_X7R_100N_50V,healthy_settling,healthy_settling,False,True,False,,,0.0339137215671,0.0354597640709,False,False,False,0.25,synthetic,True
MLCC_LOW_PREVALENCE_C001815,MLCC_LOW_PREVALENCE_B006,MLCC_X7R,leakage_ua,SIM_X7R_100N_50V,ordinary_noise,ordinary_noise,False,True,False,,,0.0481955120769,0.0494533013309,False,False,False,0.25,synthetic,True
MLCC_LOW_PREVALENCE_C001821,MLCC_LOW_PREVALENCE_B006,MLCC_X7R,leakage_ua,SIM_X7R_100N_50V,healthy_settling,healthy_settling,False,True,False,,,0.0493987052242,0.0498518654908,False,False,False,0.25,synthetic,True
MLCC_LOW_PREVALENCE_C001826,MLCC_LOW_PREVALENCE_B006,MLCC_X7R,leakage_ua,SIM_X7R_100N_50V,healthy_settling,healthy_settling,False,True,False,,,0.0330422375639,0.0306203960854,False,False,False,0.25,synthetic,True
MLCC_LOW_PREVALENCE_C001834,MLCC_LOW_PREVALENCE_B006,MLCC_X7R,leakage_ua,SIM_X7R_100N_50V,healthy_settling,healthy_settling,False,True,False,,,0.0261706215067,0.0270607824008,False,False,False,0.25,synthetic,True
MLCC_LOW_PREVALENCE_C001895,MLCC_LOW_PREVALENCE_B006,MLCC_X7R,leakage_ua,SIM_X7R_100N_50V,ordinary_noise,ordinary_noise,False,True,False,,,0.0217635723651,0.0207136864866,False,False,False,0.25,synthetic,True
MLCC_LOW_PREVALENCE_C001909,MLCC_LOW_PREVALENCE_B006,MLCC_X7R,leakage_ua,SIM_X7R_100N_50V,healthy_settling,healthy_settling,False,True,False,,,0.0563448868156,0.0546235111403,False,False,False,0.25,synthetic,True
MLCC_LOW_PREVALENCE_C001918,MLCC_LOW_PREVALENCE_B006,MLCC_X7R,leakage_ua,SIM_X7R_100N_50V,healthy_settling,healthy_settling,False,True,False,,,0.0190332095837,0.0191186090849,False,False,False,0.25,synthetic,True
MLCC_LOW_PREVALENCE_C001927,MLCC_LOW_PREVALENCE_B006,MLCC_X7R,leakage_ua,SIM_X7R_100N_50V,healthy_settling,healthy_settling,False,True,False,,,0.0230834799658,0.022575618681,False,False,False,0.25,synthetic,True
MLCC_LOW_PREVALENCE_C001948,MLCC_LOW_PREVALENCE_B006,MLCC_X7R,leakage_ua,SIM_X7R_100N_50V,healthy_settling,healthy_settling,False,True,False,,,0.0358856616247,0.0356101582457,False,False,False,0.25,synthetic,True
MLCC_LOW_PREVALENCE_C001953,MLCC_LOW_PREVALENCE_B006,MLCC_X7R,leakage_ua,SIM_X7R_100N_50V,ordinary_noise,ordinary_noise,False,True,False,,,0.0279513986189,0.0259616298081,False,False,False,0.25,synthetic,True
MLCC_LOW_PREVALENCE_C001960,MLCC_LOW_PREVALENCE_B006,MLCC_X7R,leakage_ua,SIM_X7R_100N_50V,healthy_settling,healthy_settling,False,True,False,,,0.0296996566472,0.0300226302566,False,False,False,0.25,synthetic,True
MLCC_LOW_PREVALENCE_C001970,MLCC_LOW_PREVALENCE_B006,MLCC_X7R,leakage_ua,SIM_X7R_100N_50V,healthy_settling,healthy_settling,False,True,False,,,0.0258631895355,0.0265528657239,False,False,False,0.25,synthetic,True
MLCC_LOW_PREVALENCE_C001998,MLCC_LOW_PREVALENCE_B006,MLCC_X7R,leakage_ua,SIM_X7R_100N_50V,healthy_settling,healthy_settling,False,True,False,,,0.0326413594111,0.0336610982872,False,False,False,0.25,synthetic,True
MLCC_LOW_PREVALENCE_C000001,MLCC_LOW_PREVALENCE_B007,MLCC_X7R,leakage_ua,SIM_X7R_100N_50V,ordinary_noise,ordinary_noise,False,True,False,,,0.0224082690102,0.0229807228334,False,False,False,0.25,synthetic,True
MLCC_LOW_PREVALENCE_C000019,MLCC_LOW_PREVALENCE_B007,MLCC_X7R,leakage_ua,SIM_X7R_100N_50V,healthy_settling,healthy_settling,False,True,False,,,0.0164276107673,0.0160566627759,False,False,False,0.25,synthetic,True
MLCC_LOW_PREVALENCE_C000025,MLCC_LOW_PREVALENCE_B007,MLCC_X7R,leakage_ua,SIM_X7R_100N_50V,ordinary_noise,ordinary_noise,False,True,False,,,0.0242856395347,0.0219309404898,False,False,False,0.25,synthetic,True
MLCC_LOW_PREVALENCE_C000026,MLCC_LOW_PREVALENCE_B007,MLCC_X7R,leakage_ua,SIM_X7R_100N_50V,healthy_settling,healthy_settling,False,True,False,,,0.0661211041161,0.0651696035154,False,False,False,0.25,synthetic,True
MLCC_LOW_PREVALENCE_C000059,MLCC_LOW_PREVALENCE_B007,MLCC_X7R,leakage_ua,SIM_X7R_100N_50V,ordinary_noise,ordinary_noise,False,True,False,,,0.0227112930392,0.0216440794617,False,False,False,0.25,synthetic,True
MLCC_LOW_PREVALENCE_C000104,MLCC_LOW_PREVALENCE_B007,MLCC_X7R,leakage_ua,SIM_X7R_100N_50V,ordinary_noise,ordinary_noise,False,True,False,,,0.031896094181,0.0348073633679,False,False,False,0.25,synthetic,True
MLCC_LOW_PREVALENCE_C000143,MLCC_LOW_PREVALENCE_B007,MLCC_X7R,leakage_ua,SIM_X7R_100N_50V,healthy_settling,healthy_settling,False,True,False,,,0.0266500131032,0.0263990413587,False,False,False,0.25,synthetic,True
MLCC_LOW_PREVALENCE_C000178,MLCC_LOW_PREVALENCE_B007,MLCC_X7R,leakage_ua,SIM_X7R_100N_50V,healthy_settling,healthy_settling,False,True,False,,,0.0207606195243,0.0203312667748,False,False,False,0.25,synthetic,True
MLCC_LOW_PREVALENCE_C000195,MLCC_LOW_PREVALENCE_B007,MLCC_X7R,leakage_ua,SIM_X7R_100N_50V,healthy_settling,healthy_settling,False,True,False,,,0.0233032332303,0.0227710803931,False,False,False,0.25,synthetic,True
MLCC_LOW_PREVALENCE_C000202,MLCC_LOW_PREVALENCE_B007,MLCC_X7R,leakage_ua,SIM_X7R_100N_50V,healthy_settling,healthy_settling,False,True,False,,,0.0336744894902,0.0345673358385,False,False,False,0.25,synthetic,True
MLCC_LOW_PREVALENCE_C000235,MLCC_LOW_PREVALENCE_B007,MLCC_X7R,leakage_ua,SIM_X7R_100N_50V,healthy_settling,healthy_settling,False,True,False,,,0.0265797889439,0.0272270160006,False,False,False,0.25,synthetic,True
MLCC_LOW_PREVALENCE_C000268,MLCC_LOW_PREVALENCE_B007,MLCC_X7R,leakage_ua,SIM_X7R_100N_50V,healthy_settling,healthy_settling,False,True,False,,,0.0352861883306,0.0346735164878,False,False,False,0.25,synthetic,True
MLCC_LOW_PREVALENCE_C000272,MLCC_LOW_PREVALENCE_B007,MLCC_X7R,leakage_ua,SIM_X7R_100N_50V,ordinary_noise,ordinary_noise,False,True,False,,,0.0242576402205,0.0265767135768,False,False,False,0.25,synthetic,True
MLCC_LOW_PREVALENCE_C000275,MLCC_LOW_PREVALENCE_B007,MLCC_X7R,leakage_ua,SIM_X7R_100N_50V,healthy_settling,healthy_settling,False,True,False,,,0.0320052722555,0.0325833284578,False,False,False,0.25,synthetic,True
MLCC_LOW_PREVALENCE_C000277,MLCC_LOW_PREVALENCE_B007,MLCC_X7R,leakage_ua,SIM_X7R_100N_50V,ordinary_noise,ordinary_noise,False,True,False,,,0.0281040214995,0.0242531627627,False,False,False,0.25,synthetic,True
MLCC_LOW_PREVALENCE_C000290,MLCC_LOW_PREVALENCE_B007,MLCC_X7R,leakage_ua,SIM_X7R_100N_50V,healthy_settling,healthy_settling,False,True,False,,,0.0227704768337,0.0228956057942,False,False,False,0.25,synthetic,True
MLCC_LOW_PREVALENCE_C000296,MLCC_LOW_PREVALENCE_B007,MLCC_X7R,leakage_ua,SIM_X7R_100N_50V,ordinary_noise,ordinary_noise,False,True,False,,,0.0247975182087,0.0229734517298,False,False,False,0.25,synthetic,True
MLCC_LOW_PREVALENCE_C000299,MLCC_LOW_PREVALENCE_B007,MLCC_X7R,leakage_ua,SIM_X7R_100N_50V,healthy_settling,healthy_settling,False,True,False,,,0.0351434094175,0.0352010198814,False,False,False,0.25,synthetic,True
MLCC_LOW_PREVALENCE_C000320,MLCC_LOW_PREVALENCE_B007,MLCC_X7R,leakage_ua,SIM_X7R_100N_50V,healthy_settling,healthy_settling,False,True,False,,,0.0383899673354,0.0383342873154,False,False,False,0.25,synthetic,True
MLCC_LOW_PREVALENCE_C000381,MLCC_LOW_PREVALENCE_B007,MLCC_X7R,leakage_ua,SIM_X7R_100N_50V,healthy_settling,healthy_settling,False,True,False,,,0.0296693443867,0.0295469136211,False,False,False,0.25,synthetic,True
MLCC_LOW_PREVALENCE_C000405,MLCC_LOW_PREVALENCE_B007,MLCC_X7R,leakage_ua,SIM_X7R_100N_50V,healthy_settling,healthy_settling,False,True,False,,,0.0284676717255,0.0286295626334,False,False,False,0.25,synthetic,True
MLCC_LOW_PREVALENCE_C000432,MLCC_LOW_PREVALENCE_B007,MLCC_X7R,leakage_ua,SIM_X7R_100N_50V,healthy_settling,healthy_settling,False,True,False,,,0.0259156941387,0.0253132500238,False,False,False,0.25,synthetic,True
MLCC_LOW_PREVALENCE_C000449,MLCC_LOW_PREVALENCE_B007,MLCC_X7R,leakage_ua,SIM_X7R_100N_50V,healthy_settling,healthy_settling,False,True,False,,,0.0205298188575,0.0204773632554,False,False,False,0.25,synthetic,True
MLCC_LOW_PREVALENCE_C000485,MLCC_LOW_PREVALENCE_B007,MLCC_X7R,leakage_ua,SIM_X7R_100N_50V,healthy_settling,healthy_settling,False,True,False,,,0.0212161882297,0.0204653388557,False,False,False,0.25,synthetic,True
MLCC_LOW_PREVALENCE_C000490,MLCC_LOW_PREVALENCE_B007,MLCC_X7R,leakage_ua,SIM_X7R_100N_50V,healthy_settling,healthy_settling,False,True,False,,,0.0224154680773,0.0234491321541,False,False,False,0.25,synthetic,True
MLCC_LOW_PREVALENCE_C000506,MLCC_LOW_PREVALENCE_B007,MLCC_X7R,leakage_ua,SIM_X7R_100N_50V,ordinary_noise,ordinary_noise,False,True,False,,,0.0241491150383,0.0268139892442,False,False,False,0.25,synthetic,True
MLCC_LOW_PREVALENCE_C000546,MLCC_LOW_PREVALENCE_B007,MLCC_X7R,leakage_ua,SIM_X7R_100N_50V,healthy_settling,healthy_settling,False,True,False,,,0.020615438462,0.0207212546779,False,False,False,0.25,synthetic,True
MLCC_LOW_PREVALENCE_C000547,MLCC_LOW_PREVALENCE_B007,MLCC_X7R,leakage_ua,SIM_X7R_100N_50V,healthy_settling,healthy_settling,False,True,False,,,0.0287734318212,0.0281504032936,False,False,False,0.25,synthetic,True
MLCC_LOW_PREVALENCE_C000561,MLCC_LOW_PREVALENCE_B007,MLCC_X7R,leakage_ua,SIM_X7R_100N_50V,healthy_settling,healthy_settling,False,True,False,,,0.0274395399186,0.0261853754637,False,False,False,0.25,synthetic,True
MLCC_LOW_PREVALENCE_C000588,MLCC_LOW_PREVALENCE_B007,MLCC_X7R,leakage_ua,SIM_X7R_100N_50V,healthy_settling,healthy_settling,False,True,False,,,0.0348385932244,0.0339439642771,False,False,False,0.25,synthetic,True
MLCC_LOW_PREVALENCE_C000601,MLCC_LOW_PREVALENCE_B007,MLCC_X7R,leakage_ua,SIM_X7R_100N_50V,ordinary_noise,ordinary_noise,False,True,False,,,0.037548024982,0.0286432196261,False,False,False,0.25,synthetic,True
MLCC_LOW_PREVALENCE_C000629,MLCC_LOW_PREVALENCE_B007,MLCC_X7R,leakage_ua,SIM_X7R_100N_50V,ordinary_noise,ordinary_noise,False,True,False,,,0.0214921932095,0.0233041482021,False,False,False,0.25,synthetic,True
MLCC_LOW_PREVALENCE_C000635,MLCC_LOW_PREVALENCE_B007,MLCC_X7R,leakage_ua,SIM_X7R_100N_50V,healthy_settling,healthy_settling,False,True,False,,,0.0468798731617,0.0469023212446,False,False,False,0.25,synthetic,True
MLCC_LOW_PREVALENCE_C000676,MLCC_LOW_PREVALENCE_B007,MLCC_X7R,leakage_ua,SIM_X7R_100N_50V,healthy_settling,healthy_settling,False,True,False,,,0.0294590194855,0.030450924019,False,False,False,0.25,synthetic,True
MLCC_LOW_PREVALENCE_C000678,MLCC_LOW_PREVALENCE_B007,MLCC_X7R,leakage_ua,SIM_X7R_100N_50V,healthy_settling,healthy_settling,False,True,False,,,0.0288284928319,0.029369967849,False,False,False,0.25,synthetic,True
MLCC_LOW_PREVALENCE_C000701,MLCC_LOW_PREVALENCE_B007,MLCC_X7R,leakage_ua,SIM_X7R_100N_50V,ordinary_noise,ordinary_noise,False,True,False,,,0.0439059179842,0.0354491658232,False,False,False,0.25,synthetic,True
MLCC_LOW_PREVALENCE_C000705,MLCC_LOW_PREVALENCE_B007,MLCC_X7R,leakage_ua,SIM_X7R_100N_50V,healthy_settling,healthy_settling,False,True,False,,,0.0226012389512,0.021703019077,False,False,False,0.25,synthetic,True
MLCC_LOW_PREVALENCE_C000706,MLCC_LOW_PREVALENCE_B007,MLCC_X7R,leakage_ua,SIM_X7R_100N_50V,ordinary_noise,ordinary_noise,False,True,False,,,0.0177309695932,0.0177765146096,False,False,False,0.25,synthetic,True
MLCC_LOW_PREVALENCE_C000735,MLCC_LOW_PREVALENCE_B007,MLCC_X7R,leakage_ua,SIM_X7R_100N_50V,healthy_settling,healthy_settling,False,True,False,,,0.0385791644454,0.038412402231,False,False,False,0.25,synthetic,True
MLCC_LOW_PREVALENCE_C000746,MLCC_LOW_PREVALENCE_B007,MLCC_X7R,leakage_ua,SIM_X7R_100N_50V,healthy_settling,healthy_settling,False,True,False,,,0.0165623538288,0.0164345505486,False,False,False,0.25,synthetic,True
MLCC_LOW_PREVALENCE_C000765,MLCC_LOW_PREVALENCE_B007,MLCC_X7R,leakage_ua,SIM_X7R_100N_50V,healthy_settling,healthy_settling,False,True,False,,,0.0284404160528,0.0293925958136,False,False,False,0.25,synthetic,True
MLCC_LOW_PREVALENCE_C000784,MLCC_LOW_PREVALENCE_B007,MLCC_X7R,leakage_ua,SIM_X7R_100N_50V,healthy_settling,healthy_settling,False,True,False,,,0.0234600825465,0.0229802688349,False,False,False,0.25,synthetic,True
MLCC_LOW_PREVALENCE_C000802,MLCC_LOW_PREVALENCE_B007,MLCC_X7R,leakage_ua,SIM_X7R_100N_50V,healthy_settling,healthy_settling,False,True,False,,,0.0295994478963,0.0289045345608,False,False,False,0.25,synthetic,True
MLCC_LOW_PREVALENCE_C000815,MLCC_LOW_PREVALENCE_B007,MLCC_X7R,leakage_ua,SIM_X7R_100N_50V,ordinary_noise,ordinary_noise,False,True,False,,,0.0213620310754,0.0253908609089,False,False,False,0.25,synthetic,True
MLCC_LOW_PREVALENCE_C000820,MLCC_LOW_PREVALENCE_B007,MLCC_X7R,leakage_ua,SIM_X7R_100N_50V,healthy_settling,healthy_settling,False,True,False,,,0.023397460316,0.0234198889165,False,False,False,0.25,synthetic,True
MLCC_LOW_PREVALENCE_C000833,MLCC_LOW_PREVALENCE_B007,MLCC_X7R,leakage_ua,SIM_X7R_100N_50V,healthy_settling,healthy_settling,False,True,False,,,0.0379571342333,0.0401742359388,False,False,False,0.25,synthetic,True
MLCC_LOW_PREVALENCE_C000838,MLCC_LOW_PREVALENCE_B007,MLCC_X7R,leakage_ua,SIM_X7R_100N_50V,healthy_settling,healthy_settling,False,True,False,,,0.0379588561118,0.0369362774337,False,False,False,0.25,synthetic,True
MLCC_LOW_PREVALENCE_C000839,MLCC_LOW_PREVALENCE_B007,MLCC_X7R,leakage_ua,SIM_X7R_100N_50V,ordinary_noise,ordinary_noise,False,True,False,,,0.0281572644555,0.025996671488,False,False,False,0.25,synthetic,True
MLCC_LOW_PREVALENCE_C000842,MLCC_LOW_PREVALENCE_B007,MLCC_X7R,leakage_ua,SIM_X7R_100N_50V,healthy_settling,healthy_settling,False,True,False,,,0.020756699904,0.0201814516389,False,False,False,0.25,synthetic,True
MLCC_LOW_PREVALENCE_C000845,MLCC_LOW_PREVALENCE_B007,MLCC_X7R,leakage_ua,SIM_X7R_100N_50V,healthy_settling,healthy_settling,False,True,False,,,0.0276463322631,0.0274500917693,False,False,False,0.25,synthetic,True
MLCC_LOW_PREVALENCE_C000906,MLCC_LOW_PREVALENCE_B007,MLCC_X7R,leakage_ua,SIM_X7R_100N_50V,healthy_settling,healthy_settling,False,True,False,,,0.0194240244163,0.0197472904863,False,False,False,0.25,synthetic,True
MLCC_LOW_PREVALENCE_C000916,MLCC_LOW_PREVALENCE_B007,MLCC_X7R,leakage_ua,SIM_X7R_100N_50V,healthy_settling,healthy_settling,False,True,False,,,0.0372783652822,0.0360599856394,False,False,False,0.25,synthetic,True
MLCC_LOW_PREVALENCE_C000960,MLCC_LOW_PREVALENCE_B007,MLCC_X7R,leakage_ua,SIM_X7R_100N_50V,healthy_settling,healthy_settling,False,True,False,,,0.0472070594576,0.0457909878872,False,False,False,0.25,synthetic,True
MLCC_LOW_PREVALENCE_C001035,MLCC_LOW_PREVALENCE_B007,MLCC_X7R,leakage_ua,SIM_X7R_100N_50V,healthy_settling,healthy_settling,False,True,False,,,0.0319371393043,0.0309505919357,False,False,False,0.25,synthetic,True
MLCC_LOW_PREVALENCE_C001072,MLCC_LOW_PREVALENCE_B007,MLCC_X7R,leakage_ua,SIM_X7R_100N_50V,ordinary_noise,ordinary_noise,False,True,False,,,0.0210445739254,0.020068175405,False,False,False,0.25,synthetic,True
MLCC_LOW_PREVALENCE_C001078,MLCC_LOW_PREVALENCE_B007,MLCC_X7R,leakage_ua,SIM_X7R_100N_50V,healthy_settling,healthy_settling,False,True,False,,,0.0207997396447,0.0207418742773,False,False,False,0.25,synthetic,True
MLCC_LOW_PREVALENCE_C001109,MLCC_LOW_PREVALENCE_B007,MLCC_X7R,leakage_ua,SIM_X7R_100N_50V,healthy_settling,healthy_settling,False,True,False,,,0.0305396993811,0.0312708788673,False,False,False,0.25,synthetic,True
MLCC_LOW_PREVALENCE_C001119,MLCC_LOW_PREVALENCE_B007,MLCC_X7R,leakage_ua,SIM_X7R_100N_50V,healthy_settling,healthy_settling,False,True,False,,,0.0314672800701,0.0311859429099,False,False,False,0.25,synthetic,True
MLCC_LOW_PREVALENCE_C001123,MLCC_LOW_PREVALENCE_B007,MLCC_X7R,leakage_ua,SIM_X7R_100N_50V,healthy_settling,healthy_settling,False,True,False,,,0.0283504389461,0.0269229148009,False,False,False,0.25,synthetic,True
MLCC_LOW_PREVALENCE_C001142,MLCC_LOW_PREVALENCE_B007,MLCC_X7R,leakage_ua,SIM_X7R_100N_50V,healthy_settling,healthy_settling,False,True,False,,,0.0178691700514,0.0177569178705,False,False,False,0.25,synthetic,True
MLCC_LOW_PREVALENCE_C001149,MLCC_LOW_PREVALENCE_B007,MLCC_X7R,leakage_ua,SIM_X7R_100N_50V,healthy_settling,healthy_settling,False,True,False,,,0.0342508308332,0.0348130290459,False,False,False,0.25,synthetic,True
MLCC_LOW_PREVALENCE_C001173,MLCC_LOW_PREVALENCE_B007,MLCC_X7R,leakage_ua,SIM_X7R_100N_50V,healthy_settling,healthy_settling,False,True,False,,,0.0220755782038,0.0238330426989,False,False,False,0.25,synthetic,True
MLCC_LOW_PREVALENCE_C001179,MLCC_LOW_PREVALENCE_B007,MLCC_X7R,leakage_ua,SIM_X7R_100N_50V,healthy_settling,healthy_settling,False,True,False,,,0.0306561097333,0.0303830948111,False,False,False,0.25,synthetic,True
MLCC_LOW_PREVALENCE_C001182,MLCC_LOW_PREVALENCE_B007,MLCC_X7R,leakage_ua,SIM_X7R_100N_50V,healthy_settling,healthy_settling,False,True,False,,,0.025966861724,0.026856636363,False,False,False,0.25,synthetic,True
MLCC_LOW_PREVALENCE_C001197,MLCC_LOW_PREVALENCE_B007,MLCC_X7R,leakage_ua,SIM_X7R_100N_50V,healthy_settling,healthy_settling,False,True,False,,,0.0337836981335,0.0331757324363,False,False,False,0.25,synthetic,True
MLCC_LOW_PREVALENCE_C001212,MLCC_LOW_PREVALENCE_B007,MLCC_X7R,leakage_ua,SIM_X7R_100N_50V,healthy_settling,healthy_settling,False,True,False,,,0.0313847937627,0.0313490646094,False,False,False,0.25,synthetic,True
MLCC_LOW_PREVALENCE_C001243,MLCC_LOW_PREVALENCE_B007,MLCC_X7R,leakage_ua,SIM_X7R_100N_50V,ordinary_noise,ordinary_noise,False,True,False,,,0.0360966841272,0.0291541878038,False,False,False,0.25,synthetic,True
MLCC_LOW_PREVALENCE_C001263,MLCC_LOW_PREVALENCE_B007,MLCC_X7R,leakage_ua,SIM_X7R_100N_50V,healthy_settling,healthy_settling,False,True,False,,,0.0387679257016,0.0369400679375,False,False,False,0.25,synthetic,True
MLCC_LOW_PREVALENCE_C001366,MLCC_LOW_PREVALENCE_B007,MLCC_X7R,leakage_ua,SIM_X7R_100N_50V,healthy_settling,healthy_settling,False,True,False,,,0.0174719635734,0.0174252645031,False,False,False,0.25,synthetic,True
MLCC_LOW_PREVALENCE_C001380,MLCC_LOW_PREVALENCE_B007,MLCC_X7R,leakage_ua,SIM_X7R_100N_50V,healthy_settling,healthy_settling,False,True,False,,,0.0234693407017,0.0244101587228,False,False,False,0.25,synthetic,True
MLCC_LOW_PREVALENCE_C001422,MLCC_LOW_PREVALENCE_B007,MLCC_X7R,leakage_ua,SIM_X7R_100N_50V,healthy_settling,healthy_settling,False,True,False,,,0.0241346215117,0.0226906054587,False,False,False,0.25,synthetic,True
MLCC_LOW_PREVALENCE_C001430,MLCC_LOW_PREVALENCE_B007,MLCC_X7R,leakage_ua,SIM_X7R_100N_50V,healthy_settling,healthy_settling,False,True,False,,,0.0321357094604,0.032456798582,False,False,False,0.25,synthetic,True
MLCC_LOW_PREVALENCE_C001528,MLCC_LOW_PREVALENCE_B007,MLCC_X7R,leakage_ua,SIM_X7R_100N_50V,ordinary_noise,ordinary_noise,False,True,False,,,0.0268325397789,0.0255872633972,False,False,False,0.25,synthetic,True
MLCC_LOW_PREVALENCE_C001554,MLCC_LOW_PREVALENCE_B007,MLCC_X7R,leakage_ua,SIM_X7R_100N_50V,ordinary_noise,ordinary_noise,False,True,False,,,0.0347629990807,0.0411990355161,False,False,False,0.25,synthetic,True
MLCC_LOW_PREVALENCE_C001557,MLCC_LOW_PREVALENCE_B007,MLCC_X7R,leakage_ua,SIM_X7R_100N_50V,healthy_settling,healthy_settling,False,True,False,,,0.0410329235228,0.0416092512639,False,False,False,0.25,synthetic,True
MLCC_LOW_PREVALENCE_C001565,MLCC_LOW_PREVALENCE_B007,MLCC_X7R,leakage_ua,SIM_X7R_100N_50V,healthy_settling,healthy_settling,False,True,False,,,0.0242641106444,0.023522100252,False,False,False,0.25,synthetic,True
MLCC_LOW_PREVALENCE_C001575,MLCC_LOW_PREVALENCE_B007,MLCC_X7R,leakage_ua,SIM_X7R_100N_50V,healthy_settling,healthy_settling,False,True,False,,,0.0493165468847,0.0461145940314,False,False,False,0.25,synthetic,True
MLCC_LOW_PREVALENCE_C001588,MLCC_LOW_PREVALENCE_B007,MLCC_X7R,leakage_ua,SIM_X7R_100N_50V,healthy_settling,healthy_settling,False,True,False,,,0.0219848778794,0.02165634649,False,False,False,0.25,synthetic,True
MLCC_LOW_PREVALENCE_C001611,MLCC_LOW_PREVALENCE_B007,MLCC_X7R,leakage_ua,SIM_X7R_100N_50V,ordinary_noise,ordinary_noise,False,True,False,,,0.0337370063847,0.0380375849939,False,False,False,0.25,synthetic,True
MLCC_LOW_PREVALENCE_C001711,MLCC_LOW_PREVALENCE_B007,MLCC_X7R,leakage_ua,SIM_X7R_100N_50V,healthy_settling,healthy_settling,False,True,False,,,0.0349743991078,0.0331280428717,False,False,False,0.25,synthetic,True
MLCC_LOW_PREVALENCE_C001712,MLCC_LOW_PREVALENCE_B007,MLCC_X7R,leakage_ua,SIM_X7R_100N_50V,ordinary_noise,ordinary_noise,False,True,False,,,0.0229895638153,0.0219140595706,False,False,False,0.25,synthetic,True
MLCC_LOW_PREVALENCE_C001738,MLCC_LOW_PREVALENCE_B007,MLCC_X7R,leakage_ua,SIM_X7R_100N_50V,healthy_settling,healthy_settling,False,True,False,,,0.0276991416307,0.0277772628373,False,False,False,0.25,synthetic,True
MLCC_LOW_PREVALENCE_C001757,MLCC_LOW_PREVALENCE_B007,MLCC_X7R,leakage_ua,SIM_X7R_100N_50V,ordinary_noise,ordinary_noise,False,True,False,,,0.0198109668608,0.0198184217398,False,False,False,0.25,synthetic,True
MLCC_LOW_PREVALENCE_C001765,MLCC_LOW_PREVALENCE_B007,MLCC_X7R,leakage_ua,SIM_X7R_100N_50V,healthy_settling,healthy_settling,False,True,False,,,0.0237575525554,0.0242248952368,False,False,False,0.25,synthetic,True
MLCC_LOW_PREVALENCE_C001785,MLCC_LOW_PREVALENCE_B007,MLCC_X7R,leakage_ua,SIM_X7R_100N_50V,ordinary_noise,ordinary_noise,False,True,False,,,0.0360980852192,0.0352689282233,False,False,False,0.25,synthetic,True
MLCC_LOW_PREVALENCE_C001787,MLCC_LOW_PREVALENCE_B007,MLCC_X7R,leakage_ua,SIM_X7R_100N_50V,healthy_settling,healthy_settling,False,True,False,,,0.0319113081395,0.0324064569415,False,False,False,0.25,synthetic,True
MLCC_LOW_PREVALENCE_C001812,MLCC_LOW_PREVALENCE_B007,MLCC_X7R,leakage_ua,SIM_X7R_100N_50V,healthy_settling,healthy_settling,False,True,False,,,0.019527828458,0.0201667420366,False,False,False,0.25,synthetic,True
MLCC_LOW_PREVALENCE_C001818,MLCC_LOW_PREVALENCE_B007,MLCC_X7R,leakage_ua,SIM_X7R_100N_50V,healthy_settling,healthy_settling,False,True,False,,,0.0319390303823,0.0318993541282,False,False,False,0.25,synthetic,True
MLCC_LOW_PREVALENCE_C001828,MLCC_LOW_PREVALENCE_B007,MLCC_X7R,leakage_ua,SIM_X7R_100N_50V,healthy_settling,healthy_settling,False,True,False,,,0.0548641826635,0.0539396287529,False,False,False,0.25,synthetic,True
MLCC_LOW_PREVALENCE_C001865,MLCC_LOW_PREVALENCE_B007,MLCC_X7R,leakage_ua,SIM_X7R_100N_50V,healthy_settling,healthy_settling,False,True,False,,,0.0251003536569,0.0259760840982,False,False,False,0.25,synthetic,True
MLCC_LOW_PREVALENCE_C001867,MLCC_LOW_PREVALENCE_B007,MLCC_X7R,leakage_ua,SIM_X7R_100N_50V,healthy_settling,healthy_settling,False,True,False,,,0.0230860569487,0.0228402327676,False,False,False,0.25,synthetic,True
MLCC_LOW_PREVALENCE_C001889,MLCC_LOW_PREVALENCE_B007,MLCC_X7R,leakage_ua,SIM_X7R_100N_50V,healthy_settling,healthy_settling,False,True,False,,,0.0236110670482,0.0239661191803,False,False,False,0.25,synthetic,True
MLCC_LOW_PREVALENCE_C001892,MLCC_LOW_PREVALENCE_B007,MLCC_X7R,leakage_ua,SIM_X7R_100N_50V,healthy_settling,healthy_settling,False,True,False,,,0.030509992357,0.0295690201868,False,False,False,0.25,synthetic,True
MLCC_LOW_PREVALENCE_C001902,MLCC_LOW_PREVALENCE_B007,MLCC_X7R,leakage_ua,SIM_X7R_100N_50V,ordinary_noise,ordinary_noise,False,True,False,,,0.0202987949066,0.0200109106659,False,False,False,0.25,synthetic,True
MLCC_LOW_PREVALENCE_C001910,MLCC_LOW_PREVALENCE_B007,MLCC_X7R,leakage_ua,SIM_X7R_100N_50V,ordinary_noise,ordinary_noise,False,True,False,,,0.0284815303039,0.0261838978826,False,False,False,0.25,synthetic,True
MLCC_LOW_PREVALENCE_C001919,MLCC_LOW_PREVALENCE_B007,MLCC_X7R,leakage_ua,SIM_X7R_100N_50V,healthy_settling,healthy_settling,False,True,False,,,0.0152224364778,0.0145984827743,False,False,False,0.25,synthetic,True
MLCC_LOW_PREVALENCE_C001932,MLCC_LOW_PREVALENCE_B007,MLCC_X7R,leakage_ua,SIM_X7R_100N_50V,healthy_settling,healthy_settling,False,True,False,,,0.0280010030914,0.0282588310566,False,False,False,0.25,synthetic,True
MLCC_LOW_PREVALENCE_C001955,MLCC_LOW_PREVALENCE_B007,MLCC_X7R,leakage_ua,SIM_X7R_100N_50V,healthy_settling,healthy_settling,False,True,False,,,0.0321728258883,0.0323661629835,False,False,False,0.25,synthetic,True
MLCC_LOW_PREVALENCE_C001962,MLCC_LOW_PREVALENCE_B007,MLCC_X7R,leakage_ua,SIM_X7R_100N_50V,healthy_settling,healthy_settling,False,True,False,,,0.0374823299697,0.036958517534,False,False,False,0.25,synthetic,True
MLCC_LOW_PREVALENCE_C001967,MLCC_LOW_PREVALENCE_B007,MLCC_X7R,leakage_ua,SIM_X7R_100N_50V,healthy_settling,healthy_settling,False,True,False,,,0.0232791411998,0.0229116692129,False,False,False,0.25,synthetic,True
MLCC_LOW_PREVALENCE_C000015,MLCC_LOW_PREVALENCE_B008,MLCC_X7R,leakage_ua,SIM_X7R_4U7_16V,healthy_settling,healthy_settling,False,True,False,,,0.122066171844,0.123347415794,False,False,False,1.3,synthetic,True
MLCC_LOW_PREVALENCE_C000016,MLCC_LOW_PREVALENCE_B008,MLCC_X7R,leakage_ua,SIM_X7R_4U7_16V,healthy_settling,healthy_settling,False,True,False,,,0.111363258097,0.109588644963,False,False,False,1.3,synthetic,True
MLCC_LOW_PREVALENCE_C000022,MLCC_LOW_PREVALENCE_B008,MLCC_X7R,leakage_ua,SIM_X7R_4U7_16V,healthy_settling,healthy_settling,False,True,False,,,0.165764595371,0.155307954994,False,False,False,1.3,synthetic,True
MLCC_LOW_PREVALENCE_C000023,MLCC_LOW_PREVALENCE_B008,MLCC_X7R,leakage_ua,SIM_X7R_4U7_16V,healthy_settling,healthy_settling,False,True,False,,,0.155554672917,0.156188184385,False,False,False,1.3,synthetic,True
MLCC_LOW_PREVALENCE_C000088,MLCC_LOW_PREVALENCE_B008,MLCC_X7R,leakage_ua,SIM_X7R_4U7_16V,healthy_settling,healthy_settling,False,True,False,,,0.100636757694,0.0987948353599,False,False,False,1.3,synthetic,True
MLCC_LOW_PREVALENCE_C000116,MLCC_LOW_PREVALENCE_B008,MLCC_X7R,leakage_ua,SIM_X7R_4U7_16V,ordinary_noise,ordinary_noise,False,True,False,,,0.223914784738,0.253322431298,False,False,False,1.3,synthetic,True
MLCC_LOW_PREVALENCE_C000119,MLCC_LOW_PREVALENCE_B008,MLCC_X7R,leakage_ua,SIM_X7R_4U7_16V,ordinary_noise,ordinary_noise,False,True,False,,,0.0825460414746,0.0981603936179,False,False,False,1.3,synthetic,True
MLCC_LOW_PREVALENCE_C000145,MLCC_LOW_PREVALENCE_B008,MLCC_X7R,leakage_ua,SIM_X7R_4U7_16V,healthy_settling,healthy_settling,False,True,False,,,0.192476637921,0.189249357453,False,False,False,1.3,synthetic,True
MLCC_LOW_PREVALENCE_C000153,MLCC_LOW_PREVALENCE_B008,MLCC_X7R,leakage_ua,SIM_X7R_4U7_16V,healthy_settling,healthy_settling,False,True,False,,,0.0950121474928,0.0989791498783,False,False,False,1.3,synthetic,True
MLCC_LOW_PREVALENCE_C000165,MLCC_LOW_PREVALENCE_B008,MLCC_X7R,leakage_ua,SIM_X7R_4U7_16V,healthy_settling,healthy_settling,False,True,False,,,0.132556895289,0.132144144207,False,False,False,1.3,synthetic,True
MLCC_LOW_PREVALENCE_C000208,MLCC_LOW_PREVALENCE_B008,MLCC_X7R,leakage_ua,SIM_X7R_4U7_16V,healthy_settling,healthy_settling,False,True,False,,,0.15923563609,0.155811621546,False,False,False,1.3,synthetic,True
MLCC_LOW_PREVALENCE_C000234,MLCC_LOW_PREVALENCE_B008,MLCC_X7R,leakage_ua,SIM_X7R_4U7_16V,healthy_settling,healthy_settling,False,True,False,,,0.133646049825,0.130297501661,False,False,False,1.3,synthetic,True
MLCC_LOW_PREVALENCE_C000249,MLCC_LOW_PREVALENCE_B008,MLCC_X7R,leakage_ua,SIM_X7R_4U7_16V,healthy_settling,healthy_settling,False,True,False,,,0.157904993185,0.156851369102,False,False,False,1.3,synthetic,True
MLCC_LOW_PREVALENCE_C000261,MLCC_LOW_PREVALENCE_B008,MLCC_X7R,leakage_ua,SIM_X7R_4U7_16V,ordinary_noise,ordinary_noise,False,True,False,,,0.0860298525506,0.0796016172501,False,False,False,1.3,synthetic,True
MLCC_LOW_PREVALENCE_C000287,MLCC_LOW_PREVALENCE_B008,MLCC_X7R,leakage_ua,SIM_X7R_4U7_16V,healthy_settling,healthy_settling,False,True,False,,,0.100650933566,0.099858688969,False,False,False,1.3,synthetic,True
MLCC_LOW_PREVALENCE_C000289,MLCC_LOW_PREVALENCE_B008,MLCC_X7R,leakage_ua,SIM_X7R_4U7_16V,healthy_settling,healthy_settling,False,True,False,,,0.0954995601575,0.102842330987,False,False,False,1.3,synthetic,True
MLCC_LOW_PREVALENCE_C000293,MLCC_LOW_PREVALENCE_B008,MLCC_X7R,leakage_ua,SIM_X7R_4U7_16V,healthy_settling,healthy_settling,False,True,False,,,0.0892539058018,0.0892291125889,False,False,False,1.3,synthetic,True
MLCC_LOW_PREVALENCE_C000318,MLCC_LOW_PREVALENCE_B008,MLCC_X7R,leakage_ua,SIM_X7R_4U7_16V,healthy_settling,healthy_settling,False,True,False,,,0.240560998575,0.239187187267,False,False,False,1.3,synthetic,True
MLCC_LOW_PREVALENCE_C000323,MLCC_LOW_PREVALENCE_B008,MLCC_X7R,leakage_ua,SIM_X7R_4U7_16V,healthy_settling,healthy_settling,False,True,False,,,0.13604905777,0.128660435791,False,False,False,1.3,synthetic,True
MLCC_LOW_PREVALENCE_C000373,MLCC_LOW_PREVALENCE_B008,MLCC_X7R,leakage_ua,SIM_X7R_4U7_16V,healthy_settling,healthy_settling,False,True,False,,,0.196765952963,0.194236605787,False,False,False,1.3,synthetic,True
MLCC_LOW_PREVALENCE_C000382,MLCC_LOW_PREVALENCE_B008,MLCC_X7R,leakage_ua,SIM_X7R_4U7_16V,healthy_settling,healthy_settling,False,True,False,,,0.118806213791,0.123355603471,False,False,False,1.3,synthetic,True
MLCC_LOW_PREVALENCE_C000401,MLCC_LOW_PREVALENCE_B008,MLCC_X7R,leakage_ua,SIM_X7R_4U7_16V,healthy_settling,healthy_settling,False,True,False,,,0.112184856752,0.112044339126,False,False,False,1.3,synthetic,True
MLCC_LOW_PREVALENCE_C000436,MLCC_LOW_PREVALENCE_B008,MLCC_X7R,leakage_ua,SIM_X7R_4U7_16V,healthy_settling,healthy_settling,False,True,False,,,0.148767508207,0.146717597337,False,False,False,1.3,synthetic,True
MLCC_LOW_PREVALENCE_C000448,MLCC_LOW_PREVALENCE_B008,MLCC_X7R,leakage_ua,SIM_X7R_4U7_16V,healthy_settling,healthy_settling,False,True,False,,,0.122315561184,0.125300953931,False,False,False,1.3,synthetic,True
MLCC_LOW_PREVALENCE_C000472,MLCC_LOW_PREVALENCE_B008,MLCC_X7R,leakage_ua,SIM_X7R_4U7_16V,healthy_settling,healthy_settling,False,True,False,,,0.251601415254,0.253450469841,False,False,False,1.3,synthetic,True
MLCC_LOW_PREVALENCE_C000488,MLCC_LOW_PREVALENCE_B008,MLCC_X7R,leakage_ua,SIM_X7R_4U7_16V,healthy_settling,healthy_settling,False,True,False,,,0.167451647529,0.165150476579,False,False,False,1.3,synthetic,True
MLCC_LOW_PREVALENCE_C000540,MLCC_LOW_PREVALENCE_B008,MLCC_X7R,leakage_ua,SIM_X7R_4U7_16V,healthy_settling,healthy_settling,False,True,False,,,0.184309375567,0.187491079686,False,False,False,1.3,synthetic,True
MLCC_LOW_PREVALENCE_C000552,MLCC_LOW_PREVALENCE_B008,MLCC_X7R,leakage_ua,SIM_X7R_4U7_16V,healthy_settling,healthy_settling,False,True,False,,,0.0952066744843,0.0911906749546,False,False,False,1.3,synthetic,True
MLCC_LOW_PREVALENCE_C000559,MLCC_LOW_PREVALENCE_B008,MLCC_X7R,leakage_ua,SIM_X7R_4U7_16V,healthy_settling,healthy_settling,False,True,False,,,0.129922882437,0.12715008732,False,False,False,1.3,synthetic,True
MLCC_LOW_PREVALENCE_C000564,MLCC_LOW_PREVALENCE_B008,MLCC_X7R,leakage_ua,SIM_X7R_4U7_16V,healthy_settling,healthy_settling,False,True,False,,,0.19984341058,0.199232446729,False,False,False,1.3,synthetic,True
MLCC_LOW_PREVALENCE_C000577,MLCC_LOW_PREVALENCE_B008,MLCC_X7R,leakage_ua,SIM_X7R_4U7_16V,healthy_settling,healthy_settling,False,True,False,,,0.171305377149,0.175708137623,False,False,False,1.3,synthetic,True
MLCC_LOW_PREVALENCE_C000590,MLCC_LOW_PREVALENCE_B008,MLCC_X7R,leakage_ua,SIM_X7R_4U7_16V,healthy_settling,healthy_settling,False,True,False,,,0.101705667784,0.101327471589,False,False,False,1.3,synthetic,True
MLCC_LOW_PREVALENCE_C000653,MLCC_LOW_PREVALENCE_B008,MLCC_X7R,leakage_ua,SIM_X7R_4U7_16V,ordinary_noise,ordinary_noise,False,True,False,,,0.168841942942,0.201398660122,False,False,False,1.3,synthetic,True
MLCC_LOW_PREVALENCE_C000655,MLCC_LOW_PREVALENCE_B008,MLCC_X7R,leakage_ua,SIM_X7R_4U7_16V,healthy_settling,healthy_settling,False,True,False,,,0.125083315375,0.12814703467,False,False,False,1.3,synthetic,True
MLCC_LOW_PREVALENCE_C000661,MLCC_LOW_PREVALENCE_B008,MLCC_X7R,leakage_ua,SIM_X7R_4U7_16V,ordinary_noise,ordinary_noise,False,True,False,,,0.114168147406,0.123990278895,False,False,False,1.3,synthetic,True
MLCC_LOW_PREVALENCE_C000663,MLCC_LOW_PREVALENCE_B008,MLCC_X7R,leakage_ua,SIM_X7R_4U7_16V,healthy_settling,healthy_settling,False,True,False,,,0.209175843653,0.213437261598,False,False,False,1.3,synthetic,True
MLCC_LOW_PREVALENCE_C000755,MLCC_LOW_PREVALENCE_B008,MLCC_X7R,leakage_ua,SIM_X7R_4U7_16V,ordinary_noise,ordinary_noise,False,True,False,,,0.138650526344,0.124468466755,False,False,False,1.3,synthetic,True
MLCC_LOW_PREVALENCE_C000764,MLCC_LOW_PREVALENCE_B008,MLCC_X7R,leakage_ua,SIM_X7R_4U7_16V,healthy_settling,healthy_settling,False,True,False,,,0.108646862685,0.113223503107,False,False,False,1.3,synthetic,True
MLCC_LOW_PREVALENCE_C000797,MLCC_LOW_PREVALENCE_B008,MLCC_X7R,leakage_ua,SIM_X7R_4U7_16V,healthy_settling,healthy_settling,False,True,False,,,0.123023349811,0.117500222671,False,False,False,1.3,synthetic,True
MLCC_LOW_PREVALENCE_C000804,MLCC_LOW_PREVALENCE_B008,MLCC_X7R,leakage_ua,SIM_X7R_4U7_16V,healthy_settling,healthy_settling,False,True,False,,,0.125780382521,0.128203727226,False,False,False,1.3,synthetic,True
MLCC_LOW_PREVALENCE_C000816,MLCC_LOW_PREVALENCE_B008,MLCC_X7R,leakage_ua,SIM_X7R_4U7_16V,healthy_settling,healthy_settling,False,True,False,,,0.147134949418,0.147549316833,False,False,False,1.3,synthetic,True
MLCC_LOW_PREVALENCE_C000851,MLCC_LOW_PREVALENCE_B008,MLCC_X7R,leakage_ua,SIM_X7R_4U7_16V,healthy_settling,healthy_settling,False,True,False,,,0.182005253232,0.184889608856,False,False,False,1.3,synthetic,True
MLCC_LOW_PREVALENCE_C000866,MLCC_LOW_PREVALENCE_B008,MLCC_X7R,leakage_ua,SIM_X7R_4U7_16V,healthy_settling,healthy_settling,False,True,False,,,0.157745098726,0.161307335634,False,False,False,1.3,synthetic,True
MLCC_LOW_PREVALENCE_C000871,MLCC_LOW_PREVALENCE_B008,MLCC_X7R,leakage_ua,SIM_X7R_4U7_16V,healthy_settling,healthy_settling,False,True,False,,,0.141912898895,0.13693927838,False,False,False,1.3,synthetic,True
MLCC_LOW_PREVALENCE_C000880,MLCC_LOW_PREVALENCE_B008,MLCC_X7R,leakage_ua,SIM_X7R_4U7_16V,healthy_settling,healthy_settling,False,True,False,,,0.133804243486,0.132182404001,False,False,False,1.3,synthetic,True
MLCC_LOW_PREVALENCE_C000883,MLCC_LOW_PREVALENCE_B008,MLCC_X7R,leakage_ua,SIM_X7R_4U7_16V,healthy_settling,healthy_settling,False,True,False,,,0.169111667166,0.174075410869,False,False,False,1.3,synthetic,True
MLCC_LOW_PREVALENCE_C000898,MLCC_LOW_PREVALENCE_B008,MLCC_X7R,leakage_ua,SIM_X7R_4U7_16V,healthy_settling,healthy_settling,False,True,False,,,0.163212496818,0.161276912452,False,False,False,1.3,synthetic,True
MLCC_LOW_PREVALENCE_C000912,MLCC_LOW_PREVALENCE_B008,MLCC_X7R,leakage_ua,SIM_X7R_4U7_16V,ordinary_noise,ordinary_noise,False,True,False,,,0.118145590486,0.122630744798,False,False,False,1.3,synthetic,True
MLCC_LOW_PREVALENCE_C000941,MLCC_LOW_PREVALENCE_B008,MLCC_X7R,leakage_ua,SIM_X7R_4U7_16V,ordinary_noise,ordinary_noise,False,True,False,,,0.120473801973,0.109243516216,False,False,False,1.3,synthetic,True
MLCC_LOW_PREVALENCE_C000950,MLCC_LOW_PREVALENCE_B008,MLCC_X7R,leakage_ua,SIM_X7R_4U7_16V,healthy_settling,healthy_settling,False,True,False,,,0.153621464289,0.151902303971,False,False,False,1.3,synthetic,True
MLCC_LOW_PREVALENCE_C001005,MLCC_LOW_PREVALENCE_B008,MLCC_X7R,leakage_ua,SIM_X7R_4U7_16V,healthy_settling,healthy_settling,False,True,False,,,0.289502588836,0.289263148089,False,False,False,1.3,synthetic,True
MLCC_LOW_PREVALENCE_C001023,MLCC_LOW_PREVALENCE_B008,MLCC_X7R,leakage_ua,SIM_X7R_4U7_16V,ordinary_noise,ordinary_noise,False,True,False,,,0.188056203229,0.184652633482,False,False,False,1.3,synthetic,True
MLCC_LOW_PREVALENCE_C001050,MLCC_LOW_PREVALENCE_B008,MLCC_X7R,leakage_ua,SIM_X7R_4U7_16V,healthy_settling,healthy_settling,False,True,False,,,0.113291958024,0.117807495337,False,False,False,1.3,synthetic,True
MLCC_LOW_PREVALENCE_C001056,MLCC_LOW_PREVALENCE_B008,MLCC_X7R,leakage_ua,SIM_X7R_4U7_16V,healthy_settling,healthy_settling,False,True,False,,,0.105954788405,0.105863395825,False,False,False,1.3,synthetic,True
MLCC_LOW_PREVALENCE_C001058,MLCC_LOW_PREVALENCE_B008,MLCC_X7R,leakage_ua,SIM_X7R_4U7_16V,healthy_settling,healthy_settling,False,True,False,,,0.146958688388,0.14733456814,False,False,False,1.3,synthetic,True
MLCC_LOW_PREVALENCE_C001067,MLCC_LOW_PREVALENCE_B008,MLCC_X7R,leakage_ua,SIM_X7R_4U7_16V,healthy_settling,healthy_settling,False,True,False,,,0.243434701614,0.254491502194,False,False,False,1.3,synthetic,True
MLCC_LOW_PREVALENCE_C001076,MLCC_LOW_PREVALENCE_B008,MLCC_X7R,leakage_ua,SIM_X7R_4U7_16V,healthy_settling,healthy_settling,False,True,False,,,0.131951817125,0.130952843929,False,False,False,1.3,synthetic,True
MLCC_LOW_PREVALENCE_C001077,MLCC_LOW_PREVALENCE_B008,MLCC_X7R,leakage_ua,SIM_X7R_4U7_16V,healthy_settling,healthy_settling,False,True,False,,,0.113869960805,0.12347511777,False,False,False,1.3,synthetic,True
MLCC_LOW_PREVALENCE_C001085,MLCC_LOW_PREVALENCE_B008,MLCC_X7R,leakage_ua,SIM_X7R_4U7_16V,healthy_settling,healthy_settling,False,True,False,,,0.11340093174,0.113793510988,False,False,False,1.3,synthetic,True
MLCC_LOW_PREVALENCE_C001094,MLCC_LOW_PREVALENCE_B008,MLCC_X7R,leakage_ua,SIM_X7R_4U7_16V,healthy_settling,healthy_settling,False,True,False,,,0.147227211264,0.144783402262,False,False,False,1.3,synthetic,True
MLCC_LOW_PREVALENCE_C001154,MLCC_LOW_PREVALENCE_B008,MLCC_X7R,leakage_ua,SIM_X7R_4U7_16V,ordinary_noise,ordinary_noise,False,True,False,,,0.217853908861,0.23735719059,False,False,False,1.3,synthetic,True
MLCC_LOW_PREVALENCE_C001189,MLCC_LOW_PREVALENCE_B008,MLCC_X7R,leakage_ua,SIM_X7R_4U7_16V,ordinary_noise,ordinary_noise,False,True,False,,,0.050788560541,0.0737556864185,False,False,False,1.3,synthetic,True
MLCC_LOW_PREVALENCE_C001202,MLCC_LOW_PREVALENCE_B008,MLCC_X7R,leakage_ua,SIM_X7R_4U7_16V,healthy_settling,healthy_settling,False,True,False,,,0.17666922459,0.174442114453,False,False,False,1.3,synthetic,True
MLCC_LOW_PREVALENCE_C001206,MLCC_LOW_PREVALENCE_B008,MLCC_X7R,leakage_ua,SIM_X7R_4U7_16V,ordinary_noise,ordinary_noise,False,True,False,,,0.0889603441159,0.100814310971,False,False,False,1.3,synthetic,True
MLCC_LOW_PREVALENCE_C001216,MLCC_LOW_PREVALENCE_B008,MLCC_X7R,leakage_ua,SIM_X7R_4U7_16V,healthy_settling,healthy_settling,False,True,False,,,0.128102969961,0.127310429179,False,False,False,1.3,synthetic,True
MLCC_LOW_PREVALENCE_C001265,MLCC_LOW_PREVALENCE_B008,MLCC_X7R,leakage_ua,SIM_X7R_4U7_16V,healthy_settling,healthy_settling,False,True,False,,,0.114774478184,0.11173414954,False,False,False,1.3,synthetic,True
MLCC_LOW_PREVALENCE_C001279,MLCC_LOW_PREVALENCE_B008,MLCC_X7R,leakage_ua,SIM_X7R_4U7_16V,healthy_settling,healthy_settling,False,True,False,,,0.124742681197,0.123396001381,False,False,False,1.3,synthetic,True
MLCC_LOW_PREVALENCE_C001281,MLCC_LOW_PREVALENCE_B008,MLCC_X7R,leakage_ua,SIM_X7R_4U7_16V,healthy_settling,healthy_settling,False,True,False,,,0.111381758234,0.112174271188,False,False,False,1.3,synthetic,True
MLCC_LOW_PREVALENCE_C001285,MLCC_LOW_PREVALENCE_B008,MLCC_X7R,leakage_ua,SIM_X7R_4U7_16V,healthy_settling,healthy_settling,False,True,False,,,0.213705563307,0.210155161382,False,False,False,1.3,synthetic,True
MLCC_LOW_PREVALENCE_C001288,MLCC_LOW_PREVALENCE_B008,MLCC_X7R,leakage_ua,SIM_X7R_4U7_16V,healthy_settling,healthy_settling,False,True,False,,,0.20449976849,0.196206905881,False,False,False,1.3,synthetic,True
MLCC_LOW_PREVALENCE_C001316,MLCC_LOW_PREVALENCE_B008,MLCC_X7R,leakage_ua,SIM_X7R_4U7_16V,healthy_settling,healthy_settling,False,True,False,,,0.0961510781709,0.0915425913731,False,False,False,1.3,synthetic,True
MLCC_LOW_PREVALENCE_C001320,MLCC_LOW_PREVALENCE_B008,MLCC_X7R,leakage_ua,SIM_X7R_4U7_16V,healthy_settling,healthy_settling,False,True,False,,,0.139767208241,0.139223754698,False,False,False,1.3,synthetic,True
MLCC_LOW_PREVALENCE_C001381,MLCC_LOW_PREVALENCE_B008,MLCC_X7R,leakage_ua,SIM_X7R_4U7_16V,ordinary_noise,ordinary_noise,False,True,False,,,0.0728261518955,0.0759518025373,False,False,False,1.3,synthetic,True
MLCC_LOW_PREVALENCE_C001383,MLCC_LOW_PREVALENCE_B008,MLCC_X7R,leakage_ua,SIM_X7R_4U7_16V,ordinary_noise,ordinary_noise,False,True,False,,,0.08646670939,0.0985801121616,False,False,False,1.3,synthetic,True
MLCC_LOW_PREVALENCE_C001397,MLCC_LOW_PREVALENCE_B008,MLCC_X7R,leakage_ua,SIM_X7R_4U7_16V,healthy_settling,healthy_settling,False,True,False,,,0.140439754816,0.141405871357,False,False,False,1.3,synthetic,True
MLCC_LOW_PREVALENCE_C001476,MLCC_LOW_PREVALENCE_B008,MLCC_X7R,leakage_ua,SIM_X7R_4U7_16V,healthy_settling,healthy_settling,False,True,False,,,0.110968450676,0.108400967196,False,False,False,1.3,synthetic,True
MLCC_LOW_PREVALENCE_C001479,MLCC_LOW_PREVALENCE_B008,MLCC_X7R,leakage_ua,SIM_X7R_4U7_16V,healthy_settling,healthy_settling,False,True,False,,,0.148313172982,0.146973908066,False,False,False,1.3,synthetic,True
MLCC_LOW_PREVALENCE_C001496,MLCC_LOW_PREVALENCE_B008,MLCC_X7R,leakage_ua,SIM_X7R_4U7_16V,healthy_settling,healthy_settling,False,True,False,,,0.156219375522,0.162268630152,False,False,False,1.3,synthetic,True
MLCC_LOW_PREVALENCE_C001500,MLCC_LOW_PREVALENCE_B008,MLCC_X7R,leakage_ua,SIM_X7R_4U7_16V,healthy_settling,healthy_settling,False,True,False,,,0.251365446011,0.250734235958,False,False,False,1.3,synthetic,True
MLCC_LOW_PREVALENCE_C001501,MLCC_LOW_PREVALENCE_B008,MLCC_X7R,leakage_ua,SIM_X7R_4U7_16V,ordinary_noise,ordinary_noise,False,True,False,,,0.160216827752,0.176396179656,False,False,False,1.3,synthetic,True
MLCC_LOW_PREVALENCE_C001541,MLCC_LOW_PREVALENCE_B008,MLCC_X7R,leakage_ua,SIM_X7R_4U7_16V,healthy_settling,healthy_settling,False,True,False,,,0.110092123861,0.111402164836,False,False,False,1.3,synthetic,True
MLCC_LOW_PREVALENCE_C001553,MLCC_LOW_PREVALENCE_B008,MLCC_X7R,leakage_ua,SIM_X7R_4U7_16V,healthy_settling,healthy_settling,False,True,False,,,0.161952219341,0.157607213269,False,False,False,1.3,synthetic,True
MLCC_LOW_PREVALENCE_C001570,MLCC_LOW_PREVALENCE_B008,MLCC_X7R,leakage_ua,SIM_X7R_4U7_16V,healthy_settling,healthy_settling,False,True,False,,,0.189455226959,0.190991793836,False,False,False,1.3,synthetic,True
MLCC_LOW_PREVALENCE_C001593,MLCC_LOW_PREVALENCE_B008,MLCC_X7R,leakage_ua,SIM_X7R_4U7_16V,ordinary_noise,ordinary_noise,False,True,False,,,0.147960875766,0.142633343919,False,False,False,1.3,synthetic,True
MLCC_LOW_PREVALENCE_C001626,MLCC_LOW_PREVALENCE_B008,MLCC_X7R,leakage_ua,SIM_X7R_4U7_16V,ordinary_noise,ordinary_noise,False,True,False,,,0.157562693707,0.149049591764,False,False,False,1.3,synthetic,True
MLCC_LOW_PREVALENCE_C001644,MLCC_LOW_PREVALENCE_B008,MLCC_X7R,leakage_ua,SIM_X7R_4U7_16V,healthy_settling,healthy_settling,False,True,False,,,0.120517681568,0.11842125953,False,False,False,1.3,synthetic,True
MLCC_LOW_PREVALENCE_C001664,MLCC_LOW_PREVALENCE_B008,MLCC_X7R,leakage_ua,SIM_X7R_4U7_16V,ordinary_noise,ordinary_noise,False,True,False,,,0.116292493201,0.115160894186,False,False,False,1.3,synthetic,True
MLCC_LOW_PREVALENCE_C001668,MLCC_LOW_PREVALENCE_B008,MLCC_X7R,leakage_ua,SIM_X7R_4U7_16V,healthy_settling,healthy_settling,False,True,False,,,0.242892732868,0.246432048729,False,False,False,1.3,synthetic,True
MLCC_LOW_PREVALENCE_C001690,MLCC_LOW_PREVALENCE_B008,MLCC_X7R,leakage_ua,SIM_X7R_4U7_16V,ordinary_noise,ordinary_noise,False,True,False,,,0.0723262503145,0.0708125920655,False,False,False,1.3,synthetic,True
MLCC_LOW_PREVALENCE_C001748,MLCC_LOW_PREVALENCE_B008,MLCC_X7R,leakage_ua,SIM_X7R_4U7_16V,healthy_settling,healthy_settling,False,True,False,,,0.235875489448,0.24248707524,False,False,False,1.3,synthetic,True
MLCC_LOW_PREVALENCE_C001763,MLCC_LOW_PREVALENCE_B008,MLCC_X7R,leakage_ua,SIM_X7R_4U7_16V,healthy_settling,healthy_settling,False,True,False,,,0.137608021079,0.137854790077,False,False,False,1.3,synthetic,True
MLCC_LOW_PREVALENCE_C001771,MLCC_LOW_PREVALENCE_B008,MLCC_X7R,leakage_ua,SIM_X7R_4U7_16V,healthy_settling,healthy_settling,False,True,False,,,0.0911242062414,0.0918829418358,False,False,False,1.3,synthetic,True
MLCC_LOW_PREVALENCE_C001855,MLCC_LOW_PREVALENCE_B008,MLCC_X7R,leakage_ua,SIM_X7R_4U7_16V,healthy_settling,healthy_settling,False,True,False,,,0.186968060274,0.185223358344,False,False,False,1.3,synthetic,True
MLCC_LOW_PREVALENCE_C001866,MLCC_LOW_PREVALENCE_B008,MLCC_X7R,leakage_ua,SIM_X7R_4U7_16V,healthy_settling,healthy_settling,False,True,False,,,0.203881624836,0.195520871422,False,False,False,1.3,synthetic,True
MLCC_LOW_PREVALENCE_C001879,MLCC_LOW_PREVALENCE_B008,MLCC_X7R,leakage_ua,SIM_X7R_4U7_16V,healthy_settling,healthy_settling,False,True,False,,,0.120325067341,0.116500697377,False,False,False,1.3,synthetic,True
MLCC_LOW_PREVALENCE_C001882,MLCC_LOW_PREVALENCE_B008,MLCC_X7R,leakage_ua,SIM_X7R_4U7_16V,healthy_settling,healthy_settling,False,True,False,,,0.0956929957996,0.0988860648285,False,False,False,1.3,synthetic,True
MLCC_LOW_PREVALENCE_C001886,MLCC_LOW_PREVALENCE_B008,MLCC_X7R,leakage_ua,SIM_X7R_4U7_16V,healthy_settling,healthy_settling,False,True,False,,,0.156295087235,0.160346736461,False,False,False,1.3,synthetic,True
MLCC_LOW_PREVALENCE_C001949,MLCC_LOW_PREVALENCE_B008,MLCC_X7R,leakage_ua,SIM_X7R_4U7_16V,healthy_settling,healthy_settling,False,True,False,,,0.160850566308,0.164095373643,False,False,False,1.3,synthetic,True
MLCC_LOW_PREVALENCE_C001956,MLCC_LOW_PREVALENCE_B008,MLCC_X7R,leakage_ua,SIM_X7R_4U7_16V,healthy_settling,healthy_settling,False,True,False,,,0.122747337415,0.124256493167,False,False,False,1.3,synthetic,True
MLCC_LOW_PREVALENCE_C001992,MLCC_LOW_PREVALENCE_B008,MLCC_X7R,leakage_ua,SIM_X7R_4U7_16V,healthy_settling,healthy_settling,False,True,False,,,0.14947319573,0.166720996328,False,False,False,1.3,synthetic,True
MLCC_LOW_PREVALENCE_C000010,MLCC_LOW_PREVALENCE_B009,MLCC_X7R,leakage_ua,SIM_X7R_4U7_16V,healthy_settling,healthy_settling,False,True,False,,,0.128439543837,0.124304673961,False,False,False,1.3,synthetic,True
MLCC_LOW_PREVALENCE_C000055,MLCC_LOW_PREVALENCE_B009,MLCC_X7R,leakage_ua,SIM_X7R_4U7_16V,healthy_settling,healthy_settling,False,True,False,,,0.158938579657,0.161172354586,False,False,False,1.3,synthetic,True
MLCC_LOW_PREVALENCE_C000057,MLCC_LOW_PREVALENCE_B009,MLCC_X7R,leakage_ua,SIM_X7R_4U7_16V,healthy_settling,healthy_settling,False,True,False,,,0.18854001347,0.193363841539,False,False,False,1.3,synthetic,True
MLCC_LOW_PREVALENCE_C000095,MLCC_LOW_PREVALENCE_B009,MLCC_X7R,leakage_ua,SIM_X7R_4U7_16V,ordinary_noise,ordinary_noise,False,True,False,,,0.117957818932,0.118339397667,False,False,False,1.3,synthetic,True
MLCC_LOW_PREVALENCE_C000098,MLCC_LOW_PREVALENCE_B009,MLCC_X7R,leakage_ua,SIM_X7R_4U7_16V,healthy_settling,healthy_settling,False,True,False,,,0.139593343132,0.136962942304,False,False,False,1.3,synthetic,True
MLCC_LOW_PREVALENCE_C000139,MLCC_LOW_PREVALENCE_B009,MLCC_X7R,leakage_ua,SIM_X7R_4U7_16V,healthy_settling,healthy_settling,False,True,False,,,0.0895944189963,0.0865853416127,False,False,False,1.3,synthetic,True
MLCC_LOW_PREVALENCE_C000140,MLCC_LOW_PREVALENCE_B009,MLCC_X7R,leakage_ua,SIM_X7R_4U7_16V,healthy_settling,healthy_settling,False,True,False,,,0.184893220163,0.182828690668,False,False,False,1.3,synthetic,True
MLCC_LOW_PREVALENCE_C000146,MLCC_LOW_PREVALENCE_B009,MLCC_X7R,leakage_ua,SIM_X7R_4U7_16V,healthy_settling,healthy_settling,False,True,False,,,0.186111768304,0.187771190852,False,False,False,1.3,synthetic,True
MLCC_LOW_PREVALENCE_C000177,MLCC_LOW_PREVALENCE_B009,MLCC_X7R,leakage_ua,SIM_X7R_4U7_16V,healthy_settling,healthy_settling,False,True,False,,,0.187694935857,0.18712530774,False,False,False,1.3,synthetic,True
MLCC_LOW_PREVALENCE_C000237,MLCC_LOW_PREVALENCE_B009,MLCC_X7R,leakage_ua,SIM_X7R_4U7_16V,ordinary_noise,ordinary_noise,False,True,False,,,0.0960299779986,0.0932973638153,False,False,False,1.3,synthetic,True
MLCC_LOW_PREVALENCE_C000241,MLCC_LOW_PREVALENCE_B009,MLCC_X7R,leakage_ua,SIM_X7R_4U7_16V,healthy_settling,healthy_settling,False,True,False,,,0.208093681384,0.208841909095,False,False,False,1.3,synthetic,True
MLCC_LOW_PREVALENCE_C000248,MLCC_LOW_PREVALENCE_B009,MLCC_X7R,leakage_ua,SIM_X7R_4U7_16V,healthy_settling,healthy_settling,False,True,False,,,0.114424865356,0.122216148557,False,False,False,1.3,synthetic,True
MLCC_LOW_PREVALENCE_C000262,MLCC_LOW_PREVALENCE_B009,MLCC_X7R,leakage_ua,SIM_X7R_4U7_16V,healthy_settling,healthy_settling,False,True,False,,,0.0942318124457,0.0930259603132,False,False,False,1.3,synthetic,True
MLCC_LOW_PREVALENCE_C000263,MLCC_LOW_PREVALENCE_B009,MLCC_X7R,leakage_ua,SIM_X7R_4U7_16V,ordinary_noise,ordinary_noise,False,True,False,,,0.0751683485503,0.0844594776328,False,False,False,1.3,synthetic,True
MLCC_LOW_PREVALENCE_C000265,MLCC_LOW_PREVALENCE_B009,MLCC_X7R,leakage_ua,SIM_X7R_4U7_16V,ordinary_noise,ordinary_noise,False,True,False,,,0.0867164786614,0.0866835930698,False,False,False,1.3,synthetic,True
MLCC_LOW_PREVALENCE_C000270,MLCC_LOW_PREVALENCE_B009,MLCC_X7R,leakage_ua,SIM_X7R_4U7_16V,ordinary_noise,ordinary_noise,False,True,False,,,0.119739577665,0.136012827051,False,False,False,1.3,synthetic,True
MLCC_LOW_PREVALENCE_C000319,MLCC_LOW_PREVALENCE_B009,MLCC_X7R,leakage_ua,SIM_X7R_4U7_16V,healthy_settling,healthy_settling,False,True,False,,,0.142417627377,0.13421299162,False,False,False,1.3,synthetic,True
MLCC_LOW_PREVALENCE_C000368,MLCC_LOW_PREVALENCE_B009,MLCC_X7R,leakage_ua,SIM_X7R_4U7_16V,healthy_settling,healthy_settling,False,True,False,,,0.139545760786,0.139597483679,False,False,False,1.3,synthetic,True
MLCC_LOW_PREVALENCE_C000383,MLCC_LOW_PREVALENCE_B009,MLCC_X7R,leakage_ua,SIM_X7R_4U7_16V,healthy_settling,healthy_settling,False,True,False,,,0.210544686161,0.222372791337,False,False,False,1.3,synthetic,True
MLCC_LOW_PREVALENCE_C000435,MLCC_LOW_PREVALENCE_B009,MLCC_X7R,leakage_ua,SIM_X7R_4U7_16V,healthy_settling,healthy_settling,False,True,False,,,0.115300572355,0.114075557758,False,False,False,1.3,synthetic,True
MLCC_LOW_PREVALENCE_C000441,MLCC_LOW_PREVALENCE_B009,MLCC_X7R,leakage_ua,SIM_X7R_4U7_16V,ordinary_noise,ordinary_noise,False,True,False,,,0.115289881127,0.104517547177,False,False,False,1.3,synthetic,True
MLCC_LOW_PREVALENCE_C000483,MLCC_LOW_PREVALENCE_B009,MLCC_X7R,leakage_ua,SIM_X7R_4U7_16V,ordinary_noise,ordinary_noise,False,True,False,,,0.129782498101,0.130779249994,False,False,False,1.3,synthetic,True
MLCC_LOW_PREVALENCE_C000526,MLCC_LOW_PREVALENCE_B009,MLCC_X7R,leakage_ua,SIM_X7R_4U7_16V,healthy_settling,healthy_settling,False,True,False,,,0.14739117472,0.146840547067,False,False,False,1.3,synthetic,True
MLCC_LOW_PREVALENCE_C000583,MLCC_LOW_PREVALENCE_B009,MLCC_X7R,leakage_ua,SIM_X7R_4U7_16V,healthy_settling,healthy_settling,False,True,False,,,0.157653440216,0.156478806124,False,False,False,1.3,synthetic,True
MLCC_LOW_PREVALENCE_C000592,MLCC_LOW_PREVALENCE_B009,MLCC_X7R,leakage_ua,SIM_X7R_4U7_16V,healthy_settling,healthy_settling,False,True,False,,,0.189236986734,0.18355635039,False,False,False,1.3,synthetic,True
MLCC_LOW_PREVALENCE_C000594,MLCC_LOW_PREVALENCE_B009,MLCC_X7R,leakage_ua,SIM_X7R_4U7_16V,healthy_settling,healthy_settling,False,True,False,,,0.102285444833,0.102681787692,False,False,False,1.3,synthetic,True
MLCC_LOW_PREVALENCE_C000618,MLCC_LOW_PREVALENCE_B009,MLCC_X7R,leakage_ua,SIM_X7R_4U7_16V,ordinary_noise,ordinary_noise,False,True,False,,,0.205909709942,0.166560921054,False,False,False,1.3,synthetic,True
MLCC_LOW_PREVALENCE_C000622,MLCC_LOW_PREVALENCE_B009,MLCC_X7R,leakage_ua,SIM_X7R_4U7_16V,healthy_settling,healthy_settling,False,True,False,,,0.120640317408,0.120215593978,False,False,False,1.3,synthetic,True
MLCC_LOW_PREVALENCE_C000671,MLCC_LOW_PREVALENCE_B009,MLCC_X7R,leakage_ua,SIM_X7R_4U7_16V,healthy_settling,healthy_settling,False,True,False,,,0.117785334217,0.117746511677,False,False,False,1.3,synthetic,True
MLCC_LOW_PREVALENCE_C000695,MLCC_LOW_PREVALENCE_B009,MLCC_X7R,leakage_ua,SIM_X7R_4U7_16V,healthy_settling,healthy_settling,False,True,False,,,0.236186206837,0.237374066963,False,False,False,1.3,synthetic,True
MLCC_LOW_PREVALENCE_C000698,MLCC_LOW_PREVALENCE_B009,MLCC_X7R,leakage_ua,SIM_X7R_4U7_16V,healthy_settling,healthy_settling,False,True,False,,,0.102699656423,0.100048467433,False,False,False,1.3,synthetic,True
MLCC_LOW_PREVALENCE_C000740,MLCC_LOW_PREVALENCE_B009,MLCC_X7R,leakage_ua,SIM_X7R_4U7_16V,healthy_settling,healthy_settling,False,True,False,,,0.194810975442,0.187293746724,False,False,False,1.3,synthetic,True
MLCC_LOW_PREVALENCE_C000747,MLCC_LOW_PREVALENCE_B009,MLCC_X7R,leakage_ua,SIM_X7R_4U7_16V,healthy_settling,healthy_settling,False,True,False,,,0.180909236833,0.186391738058,False,False,False,1.3,synthetic,True
MLCC_LOW_PREVALENCE_C000750,MLCC_LOW_PREVALENCE_B009,MLCC_X7R,leakage_ua,SIM_X7R_4U7_16V,ordinary_noise,ordinary_noise,False,True,False,,,0.138274630715,0.162700738002,False,False,False,1.3,synthetic,True
MLCC_LOW_PREVALENCE_C000785,MLCC_LOW_PREVALENCE_B009,MLCC_X7R,leakage_ua,SIM_X7R_4U7_16V,ordinary_noise,ordinary_noise,False,True,False,,,0.169978808157,0.156592855333,False,False,False,1.3,synthetic,True
MLCC_LOW_PREVALENCE_C000801,MLCC_LOW_PREVALENCE_B009,MLCC_X7R,leakage_ua,SIM_X7R_4U7_16V,healthy_settling,healthy_settling,False,True,False,,,0.122406024802,0.123623273588,False,False,False,1.3,synthetic,True
MLCC_LOW_PREVALENCE_C000807,MLCC_LOW_PREVALENCE_B009,MLCC_X7R,leakage_ua,SIM_X7R_4U7_16V,ordinary_noise,ordinary_noise,False,True,False,,,0.13051909546,0.136438917358,False,False,False,1.3,synthetic,True
MLCC_LOW_PREVALENCE_C000822,MLCC_LOW_PREVALENCE_B009,MLCC_X7R,leakage_ua,SIM_X7R_4U7_16V,healthy_settling,healthy_settling,False,True,False,,,0.231124149101,0.245725498303,False,False,False,1.3,synthetic,True
MLCC_LOW_PREVALENCE_C000889,MLCC_LOW_PREVALENCE_B009,MLCC_X7R,leakage_ua,SIM_X7R_4U7_16V,healthy_settling,healthy_settling,False,True,False,,,0.202539629616,0.199509307159,False,False,False,1.3,synthetic,True
MLCC_LOW_PREVALENCE_C000907,MLCC_LOW_PREVALENCE_B009,MLCC_X7R,leakage_ua,SIM_X7R_4U7_16V,ordinary_noise,ordinary_noise,False,True,False,,,0.162475920426,0.175754044049,False,False,False,1.3,synthetic,True
MLCC_LOW_PREVALENCE_C000915,MLCC_LOW_PREVALENCE_B009,MLCC_X7R,leakage_ua,SIM_X7R_4U7_16V,healthy_settling,healthy_settling,False,True,False,,,0.14219014044,0.1591211134,False,False,False,1.3,synthetic,True
MLCC_LOW_PREVALENCE_C000929,MLCC_LOW_PREVALENCE_B009,MLCC_X7R,leakage_ua,SIM_X7R_4U7_16V,healthy_settling,healthy_settling,False,True,False,,,0.131303033481,0.137610840332,False,False,False,1.3,synthetic,True
MLCC_LOW_PREVALENCE_C000932,MLCC_LOW_PREVALENCE_B009,MLCC_X7R,leakage_ua,SIM_X7R_4U7_16V,healthy_settling,healthy_settling,False,True,False,,,0.228141523694,0.216212726796,False,False,False,1.3,synthetic,True
MLCC_LOW_PREVALENCE_C000980,MLCC_LOW_PREVALENCE_B009,MLCC_X7R,leakage_ua,SIM_X7R_4U7_16V,ordinary_noise,ordinary_noise,False,True,False,,,0.11134729363,0.108911715135,False,False,False,1.3,synthetic,True
MLCC_LOW_PREVALENCE_C000993,MLCC_LOW_PREVALENCE_B009,MLCC_X7R,leakage_ua,SIM_X7R_4U7_16V,healthy_settling,healthy_settling,False,True,False,,,0.104833207916,0.106554767908,False,False,False,1.3,synthetic,True
MLCC_LOW_PREVALENCE_C000996,MLCC_LOW_PREVALENCE_B009,MLCC_X7R,leakage_ua,SIM_X7R_4U7_16V,healthy_settling,healthy_settling,False,True,False,,,0.0956931921767,0.0922324006988,False,False,False,1.3,synthetic,True
MLCC_LOW_PREVALENCE_C001008,MLCC_LOW_PREVALENCE_B009,MLCC_X7R,leakage_ua,SIM_X7R_4U7_16V,healthy_settling,healthy_settling,False,True,False,,,0.161209091846,0.162494578995,False,False,False,1.3,synthetic,True
MLCC_LOW_PREVALENCE_C001009,MLCC_LOW_PREVALENCE_B009,MLCC_X7R,leakage_ua,SIM_X7R_4U7_16V,healthy_settling,healthy_settling,False,True,False,,,0.268390761783,0.269423754559,False,False,False,1.3,synthetic,True
MLCC_LOW_PREVALENCE_C001048,MLCC_LOW_PREVALENCE_B009,MLCC_X7R,leakage_ua,SIM_X7R_4U7_16V,ordinary_noise,ordinary_noise,False,True,False,,,0.142103101801,0.125357656177,False,False,False,1.3,synthetic,True
MLCC_LOW_PREVALENCE_C001066,MLCC_LOW_PREVALENCE_B009,MLCC_X7R,leakage_ua,SIM_X7R_4U7_16V,ordinary_noise,ordinary_noise,False,True,False,,,0.29598747563,0.207920010429,False,False,False,1.3,synthetic,True
MLCC_LOW_PREVALENCE_C001095,MLCC_LOW_PREVALENCE_B009,MLCC_X7R,leakage_ua,SIM_X7R_4U7_16V,ordinary_noise,ordinary_noise,False,True,False,,,0.183595347337,0.182934175414,False,False,False,1.3,synthetic,True
MLCC_LOW_PREVALENCE_C001097,MLCC_LOW_PREVALENCE_B009,MLCC_X7R,leakage_ua,SIM_X7R_4U7_16V,healthy_settling,healthy_settling,False,True,False,,,0.0971838849212,0.0999611711623,False,False,False,1.3,synthetic,True
MLCC_LOW_PREVALENCE_C001160,MLCC_LOW_PREVALENCE_B009,MLCC_X7R,leakage_ua,SIM_X7R_4U7_16V,healthy_settling,healthy_settling,False,True,False,,,0.234755574367,0.233344846857,False,False,False,1.3,synthetic,True
MLCC_LOW_PREVALENCE_C001220,MLCC_LOW_PREVALENCE_B009,MLCC_X7R,leakage_ua,SIM_X7R_4U7_16V,healthy_settling,healthy_settling,False,True,False,,,0.153103964892,0.15549169658,False,False,False,1.3,synthetic,True
MLCC_LOW_PREVALENCE_C001240,MLCC_LOW_PREVALENCE_B009,MLCC_X7R,leakage_ua,SIM_X7R_4U7_16V,healthy_settling,healthy_settling,False,True,False,,,0.138510440224,0.13198986424,False,False,False,1.3,synthetic,True
MLCC_LOW_PREVALENCE_C001261,MLCC_LOW_PREVALENCE_B009,MLCC_X7R,leakage_ua,SIM_X7R_4U7_16V,healthy_settling,healthy_settling,False,True,False,,,0.152832503038,0.14878017044,False,False,False,1.3,synthetic,True
MLCC_LOW_PREVALENCE_C001311,MLCC_LOW_PREVALENCE_B009,MLCC_X7R,leakage_ua,SIM_X7R_4U7_16V,healthy_settling,healthy_settling,False,True,False,,,0.0912094046335,0.0915962745364,False,False,False,1.3,synthetic,True
MLCC_LOW_PREVALENCE_C001333,MLCC_LOW_PREVALENCE_B009,MLCC_X7R,leakage_ua,SIM_X7R_4U7_16V,healthy_settling,healthy_settling,False,True,False,,,0.110903130363,0.111393491137,False,False,False,1.3,synthetic,True
MLCC_LOW_PREVALENCE_C001334,MLCC_LOW_PREVALENCE_B009,MLCC_X7R,leakage_ua,SIM_X7R_4U7_16V,healthy_settling,healthy_settling,False,True,False,,,0.142123344252,0.143750797355,False,False,False,1.3,synthetic,True
MLCC_LOW_PREVALENCE_C001338,MLCC_LOW_PREVALENCE_B009,MLCC_X7R,leakage_ua,SIM_X7R_4U7_16V,healthy_settling,healthy_settling,False,True,False,,,0.110480469412,0.113289569856,False,False,False,1.3,synthetic,True
MLCC_LOW_PREVALENCE_C001341,MLCC_LOW_PREVALENCE_B009,MLCC_X7R,leakage_ua,SIM_X7R_4U7_16V,healthy_settling,healthy_settling,False,True,False,,,0.139739933431,0.132757394992,False,False,False,1.3,synthetic,True
MLCC_LOW_PREVALENCE_C001374,MLCC_LOW_PREVALENCE_B009,MLCC_X7R,leakage_ua,SIM_X7R_4U7_16V,healthy_settling,healthy_settling,False,True,False,,,0.174219345535,0.173623686289,False,False,False,1.3,synthetic,True
MLCC_LOW_PREVALENCE_C001388,MLCC_LOW_PREVALENCE_B009,MLCC_X7R,leakage_ua,SIM_X7R_4U7_16V,healthy_settling,healthy_settling,False,True,False,,,0.218873598185,0.210589023468,False,False,False,1.3,synthetic,True
MLCC_LOW_PREVALENCE_C001412,MLCC_LOW_PREVALENCE_B009,MLCC_X7R,leakage_ua,SIM_X7R_4U7_16V,healthy_settling,healthy_settling,False,True,False,,,0.0967047440162,0.0985375342097,False,False,False,1.3,synthetic,True
MLCC_LOW_PREVALENCE_C001414,MLCC_LOW_PREVALENCE_B009,MLCC_X7R,leakage_ua,SIM_X7R_4U7_16V,healthy_settling,healthy_settling,False,True,False,,,0.0583987694224,0.0589990570951,False,False,False,1.3,synthetic,True
MLCC_LOW_PREVALENCE_C001425,MLCC_LOW_PREVALENCE_B009,MLCC_X7R,leakage_ua,SIM_X7R_4U7_16V,healthy_settling,healthy_settling,False,True,False,,,0.169882144365,0.170847056536,False,False,False,1.3,synthetic,True
MLCC_LOW_PREVALENCE_C001428,MLCC_LOW_PREVALENCE_B009,MLCC_X7R,leakage_ua,SIM_X7R_4U7_16V,healthy_settling,healthy_settling,False,True,False,,,0.111480400152,0.111293856507,False,False,False,1.3,synthetic,True
MLCC_LOW_PREVALENCE_C001429,MLCC_LOW_PREVALENCE_B009,MLCC_X7R,leakage_ua,SIM_X7R_4U7_16V,ordinary_noise,ordinary_noise,False,True,False,,,0.0771651493391,0.0904828317627,False,False,False,1.3,synthetic,True
MLCC_LOW_PREVALENCE_C001436,MLCC_LOW_PREVALENCE_B009,MLCC_X7R,leakage_ua,SIM_X7R_4U7_16V,healthy_settling,healthy_settling,False,True,False,,,0.177507420676,0.181968004249,False,False,False,1.3,synthetic,True
MLCC_LOW_PREVALENCE_C001447,MLCC_LOW_PREVALENCE_B009,MLCC_X7R,leakage_ua,SIM_X7R_4U7_16V,healthy_settling,healthy_settling,False,True,False,,,0.16002043951,0.164122808954,False,False,False,1.3,synthetic,True
MLCC_LOW_PREVALENCE_C001459,MLCC_LOW_PREVALENCE_B009,MLCC_X7R,leakage_ua,SIM_X7R_4U7_16V,healthy_settling,healthy_settling,False,True,False,,,0.110503030113,0.110988243748,False,False,False,1.3,synthetic,True
MLCC_LOW_PREVALENCE_C001529,MLCC_LOW_PREVALENCE_B009,MLCC_X7R,leakage_ua,SIM_X7R_4U7_16V,healthy_settling,healthy_settling,False,True,False,,,0.069631787359,0.0673664892579,False,False,False,1.3,synthetic,True
MLCC_LOW_PREVALENCE_C001537,MLCC_LOW_PREVALENCE_B009,MLCC_X7R,leakage_ua,SIM_X7R_4U7_16V,healthy_settling,healthy_settling,False,True,False,,,0.160589087196,0.163277435894,False,False,False,1.3,synthetic,True
MLCC_LOW_PREVALENCE_C001543,MLCC_LOW_PREVALENCE_B009,MLCC_X7R,leakage_ua,SIM_X7R_4U7_16V,healthy_settling,healthy_settling,False,True,False,,,0.166601160946,0.165979611577,False,False,False,1.3,synthetic,True
MLCC_LOW_PREVALENCE_C001556,MLCC_LOW_PREVALENCE_B009,MLCC_X7R,leakage_ua,SIM_X7R_4U7_16V,healthy_settling,healthy_settling,False,True,False,,,0.15307685756,0.151306663678,False,False,False,1.3,synthetic,True
MLCC_LOW_PREVALENCE_C001589,MLCC_LOW_PREVALENCE_B009,MLCC_X7R,leakage_ua,SIM_X7R_4U7_16V,healthy_settling,healthy_settling,False,True,False,,,0.218974084525,0.224170949271,False,False,False,1.3,synthetic,True
MLCC_LOW_PREVALENCE_C001609,MLCC_LOW_PREVALENCE_B009,MLCC_X7R,leakage_ua,SIM_X7R_4U7_16V,healthy_settling,healthy_settling,False,True,False,,,0.148585947023,0.152663552058,False,False,False,1.3,synthetic,True
MLCC_LOW_PREVALENCE_C001613,MLCC_LOW_PREVALENCE_B009,MLCC_X7R,leakage_ua,SIM_X7R_4U7_16V,healthy_settling,healthy_settling,False,True,False,,,0.171592189034,0.172124681683,False,False,False,1.3,synthetic,True
MLCC_LOW_PREVALENCE_C001635,MLCC_LOW_PREVALENCE_B009,MLCC_X7R,leakage_ua,SIM_X7R_4U7_16V,ordinary_noise,ordinary_noise,False,True,False,,,0.109979365422,0.126077518305,False,False,False,1.3,synthetic,True
MLCC_LOW_PREVALENCE_C001637,MLCC_LOW_PREVALENCE_B009,MLCC_X7R,leakage_ua,SIM_X7R_4U7_16V,healthy_settling,healthy_settling,False,True,False,,,0.0987026114199,0.102187214896,False,False,False,1.3,synthetic,True
MLCC_LOW_PREVALENCE_C001651,MLCC_LOW_PREVALENCE_B009,MLCC_X7R,leakage_ua,SIM_X7R_4U7_16V,ordinary_noise,ordinary_noise,False,True,False,,,0.111403022276,0.113965007552,False,False,False,1.3,synthetic,True
MLCC_LOW_PREVALENCE_C001669,MLCC_LOW_PREVALENCE_B009,MLCC_X7R,leakage_ua,SIM_X7R_4U7_16V,ordinary_noise,ordinary_noise,False,True,False,,,0.157380519632,0.139325976669,False,False,False,1.3,synthetic,True
MLCC_LOW_PREVALENCE_C001679,MLCC_LOW_PREVALENCE_B009,MLCC_X7R,leakage_ua,SIM_X7R_4U7_16V,healthy_settling,healthy_settling,False,True,False,,,0.113967270228,0.109389597592,False,False,False,1.3,synthetic,True
MLCC_LOW_PREVALENCE_C001706,MLCC_LOW_PREVALENCE_B009,MLCC_X7R,leakage_ua,SIM_X7R_4U7_16V,healthy_settling,healthy_settling,False,True,False,,,0.204476292102,0.202652099023,False,False,False,1.3,synthetic,True
MLCC_LOW_PREVALENCE_C001720,MLCC_LOW_PREVALENCE_B009,MLCC_X7R,leakage_ua,SIM_X7R_4U7_16V,healthy_settling,healthy_settling,False,True,False,,,0.139718278951,0.137117186954,False,False,False,1.3,synthetic,True
MLCC_LOW_PREVALENCE_C001733,MLCC_LOW_PREVALENCE_B009,MLCC_X7R,leakage_ua,SIM_X7R_4U7_16V,ordinary_noise,ordinary_noise,False,True,False,,,0.134379876173,0.146486772838,False,False,False,1.3,synthetic,True
MLCC_LOW_PREVALENCE_C001743,MLCC_LOW_PREVALENCE_B009,MLCC_X7R,leakage_ua,SIM_X7R_4U7_16V,healthy_settling,healthy_settling,False,True,False,,,0.111726424964,0.11396223684,False,False,False,1.3,synthetic,True
MLCC_LOW_PREVALENCE_C001794,MLCC_LOW_PREVALENCE_B009,MLCC_X7R,leakage_ua,SIM_X7R_4U7_16V,ordinary_noise,ordinary_noise,False,True,False,,,0.178849909257,0.176270403204,False,False,False,1.3,synthetic,True
MLCC_LOW_PREVALENCE_C001835,MLCC_LOW_PREVALENCE_B009,MLCC_X7R,leakage_ua,SIM_X7R_4U7_16V,healthy_settling,healthy_settling,False,True,False,,,0.287315705788,0.28074910738,False,False,False,1.3,synthetic,True
MLCC_LOW_PREVALENCE_C001846,MLCC_LOW_PREVALENCE_B009,MLCC_X7R,leakage_ua,SIM_X7R_4U7_16V,healthy_settling,healthy_settling,False,True,False,,,0.164192818204,0.165546445359,False,False,False,1.3,synthetic,True
MLCC_LOW_PREVALENCE_C001860,MLCC_LOW_PREVALENCE_B009,MLCC_X7R,leakage_ua,SIM_X7R_4U7_16V,healthy_settling,healthy_settling,False,True,False,,,0.118908719356,0.113625821813,False,False,False,1.3,synthetic,True
MLCC_LOW_PREVALENCE_C001872,MLCC_LOW_PREVALENCE_B009,MLCC_X7R,leakage_ua,SIM_X7R_4U7_16V,healthy_settling,healthy_settling,False,True,False,,,0.118997357995,0.119542561737,False,False,False,1.3,synthetic,True
MLCC_LOW_PREVALENCE_C001875,MLCC_LOW_PREVALENCE_B009,MLCC_X7R,leakage_ua,SIM_X7R_4U7_16V,healthy_settling,healthy_settling,False,True,False,,,0.0954053049788,0.0936302889687,False,False,False,1.3,synthetic,True
MLCC_LOW_PREVALENCE_C001885,MLCC_LOW_PREVALENCE_B009,MLCC_X7R,leakage_ua,SIM_X7R_4U7_16V,healthy_settling,healthy_settling,False,True,False,,,0.158128598561,0.157465869731,False,False,False,1.3,synthetic,True
MLCC_LOW_PREVALENCE_C001906,MLCC_LOW_PREVALENCE_B009,MLCC_X7R,leakage_ua,SIM_X7R_4U7_16V,healthy_settling,healthy_settling,False,True,False,,,0.221054591748,0.220497268461,False,False,False,1.3,synthetic,True
MLCC_LOW_PREVALENCE_C001907,MLCC_LOW_PREVALENCE_B009,MLCC_X7R,leakage_ua,SIM_X7R_4U7_16V,ordinary_noise,ordinary_noise,False,True,False,,,0.166039919275,0.143277779169,False,False,False,1.3,synthetic,True
MLCC_LOW_PREVALENCE_C001923,MLCC_LOW_PREVALENCE_B009,MLCC_X7R,leakage_ua,SIM_X7R_4U7_16V,healthy_settling,healthy_settling,False,True,False,,,0.114885891756,0.107847307847,False,False,False,1.3,synthetic,True
MLCC_LOW_PREVALENCE_C001966,MLCC_LOW_PREVALENCE_B009,MLCC_X7R,leakage_ua,SIM_X7R_4U7_16V,healthy_settling,healthy_settling,False,True,False,,,0.126941298198,0.123976063623,False,False,False,1.3,synthetic,True
MLCC_LOW_PREVALENCE_C001976,MLCC_LOW_PREVALENCE_B009,MLCC_X7R,leakage_ua,SIM_X7R_4U7_16V,ordinary_noise,ordinary_noise,False,True,False,,,0.109005575307,0.0857286960987,False,False,False,1.3,synthetic,True
MLCC_LOW_PREVALENCE_C001977,MLCC_LOW_PREVALENCE_B009,MLCC_X7R,leakage_ua,SIM_X7R_4U7_16V,healthy_settling,healthy_settling,False,True,False,,,0.150974724208,0.152441833399,False,False,False,1.3,synthetic,True
MLCC_LOW_PREVALENCE_C000042,MLCC_LOW_PREVALENCE_B010,MLCC_X7R,leakage_ua,SIM_X7R_1U_25V,healthy_settling,healthy_settling,False,True,False,,,0.0747316901077,0.0752497473935,False,False,False,0.7,synthetic,True
MLCC_LOW_PREVALENCE_C000043,MLCC_LOW_PREVALENCE_B010,MLCC_X7R,leakage_ua,SIM_X7R_1U_25V,healthy_settling,healthy_settling,False,True,False,,,0.103758420562,0.101856153361,False,False,False,0.7,synthetic,True
MLCC_LOW_PREVALENCE_C000068,MLCC_LOW_PREVALENCE_B010,MLCC_X7R,leakage_ua,SIM_X7R_1U_25V,healthy_settling,healthy_settling,False,True,False,,,0.0762599871176,0.0747806929775,False,False,False,0.7,synthetic,True
MLCC_LOW_PREVALENCE_C000085,MLCC_LOW_PREVALENCE_B010,MLCC_X7R,leakage_ua,SIM_X7R_1U_25V,healthy_settling,healthy_settling,False,True,False,,,0.115993590685,0.118303627894,False,False,False,0.7,synthetic,True
MLCC_LOW_PREVALENCE_C000135,MLCC_LOW_PREVALENCE_B010,MLCC_X7R,leakage_ua,SIM_X7R_1U_25V,healthy_settling,healthy_settling,False,True,False,,,0.0691616572784,0.0684655533436,False,False,False,0.7,synthetic,True
MLCC_LOW_PREVALENCE_C000217,MLCC_LOW_PREVALENCE_B010,MLCC_X7R,leakage_ua,SIM_X7R_1U_25V,ordinary_noise,ordinary_noise,False,True,False,,,0.0982303130048,0.0927375310234,False,False,False,0.7,synthetic,True
MLCC_LOW_PREVALENCE_C000231,MLCC_LOW_PREVALENCE_B010,MLCC_X7R,leakage_ua,SIM_X7R_1U_25V,ordinary_noise,ordinary_noise,False,True,False,,,0.085125029893,0.0903478377025,False,False,False,0.7,synthetic,True
MLCC_LOW_PREVALENCE_C000252,MLCC_LOW_PREVALENCE_B010,MLCC_X7R,leakage_ua,SIM_X7R_1U_25V,healthy_settling,healthy_settling,False,True,False,,,0.0695019362541,0.0694358210098,False,False,False,0.7,synthetic,True
MLCC_LOW_PREVALENCE_C000276,MLCC_LOW_PREVALENCE_B010,MLCC_X7R,leakage_ua,SIM_X7R_1U_25V,healthy_settling,healthy_settling,False,True,False,,,0.091129456793,0.0870012996574,False,False,False,0.7,synthetic,True
MLCC_LOW_PREVALENCE_C000278,MLCC_LOW_PREVALENCE_B010,MLCC_X7R,leakage_ua,SIM_X7R_1U_25V,healthy_settling,healthy_settling,False,True,False,,,0.059423311524,0.0603296507094,False,False,False,0.7,synthetic,True
MLCC_LOW_PREVALENCE_C000279,MLCC_LOW_PREVALENCE_B010,MLCC_X7R,leakage_ua,SIM_X7R_1U_25V,ordinary_noise,ordinary_noise,False,True,False,,,0.0631670783367,0.0755695944134,False,False,False,0.7,synthetic,True
MLCC_LOW_PREVALENCE_C000286,MLCC_LOW_PREVALENCE_B010,MLCC_X7R,leakage_ua,SIM_X7R_1U_25V,healthy_settling,healthy_settling,False,True,False,,,0.100506293382,0.0983850038732,False,False,False,0.7,synthetic,True
MLCC_LOW_PREVALENCE_C000314,MLCC_LOW_PREVALENCE_B010,MLCC_X7R,leakage_ua,SIM_X7R_1U_25V,healthy_settling,healthy_settling,False,True,False,,,0.0773238410257,0.0811826386925,False,False,False,0.7,synthetic,True
MLCC_LOW_PREVALENCE_C000330,MLCC_LOW_PREVALENCE_B010,MLCC_X7R,leakage_ua,SIM_X7R_1U_25V,ordinary_noise,ordinary_noise,False,True,False,,,0.0890266177417,0.0963626298159,False,False,False,0.7,synthetic,True
MLCC_LOW_PREVALENCE_C000370,MLCC_LOW_PREVALENCE_B010,MLCC_X7R,leakage_ua,SIM_X7R_1U_25V,healthy_settling,healthy_settling,False,True,False,,,0.0842834405446,0.0858007091578,False,False,False,0.7,synthetic,True
MLCC_LOW_PREVALENCE_C000388,MLCC_LOW_PREVALENCE_B010,MLCC_X7R,leakage_ua,SIM_X7R_1U_25V,healthy_settling,healthy_settling,False,True,False,,,0.0831344181788,0.083329828969,False,False,False,0.7,synthetic,True
MLCC_LOW_PREVALENCE_C000395,MLCC_LOW_PREVALENCE_B010,MLCC_X7R,leakage_ua,SIM_X7R_1U_25V,healthy_settling,healthy_settling,False,True,False,,,0.0702468927369,0.0689964272913,False,False,False,0.7,synthetic,True
MLCC_LOW_PREVALENCE_C000406,MLCC_LOW_PREVALENCE_B010,MLCC_X7R,leakage_ua,SIM_X7R_1U_25V,healthy_settling,healthy_settling,False,True,False,,,0.178276107261,0.173677144595,False,False,False,0.7,synthetic,True
MLCC_LOW_PREVALENCE_C000420,MLCC_LOW_PREVALENCE_B010,MLCC_X7R,leakage_ua,SIM_X7R_1U_25V,healthy_settling,healthy_settling,False,True,False,,,0.088349573778,0.0856031494199,False,False,False,0.7,synthetic,True
MLCC_LOW_PREVALENCE_C000421,MLCC_LOW_PREVALENCE_B010,MLCC_X7R,leakage_ua,SIM_X7R_1U_25V,ordinary_noise,ordinary_noise,False,True,False,,,0.206241645838,0.141477565995,False,False,False,0.7,synthetic,True
MLCC_LOW_PREVALENCE_C000422,MLCC_LOW_PREVALENCE_B010,MLCC_X7R,leakage_ua,SIM_X7R_1U_25V,healthy_settling,healthy_settling,False,True,False,,,0.0847811158656,0.084802379746,False,False,False,0.7,synthetic,True
MLCC_LOW_PREVALENCE_C000447,MLCC_LOW_PREVALENCE_B010,MLCC_X7R,leakage_ua,SIM_X7R_1U_25V,healthy_settling,healthy_settling,False,True,False,,,0.128052478646,0.129450671426,False,False,False,0.7,synthetic,True
MLCC_LOW_PREVALENCE_C000465,MLCC_LOW_PREVALENCE_B010,MLCC_X7R,leakage_ua,SIM_X7R_1U_25V,healthy_settling,healthy_settling,False,True,False,,,0.113486317909,0.112826030327,False,False,False,0.7,synthetic,True
MLCC_LOW_PREVALENCE_C000474,MLCC_LOW_PREVALENCE_B010,MLCC_X7R,leakage_ua,SIM_X7R_1U_25V,healthy_settling,healthy_settling,False,True,False,,,0.0867927643107,0.0954414703413,False,False,False,0.7,synthetic,True
MLCC_LOW_PREVALENCE_C000477,MLCC_LOW_PREVALENCE_B010,MLCC_X7R,leakage_ua,SIM_X7R_1U_25V,ordinary_noise,ordinary_noise,False,True,False,,,0.0684591766196,0.079894453906,False,False,False,0.7,synthetic,True
MLCC_LOW_PREVALENCE_C000554,MLCC_LOW_PREVALENCE_B010,MLCC_X7R,leakage_ua,SIM_X7R_1U_25V,healthy_settling,healthy_settling,False,True,False,,,0.101238072632,0.101067067775,False,False,False,0.7,synthetic,True
MLCC_LOW_PREVALENCE_C000576,MLCC_LOW_PREVALENCE_B010,MLCC_X7R,leakage_ua,SIM_X7R_1U_25V,healthy_settling,healthy_settling,False,True,False,,,0.0727849932548,0.0754735915043,False,False,False,0.7,synthetic,True
MLCC_LOW_PREVALENCE_C000613,MLCC_LOW_PREVALENCE_B010,MLCC_X7R,leakage_ua,SIM_X7R_1U_25V,healthy_settling,healthy_settling,False,True,False,,,0.117930150064,0.117011527853,False,False,False,0.7,synthetic,True
MLCC_LOW_PREVALENCE_C000660,MLCC_LOW_PREVALENCE_B010,MLCC_X7R,leakage_ua,SIM_X7R_1U_25V,ordinary_noise,ordinary_noise,False,True,False,,,0.0710027875897,0.0606433379532,False,False,False,0.7,synthetic,True
MLCC_LOW_PREVALENCE_C000670,MLCC_LOW_PREVALENCE_B010,MLCC_X7R,leakage_ua,SIM_X7R_1U_25V,healthy_settling,healthy_settling,False,True,False,,,0.0710709426719,0.0715689466853,False,False,False,0.7,synthetic,True
MLCC_LOW_PREVALENCE_C000675,MLCC_LOW_PREVALENCE_B010,MLCC_X7R,leakage_ua,SIM_X7R_1U_25V,healthy_settling,healthy_settling,False,True,False,,,0.059153381069,0.0648884139045,False,False,False,0.7,synthetic,True
MLCC_LOW_PREVALENCE_C000704,MLCC_LOW_PREVALENCE_B010,MLCC_X7R,leakage_ua,SIM_X7R_1U_25V,healthy_settling,healthy_settling,False,True,False,,,0.113020537697,0.107770416642,False,False,False,0.7,synthetic,True
MLCC_LOW_PREVALENCE_C000733,MLCC_LOW_PREVALENCE_B010,MLCC_X7R,leakage_ua,SIM_X7R_1U_25V,healthy_settling,healthy_settling,False,True,False,,,0.0943505608742,0.0930405234964,False,False,False,0.7,synthetic,True
MLCC_LOW_PREVALENCE_C000736,MLCC_LOW_PREVALENCE_B010,MLCC_X7R,leakage_ua,SIM_X7R_1U_25V,gradual_drift,gradual_drift,True,False,False,6,,0.552103189818,0.561371687752,False,False,False,0.7,synthetic,True
MLCC_LOW_PREVALENCE_C000737,MLCC_LOW_PREVALENCE_B010,MLCC_X7R,leakage_ua,SIM_X7R_1U_25V,healthy_settling,healthy_settling,False,True,False,,,0.124684791179,0.12065287503,False,False,False,0.7,synthetic,True
MLCC_LOW_PREVALENCE_C000757,MLCC_LOW_PREVALENCE_B010,MLCC_X7R,leakage_ua,SIM_X7R_1U_25V,healthy_settling,healthy_settling,False,True,False,,,0.071910756031,0.0736949360692,False,False,False,0.7,synthetic,True
MLCC_LOW_PREVALENCE_C000788,MLCC_LOW_PREVALENCE_B010,MLCC_X7R,leakage_ua,SIM_X7R_1U_25V,healthy_settling,healthy_settling,False,True,False,,,0.109089923632,0.105262154869,False,False,False,0.7,synthetic,True
MLCC_LOW_PREVALENCE_C000792,MLCC_LOW_PREVALENCE_B010,MLCC_X7R,leakage_ua,SIM_X7R_1U_25V,healthy_settling,healthy_settling,False,True,False,,,0.0624870402044,0.0643139616507,False,False,False,0.7,synthetic,True
MLCC_LOW_PREVALENCE_C000796,MLCC_LOW_PREVALENCE_B010,MLCC_X7R,leakage_ua,SIM_X7R_1U_25V,healthy_settling,healthy_settling,False,True,False,,,0.16100742928,0.163777498676,False,False,False,0.7,synthetic,True
MLCC_LOW_PREVALENCE_C000857,MLCC_LOW_PREVALENCE_B010,MLCC_X7R,leakage_ua,SIM_X7R_1U_25V,healthy_settling,healthy_settling,False,True,False,,,0.0712767034048,0.0721148915902,False,False,False,0.7,synthetic,True
MLCC_LOW_PREVALENCE_C000861,MLCC_LOW_PREVALENCE_B010,MLCC_X7R,leakage_ua,SIM_X7R_1U_25V,healthy_settling,healthy_settling,False,True,False,,,0.101629168957,0.101922204469,False,False,False,0.7,synthetic,True
MLCC_LOW_PREVALENCE_C000867,MLCC_LOW_PREVALENCE_B010,MLCC_X7R,leakage_ua,SIM_X7R_1U_25V,healthy_settling,healthy_settling,False,True,False,,,0.130692535733,0.127028740642,False,False,False,0.7,synthetic,True
MLCC_LOW_PREVALENCE_C000878,MLCC_LOW_PREVALENCE_B010,MLCC_X7R,leakage_ua,SIM_X7R_1U_25V,healthy_settling,healthy_settling,False,True,False,,,0.0959696831344,0.0956538060901,False,False,False,0.7,synthetic,True
MLCC_LOW_PREVALENCE_C000886,MLCC_LOW_PREVALENCE_B010,MLCC_X7R,leakage_ua,SIM_X7R_1U_25V,healthy_settling,healthy_settling,False,True,False,,,0.131279277159,0.13119790048,False,False,False,0.7,synthetic,True
MLCC_LOW_PREVALENCE_C000899,MLCC_LOW_PREVALENCE_B010,MLCC_X7R,leakage_ua,SIM_X7R_1U_25V,healthy_settling,healthy_settling,False,True,False,,,0.111291593564,0.107244649408,False,False,False,0.7,synthetic,True
MLCC_LOW_PREVALENCE_C000951,MLCC_LOW_PREVALENCE_B010,MLCC_X7R,leakage_ua,SIM_X7R_1U_25V,healthy_settling,healthy_settling,False,True,False,,,0.0899013310606,0.0915885708993,False,False,False,0.7,synthetic,True
MLCC_LOW_PREVALENCE_C000970,MLCC_LOW_PREVALENCE_B010,MLCC_X7R,leakage_ua,SIM_X7R_1U_25V,ordinary_noise,ordinary_noise,False,True,False,,,0.0597964057,0.0682548381247,False,False,False,0.7,synthetic,True
MLCC_LOW_PREVALENCE_C001000,MLCC_LOW_PREVALENCE_B010,MLCC_X7R,leakage_ua,SIM_X7R_1U_25V,healthy_settling,healthy_settling,False,True,False,,,0.0932658419581,0.0957808480152,False,False,False,0.7,synthetic,True
MLCC_LOW_PREVALENCE_C001016,MLCC_LOW_PREVALENCE_B010,MLCC_X7R,leakage_ua,SIM_X7R_1U_25V,healthy_settling,healthy_settling,False,True,False,,,0.0847933511865,0.0881988719272,False,False,False,0.7,synthetic,True
MLCC_LOW_PREVALENCE_C001055,MLCC_LOW_PREVALENCE_B010,MLCC_X7R,leakage_ua,SIM_X7R_1U_25V,healthy_settling,healthy_settling,False,True,False,,,0.0867248606914,0.0859291456614,False,False,False,0.7,synthetic,True
MLCC_LOW_PREVALENCE_C001068,MLCC_LOW_PREVALENCE_B010,MLCC_X7R,leakage_ua,SIM_X7R_1U_25V,healthy_settling,healthy_settling,False,True,False,,,0.0967869479991,0.096765227493,False,False,False,0.7,synthetic,True
MLCC_LOW_PREVALENCE_C001100,MLCC_LOW_PREVALENCE_B010,MLCC_X7R,leakage_ua,SIM_X7R_1U_25V,ordinary_noise,ordinary_noise,False,True,False,,,0.0728586392814,0.0811119210092,False,False,False,0.7,synthetic,True
MLCC_LOW_PREVALENCE_C001102,MLCC_LOW_PREVALENCE_B010,MLCC_X7R,leakage_ua,SIM_X7R_1U_25V,ordinary_noise,ordinary_noise,False,True,False,,,0.114515853823,0.12552443245,False,False,False,0.7,synthetic,True
MLCC_LOW_PREVALENCE_C001116,MLCC_LOW_PREVALENCE_B010,MLCC_X7R,leakage_ua,SIM_X7R_1U_25V,ordinary_noise,ordinary_noise,False,True,False,,,0.114437534781,0.118997096339,False,False,False,0.7,synthetic,True
MLCC_LOW_PREVALENCE_C001120,MLCC_LOW_PREVALENCE_B010,MLCC_X7R,leakage_ua,SIM_X7R_1U_25V,healthy_settling,healthy_settling,False,True,False,,,0.074536936115,0.0742762132405,False,False,False,0.7,synthetic,True
MLCC_LOW_PREVALENCE_C001131,MLCC_LOW_PREVALENCE_B010,MLCC_X7R,leakage_ua,SIM_X7R_1U_25V,healthy_settling,healthy_settling,False,True,False,,,0.0884069627499,0.0877314084645,False,False,False,0.7,synthetic,True
MLCC_LOW_PREVALENCE_C001134,MLCC_LOW_PREVALENCE_B010,MLCC_X7R,leakage_ua,SIM_X7R_1U_25V,healthy_settling,healthy_settling,False,True,False,,,0.125160751525,0.128876620623,False,False,False,0.7,synthetic,True
MLCC_LOW_PREVALENCE_C001174,MLCC_LOW_PREVALENCE_B010,MLCC_X7R,leakage_ua,SIM_X7R_1U_25V,ordinary_noise,ordinary_noise,False,True,False,,,0.13472366091,0.136668361775,False,False,False,0.7,synthetic,True
MLCC_LOW_PREVALENCE_C001195,MLCC_LOW_PREVALENCE_B010,MLCC_X7R,leakage_ua,SIM_X7R_1U_25V,healthy_settling,healthy_settling,False,True,False,,,0.108927069409,0.110197442287,False,False,False,0.7,synthetic,True
MLCC_LOW_PREVALENCE_C001218,MLCC_LOW_PREVALENCE_B010,MLCC_X7R,leakage_ua,SIM_X7R_1U_25V,healthy_settling,healthy_settling,False,True,False,,,0.0441645693273,0.0447191877018,False,False,False,0.7,synthetic,True
MLCC_LOW_PREVALENCE_C001244,MLCC_LOW_PREVALENCE_B010,MLCC_X7R,leakage_ua,SIM_X7R_1U_25V,healthy_settling,healthy_settling,False,True,False,,,0.156857222018,0.155765962198,False,False,False,0.7,synthetic,True
MLCC_LOW_PREVALENCE_C001246,MLCC_LOW_PREVALENCE_B010,MLCC_X7R,leakage_ua,SIM_X7R_1U_25V,healthy_settling,healthy_settling,False,True,False,,,0.0821959649376,0.0821264699314,False,False,False,0.7,synthetic,True
MLCC_LOW_PREVALENCE_C001286,MLCC_LOW_PREVALENCE_B010,MLCC_X7R,leakage_ua,SIM_X7R_1U_25V,accelerating_drift,accelerating_drift,True,False,False,12,,0.580261314207,0.622726661869,False,False,False,0.7,synthetic,True
MLCC_LOW_PREVALENCE_C001306,MLCC_LOW_PREVALENCE_B010,MLCC_X7R,leakage_ua,SIM_X7R_1U_25V,healthy_settling,healthy_settling,False,True,False,,,0.175301975671,0.171747610596,False,False,False,0.7,synthetic,True
MLCC_LOW_PREVALENCE_C001319,MLCC_LOW_PREVALENCE_B010,MLCC_X7R,leakage_ua,SIM_X7R_1U_25V,healthy_settling,healthy_settling,False,True,False,,,0.0852765514063,0.0813781619653,False,False,False,0.7,synthetic,True
MLCC_LOW_PREVALENCE_C001344,MLCC_LOW_PREVALENCE_B010,MLCC_X7R,leakage_ua,SIM_X7R_1U_25V,healthy_settling,healthy_settling,False,True,False,,,0.0871611235932,0.0865421619103,False,False,False,0.7,synthetic,True
MLCC_LOW_PREVALENCE_C001352,MLCC_LOW_PREVALENCE_B010,MLCC_X7R,leakage_ua,SIM_X7R_1U_25V,healthy_settling,healthy_settling,False,True,False,,,0.0952193309104,0.0919096381948,False,False,False,0.7,synthetic,True
MLCC_LOW_PREVALENCE_C001355,MLCC_LOW_PREVALENCE_B010,MLCC_X7R,leakage_ua,SIM_X7R_1U_25V,healthy_settling,healthy_settling,False,True,False,,,0.0986662647798,0.0985340986802,False,False,False,0.7,synthetic,True
MLCC_LOW_PREVALENCE_C001407,MLCC_LOW_PREVALENCE_B010,MLCC_X7R,leakage_ua,SIM_X7R_1U_25V,ordinary_noise,ordinary_noise,False,True,False,,,0.0883568195758,0.088209873246,False,False,False,0.7,synthetic,True
MLCC_LOW_PREVALENCE_C001440,MLCC_LOW_PREVALENCE_B010,MLCC_X7R,leakage_ua,SIM_X7R_1U_25V,ordinary_noise,ordinary_noise,False,True,False,,,0.161999235195,0.162919434166,False,False,False,0.7,synthetic,True
MLCC_LOW_PREVALENCE_C001464,MLCC_LOW_PREVALENCE_B010,MLCC_X7R,leakage_ua,SIM_X7R_1U_25V,healthy_settling,healthy_settling,False,True,False,,,0.0737132330028,0.0728827125475,False,False,False,0.7,synthetic,True
MLCC_LOW_PREVALENCE_C001465,MLCC_LOW_PREVALENCE_B010,MLCC_X7R,leakage_ua,SIM_X7R_1U_25V,healthy_settling,healthy_settling,False,True,False,,,0.113683181803,0.11501843741,False,False,False,0.7,synthetic,True
MLCC_LOW_PREVALENCE_C001486,MLCC_LOW_PREVALENCE_B010,MLCC_X7R,leakage_ua,SIM_X7R_1U_25V,healthy_settling,healthy_settling,False,True,False,,,0.0832273358643,0.082924084318,False,False,False,0.7,synthetic,True
MLCC_LOW_PREVALENCE_C001499,MLCC_LOW_PREVALENCE_B010,MLCC_X7R,leakage_ua,SIM_X7R_1U_25V,ordinary_noise,ordinary_noise,False,True,False,,,0.126621422728,0.130884462938,False,False,False,0.7,synthetic,True
MLCC_LOW_PREVALENCE_C001502,MLCC_LOW_PREVALENCE_B010,MLCC_X7R,leakage_ua,SIM_X7R_1U_25V,healthy_settling,healthy_settling,False,True,False,,,0.123480939765,0.12044719867,False,False,False,0.7,synthetic,True
MLCC_LOW_PREVALENCE_C001523,MLCC_LOW_PREVALENCE_B010,MLCC_X7R,leakage_ua,SIM_X7R_1U_25V,ordinary_noise,ordinary_noise,False,True,False,,,0.0706107332084,0.0626740805095,False,False,False,0.7,synthetic,True
MLCC_LOW_PREVALENCE_C001559,MLCC_LOW_PREVALENCE_B010,MLCC_X7R,leakage_ua,SIM_X7R_1U_25V,healthy_settling,healthy_settling,False,True,False,,,0.088698141521,0.0886237665543,False,False,False,0.7,synthetic,True
MLCC_LOW_PREVALENCE_C001562,MLCC_LOW_PREVALENCE_B010,MLCC_X7R,leakage_ua,SIM_X7R_1U_25V,healthy_settling,healthy_settling,False,True,False,,,0.0916679799715,0.089894744464,False,False,False,0.7,synthetic,True
MLCC_LOW_PREVALENCE_C001577,MLCC_LOW_PREVALENCE_B010,MLCC_X7R,leakage_ua,SIM_X7R_1U_25V,ordinary_noise,ordinary_noise,False,True,False,,,0.121554181244,0.108609469534,False,False,False,0.7,synthetic,True
MLCC_LOW_PREVALENCE_C001585,MLCC_LOW_PREVALENCE_B010,MLCC_X7R,leakage_ua,SIM_X7R_1U_25V,healthy_settling,healthy_settling,False,True,False,,,0.0995852550405,0.0998373389613,False,False,False,0.7,synthetic,True
MLCC_LOW_PREVALENCE_C001621,MLCC_LOW_PREVALENCE_B010,MLCC_X7R,leakage_ua,SIM_X7R_1U_25V,ordinary_noise,ordinary_noise,False,True,False,,,0.0893919187226,0.0887854625145,False,False,False,0.7,synthetic,True
MLCC_LOW_PREVALENCE_C001645,MLCC_LOW_PREVALENCE_B010,MLCC_X7R,leakage_ua,SIM_X7R_1U_25V,ordinary_noise,ordinary_noise,False,True,False,,,0.0688782188937,0.0590052362058,False,False,False,0.7,synthetic,True
MLCC_LOW_PREVALENCE_C001648,MLCC_LOW_PREVALENCE_B010,MLCC_X7R,leakage_ua,SIM_X7R_1U_25V,healthy_settling,healthy_settling,False,True,False,,,0.0750057616728,0.0778064050972,False,False,False,0.7,synthetic,True
MLCC_LOW_PREVALENCE_C001697,MLCC_LOW_PREVALENCE_B010,MLCC_X7R,leakage_ua,SIM_X7R_1U_25V,healthy_settling,healthy_settling,False,True,False,,,0.119107333767,0.11815281918,False,False,False,0.7,synthetic,True
MLCC_LOW_PREVALENCE_C001699,MLCC_LOW_PREVALENCE_B010,MLCC_X7R,leakage_ua,SIM_X7R_1U_25V,healthy_settling,healthy_settling,False,True,False,,,0.0929252143294,0.0934463476287,False,False,False,0.7,synthetic,True
MLCC_LOW_PREVALENCE_C001726,MLCC_LOW_PREVALENCE_B010,MLCC_X7R,leakage_ua,SIM_X7R_1U_25V,healthy_settling,healthy_settling,False,True,False,,,0.0624845274077,0.0621281737613,False,False,False,0.7,synthetic,True
MLCC_LOW_PREVALENCE_C001730,MLCC_LOW_PREVALENCE_B010,MLCC_X7R,leakage_ua,SIM_X7R_1U_25V,healthy_settling,healthy_settling,False,True,False,,,0.0872680650617,0.0756009519187,False,False,False,0.7,synthetic,True
MLCC_LOW_PREVALENCE_C001746,MLCC_LOW_PREVALENCE_B010,MLCC_X7R,leakage_ua,SIM_X7R_1U_25V,healthy_settling,healthy_settling,False,True,False,,,0.0833274748088,0.0881240962587,False,False,False,0.7,synthetic,True
MLCC_LOW_PREVALENCE_C001759,MLCC_LOW_PREVALENCE_B010,MLCC_X7R,leakage_ua,SIM_X7R_1U_25V,healthy_settling,healthy_settling,False,True,False,,,0.104743583424,0.102974603313,False,False,False,0.7,synthetic,True
MLCC_LOW_PREVALENCE_C001801,MLCC_LOW_PREVALENCE_B010,MLCC_X7R,leakage_ua,SIM_X7R_1U_25V,healthy_settling,healthy_settling,False,True,False,,,0.0745580568321,0.0704430355026,False,False,False,0.7,synthetic,True
MLCC_LOW_PREVALENCE_C001857,MLCC_LOW_PREVALENCE_B010,MLCC_X7R,leakage_ua,SIM_X7R_1U_25V,ordinary_noise,ordinary_noise,False,True,False,,,0.217042842583,0.163848416792,False,False,False,0.7,synthetic,True
MLCC_LOW_PREVALENCE_C001874,MLCC_LOW_PREVALENCE_B010,MLCC_X7R,leakage_ua,SIM_X7R_1U_25V,healthy_settling,healthy_settling,False,True,False,,,0.0873306519643,0.0873996426561,False,False,False,0.7,synthetic,True
MLCC_LOW_PREVALENCE_C001878,MLCC_LOW_PREVALENCE_B010,MLCC_X7R,leakage_ua,SIM_X7R_1U_25V,ordinary_noise,ordinary_noise,False,True,False,,,0.106875717992,0.108870235131,False,False,False,0.7,synthetic,True
MLCC_LOW_PREVALENCE_C001884,MLCC_LOW_PREVALENCE_B010,MLCC_X7R,leakage_ua,SIM_X7R_1U_25V,healthy_settling,healthy_settling,False,True,False,,,0.110114522352,0.106331072852,False,False,False,0.7,synthetic,True
MLCC_LOW_PREVALENCE_C001930,MLCC_LOW_PREVALENCE_B010,MLCC_X7R,leakage_ua,SIM_X7R_1U_25V,healthy_settling,healthy_settling,False,True,False,,,0.0694987735791,0.0666911980195,False,False,False,0.7,synthetic,True
MLCC_LOW_PREVALENCE_C001941,MLCC_LOW_PREVALENCE_B010,MLCC_X7R,leakage_ua,SIM_X7R_1U_25V,ordinary_noise,ordinary_noise,False,True,False,,,0.0823301879234,0.0659840822641,False,False,False,0.7,synthetic,True
MLCC_LOW_PREVALENCE_C001944,MLCC_LOW_PREVALENCE_B010,MLCC_X7R,leakage_ua,SIM_X7R_1U_25V,healthy_settling,healthy_settling,False,True,False,,,0.10368297263,0.106748361887,False,False,False,0.7,synthetic,True
MLCC_LOW_PREVALENCE_C001954,MLCC_LOW_PREVALENCE_B010,MLCC_X7R,leakage_ua,SIM_X7R_1U_25V,healthy_settling,healthy_settling,False,True,False,,,0.111705082213,0.106186610692,False,False,False,0.7,synthetic,True
MLCC_LOW_PREVALENCE_C001985,MLCC_LOW_PREVALENCE_B010,MLCC_X7R,leakage_ua,SIM_X7R_1U_25V,healthy_settling,healthy_settling,False,True,False,,,0.108554402823,0.110363816038,False,False,False,0.7,synthetic,True
MLCC_LOW_PREVALENCE_C001994,MLCC_LOW_PREVALENCE_B010,MLCC_X7R,leakage_ua,SIM_X7R_1U_25V,ordinary_noise,ordinary_noise,False,True,False,,,0.0661168341939,0.0752585352121,False,False,False,0.7,synthetic,True
MLCC_LOW_PREVALENCE_C000037,MLCC_LOW_PREVALENCE_B011,MLCC_X7R,leakage_ua,SIM_X7R_10N_50V,healthy_settling,healthy_settling,False,True,False,,,0.0110005406511,0.0106174481246,False,False,False,0.12,synthetic,True
MLCC_LOW_PREVALENCE_C000053,MLCC_LOW_PREVALENCE_B011,MLCC_X7R,leakage_ua,SIM_X7R_10N_50V,healthy_settling,healthy_settling,False,True,False,,,0.0166833762807,0.0166601341384,False,False,False,0.12,synthetic,True
MLCC_LOW_PREVALENCE_C000063,MLCC_LOW_PREVALENCE_B011,MLCC_X7R,leakage_ua,SIM_X7R_10N_50V,healthy_settling,healthy_settling,False,True,False,,,0.0116568118604,0.011802394623,False,False,False,0.12,synthetic,True
MLCC_LOW_PREVALENCE_C000081,MLCC_LOW_PREVALENCE_B011,MLCC_X7R,leakage_ua,SIM_X7R_10N_50V,healthy_settling,healthy_settling,False,True,False,,,0.0117846706802,0.0111800261914,False,False,False,0.12,synthetic,True
MLCC_LOW_PREVALENCE_C000094,MLCC_LOW_PREVALENCE_B011,MLCC_X7R,leakage_ua,SIM_X7R_10N_50V,ordinary_noise,ordinary_noise,False,True,False,,,0.00749586510164,0.00907347803205,False,False,False,0.12,synthetic,True
MLCC_LOW_PREVALENCE_C000123,MLCC_LOW_PREVALENCE_B011,MLCC_X7R,leakage_ua,SIM_X7R_10N_50V,healthy_settling,healthy_settling,False,True,False,,,0.0112088965566,0.0109866890521,False,False,False,0.12,synthetic,True
MLCC_LOW_PREVALENCE_C000129,MLCC_LOW_PREVALENCE_B011,MLCC_X7R,leakage_ua,SIM_X7R_10N_50V,healthy_settling,healthy_settling,False,True,False,,,0.0177887769019,0.0180967282941,False,False,False,0.12,synthetic,True
MLCC_LOW_PREVALENCE_C000134,MLCC_LOW_PREVALENCE_B011,MLCC_X7R,leakage_ua,SIM_X7R_10N_50V,healthy_settling,healthy_settling,False,True,False,,,0.0113265453647,0.0108109235844,False,False,False,0.12,synthetic,True
MLCC_LOW_PREVALENCE_C000151,MLCC_LOW_PREVALENCE_B011,MLCC_X7R,leakage_ua,SIM_X7R_10N_50V,healthy_settling,healthy_settling,False,True,False,,,0.0152732289839,0.0145407232702,False,False,False,0.12,synthetic,True
MLCC_LOW_PREVALENCE_C000174,MLCC_LOW_PREVALENCE_B011,MLCC_X7R,leakage_ua,SIM_X7R_10N_50V,healthy_settling,healthy_settling,False,True,False,,,0.0131953863542,0.0119945615428,False,False,False,0.12,synthetic,True
MLCC_LOW_PREVALENCE_C000176,MLCC_LOW_PREVALENCE_B011,MLCC_X7R,leakage_ua,SIM_X7R_10N_50V,healthy_settling,healthy_settling,False,True,False,,,0.0122425267059,0.0115327864533,False,False,False,0.12,synthetic,True
MLCC_LOW_PREVALENCE_C000182,MLCC_LOW_PREVALENCE_B011,MLCC_X7R,leakage_ua,SIM_X7R_10N_50V,ordinary_noise,ordinary_noise,False,True,False,,,0.0108098029068,0.0094753121934,False,False,False,0.12,synthetic,True
MLCC_LOW_PREVALENCE_C000239,MLCC_LOW_PREVALENCE_B011,MLCC_X7R,leakage_ua,SIM_X7R_10N_50V,healthy_settling,healthy_settling,False,True,False,,,0.0143936668228,0.014544211467,False,False,False,0.12,synthetic,True
MLCC_LOW_PREVALENCE_C000246,MLCC_LOW_PREVALENCE_B011,MLCC_X7R,leakage_ua,SIM_X7R_10N_50V,healthy_settling,healthy_settling,False,True,False,,,0.0108383732358,0.0106635369201,False,False,False,0.12,synthetic,True
MLCC_LOW_PREVALENCE_C000325,MLCC_LOW_PREVALENCE_B011,MLCC_X7R,leakage_ua,SIM_X7R_10N_50V,healthy_settling,healthy_settling,False,True,False,,,0.00678024012372,0.00702076784173,False,False,False,0.12,synthetic,True
MLCC_LOW_PREVALENCE_C000377,MLCC_LOW_PREVALENCE_B011,MLCC_X7R,leakage_ua,SIM_X7R_10N_50V,ordinary_noise,ordinary_noise,False,True,False,,,0.012570803553,0.0141257589777,False,False,False,0.12,synthetic,True
MLCC_LOW_PREVALENCE_C000413,MLCC_LOW_PREVALENCE_B011,MLCC_X7R,leakage_ua,SIM_X7R_10N_50V,healthy_settling,healthy_settling,False,True,False,,,0.00849005552119,0.0078781911686,False,False,False,0.12,synthetic,True
MLCC_LOW_PREVALENCE_C000433,MLCC_LOW_PREVALENCE_B011,MLCC_X7R,leakage_ua,SIM_X7R_10N_50V,healthy_settling,healthy_settling,False,True,False,,,0.00637866692252,0.00646772736923,False,False,False,0.12,synthetic,True
MLCC_LOW_PREVALENCE_C000464,MLCC_LOW_PREVALENCE_B011,MLCC_X7R,leakage_ua,SIM_X7R_10N_50V,healthy_settling,healthy_settling,False,True,False,,,0.00912503188604,0.00905179746992,False,False,False,0.12,synthetic,True
MLCC_LOW_PREVALENCE_C000473,MLCC_LOW_PREVALENCE_B011,MLCC_X7R,leakage_ua,SIM_X7R_10N_50V,accelerating_drift,accelerating_drift,True,False,False,6,,0.126678487646,0.130344911465,True,True,True,0.12,synthetic,True
MLCC_LOW_PREVALENCE_C000493,MLCC_LOW_PREVALENCE_B011,MLCC_X7R,leakage_ua,SIM_X7R_10N_50V,healthy_settling,healthy_settling,False,True,False,,,0.00730794066861,0.00727467361039,False,False,False,0.12,synthetic,True
MLCC_LOW_PREVALENCE_C000498,MLCC_LOW_PREVALENCE_B011,MLCC_X7R,leakage_ua,SIM_X7R_10N_50V,healthy_settling,healthy_settling,False,True,False,,,0.0115844063811,0.0112314839586,False,False,False,0.12,synthetic,True
MLCC_LOW_PREVALENCE_C000500,MLCC_LOW_PREVALENCE_B011,MLCC_X7R,leakage_ua,SIM_X7R_10N_50V,healthy_settling,healthy_settling,False,True,False,,,0.014185675329,0.0151497501685,False,False,False,0.12,synthetic,True
MLCC_LOW_PREVALENCE_C000525,MLCC_LOW_PREVALENCE_B011,MLCC_X7R,leakage_ua,SIM_X7R_10N_50V,ordinary_noise,ordinary_noise,False,True,False,,,0.0155782308025,0.013598604349,False,False,False,0.12,synthetic,True
MLCC_LOW_PREVALENCE_C000536,MLCC_LOW_PREVALENCE_B011,MLCC_X7R,leakage_ua,SIM_X7R_10N_50V,healthy_settling,healthy_settling,False,True,False,,,0.0091485606439,0.00888485109472,False,False,False,0.12,synthetic,True
MLCC_LOW_PREVALENCE_C000563,MLCC_LOW_PREVALENCE_B011,MLCC_X7R,leakage_ua,SIM_X7R_10N_50V,ordinary_noise,ordinary_noise,False,True,False,,,0.0137159150588,0.0141878477584,False,False,False,0.12,synthetic,True
MLCC_LOW_PREVALENCE_C000566,MLCC_LOW_PREVALENCE_B011,MLCC_X7R,leakage_ua,SIM_X7R_10N_50V,healthy_settling,healthy_settling,False,True,False,,,0.00533589141547,0.00601307858101,False,False,False,0.12,synthetic,True
MLCC_LOW_PREVALENCE_C000581,MLCC_LOW_PREVALENCE_B011,MLCC_X7R,leakage_ua,SIM_X7R_10N_50V,healthy_settling,healthy_settling,False,True,False,,,0.0142129231891,0.0143100192103,False,False,False,0.12,synthetic,True
MLCC_LOW_PREVALENCE_C000598,MLCC_LOW_PREVALENCE_B011,MLCC_X7R,leakage_ua,SIM_X7R_10N_50V,accelerating_drift,accelerating_drift,True,False,False,12,,0.0650502323625,0.0638298502516,False,False,False,0.12,synthetic,True
MLCC_LOW_PREVALENCE_C000623,MLCC_LOW_PREVALENCE_B011,MLCC_X7R,leakage_ua,SIM_X7R_10N_50V,healthy_settling,healthy_settling,False,True,False,,,0.0178779828322,0.0170125771132,False,False,False,0.12,synthetic,True
MLCC_LOW_PREVALENCE_C000657,MLCC_LOW_PREVALENCE_B011,MLCC_X7R,leakage_ua,SIM_X7R_10N_50V,healthy_settling,healthy_settling,False,True,False,,,0.00977869846885,0.00965749187146,False,False,False,0.12,synthetic,True
MLCC_LOW_PREVALENCE_C000672,MLCC_LOW_PREVALENCE_B011,MLCC_X7R,leakage_ua,SIM_X7R_10N_50V,healthy_settling,healthy_settling,False,True,False,,,0.0137729940845,0.0133075940519,False,False,False,0.12,synthetic,True
MLCC_LOW_PREVALENCE_C000682,MLCC_LOW_PREVALENCE_B011,MLCC_X7R,leakage_ua,SIM_X7R_10N_50V,healthy_settling,healthy_settling,False,True,False,,,0.0118607032888,0.0122367006065,False,False,False,0.12,synthetic,True
MLCC_LOW_PREVALENCE_C000685,MLCC_LOW_PREVALENCE_B011,MLCC_X7R,leakage_ua,SIM_X7R_10N_50V,healthy_settling,healthy_settling,False,True,False,,,0.0154203535085,0.0152111912138,False,False,False,0.12,synthetic,True
MLCC_LOW_PREVALENCE_C000689,MLCC_LOW_PREVALENCE_B011,MLCC_X7R,leakage_ua,SIM_X7R_10N_50V,healthy_settling,healthy_settling,False,True,False,,,0.0161620306001,0.0162456554871,False,False,False,0.12,synthetic,True
MLCC_LOW_PREVALENCE_C000692,MLCC_LOW_PREVALENCE_B011,MLCC_X7R,leakage_ua,SIM_X7R_10N_50V,ordinary_noise,ordinary_noise,False,True,False,,,0.0080607931447,0.00945348502291,False,False,False,0.12,synthetic,True
MLCC_LOW_PREVALENCE_C000724,MLCC_LOW_PREVALENCE_B011,MLCC_X7R,leakage_ua,SIM_X7R_10N_50V,ordinary_noise,ordinary_noise,False,True,False,,,0.00936382022748,0.0102455333195,False,False,False,0.12,synthetic,True
MLCC_LOW_PREVALENCE_C000728,MLCC_LOW_PREVALENCE_B011,MLCC_X7R,leakage_ua,SIM_X7R_10N_50V,healthy_settling,healthy_settling,False,True,False,,,0.0103415656364,0.0102476042379,False,False,False,0.12,synthetic,True
MLCC_LOW_PREVALENCE_C000760,MLCC_LOW_PREVALENCE_B011,MLCC_X7R,leakage_ua,SIM_X7R_10N_50V,healthy_settling,healthy_settling,False,True,False,,,0.0086488261919,0.00898662694865,False,False,False,0.12,synthetic,True
MLCC_LOW_PREVALENCE_C000814,MLCC_LOW_PREVALENCE_B011,MLCC_X7R,leakage_ua,SIM_X7R_10N_50V,healthy_settling,healthy_settling,False,True,False,,,0.00991539152652,0.0101893994556,False,False,False,0.12,synthetic,True
MLCC_LOW_PREVALENCE_C000821,MLCC_LOW_PREVALENCE_B011,MLCC_X7R,leakage_ua,SIM_X7R_10N_50V,healthy_settling,healthy_settling,False,True,False,,,0.010514981258,0.0105496562926,False,False,False,0.12,synthetic,True
MLCC_LOW_PREVALENCE_C000869,MLCC_LOW_PREVALENCE_B011,MLCC_X7R,leakage_ua,SIM_X7R_10N_50V,healthy_settling,healthy_settling,False,True,False,,,0.00756395742359,0.00750384337459,False,False,False,0.12,synthetic,True
MLCC_LOW_PREVALENCE_C000879,MLCC_LOW_PREVALENCE_B011,MLCC_X7R,leakage_ua,SIM_X7R_10N_50V,healthy_settling,healthy_settling,False,True,False,,,0.0119349154667,0.0118969399589,False,False,False,0.12,synthetic,True
MLCC_LOW_PREVALENCE_C000908,MLCC_LOW_PREVALENCE_B011,MLCC_X7R,leakage_ua,SIM_X7R_10N_50V,ordinary_noise,ordinary_noise,False,True,False,,,0.0142915302446,0.0130316963441,False,False,False,0.12,synthetic,True
MLCC_LOW_PREVALENCE_C000913,MLCC_LOW_PREVALENCE_B011,MLCC_X7R,leakage_ua,SIM_X7R_10N_50V,healthy_settling,healthy_settling,False,True,False,,,0.00874405978436,0.00882033428159,False,False,False,0.12,synthetic,True
MLCC_LOW_PREVALENCE_C000927,MLCC_LOW_PREVALENCE_B011,MLCC_X7R,leakage_ua,SIM_X7R_10N_50V,healthy_settling,healthy_settling,False,True,False,,,0.0137830035385,0.0139539812337,False,False,False,0.12,synthetic,True
MLCC_LOW_PREVALENCE_C000957,MLCC_LOW_PREVALENCE_B011,MLCC_X7R,leakage_ua,SIM_X7R_10N_50V,healthy_settling,healthy_settling,False,True,False,,,0.00602316637592,0.00635275903918,False,False,False,0.12,synthetic,True
MLCC_LOW_PREVALENCE_C000978,MLCC_LOW_PREVALENCE_B011,MLCC_X7R,leakage_ua,SIM_X7R_10N_50V,healthy_settling,healthy_settling,False,True,False,,,0.0191751082439,0.0195702635637,False,False,False,0.12,synthetic,True
MLCC_LOW_PREVALENCE_C000983,MLCC_LOW_PREVALENCE_B011,MLCC_X7R,leakage_ua,SIM_X7R_10N_50V,healthy_settling,healthy_settling,False,True,False,,,0.00781922967955,0.00785709159398,False,False,False,0.12,synthetic,True
MLCC_LOW_PREVALENCE_C001027,MLCC_LOW_PREVALENCE_B011,MLCC_X7R,leakage_ua,SIM_X7R_10N_50V,healthy_settling,healthy_settling,False,True,False,,,0.0138398487109,0.0143870039054,False,False,False,0.12,synthetic,True
MLCC_LOW_PREVALENCE_C001089,MLCC_LOW_PREVALENCE_B011,MLCC_X7R,leakage_ua,SIM_X7R_10N_50V,healthy_settling,healthy_settling,False,True,False,,,0.00941994341519,0.00954099062297,False,False,False,0.12,synthetic,True
MLCC_LOW_PREVALENCE_C001112,MLCC_LOW_PREVALENCE_B011,MLCC_X7R,leakage_ua,SIM_X7R_10N_50V,healthy_settling,healthy_settling,False,True,False,,,0.00946357105909,0.0100825771276,False,False,False,0.12,synthetic,True
MLCC_LOW_PREVALENCE_C001132,MLCC_LOW_PREVALENCE_B011,MLCC_X7R,leakage_ua,SIM_X7R_10N_50V,healthy_settling,healthy_settling,False,True,False,,,0.00584107957464,0.00558648794404,False,False,False,0.12,synthetic,True
MLCC_LOW_PREVALENCE_C001196,MLCC_LOW_PREVALENCE_B011,MLCC_X7R,leakage_ua,SIM_X7R_10N_50V,healthy_settling,healthy_settling,False,True,False,,,0.0123980564532,0.011265866848,False,False,False,0.12,synthetic,True
MLCC_LOW_PREVALENCE_C001198,MLCC_LOW_PREVALENCE_B011,MLCC_X7R,leakage_ua,SIM_X7R_10N_50V,ordinary_noise,ordinary_noise,False,True,False,,,0.0105080821049,0.00978668627489,False,False,False,0.12,synthetic,True
MLCC_LOW_PREVALENCE_C001225,MLCC_LOW_PREVALENCE_B011,MLCC_X7R,leakage_ua,SIM_X7R_10N_50V,ordinary_noise,ordinary_noise,False,True,False,,,0.0131882974266,0.0129234533954,False,False,False,0.12,synthetic,True
MLCC_LOW_PREVALENCE_C001235,MLCC_LOW_PREVALENCE_B011,MLCC_X7R,leakage_ua,SIM_X7R_10N_50V,healthy_settling,healthy_settling,False,True,False,,,0.0134449034396,0.013351838491,False,False,False,0.12,synthetic,True
MLCC_LOW_PREVALENCE_C001245,MLCC_LOW_PREVALENCE_B011,MLCC_X7R,leakage_ua,SIM_X7R_10N_50V,ordinary_noise,ordinary_noise,False,True,False,,,0.00858866846739,0.00954936178562,False,False,False,0.12,synthetic,True
MLCC_LOW_PREVALENCE_C001266,MLCC_LOW_PREVALENCE_B011,MLCC_X7R,leakage_ua,SIM_X7R_10N_50V,healthy_settling,healthy_settling,False,True,False,,,0.00912473003632,0.00938308019076,False,False,False,0.12,synthetic,True
MLCC_LOW_PREVALENCE_C001274,MLCC_LOW_PREVALENCE_B011,MLCC_X7R,leakage_ua,SIM_X7R_10N_50V,ordinary_noise,ordinary_noise,False,True,False,,,0.00844773419326,0.0089502054019,False,False,False,0.12,synthetic,True
MLCC_LOW_PREVALENCE_C001278,MLCC_LOW_PREVALENCE_B011,MLCC_X7R,leakage_ua,SIM_X7R_10N_50V,healthy_settling,healthy_settling,False,True,False,,,0.0118686455371,0.0116392745605,False,False,False,0.12,synthetic,True
MLCC_LOW_PREVALENCE_C001287,MLCC_LOW_PREVALENCE_B011,MLCC_X7R,leakage_ua,SIM_X7R_10N_50V,healthy_settling,healthy_settling,False,True,False,,,0.00586982580487,0.00584419162425,False,False,False,0.12,synthetic,True
MLCC_LOW_PREVALENCE_C001310,MLCC_LOW_PREVALENCE_B011,MLCC_X7R,leakage_ua,SIM_X7R_10N_50V,healthy_settling,healthy_settling,False,True,False,,,0.0149706441769,0.0149253519847,False,False,False,0.12,synthetic,True
MLCC_LOW_PREVALENCE_C001321,MLCC_LOW_PREVALENCE_B011,MLCC_X7R,leakage_ua,SIM_X7R_10N_50V,healthy_settling,healthy_settling,False,True,False,,,0.0147653241015,0.0148559209991,False,False,False,0.12,synthetic,True
MLCC_LOW_PREVALENCE_C001332,MLCC_LOW_PREVALENCE_B011,MLCC_X7R,leakage_ua,SIM_X7R_10N_50V,healthy_settling,healthy_settling,False,True,False,,,0.00524361698876,0.00526330889366,False,False,False,0.12,synthetic,True
MLCC_LOW_PREVALENCE_C001367,MLCC_LOW_PREVALENCE_B011,MLCC_X7R,leakage_ua,SIM_X7R_10N_50V,healthy_settling,healthy_settling,False,True,False,,,0.00967724395227,0.00962543276292,False,False,False,0.12,synthetic,True
MLCC_LOW_PREVALENCE_C001371,MLCC_LOW_PREVALENCE_B011,MLCC_X7R,leakage_ua,SIM_X7R_10N_50V,healthy_settling,healthy_settling,False,True,False,,,0.0111343654105,0.0117540033182,False,False,False,0.12,synthetic,True
MLCC_LOW_PREVALENCE_C001392,MLCC_LOW_PREVALENCE_B011,MLCC_X7R,leakage_ua,SIM_X7R_10N_50V,healthy_settling,healthy_settling,False,True,False,,,0.0112058852057,0.0117424887767,False,False,False,0.12,synthetic,True
MLCC_LOW_PREVALENCE_C001394,MLCC_LOW_PREVALENCE_B011,MLCC_X7R,leakage_ua,SIM_X7R_10N_50V,healthy_settling,healthy_settling,False,True,False,,,0.0135002894727,0.0129333128666,False,False,False,0.12,synthetic,True
MLCC_LOW_PREVALENCE_C001400,MLCC_LOW_PREVALENCE_B011,MLCC_X7R,leakage_ua,SIM_X7R_10N_50V,ordinary_noise,ordinary_noise,False,True,False,,,0.00646524919945,0.00896303089431,False,False,False,0.12,synthetic,True
MLCC_LOW_PREVALENCE_C001413,MLCC_LOW_PREVALENCE_B011,MLCC_X7R,leakage_ua,SIM_X7R_10N_50V,healthy_settling,healthy_settling,False,True,False,,,0.00769215396556,0.00749133994669,False,False,False,0.12,synthetic,True
MLCC_LOW_PREVALENCE_C001420,MLCC_LOW_PREVALENCE_B011,MLCC_X7R,leakage_ua,SIM_X7R_10N_50V,healthy_settling,healthy_settling,False,True,False,,,0.00932915987984,0.0094569177618,False,False,False,0.12,synthetic,True
MLCC_LOW_PREVALENCE_C001448,MLCC_LOW_PREVALENCE_B011,MLCC_X7R,leakage_ua,SIM_X7R_10N_50V,ordinary_noise,ordinary_noise,False,True,False,,,0.00562678672334,0.00616189831884,False,False,False,0.12,synthetic,True
MLCC_LOW_PREVALENCE_C001484,MLCC_LOW_PREVALENCE_B011,MLCC_X7R,leakage_ua,SIM_X7R_10N_50V,healthy_settling,healthy_settling,False,True,False,,,0.0127226383035,0.0126933855546,False,False,False,0.12,synthetic,True
MLCC_LOW_PREVALENCE_C001492,MLCC_LOW_PREVALENCE_B011,MLCC_X7R,leakage_ua,SIM_X7R_10N_50V,healthy_settling,healthy_settling,False,True,False,,,0.0101466181318,0.0100016465641,False,False,False,0.12,synthetic,True
MLCC_LOW_PREVALENCE_C001494,MLCC_LOW_PREVALENCE_B011,MLCC_X7R,leakage_ua,SIM_X7R_10N_50V,healthy_settling,healthy_settling,False,True,False,,,0.00823884700201,0.00859331309918,False,False,False,0.12,synthetic,True
MLCC_LOW_PREVALENCE_C001512,MLCC_LOW_PREVALENCE_B011,MLCC_X7R,leakage_ua,SIM_X7R_10N_50V,ordinary_noise,ordinary_noise,False,True,False,,,0.021593920888,0.0206696435913,False,False,False,0.12,synthetic,True
MLCC_LOW_PREVALENCE_C001515,MLCC_LOW_PREVALENCE_B011,MLCC_X7R,leakage_ua,SIM_X7R_10N_50V,healthy_settling,healthy_settling,False,True,False,,,0.010665476787,0.0106795192135,False,False,False,0.12,synthetic,True
MLCC_LOW_PREVALENCE_C001527,MLCC_LOW_PREVALENCE_B011,MLCC_X7R,leakage_ua,SIM_X7R_10N_50V,ordinary_noise,ordinary_noise,False,True,False,,,0.00700255789836,0.00902083882836,False,False,False,0.12,synthetic,True
MLCC_LOW_PREVALENCE_C001551,MLCC_LOW_PREVALENCE_B011,MLCC_X7R,leakage_ua,SIM_X7R_10N_50V,ordinary_noise,ordinary_noise,False,True,False,,,0.0179979537467,0.0144544545392,False,False,False,0.12,synthetic,True
MLCC_LOW_PREVALENCE_C001564,MLCC_LOW_PREVALENCE_B011,MLCC_X7R,leakage_ua,SIM_X7R_10N_50V,healthy_settling,healthy_settling,False,True,False,,,0.00873696611592,0.00872441658687,False,False,False,0.12,synthetic,True
MLCC_LOW_PREVALENCE_C001576,MLCC_LOW_PREVALENCE_B011,MLCC_X7R,leakage_ua,SIM_X7R_10N_50V,healthy_settling,healthy_settling,False,True,False,,,0.0107912796008,0.0112012447796,False,False,False,0.12,synthetic,True
MLCC_LOW_PREVALENCE_C001606,MLCC_LOW_PREVALENCE_B011,MLCC_X7R,leakage_ua,SIM_X7R_10N_50V,healthy_settling,healthy_settling,False,True,False,,,0.00854369612059,0.00901249149707,False,False,False,0.12,synthetic,True
MLCC_LOW_PREVALENCE_C001615,MLCC_LOW_PREVALENCE_B011,MLCC_X7R,leakage_ua,SIM_X7R_10N_50V,healthy_settling,healthy_settling,False,True,False,,,0.0175243983066,0.0179241364821,False,False,False,0.12,synthetic,True
MLCC_LOW_PREVALENCE_C001627,MLCC_LOW_PREVALENCE_B011,MLCC_X7R,leakage_ua,SIM_X7R_10N_50V,ordinary_noise,ordinary_noise,False,True,False,,,0.00801458194745,0.00746522325793,False,False,False,0.12,synthetic,True
MLCC_LOW_PREVALENCE_C001636,MLCC_LOW_PREVALENCE_B011,MLCC_X7R,leakage_ua,SIM_X7R_10N_50V,healthy_settling,healthy_settling,False,True,False,,,0.0143467904398,0.0141260769115,False,False,False,0.12,synthetic,True
MLCC_LOW_PREVALENCE_C001658,MLCC_LOW_PREVALENCE_B011,MLCC_X7R,leakage_ua,SIM_X7R_10N_50V,healthy_settling,healthy_settling,False,True,False,,,0.00465953567573,0.0047553189671,False,False,False,0.12,synthetic,True
MLCC_LOW_PREVALENCE_C001666,MLCC_LOW_PREVALENCE_B011,MLCC_X7R,leakage_ua,SIM_X7R_10N_50V,healthy_settling,healthy_settling,False,True,False,,,0.0162454342963,0.0164190817613,False,False,False,0.12,synthetic,True
MLCC_LOW_PREVALENCE_C001667,MLCC_LOW_PREVALENCE_B011,MLCC_X7R,leakage_ua,SIM_X7R_10N_50V,healthy_settling,healthy_settling,False,True,False,,,0.00757618423213,0.0080944164727,False,False,False,0.12,synthetic,True
MLCC_LOW_PREVALENCE_C001670,MLCC_LOW_PREVALENCE_B011,MLCC_X7R,leakage_ua,SIM_X7R_10N_50V,healthy_settling,healthy_settling,False,True,False,,,0.0112128104688,0.0113015020997,False,False,False,0.12,synthetic,True
MLCC_LOW_PREVALENCE_C001714,MLCC_LOW_PREVALENCE_B011,MLCC_X7R,leakage_ua,SIM_X7R_10N_50V,healthy_settling,healthy_settling,False,True,False,,,0.00962742610903,0.00954911523115,False,False,False,0.12,synthetic,True
MLCC_LOW_PREVALENCE_C001754,MLCC_LOW_PREVALENCE_B011,MLCC_X7R,leakage_ua,SIM_X7R_10N_50V,healthy_settling,healthy_settling,False,True,False,,,0.00656420113532,0.0066036525682,False,False,False,0.12,synthetic,True
MLCC_LOW_PREVALENCE_C001803,MLCC_LOW_PREVALENCE_B011,MLCC_X7R,leakage_ua,SIM_X7R_10N_50V,healthy_settling,healthy_settling,False,True,False,,,0.00918791753912,0.00915960623647,False,False,False,0.12,synthetic,True
MLCC_LOW_PREVALENCE_C001822,MLCC_LOW_PREVALENCE_B011,MLCC_X7R,leakage_ua,SIM_X7R_10N_50V,healthy_settling,healthy_settling,False,True,False,,,0.00983360893292,0.00964805789957,False,False,False,0.12,synthetic,True
MLCC_LOW_PREVALENCE_C001832,MLCC_LOW_PREVALENCE_B011,MLCC_X7R,leakage_ua,SIM_X7R_10N_50V,ordinary_noise,ordinary_noise,False,True,False,,,0.0118031375113,0.0120543524194,False,False,False,0.12,synthetic,True
MLCC_LOW_PREVALENCE_C001847,MLCC_LOW_PREVALENCE_B011,MLCC_X7R,leakage_ua,SIM_X7R_10N_50V,healthy_settling,healthy_settling,False,True,False,,,0.0137432127158,0.0139697015084,False,False,False,0.12,synthetic,True
MLCC_LOW_PREVALENCE_C001903,MLCC_LOW_PREVALENCE_B011,MLCC_X7R,leakage_ua,SIM_X7R_10N_50V,healthy_settling,healthy_settling,False,True,False,,,0.0118191913299,0.012133385501,False,False,False,0.12,synthetic,True
MLCC_LOW_PREVALENCE_C001917,MLCC_LOW_PREVALENCE_B011,MLCC_X7R,leakage_ua,SIM_X7R_10N_50V,healthy_settling,healthy_settling,False,True,False,,,0.0111562999459,0.0112308243317,False,False,False,0.12,synthetic,True
MLCC_LOW_PREVALENCE_C001982,MLCC_LOW_PREVALENCE_B011,MLCC_X7R,leakage_ua,SIM_X7R_10N_50V,healthy_settling,healthy_settling,False,True,False,,,0.00800822795146,0.00789517116701,False,False,False,0.12,synthetic,True
MLCC_LOW_PREVALENCE_C001993,MLCC_LOW_PREVALENCE_B011,MLCC_X7R,leakage_ua,SIM_X7R_10N_50V,healthy_settling,healthy_settling,False,True,False,,,0.011565594776,0.0116419616652,False,False,False,0.12,synthetic,True
MLCC_LOW_PREVALENCE_C000050,MLCC_LOW_PREVALENCE_B012,MLCC_X7R,leakage_ua,SIM_X7R_10N_50V,healthy_settling,healthy_settling,False,True,False,,,0.0133379852396,0.0130624283357,False,False,False,0.12,synthetic,True
MLCC_LOW_PREVALENCE_C000056,MLCC_LOW_PREVALENCE_B012,MLCC_X7R,leakage_ua,SIM_X7R_10N_50V,healthy_settling,healthy_settling,False,True,False,,,0.0143373553801,0.0147665298272,False,False,False,0.12,synthetic,True
MLCC_LOW_PREVALENCE_C000064,MLCC_LOW_PREVALENCE_B012,MLCC_X7R,leakage_ua,SIM_X7R_10N_50V,healthy_settling,healthy_settling,False,True,False,,,0.0157540351932,0.0155847790019,False,False,False,0.12,synthetic,True
MLCC_LOW_PREVALENCE_C000067,MLCC_LOW_PREVALENCE_B012,MLCC_X7R,leakage_ua,SIM_X7R_10N_50V,healthy_settling,healthy_settling,False,True,False,,,0.0125867866123,0.0121354913206,False,False,False,0.12,synthetic,True
MLCC_LOW_PREVALENCE_C000084,MLCC_LOW_PREVALENCE_B012,MLCC_X7R,leakage_ua,SIM_X7R_10N_50V,healthy_settling,healthy_settling,False,True,False,,,0.0131492014923,0.0129436149995,False,False,False,0.12,synthetic,True
MLCC_LOW_PREVALENCE_C000092,MLCC_LOW_PREVALENCE_B012,MLCC_X7R,leakage_ua,SIM_X7R_10N_50V,ordinary_noise,ordinary_noise,False,True,False,,,0.0151913050978,0.0141739592779,False,False,False,0.12,synthetic,True
MLCC_LOW_PREVALENCE_C000099,MLCC_LOW_PREVALENCE_B012,MLCC_X7R,leakage_ua,SIM_X7R_10N_50V,healthy_settling,healthy_settling,False,True,False,,,0.00986666505214,0.00972634594727,False,False,False,0.12,synthetic,True
MLCC_LOW_PREVALENCE_C000102,MLCC_LOW_PREVALENCE_B012,MLCC_X7R,leakage_ua,SIM_X7R_10N_50V,healthy_settling,healthy_settling,False,True,False,,,0.0130086371478,0.012468954037,False,False,False,0.12,synthetic,True
MLCC_LOW_PREVALENCE_C000124,MLCC_LOW_PREVALENCE_B012,MLCC_X7R,leakage_ua,SIM_X7R_10N_50V,healthy_settling,healthy_settling,False,True,False,,,0.013110388586,0.0131102358422,False,False,False,0.12,synthetic,True
MLCC_LOW_PREVALENCE_C000132,MLCC_LOW_PREVALENCE_B012,MLCC_X7R,leakage_ua,SIM_X7R_10N_50V,healthy_settling,healthy_settling,False,True,False,,,0.0242916019638,0.0244021962331,False,False,False,0.12,synthetic,True
MLCC_LOW_PREVALENCE_C000137,MLCC_LOW_PREVALENCE_B012,MLCC_X7R,leakage_ua,SIM_X7R_10N_50V,healthy_settling,healthy_settling,False,True,False,,,0.019114202885,0.0193509830955,False,False,False,0.12,synthetic,True
MLCC_LOW_PREVALENCE_C000141,MLCC_LOW_PREVALENCE_B012,MLCC_X7R,leakage_ua,SIM_X7R_10N_50V,healthy_settling,healthy_settling,False,True,False,,,0.0163675729576,0.0167603947561,False,False,False,0.12,synthetic,True
MLCC_LOW_PREVALENCE_C000142,MLCC_LOW_PREVALENCE_B012,MLCC_X7R,leakage_ua,SIM_X7R_10N_50V,healthy_settling,healthy_settling,False,True,False,,,0.0105967636684,0.0106558217885,False,False,False,0.12,synthetic,True
MLCC_LOW_PREVALENCE_C000149,MLCC_LOW_PREVALENCE_B012,MLCC_X7R,leakage_ua,SIM_X7R_10N_50V,healthy_settling,healthy_settling,False,True,False,,,0.00994510977987,0.0102378233291,False,False,False,0.12,synthetic,True
MLCC_LOW_PREVALENCE_C000152,MLCC_LOW_PREVALENCE_B012,MLCC_X7R,leakage_ua,SIM_X7R_10N_50V,healthy_settling,healthy_settling,False,True,False,,,0.0105871937324,0.0106239921337,False,False,False,0.12,synthetic,True
MLCC_LOW_PREVALENCE_C000194,MLCC_LOW_PREVALENCE_B012,MLCC_X7R,leakage_ua,SIM_X7R_10N_50V,healthy_settling,healthy_settling,False,True,False,,,0.0147816185505,0.0141499850627,False,False,False,0.12,synthetic,True
MLCC_LOW_PREVALENCE_C000206,MLCC_LOW_PREVALENCE_B012,MLCC_X7R,leakage_ua,SIM_X7R_10N_50V,ordinary_noise,ordinary_noise,False,True,False,,,0.0138800218599,0.015765420207,False,False,False,0.12,synthetic,True
MLCC_LOW_PREVALENCE_C000223,MLCC_LOW_PREVALENCE_B012,MLCC_X7R,leakage_ua,SIM_X7R_10N_50V,healthy_settling,healthy_settling,False,True,False,,,0.0159470487352,0.016314396333,False,False,False,0.12,synthetic,True
MLCC_LOW_PREVALENCE_C000254,MLCC_LOW_PREVALENCE_B012,MLCC_X7R,leakage_ua,SIM_X7R_10N_50V,healthy_settling,healthy_settling,False,True,False,,,0.013397913963,0.0136844660452,False,False,False,0.12,synthetic,True
MLCC_LOW_PREVALENCE_C000255,MLCC_LOW_PREVALENCE_B012,MLCC_X7R,leakage_ua,SIM_X7R_10N_50V,healthy_settling,healthy_settling,False,True,False,,,0.00781821430802,0.0081244184445,False,False,False,0.12,synthetic,True
MLCC_LOW_PREVALENCE_C000309,MLCC_LOW_PREVALENCE_B012,MLCC_X7R,leakage_ua,SIM_X7R_10N_50V,ordinary_noise,ordinary_noise,False,True,False,,,0.0102116550112,0.00729802555511,False,False,False,0.12,synthetic,True
MLCC_LOW_PREVALENCE_C000315,MLCC_LOW_PREVALENCE_B012,MLCC_X7R,leakage_ua,SIM_X7R_10N_50V,healthy_settling,healthy_settling,False,True,False,,,0.00734689844292,0.00741145312429,False,False,False,0.12,synthetic,True
MLCC_LOW_PREVALENCE_C000335,MLCC_LOW_PREVALENCE_B012,MLCC_X7R,leakage_ua,SIM_X7R_10N_50V,healthy_settling,healthy_settling,False,True,False,,,0.0132978917263,0.0133713307999,False,False,False,0.12,synthetic,True
MLCC_LOW_PREVALENCE_C000349,MLCC_LOW_PREVALENCE_B012,MLCC_X7R,leakage_ua,SIM_X7R_10N_50V,healthy_settling,healthy_settling,False,True,False,,,0.0151703253972,0.0152315792495,False,False,False,0.12,synthetic,True
MLCC_LOW_PREVALENCE_C000355,MLCC_LOW_PREVALENCE_B012,MLCC_X7R,leakage_ua,SIM_X7R_10N_50V,healthy_settling,healthy_settling,False,True,False,,,0.0114373398694,0.0114750274397,False,False,False,0.12,synthetic,True
MLCC_LOW_PREVALENCE_C000362,MLCC_LOW_PREVALENCE_B012,MLCC_X7R,leakage_ua,SIM_X7R_10N_50V,healthy_settling,healthy_settling,False,True,False,,,0.00883237569995,0.00893789552451,False,False,False,0.12,synthetic,True
MLCC_LOW_PREVALENCE_C000365,MLCC_LOW_PREVALENCE_B012,MLCC_X7R,leakage_ua,SIM_X7R_10N_50V,healthy_settling,healthy_settling,False,True,False,,,0.00560033531206,0.00550926954665,False,False,False,0.12,synthetic,True
MLCC_LOW_PREVALENCE_C000374,MLCC_LOW_PREVALENCE_B012,MLCC_X7R,leakage_ua,SIM_X7R_10N_50V,healthy_settling,healthy_settling,False,True,False,,,0.00934618178034,0.00928081807808,False,False,False,0.12,synthetic,True
MLCC_LOW_PREVALENCE_C000394,MLCC_LOW_PREVALENCE_B012,MLCC_X7R,leakage_ua,SIM_X7R_10N_50V,ordinary_noise,ordinary_noise,False,True,False,,,0.0136074718314,0.0153724695779,False,False,False,0.12,synthetic,True
MLCC_LOW_PREVALENCE_C000400,MLCC_LOW_PREVALENCE_B012,MLCC_X7R,leakage_ua,SIM_X7R_10N_50V,healthy_settling,healthy_settling,False,True,False,,,0.0123595749618,0.0123385314078,False,False,False,0.12,synthetic,True
MLCC_LOW_PREVALENCE_C000427,MLCC_LOW_PREVALENCE_B012,MLCC_X7R,leakage_ua,SIM_X7R_10N_50V,healthy_settling,healthy_settling,False,True,False,,,0.010751715142,0.0109898874907,False,False,False,0.12,synthetic,True
MLCC_LOW_PREVALENCE_C000430,MLCC_LOW_PREVALENCE_B012,MLCC_X7R,leakage_ua,SIM_X7R_10N_50V,ordinary_noise,ordinary_noise,False,True,False,,,0.019106415476,0.0178472047097,False,False,False,0.12,synthetic,True
MLCC_LOW_PREVALENCE_C000443,MLCC_LOW_PREVALENCE_B012,MLCC_X7R,leakage_ua,SIM_X7R_10N_50V,ordinary_noise,ordinary_noise,False,True,False,,,0.00909087302782,0.0100433506504,False,False,False,0.12,synthetic,True
MLCC_LOW_PREVALENCE_C000466,MLCC_LOW_PREVALENCE_B012,MLCC_X7R,leakage_ua,SIM_X7R_10N_50V,healthy_settling,healthy_settling,False,True,False,,,0.0120189935606,0.0122783238123,False,False,False,0.12,synthetic,True
MLCC_LOW_PREVALENCE_C000467,MLCC_LOW_PREVALENCE_B012,MLCC_X7R,leakage_ua,SIM_X7R_10N_50V,healthy_settling,healthy_settling,False,True,False,,,0.0229102855587,0.0223915939672,False,False,False,0.12,synthetic,True
MLCC_LOW_PREVALENCE_C000549,MLCC_LOW_PREVALENCE_B012,MLCC_X7R,leakage_ua,SIM_X7R_10N_50V,ordinary_noise,ordinary_noise,False,True,False,,,0.0099213080851,0.00933375873103,False,False,False,0.12,synthetic,True
MLCC_LOW_PREVALENCE_C000550,MLCC_LOW_PREVALENCE_B012,MLCC_X7R,leakage_ua,SIM_X7R_10N_50V,ordinary_noise,ordinary_noise,False,True,False,,,0.0119826927323,0.0107873430977,False,False,False,0.12,synthetic,True
MLCC_LOW_PREVALENCE_C000578,MLCC_LOW_PREVALENCE_B012,MLCC_X7R,leakage_ua,SIM_X7R_10N_50V,healthy_settling,healthy_settling,False,True,False,,,0.0150828093299,0.015479057525,False,False,False,0.12,synthetic,True
MLCC_LOW_PREVALENCE_C000624,MLCC_LOW_PREVALENCE_B012,MLCC_X7R,leakage_ua,SIM_X7R_10N_50V,healthy_settling,healthy_settling,False,True,False,,,0.013058068644,0.0132549267337,False,False,False,0.12,synthetic,True
MLCC_LOW_PREVALENCE_C000636,MLCC_LOW_PREVALENCE_B012,MLCC_X7R,leakage_ua,SIM_X7R_10N_50V,healthy_settling,healthy_settling,False,True,False,,,0.0187452931258,0.0185791573629,False,False,False,0.12,synthetic,True
MLCC_LOW_PREVALENCE_C000665,MLCC_LOW_PREVALENCE_B012,MLCC_X7R,leakage_ua,SIM_X7R_10N_50V,healthy_settling,healthy_settling,False,True,False,,,0.0122919315827,0.0121748476261,False,False,False,0.12,synthetic,True
MLCC_LOW_PREVALENCE_C000673,MLCC_LOW_PREVALENCE_B012,MLCC_X7R,leakage_ua,SIM_X7R_10N_50V,healthy_settling,healthy_settling,False,True,False,,,0.013150465168,0.0129880463944,False,False,False,0.12,synthetic,True
MLCC_LOW_PREVALENCE_C000717,MLCC_LOW_PREVALENCE_B012,MLCC_X7R,leakage_ua,SIM_X7R_10N_50V,ordinary_noise,ordinary_noise,False,True,False,,,0.0118862476704,0.0124186465056,False,False,False,0.12,synthetic,True
MLCC_LOW_PREVALENCE_C000726,MLCC_LOW_PREVALENCE_B012,MLCC_X7R,leakage_ua,SIM_X7R_10N_50V,healthy_settling,healthy_settling,False,True,False,,,0.0124536074441,0.0128846908668,False,False,False,0.12,synthetic,True
MLCC_LOW_PREVALENCE_C000744,MLCC_LOW_PREVALENCE_B012,MLCC_X7R,leakage_ua,SIM_X7R_10N_50V,healthy_settling,healthy_settling,False,True,False,,,0.00728174298911,0.0078646386173,False,False,False,0.12,synthetic,True
MLCC_LOW_PREVALENCE_C000751,MLCC_LOW_PREVALENCE_B012,MLCC_X7R,leakage_ua,SIM_X7R_10N_50V,healthy_settling,healthy_settling,False,True,False,,,0.012425514325,0.0124789081846,False,False,False,0.12,synthetic,True
MLCC_LOW_PREVALENCE_C000812,MLCC_LOW_PREVALENCE_B012,MLCC_X7R,leakage_ua,SIM_X7R_10N_50V,ordinary_noise,ordinary_noise,False,True,False,,,0.0111534863456,0.0103145779435,False,False,False,0.12,synthetic,True
MLCC_LOW_PREVALENCE_C000844,MLCC_LOW_PREVALENCE_B012,MLCC_X7R,leakage_ua,SIM_X7R_10N_50V,healthy_settling,healthy_settling,False,True,False,,,0.0138936578076,0.0135293912645,False,False,False,0.12,synthetic,True
MLCC_LOW_PREVALENCE_C000856,MLCC_LOW_PREVALENCE_B012,MLCC_X7R,leakage_ua,SIM_X7R_10N_50V,ordinary_noise,ordinary_noise,False,True,False,,,0.0230342321387,0.0226862287542,False,False,False,0.12,synthetic,True
MLCC_LOW_PREVALENCE_C000873,MLCC_LOW_PREVALENCE_B012,MLCC_X7R,leakage_ua,SIM_X7R_10N_50V,healthy_settling,healthy_settling,False,True,False,,,0.0122222222437,0.0121423162627,False,False,False,0.12,synthetic,True
MLCC_LOW_PREVALENCE_C000936,MLCC_LOW_PREVALENCE_B012,MLCC_X7R,leakage_ua,SIM_X7R_10N_50V,healthy_settling,healthy_settling,False,True,False,,,0.0142510367573,0.0142017295207,False,False,False,0.12,synthetic,True
MLCC_LOW_PREVALENCE_C000988,MLCC_LOW_PREVALENCE_B012,MLCC_X7R,leakage_ua,SIM_X7R_10N_50V,healthy_settling,healthy_settling,False,True,False,,,0.0128637650523,0.0136284327899,False,False,False,0.12,synthetic,True
MLCC_LOW_PREVALENCE_C001013,MLCC_LOW_PREVALENCE_B012,MLCC_X7R,leakage_ua,SIM_X7R_10N_50V,healthy_settling,healthy_settling,False,True,False,,,0.0179275684218,0.0178098326942,False,False,False,0.12,synthetic,True
MLCC_LOW_PREVALENCE_C001017,MLCC_LOW_PREVALENCE_B012,MLCC_X7R,leakage_ua,SIM_X7R_10N_50V,healthy_settling,healthy_settling,False,True,False,,,0.012719023246,0.012148260341,False,False,False,0.12,synthetic,True
MLCC_LOW_PREVALENCE_C001040,MLCC_LOW_PREVALENCE_B012,MLCC_X7R,leakage_ua,SIM_X7R_10N_50V,healthy_settling,healthy_settling,False,True,False,,,0.00945742686655,0.00956987272131,False,False,False,0.12,synthetic,True
MLCC_LOW_PREVALENCE_C001070,MLCC_LOW_PREVALENCE_B012,MLCC_X7R,leakage_ua,SIM_X7R_10N_50V,healthy_settling,healthy_settling,False,True,False,,,0.0129792912725,0.0129092673495,False,False,False,0.12,synthetic,True
MLCC_LOW_PREVALENCE_C001079,MLCC_LOW_PREVALENCE_B012,MLCC_X7R,leakage_ua,SIM_X7R_10N_50V,healthy_settling,healthy_settling,False,True,False,,,0.0159638187748,0.0157848645,False,False,False,0.12,synthetic,True
MLCC_LOW_PREVALENCE_C001086,MLCC_LOW_PREVALENCE_B012,MLCC_X7R,leakage_ua,SIM_X7R_10N_50V,healthy_settling,healthy_settling,False,True,False,,,0.0111714549914,0.0115538017185,False,False,False,0.12,synthetic,True
MLCC_LOW_PREVALENCE_C001110,MLCC_LOW_PREVALENCE_B012,MLCC_X7R,leakage_ua,SIM_X7R_10N_50V,healthy_settling,healthy_settling,False,True,False,,,0.010033394189,0.010207351945,False,False,False,0.12,synthetic,True
MLCC_LOW_PREVALENCE_C001111,MLCC_LOW_PREVALENCE_B012,MLCC_X7R,leakage_ua,SIM_X7R_10N_50V,ordinary_noise,ordinary_noise,False,True,False,,,0.0124124266097,0.0125105340577,False,False,False,0.12,synthetic,True
MLCC_LOW_PREVALENCE_C001114,MLCC_LOW_PREVALENCE_B012,MLCC_X7R,leakage_ua,SIM_X7R_10N_50V,healthy_settling,healthy_settling,False,True,False,,,0.0262854413359,0.0259470933378,False,False,False,0.12,synthetic,True
MLCC_LOW_PREVALENCE_C001136,MLCC_LOW_PREVALENCE_B012,MLCC_X7R,leakage_ua,SIM_X7R_10N_50V,ordinary_noise,ordinary_noise,False,True,False,,,0.01593279376,0.0151248541967,False,False,False,0.12,synthetic,True
MLCC_LOW_PREVALENCE_C001156,MLCC_LOW_PREVALENCE_B012,MLCC_X7R,leakage_ua,SIM_X7R_10N_50V,healthy_settling,healthy_settling,False,True,False,,,0.00781194897664,0.00800568801047,False,False,False,0.12,synthetic,True
MLCC_LOW_PREVALENCE_C001176,MLCC_LOW_PREVALENCE_B012,MLCC_X7R,leakage_ua,SIM_X7R_10N_50V,ordinary_noise,ordinary_noise,False,True,False,,,0.00856886912694,0.00983224739034,False,False,False,0.12,synthetic,True
MLCC_LOW_PREVALENCE_C001209,MLCC_LOW_PREVALENCE_B012,MLCC_X7R,leakage_ua,SIM_X7R_10N_50V,healthy_settling,healthy_settling,False,True,False,,,0.0110982166409,0.0113487227128,False,False,False,0.12,synthetic,True
MLCC_LOW_PREVALENCE_C001215,MLCC_LOW_PREVALENCE_B012,MLCC_X7R,leakage_ua,SIM_X7R_10N_50V,ordinary_noise,ordinary_noise,False,True,False,,,0.0161088425362,0.0168585975583,False,False,False,0.12,synthetic,True
MLCC_LOW_PREVALENCE_C001223,MLCC_LOW_PREVALENCE_B012,MLCC_X7R,leakage_ua,SIM_X7R_10N_50V,healthy_settling,healthy_settling,False,True,False,,,0.0134753265759,0.0138199056879,False,False,False,0.12,synthetic,True
MLCC_LOW_PREVALENCE_C001249,MLCC_LOW_PREVALENCE_B012,MLCC_X7R,leakage_ua,SIM_X7R_10N_50V,healthy_settling,healthy_settling,False,True,False,,,0.00898223644841,0.00852981269014,False,False,False,0.12,synthetic,True
MLCC_LOW_PREVALENCE_C001260,MLCC_LOW_PREVALENCE_B012,MLCC_X7R,leakage_ua,SIM_X7R_10N_50V,healthy_settling,healthy_settling,False,True,False,,,0.0161960922871,0.0160357045132,False,False,False,0.12,synthetic,True
MLCC_LOW_PREVALENCE_C001271,MLCC_LOW_PREVALENCE_B012,MLCC_X7R,leakage_ua,SIM_X7R_10N_50V,ordinary_noise,ordinary_noise,False,True,False,,,0.0108573041049,0.0119812461594,False,False,False,0.12,synthetic,True
MLCC_LOW_PREVALENCE_C001272,MLCC_LOW_PREVALENCE_B012,MLCC_X7R,leakage_ua,SIM_X7R_10N_50V,ordinary_noise,ordinary_noise,False,True,False,,,0.0190651623572,0.0198566877897,False,False,False,0.12,synthetic,True
MLCC_LOW_PREVALENCE_C001292,MLCC_LOW_PREVALENCE_B012,MLCC_X7R,leakage_ua,SIM_X7R_10N_50V,ordinary_noise,ordinary_noise,False,True,False,,,0.0147402967907,0.013839919349,False,False,False,0.12,synthetic,True
MLCC_LOW_PREVALENCE_C001312,MLCC_LOW_PREVALENCE_B012,MLCC_X7R,leakage_ua,SIM_X7R_10N_50V,healthy_settling,healthy_settling,False,True,False,,,0.00934905183587,0.00914597085549,False,False,False,0.12,synthetic,True
MLCC_LOW_PREVALENCE_C001315,MLCC_LOW_PREVALENCE_B012,MLCC_X7R,leakage_ua,SIM_X7R_10N_50V,healthy_settling,healthy_settling,False,True,False,,,0.0128871512131,0.0131226812161,False,False,False,0.12,synthetic,True
MLCC_LOW_PREVALENCE_C001329,MLCC_LOW_PREVALENCE_B012,MLCC_X7R,leakage_ua,SIM_X7R_10N_50V,healthy_settling,healthy_settling,False,True,False,,,0.0120603557826,0.0118926030424,False,False,False,0.12,synthetic,True
MLCC_LOW_PREVALENCE_C001339,MLCC_LOW_PREVALENCE_B012,MLCC_X7R,leakage_ua,SIM_X7R_10N_50V,healthy_settling,healthy_settling,False,True,False,,,0.0142028215659,0.0141808372707,False,False,False,0.12,synthetic,True
MLCC_LOW_PREVALENCE_C001385,MLCC_LOW_PREVALENCE_B012,MLCC_X7R,leakage_ua,SIM_X7R_10N_50V,healthy_settling,healthy_settling,False,True,False,,,0.00775234753629,0.0074783423024,False,False,False,0.12,synthetic,True
MLCC_LOW_PREVALENCE_C001395,MLCC_LOW_PREVALENCE_B012,MLCC_X7R,leakage_ua,SIM_X7R_10N_50V,healthy_settling,healthy_settling,False,True,False,,,0.0104138042878,0.0101718040382,False,False,False,0.12,synthetic,True
MLCC_LOW_PREVALENCE_C001417,MLCC_LOW_PREVALENCE_B012,MLCC_X7R,leakage_ua,SIM_X7R_10N_50V,ordinary_noise,ordinary_noise,False,True,False,,,0.0168187252105,0.0151876056578,False,False,False,0.12,synthetic,True
MLCC_LOW_PREVALENCE_C001433,MLCC_LOW_PREVALENCE_B012,MLCC_X7R,leakage_ua,SIM_X7R_10N_50V,healthy_settling,healthy_settling,False,True,False,,,0.0123067312432,0.0114986531607,False,False,False,0.12,synthetic,True
MLCC_LOW_PREVALENCE_C001444,MLCC_LOW_PREVALENCE_B012,MLCC_X7R,leakage_ua,SIM_X7R_10N_50V,ordinary_noise,ordinary_noise,False,True,False,,,0.00763696988265,0.00777491014519,False,False,False,0.12,synthetic,True
MLCC_LOW_PREVALENCE_C001451,MLCC_LOW_PREVALENCE_B012,MLCC_X7R,leakage_ua,SIM_X7R_10N_50V,ordinary_noise,ordinary_noise,False,True,False,,,0.0129247236043,0.0173350200147,False,False,False,0.12,synthetic,True
MLCC_LOW_PREVALENCE_C001455,MLCC_LOW_PREVALENCE_B012,MLCC_X7R,leakage_ua,SIM_X7R_10N_50V,healthy_settling,healthy_settling,False,True,False,,,0.00781791546387,0.00775998376135,False,False,False,0.12,synthetic,True
MLCC_LOW_PREVALENCE_C001471,MLCC_LOW_PREVALENCE_B012,MLCC_X7R,leakage_ua,SIM_X7R_10N_50V,healthy_settling,healthy_settling,False,True,False,,,0.0115345133493,0.0114203019414,False,False,False,0.12,synthetic,True
MLCC_LOW_PREVALENCE_C001472,MLCC_LOW_PREVALENCE_B012,MLCC_X7R,leakage_ua,SIM_X7R_10N_50V,healthy_settling,healthy_settling,False,True,False,,,0.0122606184658,0.0126745523588,False,False,False,0.12,synthetic,True
MLCC_LOW_PREVALENCE_C001508,MLCC_LOW_PREVALENCE_B012,MLCC_X7R,leakage_ua,SIM_X7R_10N_50V,healthy_settling,healthy_settling,False,True,False,,,0.013732067011,0.014185001938,False,False,False,0.12,synthetic,True
MLCC_LOW_PREVALENCE_C001538,MLCC_LOW_PREVALENCE_B012,MLCC_X7R,leakage_ua,SIM_X7R_10N_50V,healthy_settling,healthy_settling,False,True,False,,,0.0160952206326,0.0153633010631,False,False,False,0.12,synthetic,True
MLCC_LOW_PREVALENCE_C001569,MLCC_LOW_PREVALENCE_B012,MLCC_X7R,leakage_ua,SIM_X7R_10N_50V,healthy_settling,healthy_settling,False,True,False,,,0.013669075778,0.0138420991095,False,False,False,0.12,synthetic,True
MLCC_LOW_PREVALENCE_C001604,MLCC_LOW_PREVALENCE_B012,MLCC_X7R,leakage_ua,SIM_X7R_10N_50V,healthy_settling,healthy_settling,False,True,False,,,0.0105728735736,0.0108530608265,False,False,False,0.12,synthetic,True
MLCC_LOW_PREVALENCE_C001684,MLCC_LOW_PREVALENCE_B012,MLCC_X7R,leakage_ua,SIM_X7R_10N_50V,healthy_settling,healthy_settling,False,True,False,,,0.0158369540986,0.0161656268865,False,False,False,0.12,synthetic,True
MLCC_LOW_PREVALENCE_C001700,MLCC_LOW_PREVALENCE_B012,MLCC_X7R,leakage_ua,SIM_X7R_10N_50V,healthy_settling,healthy_settling,False,True,False,,,0.0123898735722,0.0125982278597,False,False,False,0.12,synthetic,True
MLCC_LOW_PREVALENCE_C001722,MLCC_LOW_PREVALENCE_B012,MLCC_X7R,leakage_ua,SIM_X7R_10N_50V,healthy_settling,healthy_settling,False,True,False,,,0.0149489584938,0.0144779946654,False,False,False,0.12,synthetic,True
MLCC_LOW_PREVALENCE_C001727,MLCC_LOW_PREVALENCE_B012,MLCC_X7R,leakage_ua,SIM_X7R_10N_50V,healthy_settling,healthy_settling,False,True,False,,,0.0259435700818,0.0253555221406,False,False,False,0.12,synthetic,True
MLCC_LOW_PREVALENCE_C001761,MLCC_LOW_PREVALENCE_B012,MLCC_X7R,leakage_ua,SIM_X7R_10N_50V,ordinary_noise,ordinary_noise,False,True,False,,,0.00894517407273,0.00911393812892,False,False,False,0.12,synthetic,True
MLCC_LOW_PREVALENCE_C001797,MLCC_LOW_PREVALENCE_B012,MLCC_X7R,leakage_ua,SIM_X7R_10N_50V,healthy_settling,healthy_settling,False,True,False,,,0.0101926186305,0.00976260148747,False,False,False,0.12,synthetic,True
MLCC_LOW_PREVALENCE_C001798,MLCC_LOW_PREVALENCE_B012,MLCC_X7R,leakage_ua,SIM_X7R_10N_50V,healthy_settling,healthy_settling,False,True,False,,,0.0159393077319,0.0160807487366,False,False,False,0.12,synthetic,True
MLCC_LOW_PREVALENCE_C001806,MLCC_LOW_PREVALENCE_B012,MLCC_X7R,leakage_ua,SIM_X7R_10N_50V,healthy_settling,healthy_settling,False,True,False,,,0.0107040850385,0.0106403539547,False,False,False,0.12,synthetic,True
MLCC_LOW_PREVALENCE_C001913,MLCC_LOW_PREVALENCE_B012,MLCC_X7R,leakage_ua,SIM_X7R_10N_50V,healthy_settling,healthy_settling,False,True,False,,,0.0110342460448,0.0109414970225,False,False,False,0.12,synthetic,True
MLCC_LOW_PREVALENCE_C001916,MLCC_LOW_PREVALENCE_B012,MLCC_X7R,leakage_ua,SIM_X7R_10N_50V,healthy_settling,healthy_settling,False,True,False,,,0.013615186872,0.0137016220521,False,False,False,0.12,synthetic,True
MLCC_LOW_PREVALENCE_C001952,MLCC_LOW_PREVALENCE_B012,MLCC_X7R,leakage_ua,SIM_X7R_10N_50V,healthy_settling,healthy_settling,False,True,False,,,0.0154248669927,0.0155293193876,False,False,False,0.12,synthetic,True
MLCC_LOW_PREVALENCE_C000003,MLCC_LOW_PREVALENCE_B013,MLCC_X7R,leakage_ua,SIM_X7R_100N_50V,healthy_settling,healthy_settling,False,True,False,,,0.030264267206,0.0306981918813,False,False,False,0.25,synthetic,True
MLCC_LOW_PREVALENCE_C000008,MLCC_LOW_PREVALENCE_B013,MLCC_X7R,leakage_ua,SIM_X7R_100N_50V,ordinary_noise,ordinary_noise,False,True,False,,,0.0230150506876,0.0220158129917,False,False,False,0.25,synthetic,True
MLCC_LOW_PREVALENCE_C000024,MLCC_LOW_PREVALENCE_B013,MLCC_X7R,leakage_ua,SIM_X7R_100N_50V,healthy_settling,healthy_settling,False,True,False,,,0.0363008192133,0.0364578296053,False,False,False,0.25,synthetic,True
MLCC_LOW_PREVALENCE_C000036,MLCC_LOW_PREVALENCE_B013,MLCC_X7R,leakage_ua,SIM_X7R_100N_50V,healthy_settling,healthy_settling,False,True,False,,,0.0349801694521,0.0343244022118,False,False,False,0.25,synthetic,True
MLCC_LOW_PREVALENCE_C000122,MLCC_LOW_PREVALENCE_B013,MLCC_X7R,leakage_ua,SIM_X7R_100N_50V,healthy_settling,healthy_settling,False,True,False,,,0.0375651087232,0.0372396737536,False,False,False,0.25,synthetic,True
MLCC_LOW_PREVALENCE_C000125,MLCC_LOW_PREVALENCE_B013,MLCC_X7R,leakage_ua,SIM_X7R_100N_50V,healthy_settling,healthy_settling,False,True,False,,,0.0251943094049,0.0254292003794,False,False,False,0.25,synthetic,True
MLCC_LOW_PREVALENCE_C000159,MLCC_LOW_PREVALENCE_B013,MLCC_X7R,leakage_ua,SIM_X7R_100N_50V,ordinary_noise,ordinary_noise,False,True,False,,,0.0278933852199,0.0341532010749,False,False,False,0.25,synthetic,True
MLCC_LOW_PREVALENCE_C000185,MLCC_LOW_PREVALENCE_B013,MLCC_X7R,leakage_ua,SIM_X7R_100N_50V,ordinary_noise,ordinary_noise,False,True,False,,,0.0233745562804,0.0229353986066,False,False,False,0.25,synthetic,True
MLCC_LOW_PREVALENCE_C000224,MLCC_LOW_PREVALENCE_B013,MLCC_X7R,leakage_ua,SIM_X7R_100N_50V,healthy_settling,healthy_settling,False,True,False,,,0.0269421832751,0.0288097623092,False,False,False,0.25,synthetic,True
MLCC_LOW_PREVALENCE_C000256,MLCC_LOW_PREVALENCE_B013,MLCC_X7R,leakage_ua,SIM_X7R_100N_50V,healthy_settling,healthy_settling,False,True,False,,,0.0422855760459,0.0442467670432,False,False,False,0.25,synthetic,True
MLCC_LOW_PREVALENCE_C000269,MLCC_LOW_PREVALENCE_B013,MLCC_X7R,leakage_ua,SIM_X7R_100N_50V,healthy_settling,healthy_settling,False,True,False,,,0.0223319733362,0.0230750458868,False,False,False,0.25,synthetic,True
MLCC_LOW_PREVALENCE_C000280,MLCC_LOW_PREVALENCE_B013,MLCC_X7R,leakage_ua,SIM_X7R_100N_50V,ordinary_noise,ordinary_noise,False,True,False,,,0.0248855046059,0.025561300221,False,False,False,0.25,synthetic,True
MLCC_LOW_PREVALENCE_C000283,MLCC_LOW_PREVALENCE_B013,MLCC_X7R,leakage_ua,SIM_X7R_100N_50V,healthy_settling,healthy_settling,False,True,False,,,0.0331068686851,0.0331207485692,False,False,False,0.25,synthetic,True
MLCC_LOW_PREVALENCE_C000312,MLCC_LOW_PREVALENCE_B013,MLCC_X7R,leakage_ua,SIM_X7R_100N_50V,ordinary_noise,ordinary_noise,False,True,False,,,0.0369476992709,0.0378263602463,False,False,False,0.25,synthetic,True
MLCC_LOW_PREVALENCE_C000321,MLCC_LOW_PREVALENCE_B013,MLCC_X7R,leakage_ua,SIM_X7R_100N_50V,healthy_settling,healthy_settling,False,True,False,,,0.024765802567,0.0252560432121,False,False,False,0.25,synthetic,True
MLCC_LOW_PREVALENCE_C000347,MLCC_LOW_PREVALENCE_B013,MLCC_X7R,leakage_ua,SIM_X7R_100N_50V,ordinary_noise,ordinary_noise,False,True,False,,,0.0243156397612,0.0236416014696,False,False,False,0.25,synthetic,True
MLCC_LOW_PREVALENCE_C000351,MLCC_LOW_PREVALENCE_B013,MLCC_X7R,leakage_ua,SIM_X7R_100N_50V,healthy_settling,healthy_settling,False,True,False,,,0.0170286475934,0.0173117313901,False,False,False,0.25,synthetic,True
MLCC_LOW_PREVALENCE_C000360,MLCC_LOW_PREVALENCE_B013,MLCC_X7R,leakage_ua,SIM_X7R_100N_50V,ordinary_noise,ordinary_noise,False,True,False,,,0.0303752225335,0.0314409259509,False,False,False,0.25,synthetic,True
MLCC_LOW_PREVALENCE_C000379,MLCC_LOW_PREVALENCE_B013,MLCC_X7R,leakage_ua,SIM_X7R_100N_50V,healthy_settling,healthy_settling,False,True,False,,,0.0269109221207,0.0254248396134,False,False,False,0.25,synthetic,True
MLCC_LOW_PREVALENCE_C000385,MLCC_LOW_PREVALENCE_B013,MLCC_X7R,leakage_ua,SIM_X7R_100N_50V,healthy_settling,healthy_settling,False,True,False,,,0.0292798952868,0.0286705653618,False,False,False,0.25,synthetic,True
MLCC_LOW_PREVALENCE_C000396,MLCC_LOW_PREVALENCE_B013,MLCC_X7R,leakage_ua,SIM_X7R_100N_50V,healthy_settling,healthy_settling,False,True,False,,,0.0350248063996,0.0355433980891,False,False,False,0.25,synthetic,True
MLCC_LOW_PREVALENCE_C000438,MLCC_LOW_PREVALENCE_B013,MLCC_X7R,leakage_ua,SIM_X7R_100N_50V,ordinary_noise,ordinary_noise,False,True,False,,,0.0211553768992,0.0258105691145,False,False,False,0.25,synthetic,True
MLCC_LOW_PREVALENCE_C000451,MLCC_LOW_PREVALENCE_B013,MLCC_X7R,leakage_ua,SIM_X7R_100N_50V,healthy_settling,healthy_settling,False,True,False,,,0.0296782453536,0.029510932187,False,False,False,0.25,synthetic,True
MLCC_LOW_PREVALENCE_C000455,MLCC_LOW_PREVALENCE_B013,MLCC_X7R,leakage_ua,SIM_X7R_100N_50V,ordinary_noise,ordinary_noise,False,True,False,,,0.0200764900121,0.0222250883502,False,False,False,0.25,synthetic,True
MLCC_LOW_PREVALENCE_C000484,MLCC_LOW_PREVALENCE_B013,MLCC_X7R,leakage_ua,SIM_X7R_100N_50V,ordinary_noise,ordinary_noise,False,True,False,,,0.0263426740701,0.0272178460111,False,False,False,0.25,synthetic,True
MLCC_LOW_PREVALENCE_C000503,MLCC_LOW_PREVALENCE_B013,MLCC_X7R,leakage_ua,SIM_X7R_100N_50V,ordinary_noise,ordinary_noise,False,True,False,,,0.0327204901209,0.0363638707513,False,False,False,0.25,synthetic,True
MLCC_LOW_PREVALENCE_C000556,MLCC_LOW_PREVALENCE_B013,MLCC_X7R,leakage_ua,SIM_X7R_100N_50V,healthy_settling,healthy_settling,False,True,False,,,0.0181265978506,0.0186575711191,False,False,False,0.25,synthetic,True
MLCC_LOW_PREVALENCE_C000602,MLCC_LOW_PREVALENCE_B013,MLCC_X7R,leakage_ua,SIM_X7R_100N_50V,healthy_settling,healthy_settling,False,True,False,,,0.019450437131,0.0197470111338,False,False,False,0.25,synthetic,True
MLCC_LOW_PREVALENCE_C000610,MLCC_LOW_PREVALENCE_B013,MLCC_X7R,leakage_ua,SIM_X7R_100N_50V,healthy_settling,healthy_settling,False,True,False,,,0.0284857552229,0.0282367191316,False,False,False,0.25,synthetic,True
MLCC_LOW_PREVALENCE_C000643,MLCC_LOW_PREVALENCE_B013,MLCC_X7R,leakage_ua,SIM_X7R_100N_50V,healthy_settling,healthy_settling,False,True,False,,,0.0302595314602,0.0315079281699,False,False,False,0.25,synthetic,True
MLCC_LOW_PREVALENCE_C000647,MLCC_LOW_PREVALENCE_B013,MLCC_X7R,leakage_ua,SIM_X7R_100N_50V,healthy_settling,healthy_settling,False,True,False,,,0.024555918588,0.0248004271559,False,False,False,0.25,synthetic,True
MLCC_LOW_PREVALENCE_C000648,MLCC_LOW_PREVALENCE_B013,MLCC_X7R,leakage_ua,SIM_X7R_100N_50V,healthy_settling,healthy_settling,False,True,False,,,0.0334427318912,0.0338051203816,False,False,False,0.25,synthetic,True
MLCC_LOW_PREVALENCE_C000707,MLCC_LOW_PREVALENCE_B013,MLCC_X7R,leakage_ua,SIM_X7R_100N_50V,healthy_settling,healthy_settling,False,True,False,,,0.0164168595001,0.0164993304338,False,False,False,0.25,synthetic,True
MLCC_LOW_PREVALENCE_C000741,MLCC_LOW_PREVALENCE_B013,MLCC_X7R,leakage_ua,SIM_X7R_100N_50V,healthy_settling,healthy_settling,False,True,False,,,0.0216385314945,0.0214719309613,False,False,False,0.25,synthetic,True
MLCC_LOW_PREVALENCE_C000759,MLCC_LOW_PREVALENCE_B013,MLCC_X7R,leakage_ua,SIM_X7R_100N_50V,ordinary_noise,ordinary_noise,False,True,False,,,0.0243783239868,0.0254464541517,False,False,False,0.25,synthetic,True
MLCC_LOW_PREVALENCE_C000762,MLCC_LOW_PREVALENCE_B013,MLCC_X7R,leakage_ua,SIM_X7R_100N_50V,healthy_settling,healthy_settling,False,True,False,,,0.0190614825838,0.0189411397083,False,False,False,0.25,synthetic,True
MLCC_LOW_PREVALENCE_C000793,MLCC_LOW_PREVALENCE_B013,MLCC_X7R,leakage_ua,SIM_X7R_100N_50V,healthy_settling,healthy_settling,False,True,False,,,0.0357663763255,0.0376473629616,False,False,False,0.25,synthetic,True
MLCC_LOW_PREVALENCE_C000806,MLCC_LOW_PREVALENCE_B013,MLCC_X7R,leakage_ua,SIM_X7R_100N_50V,healthy_settling,healthy_settling,False,True,False,,,0.0200355778546,0.0199236832565,False,False,False,0.25,synthetic,True
MLCC_LOW_PREVALENCE_C000853,MLCC_LOW_PREVALENCE_B013,MLCC_X7R,leakage_ua,SIM_X7R_100N_50V,ordinary_noise,ordinary_noise,False,True,False,,,0.0141288445321,0.0148451680207,False,False,False,0.25,synthetic,True
MLCC_LOW_PREVALENCE_C000858,MLCC_LOW_PREVALENCE_B013,MLCC_X7R,leakage_ua,SIM_X7R_100N_50V,healthy_settling,healthy_settling,False,True,False,,,0.0220912210626,0.0229527150082,False,False,False,0.25,synthetic,True
MLCC_LOW_PREVALENCE_C000864,MLCC_LOW_PREVALENCE_B013,MLCC_X7R,leakage_ua,SIM_X7R_100N_50V,healthy_settling,healthy_settling,False,True,False,,,0.0188894623864,0.018288260744,False,False,False,0.25,synthetic,True
MLCC_LOW_PREVALENCE_C000922,MLCC_LOW_PREVALENCE_B013,MLCC_X7R,leakage_ua,SIM_X7R_100N_50V,healthy_settling,healthy_settling,False,True,False,,,0.0254125879799,0.026170030843,False,False,False,0.25,synthetic,True
MLCC_LOW_PREVALENCE_C000926,MLCC_LOW_PREVALENCE_B013,MLCC_X7R,leakage_ua,SIM_X7R_100N_50V,healthy_settling,healthy_settling,False,True,False,,,0.0367385430331,0.0364172548361,False,False,False,0.25,synthetic,True
MLCC_LOW_PREVALENCE_C000954,MLCC_LOW_PREVALENCE_B013,MLCC_X7R,leakage_ua,SIM_X7R_100N_50V,healthy_settling,healthy_settling,False,True,False,,,0.0360297741021,0.0346497976875,False,False,False,0.25,synthetic,True
MLCC_LOW_PREVALENCE_C000959,MLCC_LOW_PREVALENCE_B013,MLCC_X7R,leakage_ua,SIM_X7R_100N_50V,healthy_settling,healthy_settling,False,True,False,,,0.0412070424209,0.0409065068201,False,False,False,0.25,synthetic,True
MLCC_LOW_PREVALENCE_C000973,MLCC_LOW_PREVALENCE_B013,MLCC_X7R,leakage_ua,SIM_X7R_100N_50V,healthy_settling,healthy_settling,False,True,False,,,0.0172959921129,0.0170240534325,False,False,False,0.25,synthetic,True
MLCC_LOW_PREVALENCE_C001002,MLCC_LOW_PREVALENCE_B013,MLCC_X7R,leakage_ua,SIM_X7R_100N_50V,healthy_settling,healthy_settling,False,True,False,,,0.0190208315211,0.0190831253087,False,False,False,0.25,synthetic,True
MLCC_LOW_PREVALENCE_C001063,MLCC_LOW_PREVALENCE_B013,MLCC_X7R,leakage_ua,SIM_X7R_100N_50V,healthy_settling,healthy_settling,False,True,False,,,0.0303658876602,0.0291790562348,False,False,False,0.25,synthetic,True
MLCC_LOW_PREVALENCE_C001087,MLCC_LOW_PREVALENCE_B013,MLCC_X7R,leakage_ua,SIM_X7R_100N_50V,healthy_settling,healthy_settling,False,True,False,,,0.0292902017995,0.0286548124021,False,False,False,0.25,synthetic,True
MLCC_LOW_PREVALENCE_C001098,MLCC_LOW_PREVALENCE_B013,MLCC_X7R,leakage_ua,SIM_X7R_100N_50V,healthy_settling,healthy_settling,False,True,False,,,0.0337772845145,0.0339557370444,False,False,False,0.25,synthetic,True
MLCC_LOW_PREVALENCE_C001106,MLCC_LOW_PREVALENCE_B013,MLCC_X7R,leakage_ua,SIM_X7R_100N_50V,healthy_settling,healthy_settling,False,True,False,,,0.0218708073067,0.0208475217054,False,False,False,0.25,synthetic,True
MLCC_LOW_PREVALENCE_C001118,MLCC_LOW_PREVALENCE_B013,MLCC_X7R,leakage_ua,SIM_X7R_100N_50V,healthy_settling,healthy_settling,False,True,False,,,0.0238137306605,0.0231364540428,False,False,False,0.25,synthetic,True
MLCC_LOW_PREVALENCE_C001133,MLCC_LOW_PREVALENCE_B013,MLCC_X7R,leakage_ua,SIM_X7R_100N_50V,ordinary_noise,ordinary_noise,False,True,False,,,0.0298220280179,0.0330019817526,False,False,False,0.25,synthetic,True
MLCC_LOW_PREVALENCE_C001137,MLCC_LOW_PREVALENCE_B013,MLCC_X7R,leakage_ua,SIM_X7R_100N_50V,healthy_settling,healthy_settling,False,True,False,,,0.0276275547988,0.0277550300669,False,False,False,0.25,synthetic,True
MLCC_LOW_PREVALENCE_C001144,MLCC_LOW_PREVALENCE_B013,MLCC_X7R,leakage_ua,SIM_X7R_100N_50V,ordinary_noise,ordinary_noise,False,True,False,,,0.0307392334324,0.028067191063,False,False,False,0.25,synthetic,True
MLCC_LOW_PREVALENCE_C001159,MLCC_LOW_PREVALENCE_B013,MLCC_X7R,leakage_ua,SIM_X7R_100N_50V,ordinary_noise,ordinary_noise,False,True,False,,,0.0285866238164,0.025846566858,False,False,False,0.25,synthetic,True
MLCC_LOW_PREVALENCE_C001167,MLCC_LOW_PREVALENCE_B013,MLCC_X7R,leakage_ua,SIM_X7R_100N_50V,healthy_settling,healthy_settling,False,True,False,,,0.0263625847028,0.0257220265543,False,False,False,0.25,synthetic,True
MLCC_LOW_PREVALENCE_C001200,MLCC_LOW_PREVALENCE_B013,MLCC_X7R,leakage_ua,SIM_X7R_100N_50V,healthy_settling,healthy_settling,False,True,False,,,0.0248071159128,0.0246506658444,False,False,False,0.25,synthetic,True
MLCC_LOW_PREVALENCE_C001228,MLCC_LOW_PREVALENCE_B013,MLCC_X7R,leakage_ua,SIM_X7R_100N_50V,healthy_settling,healthy_settling,False,True,False,,,0.0178839576876,0.0182718972956,False,False,False,0.25,synthetic,True
MLCC_LOW_PREVALENCE_C001236,MLCC_LOW_PREVALENCE_B013,MLCC_X7R,leakage_ua,SIM_X7R_100N_50V,healthy_settling,healthy_settling,False,True,False,,,0.0364264612898,0.0357269800635,False,False,False,0.25,synthetic,True
MLCC_LOW_PREVALENCE_C001248,MLCC_LOW_PREVALENCE_B013,MLCC_X7R,leakage_ua,SIM_X7R_100N_50V,ordinary_noise,ordinary_noise,False,True,False,,,0.0365853946563,0.0410668620957,False,False,False,0.25,synthetic,True
MLCC_LOW_PREVALENCE_C001282,MLCC_LOW_PREVALENCE_B013,MLCC_X7R,leakage_ua,SIM_X7R_100N_50V,healthy_settling,healthy_settling,False,True,False,,,0.0219386660136,0.0221318825927,False,False,False,0.25,synthetic,True
MLCC_LOW_PREVALENCE_C001299,MLCC_LOW_PREVALENCE_B013,MLCC_X7R,leakage_ua,SIM_X7R_100N_50V,healthy_settling,healthy_settling,False,True,False,,,0.0229357030886,0.0230896460124,False,False,False,0.25,synthetic,True
MLCC_LOW_PREVALENCE_C001322,MLCC_LOW_PREVALENCE_B013,MLCC_X7R,leakage_ua,SIM_X7R_100N_50V,healthy_settling,healthy_settling,False,True,False,,,0.0249891873891,0.0261641758422,False,False,False,0.25,synthetic,True
MLCC_LOW_PREVALENCE_C001327,MLCC_LOW_PREVALENCE_B013,MLCC_X7R,leakage_ua,SIM_X7R_100N_50V,healthy_settling,healthy_settling,False,True,False,,,0.0249158635727,0.0242074682214,False,False,False,0.25,synthetic,True
MLCC_LOW_PREVALENCE_C001343,MLCC_LOW_PREVALENCE_B013,MLCC_X7R,leakage_ua,SIM_X7R_100N_50V,healthy_settling,healthy_settling,False,True,False,,,0.036979448981,0.0407030615165,False,False,False,0.25,synthetic,True
MLCC_LOW_PREVALENCE_C001350,MLCC_LOW_PREVALENCE_B013,MLCC_X7R,leakage_ua,SIM_X7R_100N_50V,ordinary_noise,ordinary_noise,False,True,False,,,0.0289694262699,0.0296393903405,False,False,False,0.25,synthetic,True
MLCC_LOW_PREVALENCE_C001398,MLCC_LOW_PREVALENCE_B013,MLCC_X7R,leakage_ua,SIM_X7R_100N_50V,healthy_settling,healthy_settling,False,True,False,,,0.0178938100469,0.0181390630453,False,False,False,0.25,synthetic,True
MLCC_LOW_PREVALENCE_C001405,MLCC_LOW_PREVALENCE_B013,MLCC_X7R,leakage_ua,SIM_X7R_100N_50V,healthy_settling,healthy_settling,False,True,False,,,0.0306854505113,0.0309498589168,False,False,False,0.25,synthetic,True
MLCC_LOW_PREVALENCE_C001416,MLCC_LOW_PREVALENCE_B013,MLCC_X7R,leakage_ua,SIM_X7R_100N_50V,ordinary_noise,ordinary_noise,False,True,False,,,0.0240649897801,0.0243122169467,False,False,False,0.25,synthetic,True
MLCC_LOW_PREVALENCE_C001461,MLCC_LOW_PREVALENCE_B013,MLCC_X7R,leakage_ua,SIM_X7R_100N_50V,healthy_settling,healthy_settling,False,True,False,,,0.0275814887763,0.0275546567426,False,False,False,0.25,synthetic,True
MLCC_LOW_PREVALENCE_C001480,MLCC_LOW_PREVALENCE_B013,MLCC_X7R,leakage_ua,SIM_X7R_100N_50V,healthy_settling,healthy_settling,False,True,False,,,0.0290244038134,0.0290859294376,False,False,False,0.25,synthetic,True
MLCC_LOW_PREVALENCE_C001507,MLCC_LOW_PREVALENCE_B013,MLCC_X7R,leakage_ua,SIM_X7R_100N_50V,healthy_settling,healthy_settling,False,True,False,,,0.0260926291887,0.0268631273489,False,False,False,0.25,synthetic,True
MLCC_LOW_PREVALENCE_C001521,MLCC_LOW_PREVALENCE_B013,MLCC_X7R,leakage_ua,SIM_X7R_100N_50V,healthy_settling,healthy_settling,False,True,False,,,0.0128156731674,0.0131853058475,False,False,False,0.25,synthetic,True
MLCC_LOW_PREVALENCE_C001522,MLCC_LOW_PREVALENCE_B013,MLCC_X7R,leakage_ua,SIM_X7R_100N_50V,healthy_settling,healthy_settling,False,True,False,,,0.029425364872,0.0295979353229,False,False,False,0.25,synthetic,True
MLCC_LOW_PREVALENCE_C001567,MLCC_LOW_PREVALENCE_B013,MLCC_X7R,leakage_ua,SIM_X7R_100N_50V,healthy_settling,healthy_settling,False,True,False,,,0.0369918507285,0.0360705695078,False,False,False,0.25,synthetic,True
MLCC_LOW_PREVALENCE_C001578,MLCC_LOW_PREVALENCE_B013,MLCC_X7R,leakage_ua,SIM_X7R_100N_50V,ordinary_noise,ordinary_noise,False,True,False,,,0.0332585234108,0.0354749454254,False,False,False,0.25,synthetic,True
MLCC_LOW_PREVALENCE_C001601,MLCC_LOW_PREVALENCE_B013,MLCC_X7R,leakage_ua,SIM_X7R_100N_50V,healthy_settling,healthy_settling,False,True,False,,,0.0263907709989,0.0264646337163,False,False,False,0.25,synthetic,True
MLCC_LOW_PREVALENCE_C001603,MLCC_LOW_PREVALENCE_B013,MLCC_X7R,leakage_ua,SIM_X7R_100N_50V,healthy_settling,healthy_settling,False,True,False,,,0.0243405929966,0.0236203709101,False,False,False,0.25,synthetic,True
MLCC_LOW_PREVALENCE_C001610,MLCC_LOW_PREVALENCE_B013,MLCC_X7R,leakage_ua,SIM_X7R_100N_50V,healthy_settling,healthy_settling,False,True,False,,,0.0493223345647,0.0498552961976,False,False,False,0.25,synthetic,True
MLCC_LOW_PREVALENCE_C001619,MLCC_LOW_PREVALENCE_B013,MLCC_X7R,leakage_ua,SIM_X7R_100N_50V,healthy_settling,healthy_settling,False,True,False,,,0.0337521039091,0.0322250960401,False,False,False,0.25,synthetic,True
MLCC_LOW_PREVALENCE_C001620,MLCC_LOW_PREVALENCE_B013,MLCC_X7R,leakage_ua,SIM_X7R_100N_50V,healthy_settling,healthy_settling,False,True,False,,,0.0436291577987,0.0430456733394,False,False,False,0.25,synthetic,True
MLCC_LOW_PREVALENCE_C001631,MLCC_LOW_PREVALENCE_B013,MLCC_X7R,leakage_ua,SIM_X7R_100N_50V,moisture_associated_history,moisture_associated_history,True,False,False,6,,0.169790577272,0.168748338324,False,False,False,0.25,synthetic,True
MLCC_LOW_PREVALENCE_C001723,MLCC_LOW_PREVALENCE_B013,MLCC_X7R,leakage_ua,SIM_X7R_100N_50V,ordinary_noise,ordinary_noise,False,True,False,,,0.0289302111531,0.0275739179412,False,False,False,0.25,synthetic,True
MLCC_LOW_PREVALENCE_C001747,MLCC_LOW_PREVALENCE_B013,MLCC_X7R,leakage_ua,SIM_X7R_100N_50V,healthy_settling,healthy_settling,False,True,False,,,0.0253732148494,0.0267483184103,False,False,False,0.25,synthetic,True
MLCC_LOW_PREVALENCE_C001774,MLCC_LOW_PREVALENCE_B013,MLCC_X7R,leakage_ua,SIM_X7R_100N_50V,healthy_settling,healthy_settling,False,True,False,,,0.0312262249279,0.0308591121547,False,False,False,0.25,synthetic,True
MLCC_LOW_PREVALENCE_C001777,MLCC_LOW_PREVALENCE_B013,MLCC_X7R,leakage_ua,SIM_X7R_100N_50V,healthy_settling,healthy_settling,False,True,False,,,0.0241526315377,0.0240522447847,False,False,False,0.25,synthetic,True
MLCC_LOW_PREVALENCE_C001781,MLCC_LOW_PREVALENCE_B013,MLCC_X7R,leakage_ua,SIM_X7R_100N_50V,healthy_settling,healthy_settling,False,True,False,,,0.0361601722564,0.0348432801189,False,False,False,0.25,synthetic,True
MLCC_LOW_PREVALENCE_C001831,MLCC_LOW_PREVALENCE_B013,MLCC_X7R,leakage_ua,SIM_X7R_100N_50V,healthy_settling,healthy_settling,False,True,False,,,0.0303163574512,0.0294496876374,False,False,False,0.25,synthetic,True
MLCC_LOW_PREVALENCE_C001839,MLCC_LOW_PREVALENCE_B013,MLCC_X7R,leakage_ua,SIM_X7R_100N_50V,healthy_settling,healthy_settling,False,True,False,,,0.027459485121,0.0273683653931,False,False,False,0.25,synthetic,True
MLCC_LOW_PREVALENCE_C001864,MLCC_LOW_PREVALENCE_B013,MLCC_X7R,leakage_ua,SIM_X7R_100N_50V,healthy_settling,healthy_settling,False,True,False,,,0.0215311896281,0.0206383715187,False,False,False,0.25,synthetic,True
MLCC_LOW_PREVALENCE_C001868,MLCC_LOW_PREVALENCE_B013,MLCC_X7R,leakage_ua,SIM_X7R_100N_50V,ordinary_noise,ordinary_noise,False,True,False,,,0.019864958327,0.0180358056544,False,False,False,0.25,synthetic,True
MLCC_LOW_PREVALENCE_C001871,MLCC_LOW_PREVALENCE_B013,MLCC_X7R,leakage_ua,SIM_X7R_100N_50V,healthy_settling,healthy_settling,False,True,False,,,0.0470836408009,0.0487080866311,False,False,False,0.25,synthetic,True
MLCC_LOW_PREVALENCE_C001914,MLCC_LOW_PREVALENCE_B013,MLCC_X7R,leakage_ua,SIM_X7R_100N_50V,healthy_settling,healthy_settling,False,True,False,,,0.0363700346303,0.0345351743365,False,False,False,0.25,synthetic,True
MLCC_LOW_PREVALENCE_C001922,MLCC_LOW_PREVALENCE_B013,MLCC_X7R,leakage_ua,SIM_X7R_100N_50V,healthy_settling,healthy_settling,False,True,False,,,0.0342803462133,0.0335666207558,False,False,False,0.25,synthetic,True
MLCC_LOW_PREVALENCE_C001934,MLCC_LOW_PREVALENCE_B013,MLCC_X7R,leakage_ua,SIM_X7R_100N_50V,healthy_settling,healthy_settling,False,True,False,,,0.0261967361419,0.0265100646636,False,False,False,0.25,synthetic,True
MLCC_LOW_PREVALENCE_C001935,MLCC_LOW_PREVALENCE_B013,MLCC_X7R,leakage_ua,SIM_X7R_100N_50V,healthy_settling,healthy_settling,False,True,False,,,0.0164311833604,0.0163223799314,False,False,False,0.25,synthetic,True
MLCC_LOW_PREVALENCE_C001939,MLCC_LOW_PREVALENCE_B013,MLCC_X7R,leakage_ua,SIM_X7R_100N_50V,healthy_settling,healthy_settling,False,True,False,,,0.0247631466611,0.0247521229043,False,False,False,0.25,synthetic,True
MLCC_LOW_PREVALENCE_C001961,MLCC_LOW_PREVALENCE_B013,MLCC_X7R,leakage_ua,SIM_X7R_100N_50V,ordinary_noise,ordinary_noise,False,True,False,,,0.0222537992026,0.0190166435868,False,False,False,0.25,synthetic,True
MLCC_LOW_PREVALENCE_C001965,MLCC_LOW_PREVALENCE_B013,MLCC_X7R,leakage_ua,SIM_X7R_100N_50V,healthy_settling,healthy_settling,False,True,False,,,0.027377303593,0.027671954364,False,False,False,0.25,synthetic,True
MLCC_LOW_PREVALENCE_C000002,MLCC_LOW_PREVALENCE_B014,MLCC_X7R,leakage_ua,SIM_X7R_1U_25V,healthy_settling,healthy_settling,False,True,False,,,0.15743718818,0.157233482663,False,False,False,0.7,synthetic,True
MLCC_LOW_PREVALENCE_C000004,MLCC_LOW_PREVALENCE_B014,MLCC_X7R,leakage_ua,SIM_X7R_1U_25V,healthy_settling,healthy_settling,False,True,False,,,0.0586053118753,0.0589244419841,False,False,False,0.7,synthetic,True
MLCC_LOW_PREVALENCE_C000012,MLCC_LOW_PREVALENCE_B014,MLCC_X7R,leakage_ua,SIM_X7R_1U_25V,healthy_settling,healthy_settling,False,True,False,,,0.115911429996,0.11531659992,False,False,False,0.7,synthetic,True
MLCC_LOW_PREVALENCE_C000018,MLCC_LOW_PREVALENCE_B014,MLCC_X7R,leakage_ua,SIM_X7R_1U_25V,ordinary_noise,ordinary_noise,False,True,False,,,0.0491785503087,0.0517561074513,False,False,False,0.7,synthetic,True
MLCC_LOW_PREVALENCE_C000038,MLCC_LOW_PREVALENCE_B014,MLCC_X7R,leakage_ua,SIM_X7R_1U_25V,healthy_settling,healthy_settling,False,True,False,,,0.105867041763,0.103964943062,False,False,False,0.7,synthetic,True
MLCC_LOW_PREVALENCE_C000080,MLCC_LOW_PREVALENCE_B014,MLCC_X7R,leakage_ua,SIM_X7R_1U_25V,ordinary_noise,ordinary_noise,False,True,False,,,0.0516142383563,0.0618569074048,False,False,False,0.7,synthetic,True
MLCC_LOW_PREVALENCE_C000087,MLCC_LOW_PREVALENCE_B014,MLCC_X7R,leakage_ua,SIM_X7R_1U_25V,healthy_settling,healthy_settling,False,True,False,,,0.0631023389833,0.0676688539351,False,False,False,0.7,synthetic,True
MLCC_LOW_PREVALENCE_C000111,MLCC_LOW_PREVALENCE_B014,MLCC_X7R,leakage_ua,SIM_X7R_1U_25V,healthy_settling,healthy_settling,False,True,False,,,0.0543287076507,0.0524675598419,False,False,False,0.7,synthetic,True
MLCC_LOW_PREVALENCE_C000183,MLCC_LOW_PREVALENCE_B014,MLCC_X7R,leakage_ua,SIM_X7R_1U_25V,healthy_settling,healthy_settling,False,True,False,,,0.108396039558,0.108693907157,False,False,False,0.7,synthetic,True
MLCC_LOW_PREVALENCE_C000229,MLCC_LOW_PREVALENCE_B014,MLCC_X7R,leakage_ua,SIM_X7R_1U_25V,healthy_settling,healthy_settling,False,True,False,,,0.0731521440584,0.0730076792197,False,False,False,0.7,synthetic,True
MLCC_LOW_PREVALENCE_C000258,MLCC_LOW_PREVALENCE_B014,MLCC_X7R,leakage_ua,SIM_X7R_1U_25V,healthy_settling,healthy_settling,False,True,False,,,0.122738855103,0.118306658123,False,False,False,0.7,synthetic,True
MLCC_LOW_PREVALENCE_C000285,MLCC_LOW_PREVALENCE_B014,MLCC_X7R,leakage_ua,SIM_X7R_1U_25V,ordinary_noise,ordinary_noise,False,True,False,,,0.0878929997744,0.0835765698936,False,False,False,0.7,synthetic,True
MLCC_LOW_PREVALENCE_C000310,MLCC_LOW_PREVALENCE_B014,MLCC_X7R,leakage_ua,SIM_X7R_1U_25V,ordinary_noise,ordinary_noise,False,True,False,,,0.107468747568,0.0982453487518,False,False,False,0.7,synthetic,True
MLCC_LOW_PREVALENCE_C000324,MLCC_LOW_PREVALENCE_B014,MLCC_X7R,leakage_ua,SIM_X7R_1U_25V,healthy_settling,healthy_settling,False,True,False,,,0.0598153058383,0.0600138590074,False,False,False,0.7,synthetic,True
MLCC_LOW_PREVALENCE_C000352,MLCC_LOW_PREVALENCE_B014,MLCC_X7R,leakage_ua,SIM_X7R_1U_25V,healthy_settling,healthy_settling,False,True,False,,,0.117804671116,0.119934369106,False,False,False,0.7,synthetic,True
MLCC_LOW_PREVALENCE_C000399,MLCC_LOW_PREVALENCE_B014,MLCC_X7R,leakage_ua,SIM_X7R_1U_25V,healthy_settling,healthy_settling,False,True,False,,,0.0769713895399,0.080086228959,False,False,False,0.7,synthetic,True
MLCC_LOW_PREVALENCE_C000418,MLCC_LOW_PREVALENCE_B014,MLCC_X7R,leakage_ua,SIM_X7R_1U_25V,healthy_settling,healthy_settling,False,True,False,,,0.064503757363,0.0628896123869,False,False,False,0.7,synthetic,True
MLCC_LOW_PREVALENCE_C000428,MLCC_LOW_PREVALENCE_B014,MLCC_X7R,leakage_ua,SIM_X7R_1U_25V,healthy_settling,healthy_settling,False,True,False,,,0.0884644765352,0.081221487433,False,False,False,0.7,synthetic,True
MLCC_LOW_PREVALENCE_C000431,MLCC_LOW_PREVALENCE_B014,MLCC_X7R,leakage_ua,SIM_X7R_1U_25V,ordinary_noise,ordinary_noise,False,True,False,,,0.0752989062591,0.0753769384477,False,False,False,0.7,synthetic,True
MLCC_LOW_PREVALENCE_C000457,MLCC_LOW_PREVALENCE_B014,MLCC_X7R,leakage_ua,SIM_X7R_1U_25V,healthy_settling,healthy_settling,False,True,False,,,0.0835141094871,0.0827367810671,False,False,False,0.7,synthetic,True
MLCC_LOW_PREVALENCE_C000471,MLCC_LOW_PREVALENCE_B014,MLCC_X7R,leakage_ua,SIM_X7R_1U_25V,ordinary_noise,ordinary_noise,False,True,False,,,0.139507256905,0.164620408363,False,False,False,0.7,synthetic,True
MLCC_LOW_PREVALENCE_C000481,MLCC_LOW_PREVALENCE_B014,MLCC_X7R,leakage_ua,SIM_X7R_1U_25V,healthy_settling,healthy_settling,False,True,False,,,0.100206398273,0.101062301081,False,False,False,0.7,synthetic,True
MLCC_LOW_PREVALENCE_C000509,MLCC_LOW_PREVALENCE_B014,MLCC_X7R,leakage_ua,SIM_X7R_1U_25V,healthy_settling,healthy_settling,False,True,False,,,0.13763299065,0.137233513466,False,False,False,0.7,synthetic,True
MLCC_LOW_PREVALENCE_C000562,MLCC_LOW_PREVALENCE_B014,MLCC_X7R,leakage_ua,SIM_X7R_1U_25V,ordinary_noise,ordinary_noise,False,True,False,,,0.0844921332759,0.091025695941,False,False,False,0.7,synthetic,True
MLCC_LOW_PREVALENCE_C000568,MLCC_LOW_PREVALENCE_B014,MLCC_X7R,leakage_ua,SIM_X7R_1U_25V,ordinary_noise,ordinary_noise,False,True,False,,,0.123303247125,0.125327134235,False,False,False,0.7,synthetic,True
MLCC_LOW_PREVALENCE_C000569,MLCC_LOW_PREVALENCE_B014,MLCC_X7R,leakage_ua,SIM_X7R_1U_25V,healthy_settling,healthy_settling,False,True,False,,,0.100373448195,0.104899274219,False,False,False,0.7,synthetic,True
MLCC_LOW_PREVALENCE_C000582,MLCC_LOW_PREVALENCE_B014,MLCC_X7R,leakage_ua,SIM_X7R_1U_25V,ordinary_noise,ordinary_noise,False,True,False,,,0.0991384586901,0.0988970453021,False,False,False,0.7,synthetic,True
MLCC_LOW_PREVALENCE_C000619,MLCC_LOW_PREVALENCE_B014,MLCC_X7R,leakage_ua,SIM_X7R_1U_25V,healthy_settling,healthy_settling,False,True,False,,,0.106511286089,0.106408740855,False,False,False,0.7,synthetic,True
MLCC_LOW_PREVALENCE_C000640,MLCC_LOW_PREVALENCE_B014,MLCC_X7R,leakage_ua,SIM_X7R_1U_25V,healthy_settling,healthy_settling,False,True,False,,,0.164366745626,0.167333380164,False,False,False,0.7,synthetic,True
MLCC_LOW_PREVALENCE_C000649,MLCC_LOW_PREVALENCE_B014,MLCC_X7R,leakage_ua,SIM_X7R_1U_25V,ordinary_noise,ordinary_noise,False,True,False,,,0.110205888425,0.10774899143,False,False,False,0.7,synthetic,True
MLCC_LOW_PREVALENCE_C000674,MLCC_LOW_PREVALENCE_B014,MLCC_X7R,leakage_ua,SIM_X7R_1U_25V,healthy_settling,healthy_settling,False,True,False,,,0.0649318064626,0.0621167975258,False,False,False,0.7,synthetic,True
MLCC_LOW_PREVALENCE_C000696,MLCC_LOW_PREVALENCE_B014,MLCC_X7R,leakage_ua,SIM_X7R_1U_25V,ordinary_noise,ordinary_noise,False,True,False,,,0.10362059542,0.121484224128,False,False,False,0.7,synthetic,True
MLCC_LOW_PREVALENCE_C000730,MLCC_LOW_PREVALENCE_B014,MLCC_X7R,leakage_ua,SIM_X7R_1U_25V,healthy_settling,healthy_settling,False,True,False,,,0.0906243271941,0.0892225028676,False,False,False,0.7,synthetic,True
MLCC_LOW_PREVALENCE_C000739,MLCC_LOW_PREVALENCE_B014,MLCC_X7R,leakage_ua,SIM_X7R_1U_25V,healthy_settling,healthy_settling,False,True,False,,,0.104375630467,0.105730209132,False,False,False,0.7,synthetic,True
MLCC_LOW_PREVALENCE_C000743,MLCC_LOW_PREVALENCE_B014,MLCC_X7R,leakage_ua,SIM_X7R_1U_25V,healthy_settling,healthy_settling,False,True,False,,,0.0803244532139,0.079725782623,False,False,False,0.7,synthetic,True
MLCC_LOW_PREVALENCE_C000795,MLCC_LOW_PREVALENCE_B014,MLCC_X7R,leakage_ua,SIM_X7R_1U_25V,healthy_settling,healthy_settling,False,True,False,,,0.160069143177,0.15122122107,False,False,False,0.7,synthetic,True
MLCC_LOW_PREVALENCE_C000800,MLCC_LOW_PREVALENCE_B014,MLCC_X7R,leakage_ua,SIM_X7R_1U_25V,healthy_settling,healthy_settling,False,True,False,,,0.0698204085725,0.07288930578,False,False,False,0.7,synthetic,True
MLCC_LOW_PREVALENCE_C000810,MLCC_LOW_PREVALENCE_B014,MLCC_X7R,leakage_ua,SIM_X7R_1U_25V,healthy_settling,healthy_settling,False,True,False,,,0.0788646859347,0.0774049370372,False,False,False,0.7,synthetic,True
MLCC_LOW_PREVALENCE_C000828,MLCC_LOW_PREVALENCE_B014,MLCC_X7R,leakage_ua,SIM_X7R_1U_25V,ordinary_noise,ordinary_noise,False,True,False,,,0.0655627411821,0.0789226408951,False,False,False,0.7,synthetic,True
MLCC_LOW_PREVALENCE_C000832,MLCC_LOW_PREVALENCE_B014,MLCC_X7R,leakage_ua,SIM_X7R_1U_25V,healthy_settling,healthy_settling,False,True,False,,,0.0834685911078,0.0835586161552,False,False,False,0.7,synthetic,True
MLCC_LOW_PREVALENCE_C000836,MLCC_LOW_PREVALENCE_B014,MLCC_X7R,leakage_ua,SIM_X7R_1U_25V,healthy_settling,healthy_settling,False,True,False,,,0.0559506973282,0.0579815274813,False,False,False,0.7,synthetic,True
MLCC_LOW_PREVALENCE_C000854,MLCC_LOW_PREVALENCE_B014,MLCC_X7R,leakage_ua,SIM_X7R_1U_25V,healthy_settling,healthy_settling,False,True,False,,,0.105389749914,0.104047846644,False,False,False,0.7,synthetic,True
MLCC_LOW_PREVALENCE_C000863,MLCC_LOW_PREVALENCE_B014,MLCC_X7R,leakage_ua,SIM_X7R_1U_25V,healthy_settling,healthy_settling,False,True,False,,,0.0608167456109,0.0626779529391,False,False,False,0.7,synthetic,True
MLCC_LOW_PREVALENCE_C000868,MLCC_LOW_PREVALENCE_B014,MLCC_X7R,leakage_ua,SIM_X7R_1U_25V,ordinary_noise,ordinary_noise,False,True,False,,,0.0434520935453,0.0449234585412,False,False,False,0.7,synthetic,True
MLCC_LOW_PREVALENCE_C000923,MLCC_LOW_PREVALENCE_B014,MLCC_X7R,leakage_ua,SIM_X7R_1U_25V,healthy_settling,healthy_settling,False,True,False,,,0.100419592496,0.0968194163093,False,False,False,0.7,synthetic,True
MLCC_LOW_PREVALENCE_C000952,MLCC_LOW_PREVALENCE_B014,MLCC_X7R,leakage_ua,SIM_X7R_1U_25V,healthy_settling,healthy_settling,False,True,False,,,0.0705106914252,0.069653606405,False,False,False,0.7,synthetic,True
MLCC_LOW_PREVALENCE_C000968,MLCC_LOW_PREVALENCE_B014,MLCC_X7R,leakage_ua,SIM_X7R_1U_25V,ordinary_noise,ordinary_noise,False,True,False,,,0.077474127782,0.0777307076457,False,False,False,0.7,synthetic,True
MLCC_LOW_PREVALENCE_C000974,MLCC_LOW_PREVALENCE_B014,MLCC_X7R,leakage_ua,SIM_X7R_1U_25V,healthy_settling,healthy_settling,False,True,False,,,0.0807429504376,0.0824158492262,False,False,False,0.7,synthetic,True
MLCC_LOW_PREVALENCE_C001032,MLCC_LOW_PREVALENCE_B014,MLCC_X7R,leakage_ua,SIM_X7R_1U_25V,healthy_settling,healthy_settling,False,True,False,,,0.0849996705246,0.0826401046231,False,False,False,0.7,synthetic,True
MLCC_LOW_PREVALENCE_C001045,MLCC_LOW_PREVALENCE_B014,MLCC_X7R,leakage_ua,SIM_X7R_1U_25V,healthy_settling,healthy_settling,False,True,False,,,0.0981341249389,0.104641657094,False,False,False,0.7,synthetic,True
MLCC_LOW_PREVALENCE_C001057,MLCC_LOW_PREVALENCE_B014,MLCC_X7R,leakage_ua,SIM_X7R_1U_25V,healthy_settling,healthy_settling,False,True,False,,,0.0935839290132,0.0937976724208,False,False,False,0.7,synthetic,True
MLCC_LOW_PREVALENCE_C001071,MLCC_LOW_PREVALENCE_B014,MLCC_X7R,leakage_ua,SIM_X7R_1U_25V,healthy_settling,healthy_settling,False,True,False,,,0.0760411173266,0.075778722545,False,False,False,0.7,synthetic,True
MLCC_LOW_PREVALENCE_C001140,MLCC_LOW_PREVALENCE_B014,MLCC_X7R,leakage_ua,SIM_X7R_1U_25V,ordinary_noise,ordinary_noise,False,True,False,,,0.0702641203941,0.0720784279946,False,False,False,0.7,synthetic,True
MLCC_LOW_PREVALENCE_C001161,MLCC_LOW_PREVALENCE_B014,MLCC_X7R,leakage_ua,SIM_X7R_1U_25V,ordinary_noise,ordinary_noise,False,True,False,,,0.0817026947175,0.0743642295418,False,False,False,0.7,synthetic,True
MLCC_LOW_PREVALENCE_C001191,MLCC_LOW_PREVALENCE_B014,MLCC_X7R,leakage_ua,SIM_X7R_1U_25V,healthy_settling,healthy_settling,False,True,False,,,0.0426176284123,0.0421007284725,False,False,False,0.7,synthetic,True
MLCC_LOW_PREVALENCE_C001192,MLCC_LOW_PREVALENCE_B014,MLCC_X7R,leakage_ua,SIM_X7R_1U_25V,healthy_settling,healthy_settling,False,True,False,,,0.0595068314931,0.0601254193786,False,False,False,0.7,synthetic,True
MLCC_LOW_PREVALENCE_C001213,MLCC_LOW_PREVALENCE_B014,MLCC_X7R,leakage_ua,SIM_X7R_1U_25V,healthy_settling,healthy_settling,False,True,False,,,0.0900392742603,0.0902072708578,False,False,False,0.7,synthetic,True
MLCC_LOW_PREVALENCE_C001214,MLCC_LOW_PREVALENCE_B014,MLCC_X7R,leakage_ua,SIM_X7R_1U_25V,healthy_settling,healthy_settling,False,True,False,,,0.0949870439532,0.0926733653117,False,False,False,0.7,synthetic,True
MLCC_LOW_PREVALENCE_C001237,MLCC_LOW_PREVALENCE_B014,MLCC_X7R,leakage_ua,SIM_X7R_1U_25V,healthy_settling,healthy_settling,False,True,False,,,0.125257872726,0.115791203786,False,False,False,0.7,synthetic,True
MLCC_LOW_PREVALENCE_C001239,MLCC_LOW_PREVALENCE_B014,MLCC_X7R,leakage_ua,SIM_X7R_1U_25V,healthy_settling,healthy_settling,False,True,False,,,0.0820620035466,0.0772429675685,False,False,False,0.7,synthetic,True
MLCC_LOW_PREVALENCE_C001270,MLCC_LOW_PREVALENCE_B014,MLCC_X7R,leakage_ua,SIM_X7R_1U_25V,healthy_settling,healthy_settling,False,True,False,,,0.0693722819961,0.0678789754762,False,False,False,0.7,synthetic,True
MLCC_LOW_PREVALENCE_C001291,MLCC_LOW_PREVALENCE_B014,MLCC_X7R,leakage_ua,SIM_X7R_1U_25V,healthy_settling,healthy_settling,False,True,False,,,0.0739950371593,0.0735990551495,False,False,False,0.7,synthetic,True
MLCC_LOW_PREVALENCE_C001314,MLCC_LOW_PREVALENCE_B014,MLCC_X7R,leakage_ua,SIM_X7R_1U_25V,healthy_settling,healthy_settling,False,True,False,,,0.126200601394,0.129383092792,False,False,False,0.7,synthetic,True
MLCC_LOW_PREVALENCE_C001379,MLCC_LOW_PREVALENCE_B014,MLCC_X7R,leakage_ua,SIM_X7R_1U_25V,healthy_settling,healthy_settling,False,True,False,,,0.0758648147067,0.0726240383099,False,False,False,0.7,synthetic,True
MLCC_LOW_PREVALENCE_C001382,MLCC_LOW_PREVALENCE_B014,MLCC_X7R,leakage_ua,SIM_X7R_1U_25V,healthy_settling,healthy_settling,False,True,False,,,0.165833009097,0.165268434052,False,False,False,0.7,synthetic,True
MLCC_LOW_PREVALENCE_C001408,MLCC_LOW_PREVALENCE_B014,MLCC_X7R,leakage_ua,SIM_X7R_1U_25V,healthy_settling,healthy_settling,False,True,False,,,0.0699356772392,0.0684099957118,False,False,False,0.7,synthetic,True
MLCC_LOW_PREVALENCE_C001419,MLCC_LOW_PREVALENCE_B014,MLCC_X7R,leakage_ua,SIM_X7R_1U_25V,healthy_settling,healthy_settling,False,True,False,,,0.0774538276706,0.0743461568903,False,False,False,0.7,synthetic,True
MLCC_LOW_PREVALENCE_C001432,MLCC_LOW_PREVALENCE_B014,MLCC_X7R,leakage_ua,SIM_X7R_1U_25V,healthy_settling,healthy_settling,False,True,False,,,0.0699494263738,0.0697150339463,False,False,False,0.7,synthetic,True
MLCC_LOW_PREVALENCE_C001441,MLCC_LOW_PREVALENCE_B014,MLCC_X7R,leakage_ua,SIM_X7R_1U_25V,ordinary_noise,ordinary_noise,False,True,False,,,0.0800315344532,0.0878378277119,False,False,False,0.7,synthetic,True
MLCC_LOW_PREVALENCE_C001466,MLCC_LOW_PREVALENCE_B014,MLCC_X7R,leakage_ua,SIM_X7R_1U_25V,healthy_settling,healthy_settling,False,True,False,,,0.0976248850922,0.0986430019495,False,False,False,0.7,synthetic,True
MLCC_LOW_PREVALENCE_C001483,MLCC_LOW_PREVALENCE_B014,MLCC_X7R,leakage_ua,SIM_X7R_1U_25V,ordinary_noise,ordinary_noise,False,True,False,,,0.0591325981355,0.0676335232801,False,False,False,0.7,synthetic,True
MLCC_LOW_PREVALENCE_C001485,MLCC_LOW_PREVALENCE_B014,MLCC_X7R,leakage_ua,SIM_X7R_1U_25V,healthy_settling,healthy_settling,False,True,False,,,0.0844056404566,0.0857349918088,False,False,False,0.7,synthetic,True
MLCC_LOW_PREVALENCE_C001491,MLCC_LOW_PREVALENCE_B014,MLCC_X7R,leakage_ua,SIM_X7R_1U_25V,ordinary_noise,ordinary_noise,False,True,False,,,0.0870689072546,0.0743498557784,False,False,False,0.7,synthetic,True
MLCC_LOW_PREVALENCE_C001493,MLCC_LOW_PREVALENCE_B014,MLCC_X7R,leakage_ua,SIM_X7R_1U_25V,healthy_settling,healthy_settling,False,True,False,,,0.0677862062455,0.0676793571387,False,False,False,0.7,synthetic,True
MLCC_LOW_PREVALENCE_C001503,MLCC_LOW_PREVALENCE_B014,MLCC_X7R,leakage_ua,SIM_X7R_1U_25V,healthy_settling,healthy_settling,False,True,False,,,0.0624106925597,0.0622792048887,False,False,False,0.7,synthetic,True
MLCC_LOW_PREVALENCE_C001504,MLCC_LOW_PREVALENCE_B014,MLCC_X7R,leakage_ua,SIM_X7R_1U_25V,healthy_settling,healthy_settling,False,True,False,,,0.138099996751,0.143099277829,False,False,False,0.7,synthetic,True
MLCC_LOW_PREVALENCE_C001516,MLCC_LOW_PREVALENCE_B014,MLCC_X7R,leakage_ua,SIM_X7R_1U_25V,healthy_settling,healthy_settling,False,True,False,,,0.0626881829325,0.0628826603485,False,False,False,0.7,synthetic,True
MLCC_LOW_PREVALENCE_C001533,MLCC_LOW_PREVALENCE_B014,MLCC_X7R,leakage_ua,SIM_X7R_1U_25V,healthy_settling,healthy_settling,False,True,False,,,0.0978817389988,0.10016459341,False,False,False,0.7,synthetic,True
MLCC_LOW_PREVALENCE_C001544,MLCC_LOW_PREVALENCE_B014,MLCC_X7R,leakage_ua,SIM_X7R_1U_25V,healthy_settling,healthy_settling,False,True,False,,,0.0754000506625,0.078122139183,False,False,False,0.7,synthetic,True
MLCC_LOW_PREVALENCE_C001622,MLCC_LOW_PREVALENCE_B014,MLCC_X7R,leakage_ua,SIM_X7R_1U_25V,ordinary_noise,ordinary_noise,False,True,False,,,0.0579633741039,0.0557931072845,False,False,False,0.7,synthetic,True
MLCC_LOW_PREVALENCE_C001623,MLCC_LOW_PREVALENCE_B014,MLCC_X7R,leakage_ua,SIM_X7R_1U_25V,healthy_settling,healthy_settling,False,True,False,,,0.0640862035856,0.0632461121746,False,False,False,0.7,synthetic,True
MLCC_LOW_PREVALENCE_C001630,MLCC_LOW_PREVALENCE_B014,MLCC_X7R,leakage_ua,SIM_X7R_1U_25V,healthy_settling,healthy_settling,False,True,False,,,0.146364065268,0.142110502023,False,False,False,0.7,synthetic,True
MLCC_LOW_PREVALENCE_C001641,MLCC_LOW_PREVALENCE_B014,MLCC_X7R,leakage_ua,SIM_X7R_1U_25V,healthy_settling,healthy_settling,False,True,False,,,0.0722492140665,0.0690802989797,False,False,False,0.7,synthetic,True
MLCC_LOW_PREVALENCE_C001671,MLCC_LOW_PREVALENCE_B014,MLCC_X7R,leakage_ua,SIM_X7R_1U_25V,ordinary_noise,ordinary_noise,False,True,False,,,0.0451716370855,0.0526370324169,False,False,False,0.7,synthetic,True
MLCC_LOW_PREVALENCE_C001678,MLCC_LOW_PREVALENCE_B014,MLCC_X7R,leakage_ua,SIM_X7R_1U_25V,healthy_settling,healthy_settling,False,True,False,,,0.0902023283912,0.0922980788701,False,False,False,0.7,synthetic,True
MLCC_LOW_PREVALENCE_C001691,MLCC_LOW_PREVALENCE_B014,MLCC_X7R,leakage_ua,SIM_X7R_1U_25V,healthy_settling,healthy_settling,False,True,False,,,0.104792865273,0.100781807036,False,False,False,0.7,synthetic,True
MLCC_LOW_PREVALENCE_C001698,MLCC_LOW_PREVALENCE_B014,MLCC_X7R,leakage_ua,SIM_X7R_1U_25V,healthy_settling,healthy_settling,False,True,False,,,0.100748331159,0.10247733523,False,False,False,0.7,synthetic,True
MLCC_LOW_PREVALENCE_C001705,MLCC_LOW_PREVALENCE_B014,MLCC_X7R,leakage_ua,SIM_X7R_1U_25V,healthy_settling,healthy_settling,False,True,False,,,0.0790918264326,0.0797398030763,False,False,False,0.7,synthetic,True
MLCC_LOW_PREVALENCE_C001750,MLCC_LOW_PREVALENCE_B014,MLCC_X7R,leakage_ua,SIM_X7R_1U_25V,ordinary_noise,ordinary_noise,False,True,False,,,0.0644749342878,0.0862080502176,False,False,False,0.7,synthetic,True
MLCC_LOW_PREVALENCE_C001778,MLCC_LOW_PREVALENCE_B014,MLCC_X7R,leakage_ua,SIM_X7R_1U_25V,healthy_settling,healthy_settling,False,True,False,,,0.108680620102,0.108238141745,False,False,False,0.7,synthetic,True
MLCC_LOW_PREVALENCE_C001810,MLCC_LOW_PREVALENCE_B014,MLCC_X7R,leakage_ua,SIM_X7R_1U_25V,healthy_settling,healthy_settling,False,True,False,,,0.0501866144264,0.0518657185507,False,False,False,0.7,synthetic,True
MLCC_LOW_PREVALENCE_C001840,MLCC_LOW_PREVALENCE_B014,MLCC_X7R,leakage_ua,SIM_X7R_1U_25V,healthy_settling,healthy_settling,False,True,False,,,0.0958597709497,0.0985767186714,False,False,False,0.7,synthetic,True
MLCC_LOW_PREVALENCE_C001877,MLCC_LOW_PREVALENCE_B014,MLCC_X7R,leakage_ua,SIM_X7R_1U_25V,healthy_settling,healthy_settling,False,True,False,,,0.0928179781759,0.0901530191015,False,False,False,0.7,synthetic,True
MLCC_LOW_PREVALENCE_C001881,MLCC_LOW_PREVALENCE_B014,MLCC_X7R,leakage_ua,SIM_X7R_1U_25V,healthy_settling,healthy_settling,False,True,False,,,0.0691202719002,0.0667548950255,False,False,False,0.7,synthetic,True
MLCC_LOW_PREVALENCE_C001890,MLCC_LOW_PREVALENCE_B014,MLCC_X7R,leakage_ua,SIM_X7R_1U_25V,healthy_settling,healthy_settling,False,True,False,,,0.140855748935,0.13531013664,False,False,False,0.7,synthetic,True
MLCC_LOW_PREVALENCE_C001931,MLCC_LOW_PREVALENCE_B014,MLCC_X7R,leakage_ua,SIM_X7R_1U_25V,ordinary_noise,ordinary_noise,False,True,False,,,0.0862664587242,0.100445889961,False,False,False,0.7,synthetic,True
MLCC_LOW_PREVALENCE_C001936,MLCC_LOW_PREVALENCE_B014,MLCC_X7R,leakage_ua,SIM_X7R_1U_25V,healthy_settling,healthy_settling,False,True,False,,,0.112679144051,0.111792873941,False,False,False,0.7,synthetic,True
MLCC_LOW_PREVALENCE_C001942,MLCC_LOW_PREVALENCE_B014,MLCC_X7R,leakage_ua,SIM_X7R_1U_25V,healthy_settling,healthy_settling,False,True,False,,,0.0436411637232,0.0466081869462,False,False,False,0.7,synthetic,True
MLCC_LOW_PREVALENCE_C001990,MLCC_LOW_PREVALENCE_B014,MLCC_X7R,leakage_ua,SIM_X7R_1U_25V,healthy_settling,healthy_settling,False,True,False,,,0.0917125864702,0.0955343721711,False,False,False,0.7,synthetic,True
MLCC_LOW_PREVALENCE_C001997,MLCC_LOW_PREVALENCE_B014,MLCC_X7R,leakage_ua,SIM_X7R_1U_25V,healthy_settling,healthy_settling,False,True,False,,,0.156237131177,0.149704033815,False,False,False,0.7,synthetic,True
MLCC_LOW_PREVALENCE_C000017,MLCC_LOW_PREVALENCE_B015,MLCC_X7R,leakage_ua,SIM_X7R_1U_25V,healthy_settling,healthy_settling,False,True,False,,,0.0544080305706,0.0541667335143,False,False,False,0.7,synthetic,True
MLCC_LOW_PREVALENCE_C000028,MLCC_LOW_PREVALENCE_B015,MLCC_X7R,leakage_ua,SIM_X7R_1U_25V,healthy_settling,healthy_settling,False,True,False,,,0.130202557198,0.12296010816,False,False,False,0.7,synthetic,True
MLCC_LOW_PREVALENCE_C000035,MLCC_LOW_PREVALENCE_B015,MLCC_X7R,leakage_ua,SIM_X7R_1U_25V,healthy_settling,healthy_settling,False,True,False,,,0.0930348828819,0.0941489371658,False,False,False,0.7,synthetic,True
MLCC_LOW_PREVALENCE_C000044,MLCC_LOW_PREVALENCE_B015,MLCC_X7R,leakage_ua,SIM_X7R_1U_25V,healthy_settling,healthy_settling,False,True,False,,,0.0896809823427,0.0870092854151,False,False,False,0.7,synthetic,True
MLCC_LOW_PREVALENCE_C000046,MLCC_LOW_PREVALENCE_B015,MLCC_X7R,leakage_ua,SIM_X7R_1U_25V,ordinary_noise,ordinary_noise,False,True,False,,,0.0565367888005,0.0591469899037,False,False,False,0.7,synthetic,True
MLCC_LOW_PREVALENCE_C000074,MLCC_LOW_PREVALENCE_B015,MLCC_X7R,leakage_ua,SIM_X7R_1U_25V,healthy_settling,healthy_settling,False,True,False,,,0.119264282384,0.114237704748,False,False,False,0.7,synthetic,True
MLCC_LOW_PREVALENCE_C000097,MLCC_LOW_PREVALENCE_B015,MLCC_X7R,leakage_ua,SIM_X7R_1U_25V,healthy_settling,healthy_settling,False,True,False,,,0.086820099031,0.08436853846,False,False,False,0.7,synthetic,True
MLCC_LOW_PREVALENCE_C000107,MLCC_LOW_PREVALENCE_B015,MLCC_X7R,leakage_ua,SIM_X7R_1U_25V,healthy_settling,healthy_settling,False,True,False,,,0.0945481281907,0.0987765406124,False,False,False,0.7,synthetic,True
MLCC_LOW_PREVALENCE_C000109,MLCC_LOW_PREVALENCE_B015,MLCC_X7R,leakage_ua,SIM_X7R_1U_25V,healthy_settling,healthy_settling,False,True,False,,,0.0980943444799,0.0999885662995,False,False,False,0.7,synthetic,True
MLCC_LOW_PREVALENCE_C000117,MLCC_LOW_PREVALENCE_B015,MLCC_X7R,leakage_ua,SIM_X7R_1U_25V,healthy_settling,healthy_settling,False,True,False,,,0.0476078838047,0.0504817777941,False,False,False,0.7,synthetic,True
MLCC_LOW_PREVALENCE_C000121,MLCC_LOW_PREVALENCE_B015,MLCC_X7R,leakage_ua,SIM_X7R_1U_25V,healthy_settling,healthy_settling,False,True,False,,,0.0910326228877,0.0900508057229,False,False,False,0.7,synthetic,True
MLCC_LOW_PREVALENCE_C000198,MLCC_LOW_PREVALENCE_B015,MLCC_X7R,leakage_ua,SIM_X7R_1U_25V,healthy_settling,healthy_settling,False,True,False,,,0.153682593558,0.160476087888,False,False,False,0.7,synthetic,True
MLCC_LOW_PREVALENCE_C000226,MLCC_LOW_PREVALENCE_B015,MLCC_X7R,leakage_ua,SIM_X7R_1U_25V,healthy_settling,healthy_settling,False,True,False,,,0.0955767360865,0.094944439503,False,False,False,0.7,synthetic,True
MLCC_LOW_PREVALENCE_C000245,MLCC_LOW_PREVALENCE_B015,MLCC_X7R,leakage_ua,SIM_X7R_1U_25V,ordinary_noise,ordinary_noise,False,True,False,,,0.0866018393808,0.0909377523296,False,False,False,0.7,synthetic,True
MLCC_LOW_PREVALENCE_C000274,MLCC_LOW_PREVALENCE_B015,MLCC_X7R,leakage_ua,SIM_X7R_1U_25V,ordinary_noise,ordinary_noise,False,True,False,,,0.0912021502989,0.0794854221234,False,False,False,0.7,synthetic,True
MLCC_LOW_PREVALENCE_C000292,MLCC_LOW_PREVALENCE_B015,MLCC_X7R,leakage_ua,SIM_X7R_1U_25V,ordinary_noise,ordinary_noise,False,True,False,,,0.11912847896,0.10495265968,False,False,False,0.7,synthetic,True
MLCC_LOW_PREVALENCE_C000294,MLCC_LOW_PREVALENCE_B015,MLCC_X7R,leakage_ua,SIM_X7R_1U_25V,healthy_settling,healthy_settling,False,True,False,,,0.111336347076,0.115154073054,False,False,False,0.7,synthetic,True
MLCC_LOW_PREVALENCE_C000303,MLCC_LOW_PREVALENCE_B015,MLCC_X7R,leakage_ua,SIM_X7R_1U_25V,healthy_settling,healthy_settling,False,True,False,,,0.0815637097311,0.084931730223,False,False,False,0.7,synthetic,True
MLCC_LOW_PREVALENCE_C000346,MLCC_LOW_PREVALENCE_B015,MLCC_X7R,leakage_ua,SIM_X7R_1U_25V,ordinary_noise,ordinary_noise,False,True,False,,,0.0854012344358,0.0853256938844,False,False,False,0.7,synthetic,True
MLCC_LOW_PREVALENCE_C000350,MLCC_LOW_PREVALENCE_B015,MLCC_X7R,leakage_ua,SIM_X7R_1U_25V,healthy_settling,healthy_settling,False,True,False,,,0.105589228779,0.115552000476,False,False,False,0.7,synthetic,True
MLCC_LOW_PREVALENCE_C000358,MLCC_LOW_PREVALENCE_B015,MLCC_X7R,leakage_ua,SIM_X7R_1U_25V,healthy_settling,healthy_settling,False,True,False,,,0.0953489413077,0.0983521360395,False,False,False,0.7,synthetic,True
MLCC_LOW_PREVALENCE_C000363,MLCC_LOW_PREVALENCE_B015,MLCC_X7R,leakage_ua,SIM_X7R_1U_25V,healthy_settling,healthy_settling,False,True,False,,,0.112793944494,0.108863612111,False,False,False,0.7,synthetic,True
MLCC_LOW_PREVALENCE_C000366,MLCC_LOW_PREVALENCE_B015,MLCC_X7R,leakage_ua,SIM_X7R_1U_25V,healthy_settling,healthy_settling,False,True,False,,,0.0693603708091,0.0692078860398,False,False,False,0.7,synthetic,True
MLCC_LOW_PREVALENCE_C000369,MLCC_LOW_PREVALENCE_B015,MLCC_X7R,leakage_ua,SIM_X7R_1U_25V,healthy_settling,healthy_settling,False,True,False,,,0.0867078388539,0.0862618773227,False,False,False,0.7,synthetic,True
MLCC_LOW_PREVALENCE_C000415,MLCC_LOW_PREVALENCE_B015,MLCC_X7R,leakage_ua,SIM_X7R_1U_25V,healthy_settling,healthy_settling,False,True,False,,,0.135747442923,0.13337167362,False,False,False,0.7,synthetic,True
MLCC_LOW_PREVALENCE_C000424,MLCC_LOW_PREVALENCE_B015,MLCC_X7R,leakage_ua,SIM_X7R_1U_25V,ordinary_noise,ordinary_noise,False,True,False,,,0.0929935026724,0.0914798876015,False,False,False,0.7,synthetic,True
MLCC_LOW_PREVALENCE_C000456,MLCC_LOW_PREVALENCE_B015,MLCC_X7R,leakage_ua,SIM_X7R_1U_25V,healthy_settling,healthy_settling,False,True,False,,,0.101615462346,0.0981101445769,False,False,False,0.7,synthetic,True
MLCC_LOW_PREVALENCE_C000463,MLCC_LOW_PREVALENCE_B015,MLCC_X7R,leakage_ua,SIM_X7R_1U_25V,healthy_settling,healthy_settling,False,True,False,,,0.100618664302,0.0973828253921,False,False,False,0.7,synthetic,True
MLCC_LOW_PREVALENCE_C000491,MLCC_LOW_PREVALENCE_B015,MLCC_X7R,leakage_ua,SIM_X7R_1U_25V,ordinary_noise,ordinary_noise,False,True,False,,,0.0736660004897,0.0758310751163,False,False,False,0.7,synthetic,True
MLCC_LOW_PREVALENCE_C000494,MLCC_LOW_PREVALENCE_B015,MLCC_X7R,leakage_ua,SIM_X7R_1U_25V,healthy_settling,healthy_settling,False,True,False,,,0.0866935754448,0.0865050614883,False,False,False,0.7,synthetic,True
MLCC_LOW_PREVALENCE_C000522,MLCC_LOW_PREVALENCE_B015,MLCC_X7R,leakage_ua,SIM_X7R_1U_25V,ordinary_noise,ordinary_noise,False,True,False,,,0.0981409563206,0.113377237872,False,False,False,0.7,synthetic,True
MLCC_LOW_PREVALENCE_C000527,MLCC_LOW_PREVALENCE_B015,MLCC_X7R,leakage_ua,SIM_X7R_1U_25V,healthy_settling,healthy_settling,False,True,False,,,0.0893108921125,0.088742852016,False,False,False,0.7,synthetic,True
MLCC_LOW_PREVALENCE_C000535,MLCC_LOW_PREVALENCE_B015,MLCC_X7R,leakage_ua,SIM_X7R_1U_25V,healthy_settling,healthy_settling,False,True,False,,,0.12008451568,0.120616324072,False,False,False,0.7,synthetic,True
MLCC_LOW_PREVALENCE_C000557,MLCC_LOW_PREVALENCE_B015,MLCC_X7R,leakage_ua,SIM_X7R_1U_25V,healthy_settling,healthy_settling,False,True,False,,,0.108791083762,0.109051651396,False,False,False,0.7,synthetic,True
MLCC_LOW_PREVALENCE_C000565,MLCC_LOW_PREVALENCE_B015,MLCC_X7R,leakage_ua,SIM_X7R_1U_25V,healthy_settling,healthy_settling,False,True,False,,,0.151321943175,0.14672561855,False,False,False,0.7,synthetic,True
MLCC_LOW_PREVALENCE_C000597,MLCC_LOW_PREVALENCE_B015,MLCC_X7R,leakage_ua,SIM_X7R_1U_25V,ordinary_noise,ordinary_noise,False,True,False,,,0.095282466098,0.100161143624,False,False,False,0.7,synthetic,True
MLCC_LOW_PREVALENCE_C000599,MLCC_LOW_PREVALENCE_B015,MLCC_X7R,leakage_ua,SIM_X7R_1U_25V,healthy_settling,healthy_settling,False,True,False,,,0.0775690413784,0.0784242801916,False,False,False,0.7,synthetic,True
MLCC_LOW_PREVALENCE_C000612,MLCC_LOW_PREVALENCE_B015,MLCC_X7R,leakage_ua,SIM_X7R_1U_25V,healthy_settling,healthy_settling,False,True,False,,,0.0873665205372,0.0850647196047,False,False,False,0.7,synthetic,True
MLCC_LOW_PREVALENCE_C000626,MLCC_LOW_PREVALENCE_B015,MLCC_X7R,leakage_ua,SIM_X7R_1U_25V,healthy_settling,healthy_settling,False,True,False,,,0.187836733962,0.181336617878,False,False,False,0.7,synthetic,True
MLCC_LOW_PREVALENCE_C000631,MLCC_LOW_PREVALENCE_B015,MLCC_X7R,leakage_ua,SIM_X7R_1U_25V,healthy_settling,healthy_settling,False,True,False,,,0.105839033367,0.107002431474,False,False,False,0.7,synthetic,True
MLCC_LOW_PREVALENCE_C000634,MLCC_LOW_PREVALENCE_B015,MLCC_X7R,leakage_ua,SIM_X7R_1U_25V,ordinary_noise,ordinary_noise,False,True,False,,,0.104301490716,0.0746778387363,False,False,False,0.7,synthetic,True
MLCC_LOW_PREVALENCE_C000688,MLCC_LOW_PREVALENCE_B015,MLCC_X7R,leakage_ua,SIM_X7R_1U_25V,healthy_settling,healthy_settling,False,True,False,,,0.0664277512979,0.0696970844495,False,False,False,0.7,synthetic,True
MLCC_LOW_PREVALENCE_C000693,MLCC_LOW_PREVALENCE_B015,MLCC_X7R,leakage_ua,SIM_X7R_1U_25V,healthy_settling,healthy_settling,False,True,False,,,0.12087457841,0.124475469905,False,False,False,0.7,synthetic,True
MLCC_LOW_PREVALENCE_C000790,MLCC_LOW_PREVALENCE_B015,MLCC_X7R,leakage_ua,SIM_X7R_1U_25V,healthy_settling,healthy_settling,False,True,False,,,0.0804327801018,0.0792211418289,False,False,False,0.7,synthetic,True
MLCC_LOW_PREVALENCE_C000817,MLCC_LOW_PREVALENCE_B015,MLCC_X7R,leakage_ua,SIM_X7R_1U_25V,healthy_settling,healthy_settling,False,True,False,,,0.13698987768,0.137898218604,False,False,False,0.7,synthetic,True
MLCC_LOW_PREVALENCE_C000831,MLCC_LOW_PREVALENCE_B015,MLCC_X7R,leakage_ua,SIM_X7R_1U_25V,healthy_settling,healthy_settling,False,True,False,,,0.0673760069893,0.066944026951,False,False,False,0.7,synthetic,True
MLCC_LOW_PREVALENCE_C000852,MLCC_LOW_PREVALENCE_B015,MLCC_X7R,leakage_ua,SIM_X7R_1U_25V,healthy_settling,healthy_settling,False,True,False,,,0.0657247319827,0.0642666841709,False,False,False,0.7,synthetic,True
MLCC_LOW_PREVALENCE_C000872,MLCC_LOW_PREVALENCE_B015,MLCC_X7R,leakage_ua,SIM_X7R_1U_25V,healthy_settling,healthy_settling,False,True,False,,,0.153302682509,0.145140983961,False,False,False,0.7,synthetic,True
MLCC_LOW_PREVALENCE_C000876,MLCC_LOW_PREVALENCE_B015,MLCC_X7R,leakage_ua,SIM_X7R_1U_25V,ordinary_noise,ordinary_noise,False,True,False,,,0.0470675005168,0.0491635308974,False,False,False,0.7,synthetic,True
MLCC_LOW_PREVALENCE_C000884,MLCC_LOW_PREVALENCE_B015,MLCC_X7R,leakage_ua,SIM_X7R_1U_25V,healthy_settling,healthy_settling,False,True,False,,,0.118778943977,0.125241869786,False,False,False,0.7,synthetic,True
MLCC_LOW_PREVALENCE_C000895,MLCC_LOW_PREVALENCE_B015,MLCC_X7R,leakage_ua,SIM_X7R_1U_25V,healthy_settling,healthy_settling,False,True,False,,,0.114008158885,0.115851844378,False,False,False,0.7,synthetic,True
MLCC_LOW_PREVALENCE_C000905,MLCC_LOW_PREVALENCE_B015,MLCC_X7R,leakage_ua,SIM_X7R_1U_25V,healthy_settling,healthy_settling,False,True,False,,,0.0487598272706,0.0495346181615,False,False,False,0.7,synthetic,True
MLCC_LOW_PREVALENCE_C000920,MLCC_LOW_PREVALENCE_B015,MLCC_X7R,leakage_ua,SIM_X7R_1U_25V,healthy_settling,healthy_settling,False,True,False,,,0.112428989129,0.111690480786,False,False,False,0.7,synthetic,True
MLCC_LOW_PREVALENCE_C000958,MLCC_LOW_PREVALENCE_B015,MLCC_X7R,leakage_ua,SIM_X7R_1U_25V,ordinary_noise,ordinary_noise,False,True,False,,,0.0966724884519,0.0971499890206,False,False,False,0.7,synthetic,True
MLCC_LOW_PREVALENCE_C000967,MLCC_LOW_PREVALENCE_B015,MLCC_X7R,leakage_ua,SIM_X7R_1U_25V,healthy_settling,healthy_settling,False,True,False,,,0.139397750862,0.138161575108,False,False,False,0.7,synthetic,True
MLCC_LOW_PREVALENCE_C000990,MLCC_LOW_PREVALENCE_B015,MLCC_X7R,leakage_ua,SIM_X7R_1U_25V,healthy_settling,healthy_settling,False,True,False,,,0.0742498132282,0.0727639680115,False,False,False,0.7,synthetic,True
MLCC_LOW_PREVALENCE_C001015,MLCC_LOW_PREVALENCE_B015,MLCC_X7R,leakage_ua,SIM_X7R_1U_25V,healthy_settling,healthy_settling,False,True,False,,,0.0775268549174,0.0751296265012,False,False,False,0.7,synthetic,True
MLCC_LOW_PREVALENCE_C001018,MLCC_LOW_PREVALENCE_B015,MLCC_X7R,leakage_ua,SIM_X7R_1U_25V,healthy_settling,healthy_settling,False,True,False,,,0.103017260404,0.100504754911,False,False,False,0.7,synthetic,True
MLCC_LOW_PREVALENCE_C001019,MLCC_LOW_PREVALENCE_B015,MLCC_X7R,leakage_ua,SIM_X7R_1U_25V,ordinary_noise,ordinary_noise,False,True,False,,,0.0990661527171,0.106843529973,False,False,False,0.7,synthetic,True
MLCC_LOW_PREVALENCE_C001029,MLCC_LOW_PREVALENCE_B015,MLCC_X7R,leakage_ua,SIM_X7R_1U_25V,healthy_settling,healthy_settling,False,True,False,,,0.0653355117111,0.0641050152789,False,False,False,0.7,synthetic,True
MLCC_LOW_PREVALENCE_C001030,MLCC_LOW_PREVALENCE_B015,MLCC_X7R,leakage_ua,SIM_X7R_1U_25V,healthy_settling,healthy_settling,False,True,False,,,0.136994122061,0.138264024227,False,False,False,0.7,synthetic,True
MLCC_LOW_PREVALENCE_C001042,MLCC_LOW_PREVALENCE_B015,MLCC_X7R,leakage_ua,SIM_X7R_1U_25V,healthy_settling,healthy_settling,False,True,False,,,0.0945067268849,0.0931467927952,False,False,False,0.7,synthetic,True
MLCC_LOW_PREVALENCE_C001064,MLCC_LOW_PREVALENCE_B015,MLCC_X7R,leakage_ua,SIM_X7R_1U_25V,healthy_settling,healthy_settling,False,True,False,,,0.0641314711019,0.0623917122057,False,False,False,0.7,synthetic,True
MLCC_LOW_PREVALENCE_C001084,MLCC_LOW_PREVALENCE_B015,MLCC_X7R,leakage_ua,SIM_X7R_1U_25V,healthy_settling,healthy_settling,False,True,False,,,0.135236100472,0.129992769895,False,False,False,0.7,synthetic,True
MLCC_LOW_PREVALENCE_C001093,MLCC_LOW_PREVALENCE_B015,MLCC_X7R,leakage_ua,SIM_X7R_1U_25V,ordinary_noise,ordinary_noise,False,True,False,,,0.074368187398,0.0784622052925,False,False,False,0.7,synthetic,True
MLCC_LOW_PREVALENCE_C001108,MLCC_LOW_PREVALENCE_B015,MLCC_X7R,leakage_ua,SIM_X7R_1U_25V,healthy_settling,healthy_settling,False,True,False,,,0.104558234254,0.103452526614,False,False,False,0.7,synthetic,True
MLCC_LOW_PREVALENCE_C001113,MLCC_LOW_PREVALENCE_B015,MLCC_X7R,leakage_ua,SIM_X7R_1U_25V,healthy_settling,healthy_settling,False,True,False,,,0.108186126919,0.107041327188,False,False,False,0.7,synthetic,True
MLCC_LOW_PREVALENCE_C001139,MLCC_LOW_PREVALENCE_B015,MLCC_X7R,leakage_ua,SIM_X7R_1U_25V,healthy_settling,healthy_settling,False,True,False,,,0.0899888279273,0.090273179006,False,False,False,0.7,synthetic,True
MLCC_LOW_PREVALENCE_C001186,MLCC_LOW_PREVALENCE_B015,MLCC_X7R,leakage_ua,SIM_X7R_1U_25V,healthy_settling,healthy_settling,False,True,False,,,0.0919042944133,0.093514657356,False,False,False,0.7,synthetic,True
MLCC_LOW_PREVALENCE_C001194,MLCC_LOW_PREVALENCE_B015,MLCC_X7R,leakage_ua,SIM_X7R_1U_25V,healthy_settling,healthy_settling,False,True,False,,,0.0856293999859,0.0799301087596,False,False,False,0.7,synthetic,True
MLCC_LOW_PREVALENCE_C001205,MLCC_LOW_PREVALENCE_B015,MLCC_X7R,leakage_ua,SIM_X7R_1U_25V,healthy_settling,healthy_settling,False,True,False,,,0.102185425515,0.110235075636,False,False,False,0.7,synthetic,True
MLCC_LOW_PREVALENCE_C001231,MLCC_LOW_PREVALENCE_B015,MLCC_X7R,leakage_ua,SIM_X7R_1U_25V,healthy_settling,healthy_settling,False,True,False,,,0.0911206179585,0.0951210229785,False,False,False,0.7,synthetic,True
MLCC_LOW_PREVALENCE_C001234,MLCC_LOW_PREVALENCE_B015,MLCC_X7R,leakage_ua,SIM_X7R_1U_25V,healthy_settling,healthy_settling,False,True,False,,,0.0749855196524,0.0759858921308,False,False,False,0.7,synthetic,True
MLCC_LOW_PREVALENCE_C001250,MLCC_LOW_PREVALENCE_B015,MLCC_X7R,leakage_ua,SIM_X7R_1U_25V,healthy_settling,healthy_settling,False,True,False,,,0.0869187970563,0.08844995424,False,False,False,0.7,synthetic,True
MLCC_LOW_PREVALENCE_C001264,MLCC_LOW_PREVALENCE_B015,MLCC_X7R,leakage_ua,SIM_X7R_1U_25V,ordinary_noise,ordinary_noise,False,True,False,,,0.0665856094973,0.0642804853102,False,False,False,0.7,synthetic,True
MLCC_LOW_PREVALENCE_C001326,MLCC_LOW_PREVALENCE_B015,MLCC_X7R,leakage_ua,SIM_X7R_1U_25V,healthy_settling,healthy_settling,False,True,False,,,0.0720271169977,0.0712059594119,False,False,False,0.7,synthetic,True
MLCC_LOW_PREVALENCE_C001373,MLCC_LOW_PREVALENCE_B015,MLCC_X7R,leakage_ua,SIM_X7R_1U_25V,healthy_settling,healthy_settling,False,True,False,,,0.0645358857434,0.0645456438788,False,False,False,0.7,synthetic,True
MLCC_LOW_PREVALENCE_C001378,MLCC_LOW_PREVALENCE_B015,MLCC_X7R,leakage_ua,SIM_X7R_1U_25V,ordinary_noise,ordinary_noise,False,True,False,,,0.147339012678,0.162505552476,False,False,False,0.7,synthetic,True
MLCC_LOW_PREVALENCE_C001387,MLCC_LOW_PREVALENCE_B015,MLCC_X7R,leakage_ua,SIM_X7R_1U_25V,healthy_settling,healthy_settling,False,True,False,,,0.0691967530689,0.0713999170692,False,False,False,0.7,synthetic,True
MLCC_LOW_PREVALENCE_C001396,MLCC_LOW_PREVALENCE_B015,MLCC_X7R,leakage_ua,SIM_X7R_1U_25V,healthy_settling,healthy_settling,False,True,False,,,0.132504884855,0.130816350296,False,False,False,0.7,synthetic,True
MLCC_LOW_PREVALENCE_C001403,MLCC_LOW_PREVALENCE_B015,MLCC_X7R,leakage_ua,SIM_X7R_1U_25V,healthy_settling,healthy_settling,False,True,False,,,0.0879814686549,0.0882457967852,False,False,False,0.7,synthetic,True
MLCC_LOW_PREVALENCE_C001409,MLCC_LOW_PREVALENCE_B015,MLCC_X7R,leakage_ua,SIM_X7R_1U_25V,healthy_settling,healthy_settling,False,True,False,,,0.0763852048488,0.0762465786033,False,False,False,0.7,synthetic,True
MLCC_LOW_PREVALENCE_C001446,MLCC_LOW_PREVALENCE_B015,MLCC_X7R,leakage_ua,SIM_X7R_1U_25V,ordinary_noise,ordinary_noise,False,True,False,,,0.102453151331,0.111213951088,False,False,False,0.7,synthetic,True
MLCC_LOW_PREVALENCE_C001457,MLCC_LOW_PREVALENCE_B015,MLCC_X7R,leakage_ua,SIM_X7R_1U_25V,healthy_settling,healthy_settling,False,True,False,,,0.0642277510263,0.0619502429963,False,False,False,0.7,synthetic,True
MLCC_LOW_PREVALENCE_C001477,MLCC_LOW_PREVALENCE_B015,MLCC_X7R,leakage_ua,SIM_X7R_1U_25V,healthy_settling,healthy_settling,False,True,False,,,0.0722122981729,0.073534844211,False,False,False,0.7,synthetic,True
MLCC_LOW_PREVALENCE_C001514,MLCC_LOW_PREVALENCE_B015,MLCC_X7R,leakage_ua,SIM_X7R_1U_25V,healthy_settling,healthy_settling,False,True,False,,,0.0692886125634,0.0676782871755,False,False,False,0.7,synthetic,True
MLCC_LOW_PREVALENCE_C001555,MLCC_LOW_PREVALENCE_B015,MLCC_X7R,leakage_ua,SIM_X7R_1U_25V,ordinary_noise,ordinary_noise,False,True,False,,,0.0935902463588,0.104052160005,False,False,False,0.7,synthetic,True
MLCC_LOW_PREVALENCE_C001561,MLCC_LOW_PREVALENCE_B015,MLCC_X7R,leakage_ua,SIM_X7R_1U_25V,ordinary_noise,ordinary_noise,False,True,False,,,0.0689849403735,0.0726915420082,False,False,False,0.7,synthetic,True
MLCC_LOW_PREVALENCE_C001709,MLCC_LOW_PREVALENCE_B015,MLCC_X7R,leakage_ua,SIM_X7R_1U_25V,healthy_settling,healthy_settling,False,True,False,,,0.0978710668618,0.098740710087,False,False,False,0.7,synthetic,True
MLCC_LOW_PREVALENCE_C001717,MLCC_LOW_PREVALENCE_B015,MLCC_X7R,leakage_ua,SIM_X7R_1U_25V,healthy_settling,healthy_settling,False,True,False,,,0.0917015150976,0.0924654088052,False,False,False,0.7,synthetic,True
MLCC_LOW_PREVALENCE_C001756,MLCC_LOW_PREVALENCE_B015,MLCC_X7R,leakage_ua,SIM_X7R_1U_25V,ordinary_noise,ordinary_noise,False,True,False,,,0.0849421241774,0.0865903607623,False,False,False,0.7,synthetic,True
MLCC_LOW_PREVALENCE_C001779,MLCC_LOW_PREVALENCE_B015,MLCC_X7R,leakage_ua,SIM_X7R_1U_25V,ordinary_noise,ordinary_noise,False,True,False,,,0.124320692131,0.138372634837,False,False,False,0.7,synthetic,True
MLCC_LOW_PREVALENCE_C001813,MLCC_LOW_PREVALENCE_B015,MLCC_X7R,leakage_ua,SIM_X7R_1U_25V,healthy_settling,healthy_settling,False,True,False,,,0.0314838747628,0.0310754120346,False,False,False,0.7,synthetic,True
MLCC_LOW_PREVALENCE_C001814,MLCC_LOW_PREVALENCE_B015,MLCC_X7R,leakage_ua,SIM_X7R_1U_25V,moisture_associated_history,moisture_associated_history,True,False,False,12,,0.593003617785,0.598407116277,False,False,False,0.7,synthetic,True
MLCC_LOW_PREVALENCE_C001824,MLCC_LOW_PREVALENCE_B015,MLCC_X7R,leakage_ua,SIM_X7R_1U_25V,healthy_settling,healthy_settling,False,True,False,,,0.0768350118416,0.0734353140579,False,False,False,0.7,synthetic,True
MLCC_LOW_PREVALENCE_C001829,MLCC_LOW_PREVALENCE_B015,MLCC_X7R,leakage_ua,SIM_X7R_1U_25V,healthy_settling,healthy_settling,False,True,False,,,0.087271549606,0.0904713342523,False,False,False,0.7,synthetic,True
MLCC_LOW_PREVALENCE_C001870,MLCC_LOW_PREVALENCE_B015,MLCC_X7R,leakage_ua,SIM_X7R_1U_25V,healthy_settling,healthy_settling,False,True,False,,,0.0976746037686,0.0971417642029,False,False,False,0.7,synthetic,True
MLCC_LOW_PREVALENCE_C001908,MLCC_LOW_PREVALENCE_B015,MLCC_X7R,leakage_ua,SIM_X7R_1U_25V,healthy_settling,healthy_settling,False,True,False,,,0.110579921478,0.107667609017,False,False,False,0.7,synthetic,True
MLCC_LOW_PREVALENCE_C001988,MLCC_LOW_PREVALENCE_B015,MLCC_X7R,leakage_ua,SIM_X7R_1U_25V,healthy_settling,healthy_settling,False,True,False,,,0.037710812976,0.0382178660335,False,False,False,0.7,synthetic,True
MLCC_LOW_PREVALENCE_C001995,MLCC_LOW_PREVALENCE_B015,MLCC_X7R,leakage_ua,SIM_X7R_1U_25V,ordinary_noise,ordinary_noise,False,True,False,,,0.113987515577,0.138334915985,False,False,False,0.7,synthetic,True
MLCC_LOW_PREVALENCE_C000039,MLCC_LOW_PREVALENCE_B016,MLCC_X7R,leakage_ua,SIM_X7R_10N_50V,healthy_settling,healthy_settling,False,True,False,,,0.0116384953102,0.0112576071586,False,False,False,0.12,synthetic,True
MLCC_LOW_PREVALENCE_C000062,MLCC_LOW_PREVALENCE_B016,MLCC_X7R,leakage_ua,SIM_X7R_10N_50V,healthy_settling,healthy_settling,False,True,False,,,0.0118270229709,0.0119640985474,False,False,False,0.12,synthetic,True
MLCC_LOW_PREVALENCE_C000069,MLCC_LOW_PREVALENCE_B016,MLCC_X7R,leakage_ua,SIM_X7R_10N_50V,healthy_settling,healthy_settling,False,True,False,,,0.0158493298441,0.0153477117089,False,False,False,0.12,synthetic,True
MLCC_LOW_PREVALENCE_C000106,MLCC_LOW_PREVALENCE_B016,MLCC_X7R,leakage_ua,SIM_X7R_10N_50V,healthy_settling,healthy_settling,False,True,False,,,0.0106488373502,0.0103613089868,False,False,False,0.12,synthetic,True
MLCC_LOW_PREVALENCE_C000110,MLCC_LOW_PREVALENCE_B016,MLCC_X7R,leakage_ua,SIM_X7R_10N_50V,healthy_settling,healthy_settling,False,True,False,,,0.0131435931956,0.0131147171915,False,False,False,0.12,synthetic,True
MLCC_LOW_PREVALENCE_C000126,MLCC_LOW_PREVALENCE_B016,MLCC_X7R,leakage_ua,SIM_X7R_10N_50V,healthy_settling,healthy_settling,False,True,False,,,0.00934104886264,0.00966483152705,False,False,False,0.12,synthetic,True
MLCC_LOW_PREVALENCE_C000240,MLCC_LOW_PREVALENCE_B016,MLCC_X7R,leakage_ua,SIM_X7R_10N_50V,healthy_settling,healthy_settling,False,True,False,,,0.0128285730256,0.0126534924423,False,False,False,0.12,synthetic,True
MLCC_LOW_PREVALENCE_C000257,MLCC_LOW_PREVALENCE_B016,MLCC_X7R,leakage_ua,SIM_X7R_10N_50V,ordinary_noise,ordinary_noise,False,True,False,,,0.0168627606854,0.0169180261506,False,False,False,0.12,synthetic,True
MLCC_LOW_PREVALENCE_C000259,MLCC_LOW_PREVALENCE_B016,MLCC_X7R,leakage_ua,SIM_X7R_10N_50V,healthy_settling,healthy_settling,False,True,False,,,0.0100783224353,0.0102532823063,False,False,False,0.12,synthetic,True
MLCC_LOW_PREVALENCE_C000284,MLCC_LOW_PREVALENCE_B016,MLCC_X7R,leakage_ua,SIM_X7R_10N_50V,healthy_settling,healthy_settling,False,True,False,,,0.00829183965744,0.00821205235272,False,False,False,0.12,synthetic,True
MLCC_LOW_PREVALENCE_C000297,MLCC_LOW_PREVALENCE_B016,MLCC_X7R,leakage_ua,SIM_X7R_10N_50V,healthy_settling,healthy_settling,False,True,False,,,0.0119001366868,0.0120477316172,False,False,False,0.12,synthetic,True
MLCC_LOW_PREVALENCE_C000345,MLCC_LOW_PREVALENCE_B016,MLCC_X7R,leakage_ua,SIM_X7R_10N_50V,healthy_settling,healthy_settling,False,True,False,,,0.0183782220337,0.0193602266719,False,False,False,0.12,synthetic,True
MLCC_LOW_PREVALENCE_C000386,MLCC_LOW_PREVALENCE_B016,MLCC_X7R,leakage_ua,SIM_X7R_10N_50V,healthy_settling,healthy_settling,False,True,False,,,0.00859581706625,0.00865275956209,False,False,False,0.12,synthetic,True
MLCC_LOW_PREVALENCE_C000404,MLCC_LOW_PREVALENCE_B016,MLCC_X7R,leakage_ua,SIM_X7R_10N_50V,ordinary_noise,ordinary_noise,False,True,False,,,0.0131507996488,0.0142001930825,False,False,False,0.12,synthetic,True
MLCC_LOW_PREVALENCE_C000409,MLCC_LOW_PREVALENCE_B016,MLCC_X7R,leakage_ua,SIM_X7R_10N_50V,healthy_settling,healthy_settling,False,True,False,,,0.0157660244651,0.0147481910175,False,False,False,0.12,synthetic,True
MLCC_LOW_PREVALENCE_C000440,MLCC_LOW_PREVALENCE_B016,MLCC_X7R,leakage_ua,SIM_X7R_10N_50V,healthy_settling,healthy_settling,False,True,False,,,0.0183552976421,0.0180895026768,False,False,False,0.12,synthetic,True
MLCC_LOW_PREVALENCE_C000502,MLCC_LOW_PREVALENCE_B016,MLCC_X7R,leakage_ua,SIM_X7R_10N_50V,ordinary_noise,ordinary_noise,False,True,False,,,0.0155295208728,0.0134208379049,False,False,False,0.12,synthetic,True
MLCC_LOW_PREVALENCE_C000508,MLCC_LOW_PREVALENCE_B016,MLCC_X7R,leakage_ua,SIM_X7R_10N_50V,healthy_settling,healthy_settling,False,True,False,,,0.0148323618909,0.0149183442352,False,False,False,0.12,synthetic,True
MLCC_LOW_PREVALENCE_C000529,MLCC_LOW_PREVALENCE_B016,MLCC_X7R,leakage_ua,SIM_X7R_10N_50V,healthy_settling,healthy_settling,False,True,False,,,0.0119966832698,0.0116593396996,False,False,False,0.12,synthetic,True
MLCC_LOW_PREVALENCE_C000548,MLCC_LOW_PREVALENCE_B016,MLCC_X7R,leakage_ua,SIM_X7R_10N_50V,healthy_settling,healthy_settling,False,True,False,,,0.0191423569175,0.0193236738511,False,False,False,0.12,synthetic,True
MLCC_LOW_PREVALENCE_C000567,MLCC_LOW_PREVALENCE_B016,MLCC_X7R,leakage_ua,SIM_X7R_10N_50V,healthy_settling,healthy_settling,False,True,False,,,0.0122012507289,0.0120406315294,False,False,False,0.12,synthetic,True
MLCC_LOW_PREVALENCE_C000600,MLCC_LOW_PREVALENCE_B016,MLCC_X7R,leakage_ua,SIM_X7R_10N_50V,ordinary_noise,ordinary_noise,False,True,False,,,0.0171578451116,0.0164221582384,False,False,False,0.12,synthetic,True
MLCC_LOW_PREVALENCE_C000656,MLCC_LOW_PREVALENCE_B016,MLCC_X7R,leakage_ua,SIM_X7R_10N_50V,ordinary_noise,ordinary_noise,False,True,False,,,0.01986324745,0.0219682348626,False,False,False,0.12,synthetic,True
MLCC_LOW_PREVALENCE_C000664,MLCC_LOW_PREVALENCE_B016,MLCC_X7R,leakage_ua,SIM_X7R_10N_50V,healthy_settling,healthy_settling,False,True,False,,,0.0151712773277,0.0148989829913,False,False,False,0.12,synthetic,True
MLCC_LOW_PREVALENCE_C000666,MLCC_LOW_PREVALENCE_B016,MLCC_X7R,leakage_ua,SIM_X7R_10N_50V,ordinary_noise,ordinary_noise,False,True,False,,,0.0130040547124,0.0120114080979,False,False,False,0.12,synthetic,True
MLCC_LOW_PREVALENCE_C000712,MLCC_LOW_PREVALENCE_B016,MLCC_X7R,leakage_ua,SIM_X7R_10N_50V,healthy_settling,healthy_settling,False,True,False,,,0.0136712860329,0.013360304094,False,False,False,0.12,synthetic,True
MLCC_LOW_PREVALENCE_C000763,MLCC_LOW_PREVALENCE_B016,MLCC_X7R,leakage_ua,SIM_X7R_10N_50V,ordinary_noise,ordinary_noise,False,True,False,,,0.0145572252638,0.0131744997062,False,False,False,0.12,synthetic,True
MLCC_LOW_PREVALENCE_C000769,MLCC_LOW_PREVALENCE_B016,MLCC_X7R,leakage_ua,SIM_X7R_10N_50V,healthy_settling,healthy_settling,False,True,False,,,0.0274373817126,0.0273181579624,False,False,False,0.12,synthetic,True
MLCC_LOW_PREVALENCE_C000773,MLCC_LOW_PREVALENCE_B016,MLCC_X7R,leakage_ua,SIM_X7R_10N_50V,healthy_settling,healthy_settling,False,True,False,,,0.0124723983431,0.0120846458024,False,False,False,0.12,synthetic,True
MLCC_LOW_PREVALENCE_C000778,MLCC_LOW_PREVALENCE_B016,MLCC_X7R,leakage_ua,SIM_X7R_10N_50V,healthy_settling,healthy_settling,False,True,False,,,0.0128450801993,0.0129758482687,False,False,False,0.12,synthetic,True
MLCC_LOW_PREVALENCE_C000779,MLCC_LOW_PREVALENCE_B016,MLCC_X7R,leakage_ua,SIM_X7R_10N_50V,ordinary_noise,ordinary_noise,False,True,False,,,0.01503944974,0.0166029653111,False,False,False,0.12,synthetic,True
MLCC_LOW_PREVALENCE_C000787,MLCC_LOW_PREVALENCE_B016,MLCC_X7R,leakage_ua,SIM_X7R_10N_50V,healthy_settling,healthy_settling,False,True,False,,,0.0144917206829,0.014590952251,False,False,False,0.12,synthetic,True
MLCC_LOW_PREVALENCE_C000803,MLCC_LOW_PREVALENCE_B016,MLCC_X7R,leakage_ua,SIM_X7R_10N_50V,healthy_settling,healthy_settling,False,True,False,,,0.0153876384633,0.0154682145152,False,False,False,0.12,synthetic,True
MLCC_LOW_PREVALENCE_C000809,MLCC_LOW_PREVALENCE_B016,MLCC_X7R,leakage_ua,SIM_X7R_10N_50V,healthy_settling,healthy_settling,False,True,False,,,0.0131916848811,0.0134540584425,False,False,False,0.12,synthetic,True
MLCC_LOW_PREVALENCE_C000829,MLCC_LOW_PREVALENCE_B016,MLCC_X7R,leakage_ua,SIM_X7R_10N_50V,healthy_settling,healthy_settling,False,True,False,,,0.0132454816342,0.012592227689,False,False,False,0.12,synthetic,True
MLCC_LOW_PREVALENCE_C000843,MLCC_LOW_PREVALENCE_B016,MLCC_X7R,leakage_ua,SIM_X7R_10N_50V,healthy_settling,healthy_settling,False,True,False,,,0.013517910926,0.0131265047283,False,False,False,0.12,synthetic,True
MLCC_LOW_PREVALENCE_C000850,MLCC_LOW_PREVALENCE_B016,MLCC_X7R,leakage_ua,SIM_X7R_10N_50V,healthy_settling,healthy_settling,False,True,False,,,0.0118313183387,0.0115228006299,False,False,False,0.12,synthetic,True
MLCC_LOW_PREVALENCE_C000890,MLCC_LOW_PREVALENCE_B016,MLCC_X7R,leakage_ua,SIM_X7R_10N_50V,healthy_settling,healthy_settling,False,True,False,,,0.0115660041716,0.0116147994584,False,False,False,0.12,synthetic,True
MLCC_LOW_PREVALENCE_C000891,MLCC_LOW_PREVALENCE_B016,MLCC_X7R,leakage_ua,SIM_X7R_10N_50V,healthy_settling,healthy_settling,False,True,False,,,0.00656880308043,0.00707348558211,False,False,False,0.12,synthetic,True
MLCC_LOW_PREVALENCE_C000896,MLCC_LOW_PREVALENCE_B016,MLCC_X7R,leakage_ua,SIM_X7R_10N_50V,healthy_settling,healthy_settling,False,True,False,,,0.0103848967546,0.0102118945786,False,False,False,0.12,synthetic,True
MLCC_LOW_PREVALENCE_C000909,MLCC_LOW_PREVALENCE_B016,MLCC_X7R,leakage_ua,SIM_X7R_10N_50V,healthy_settling,healthy_settling,False,True,False,,,0.0208797987268,0.020691382078,False,False,False,0.12,synthetic,True
MLCC_LOW_PREVALENCE_C000953,MLCC_LOW_PREVALENCE_B016,MLCC_X7R,leakage_ua,SIM_X7R_10N_50V,healthy_settling,healthy_settling,False,True,False,,,0.0142696933458,0.0143752018795,False,False,False,0.12,synthetic,True
MLCC_LOW_PREVALENCE_C000963,MLCC_LOW_PREVALENCE_B016,MLCC_X7R,leakage_ua,SIM_X7R_10N_50V,ordinary_noise,ordinary_noise,False,True,False,,,0.0238826742386,0.0211599518236,False,False,False,0.12,synthetic,True
MLCC_LOW_PREVALENCE_C000969,MLCC_LOW_PREVALENCE_B016,MLCC_X7R,leakage_ua,SIM_X7R_10N_50V,healthy_settling,healthy_settling,False,True,False,,,0.0190787912747,0.0184521009734,False,False,False,0.12,synthetic,True
MLCC_LOW_PREVALENCE_C000976,MLCC_LOW_PREVALENCE_B016,MLCC_X7R,leakage_ua,SIM_X7R_10N_50V,healthy_settling,healthy_settling,False,True,False,,,0.0217039680075,0.0220263306166,False,False,False,0.12,synthetic,True
MLCC_LOW_PREVALENCE_C000991,MLCC_LOW_PREVALENCE_B016,MLCC_X7R,leakage_ua,SIM_X7R_10N_50V,healthy_settling,healthy_settling,False,True,False,,,0.00883373859125,0.00864071196805,False,False,False,0.12,synthetic,True
MLCC_LOW_PREVALENCE_C001003,MLCC_LOW_PREVALENCE_B016,MLCC_X7R,leakage_ua,SIM_X7R_10N_50V,healthy_settling,healthy_settling,False,True,False,,,0.0130230204771,0.0128270692801,False,False,False,0.12,synthetic,True
MLCC_LOW_PREVALENCE_C001033,MLCC_LOW_PREVALENCE_B016,MLCC_X7R,leakage_ua,SIM_X7R_10N_50V,healthy_settling,healthy_settling,False,True,False,,,0.0121963165581,0.0123227601654,False,False,False,0.12,synthetic,True
MLCC_LOW_PREVALENCE_C001034,MLCC_LOW_PREVALENCE_B016,MLCC_X7R,leakage_ua,SIM_X7R_10N_50V,healthy_settling,healthy_settling,False,True,False,,,0.0133386712507,0.013742853489,False,False,False,0.12,synthetic,True
MLCC_LOW_PREVALENCE_C001038,MLCC_LOW_PREVALENCE_B016,MLCC_X7R,leakage_ua,SIM_X7R_10N_50V,healthy_settling,healthy_settling,False,True,False,,,0.0217232595986,0.0217392952021,False,False,False,0.12,synthetic,True
MLCC_LOW_PREVALENCE_C001062,MLCC_LOW_PREVALENCE_B016,MLCC_X7R,leakage_ua,SIM_X7R_10N_50V,healthy_settling,healthy_settling,False,True,False,,,0.0238774378727,0.0236805480791,False,False,False,0.12,synthetic,True
MLCC_LOW_PREVALENCE_C001101,MLCC_LOW_PREVALENCE_B016,MLCC_X7R,leakage_ua,SIM_X7R_10N_50V,healthy_settling,healthy_settling,False,True,False,,,0.00947585964623,0.0101324173527,False,False,False,0.12,synthetic,True
MLCC_LOW_PREVALENCE_C001135,MLCC_LOW_PREVALENCE_B016,MLCC_X7R,leakage_ua,SIM_X7R_10N_50V,ordinary_noise,ordinary_noise,False,True,False,,,0.0111285251784,0.0119216098999,False,False,False,0.12,synthetic,True
MLCC_LOW_PREVALENCE_C001138,MLCC_LOW_PREVALENCE_B016,MLCC_X7R,leakage_ua,SIM_X7R_10N_50V,healthy_settling,healthy_settling,False,True,False,,,0.0103111478133,0.0102140160548,False,False,False,0.12,synthetic,True
MLCC_LOW_PREVALENCE_C001164,MLCC_LOW_PREVALENCE_B016,MLCC_X7R,leakage_ua,SIM_X7R_10N_50V,healthy_settling,healthy_settling,False,True,False,,,0.0214257066261,0.020608799165,False,False,False,0.12,synthetic,True
MLCC_LOW_PREVALENCE_C001178,MLCC_LOW_PREVALENCE_B016,MLCC_X7R,leakage_ua,SIM_X7R_10N_50V,healthy_settling,healthy_settling,False,True,False,,,0.00670954845897,0.00673662943092,False,False,False,0.12,synthetic,True
MLCC_LOW_PREVALENCE_C001184,MLCC_LOW_PREVALENCE_B016,MLCC_X7R,leakage_ua,SIM_X7R_10N_50V,ordinary_noise,ordinary_noise,False,True,False,,,0.0147307363001,0.0138222705601,False,False,False,0.12,synthetic,True
MLCC_LOW_PREVALENCE_C001226,MLCC_LOW_PREVALENCE_B016,MLCC_X7R,leakage_ua,SIM_X7R_10N_50V,healthy_settling,healthy_settling,False,True,False,,,0.014385732354,0.013775915489,False,False,False,0.12,synthetic,True
MLCC_LOW_PREVALENCE_C001230,MLCC_LOW_PREVALENCE_B016,MLCC_X7R,leakage_ua,SIM_X7R_10N_50V,healthy_settling,healthy_settling,False,True,False,,,0.0150380688807,0.0152390879557,False,False,False,0.12,synthetic,True
MLCC_LOW_PREVALENCE_C001247,MLCC_LOW_PREVALENCE_B016,MLCC_X7R,leakage_ua,SIM_X7R_10N_50V,ordinary_noise,ordinary_noise,False,True,False,,,0.0139440991799,0.0125761395245,False,False,False,0.12,synthetic,True
MLCC_LOW_PREVALENCE_C001268,MLCC_LOW_PREVALENCE_B016,MLCC_X7R,leakage_ua,SIM_X7R_10N_50V,healthy_settling,healthy_settling,False,True,False,,,0.0167679930523,0.0178817470691,False,False,False,0.12,synthetic,True
MLCC_LOW_PREVALENCE_C001296,MLCC_LOW_PREVALENCE_B016,MLCC_X7R,leakage_ua,SIM_X7R_10N_50V,healthy_settling,healthy_settling,False,True,False,,,0.0100100696313,0.00997119480989,False,False,False,0.12,synthetic,True
MLCC_LOW_PREVALENCE_C001328,MLCC_LOW_PREVALENCE_B016,MLCC_X7R,leakage_ua,SIM_X7R_10N_50V,ordinary_noise,ordinary_noise,False,True,False,,,0.0101762019274,0.0108058681713,False,False,False,0.12,synthetic,True
MLCC_LOW_PREVALENCE_C001348,MLCC_LOW_PREVALENCE_B016,MLCC_X7R,leakage_ua,SIM_X7R_10N_50V,healthy_settling,healthy_settling,False,True,False,,,0.0124913960521,0.0131975761147,False,False,False,0.12,synthetic,True
MLCC_LOW_PREVALENCE_C001351,MLCC_LOW_PREVALENCE_B016,MLCC_X7R,leakage_ua,SIM_X7R_10N_50V,healthy_settling,healthy_settling,False,True,False,,,0.0132812188346,0.0131665038655,False,False,False,0.12,synthetic,True
MLCC_LOW_PREVALENCE_C001370,MLCC_LOW_PREVALENCE_B016,MLCC_X7R,leakage_ua,SIM_X7R_10N_50V,healthy_settling,healthy_settling,False,True,False,,,0.00780145045356,0.00795243413381,False,False,False,0.12,synthetic,True
MLCC_LOW_PREVALENCE_C001410,MLCC_LOW_PREVALENCE_B016,MLCC_X7R,leakage_ua,SIM_X7R_10N_50V,healthy_settling,healthy_settling,False,True,False,,,0.0177436131666,0.017634353071,False,False,False,0.12,synthetic,True
MLCC_LOW_PREVALENCE_C001434,MLCC_LOW_PREVALENCE_B016,MLCC_X7R,leakage_ua,SIM_X7R_10N_50V,ordinary_noise,ordinary_noise,False,True,False,,,0.0146071718698,0.0151752208262,False,False,False,0.12,synthetic,True
MLCC_LOW_PREVALENCE_C001450,MLCC_LOW_PREVALENCE_B016,MLCC_X7R,leakage_ua,SIM_X7R_10N_50V,healthy_settling,healthy_settling,False,True,False,,,0.0183680778639,0.0178251172498,False,False,False,0.12,synthetic,True
MLCC_LOW_PREVALENCE_C001475,MLCC_LOW_PREVALENCE_B016,MLCC_X7R,leakage_ua,SIM_X7R_10N_50V,healthy_settling,healthy_settling,False,True,False,,,0.0133503381588,0.0133270194441,False,False,False,0.12,synthetic,True
MLCC_LOW_PREVALENCE_C001478,MLCC_LOW_PREVALENCE_B016,MLCC_X7R,leakage_ua,SIM_X7R_10N_50V,healthy_settling,healthy_settling,False,True,False,,,0.0123123256674,0.0133106512325,False,False,False,0.12,synthetic,True
MLCC_LOW_PREVALENCE_C001497,MLCC_LOW_PREVALENCE_B016,MLCC_X7R,leakage_ua,SIM_X7R_10N_50V,healthy_settling,healthy_settling,False,True,False,,,0.0164262685709,0.0175106526992,False,False,False,0.12,synthetic,True
MLCC_LOW_PREVALENCE_C001498,MLCC_LOW_PREVALENCE_B016,MLCC_X7R,leakage_ua,SIM_X7R_10N_50V,healthy_settling,healthy_settling,False,True,False,,,0.0205612224557,0.0209757914707,False,False,False,0.12,synthetic,True
MLCC_LOW_PREVALENCE_C001524,MLCC_LOW_PREVALENCE_B016,MLCC_X7R,leakage_ua,SIM_X7R_10N_50V,healthy_settling,healthy_settling,False,True,False,,,0.0149258530521,0.0148323790103,False,False,False,0.12,synthetic,True
MLCC_LOW_PREVALENCE_C001526,MLCC_LOW_PREVALENCE_B016,MLCC_X7R,leakage_ua,SIM_X7R_10N_50V,healthy_settling,healthy_settling,False,True,False,,,0.0175378744174,0.0175350782056,False,False,False,0.12,synthetic,True
MLCC_LOW_PREVALENCE_C001547,MLCC_LOW_PREVALENCE_B016,MLCC_X7R,leakage_ua,SIM_X7R_10N_50V,healthy_settling,healthy_settling,False,True,False,,,0.0175728209874,0.0172334180447,False,False,False,0.12,synthetic,True
MLCC_LOW_PREVALENCE_C001560,MLCC_LOW_PREVALENCE_B016,MLCC_X7R,leakage_ua,SIM_X7R_10N_50V,healthy_settling,healthy_settling,False,True,False,,,0.0174356743512,0.0171451956452,False,False,False,0.12,synthetic,True
MLCC_LOW_PREVALENCE_C001571,MLCC_LOW_PREVALENCE_B016,MLCC_X7R,leakage_ua,SIM_X7R_10N_50V,healthy_settling,healthy_settling,False,True,False,,,0.0247665408314,0.0249550386396,False,False,False,0.12,synthetic,True
MLCC_LOW_PREVALENCE_C001573,MLCC_LOW_PREVALENCE_B016,MLCC_X7R,leakage_ua,SIM_X7R_10N_50V,healthy_settling,healthy_settling,False,True,False,,,0.01521538831,0.0153431185149,False,False,False,0.12,synthetic,True
MLCC_LOW_PREVALENCE_C001599,MLCC_LOW_PREVALENCE_B016,MLCC_X7R,leakage_ua,SIM_X7R_10N_50V,healthy_settling,healthy_settling,False,True,False,,,0.0144841109453,0.0141449449004,False,False,False,0.12,synthetic,True
MLCC_LOW_PREVALENCE_C001607,MLCC_LOW_PREVALENCE_B016,MLCC_X7R,leakage_ua,SIM_X7R_10N_50V,ordinary_noise,ordinary_noise,False,True,False,,,0.00956554363233,0.0105213899272,False,False,False,0.12,synthetic,True
MLCC_LOW_PREVALENCE_C001633,MLCC_LOW_PREVALENCE_B016,MLCC_X7R,leakage_ua,SIM_X7R_10N_50V,healthy_settling,healthy_settling,False,True,False,,,0.0203309371548,0.0197774110604,False,False,False,0.12,synthetic,True
MLCC_LOW_PREVALENCE_C001695,MLCC_LOW_PREVALENCE_B016,MLCC_X7R,leakage_ua,SIM_X7R_10N_50V,healthy_settling,healthy_settling,False,True,False,,,0.014018390027,0.0141193246753,False,False,False,0.12,synthetic,True
MLCC_LOW_PREVALENCE_C001728,MLCC_LOW_PREVALENCE_B016,MLCC_X7R,leakage_ua,SIM_X7R_10N_50V,ordinary_noise,ordinary_noise,False,True,False,,,0.0235029302343,0.022684915429,False,False,False,0.12,synthetic,True
MLCC_LOW_PREVALENCE_C001739,MLCC_LOW_PREVALENCE_B016,MLCC_X7R,leakage_ua,SIM_X7R_10N_50V,healthy_settling,healthy_settling,False,True,False,,,0.0204645071398,0.0207500173938,False,False,False,0.12,synthetic,True
MLCC_LOW_PREVALENCE_C001741,MLCC_LOW_PREVALENCE_B016,MLCC_X7R,leakage_ua,SIM_X7R_10N_50V,healthy_settling,healthy_settling,False,True,False,,,0.0122669430514,0.0125895894278,False,False,False,0.12,synthetic,True
MLCC_LOW_PREVALENCE_C001742,MLCC_LOW_PREVALENCE_B016,MLCC_X7R,leakage_ua,SIM_X7R_10N_50V,healthy_settling,healthy_settling,False,True,False,,,0.0179494089322,0.0173242836838,False,False,False,0.12,synthetic,True
MLCC_LOW_PREVALENCE_C001744,MLCC_LOW_PREVALENCE_B016,MLCC_X7R,leakage_ua,SIM_X7R_10N_50V,ordinary_noise,ordinary_noise,False,True,False,,,0.0106449700209,0.0113627411293,False,False,False,0.12,synthetic,True
MLCC_LOW_PREVALENCE_C001758,MLCC_LOW_PREVALENCE_B016,MLCC_X7R,leakage_ua,SIM_X7R_10N_50V,healthy_settling,healthy_settling,False,True,False,,,0.0146153078424,0.0145738743985,False,False,False,0.12,synthetic,True
MLCC_LOW_PREVALENCE_C001760,MLCC_LOW_PREVALENCE_B016,MLCC_X7R,leakage_ua,SIM_X7R_10N_50V,healthy_settling,healthy_settling,False,True,False,,,0.0134946368749,0.012910680116,False,False,False,0.12,synthetic,True
MLCC_LOW_PREVALENCE_C001767,MLCC_LOW_PREVALENCE_B016,MLCC_X7R,leakage_ua,SIM_X7R_10N_50V,ordinary_noise,ordinary_noise,False,True,False,,,0.0147629953457,0.0128899496675,False,False,False,0.12,synthetic,True
MLCC_LOW_PREVALENCE_C001790,MLCC_LOW_PREVALENCE_B016,MLCC_X7R,leakage_ua,SIM_X7R_10N_50V,healthy_settling,healthy_settling,False,True,False,,,0.00988150994306,0.009801354614,False,False,False,0.12,synthetic,True
MLCC_LOW_PREVALENCE_C001827,MLCC_LOW_PREVALENCE_B016,MLCC_X7R,leakage_ua,SIM_X7R_10N_50V,ordinary_noise,ordinary_noise,False,True,False,,,0.0123180152859,0.0118112890866,False,False,False,0.12,synthetic,True
MLCC_LOW_PREVALENCE_C001833,MLCC_LOW_PREVALENCE_B016,MLCC_X7R,leakage_ua,SIM_X7R_10N_50V,ordinary_noise,ordinary_noise,False,True,False,,,0.0135571237719,0.0154004406132,False,False,False,0.12,synthetic,True
MLCC_LOW_PREVALENCE_C001844,MLCC_LOW_PREVALENCE_B016,MLCC_X7R,leakage_ua,SIM_X7R_10N_50V,healthy_settling,healthy_settling,False,True,False,,,0.00699606795258,0.00702598848254,False,False,False,0.12,synthetic,True
MLCC_LOW_PREVALENCE_C001929,MLCC_LOW_PREVALENCE_B016,MLCC_X7R,leakage_ua,SIM_X7R_10N_50V,healthy_settling,healthy_settling,False,True,False,,,0.0143137627628,0.0142421007966,False,False,False,0.12,synthetic,True
MLCC_LOW_PREVALENCE_C001940,MLCC_LOW_PREVALENCE_B016,MLCC_X7R,leakage_ua,SIM_X7R_10N_50V,healthy_settling,healthy_settling,False,True,False,,,0.0201957704574,0.0199827572674,False,False,False,0.12,synthetic,True
MLCC_LOW_PREVALENCE_C001959,MLCC_LOW_PREVALENCE_B016,MLCC_X7R,leakage_ua,SIM_X7R_10N_50V,healthy_settling,healthy_settling,False,True,False,,,0.0210967753418,0.0208868762739,False,False,False,0.12,synthetic,True
MLCC_LOW_PREVALENCE_C001968,MLCC_LOW_PREVALENCE_B016,MLCC_X7R,leakage_ua,SIM_X7R_10N_50V,healthy_settling,healthy_settling,False,True,False,,,0.0111676853848,0.0110477588478,False,False,False,0.12,synthetic,True
MLCC_LOW_PREVALENCE_C001969,MLCC_LOW_PREVALENCE_B016,MLCC_X7R,leakage_ua,SIM_X7R_10N_50V,ordinary_noise,ordinary_noise,False,True,False,,,0.018298905291,0.0184517611007,False,False,False,0.12,synthetic,True
MLCC_LOW_PREVALENCE_C000027,MLCC_LOW_PREVALENCE_B017,MLCC_X7R,leakage_ua,SIM_X7R_10N_50V,healthy_settling,healthy_settling,False,True,False,,,0.00988096095024,0.0101708157044,False,False,False,0.12,synthetic,True
MLCC_LOW_PREVALENCE_C000032,MLCC_LOW_PREVALENCE_B017,MLCC_X7R,leakage_ua,SIM_X7R_10N_50V,healthy_settling,healthy_settling,False,True,False,,,0.0263874589936,0.0259955690435,False,False,False,0.12,synthetic,True
MLCC_LOW_PREVALENCE_C000061,MLCC_LOW_PREVALENCE_B017,MLCC_X7R,leakage_ua,SIM_X7R_10N_50V,healthy_settling,healthy_settling,False,True,False,,,0.0073232287171,0.00733928435014,False,False,False,0.12,synthetic,True
MLCC_LOW_PREVALENCE_C000070,MLCC_LOW_PREVALENCE_B017,MLCC_X7R,leakage_ua,SIM_X7R_10N_50V,healthy_settling,healthy_settling,False,True,False,,,0.0252941412973,0.0257555410054,False,False,False,0.12,synthetic,True
MLCC_LOW_PREVALENCE_C000078,MLCC_LOW_PREVALENCE_B017,MLCC_X7R,leakage_ua,SIM_X7R_10N_50V,healthy_settling,healthy_settling,False,True,False,,,0.0122838424159,0.0122559563235,False,False,False,0.12,synthetic,True
MLCC_LOW_PREVALENCE_C000079,MLCC_LOW_PREVALENCE_B017,MLCC_X7R,leakage_ua,SIM_X7R_10N_50V,healthy_settling,healthy_settling,False,True,False,,,0.0138594263958,0.0142295823937,False,False,False,0.12,synthetic,True
MLCC_LOW_PREVALENCE_C000112,MLCC_LOW_PREVALENCE_B017,MLCC_X7R,leakage_ua,SIM_X7R_10N_50V,healthy_settling,healthy_settling,False,True,False,,,0.01551189514,0.0157471573255,False,False,False,0.12,synthetic,True
MLCC_LOW_PREVALENCE_C000164,MLCC_LOW_PREVALENCE_B017,MLCC_X7R,leakage_ua,SIM_X7R_10N_50V,healthy_settling,healthy_settling,False,True,False,,,0.0197132979745,0.0193752706493,False,False,False,0.12,synthetic,True
MLCC_LOW_PREVALENCE_C000181,MLCC_LOW_PREVALENCE_B017,MLCC_X7R,leakage_ua,SIM_X7R_10N_50V,healthy_settling,healthy_settling,False,True,False,,,0.0114546107037,0.0115036940021,False,False,False,0.12,synthetic,True
MLCC_LOW_PREVALENCE_C000184,MLCC_LOW_PREVALENCE_B017,MLCC_X7R,leakage_ua,SIM_X7R_10N_50V,healthy_settling,healthy_settling,False,True,False,,,0.0176516296459,0.017842088145,False,False,False,0.12,synthetic,True
MLCC_LOW_PREVALENCE_C000190,MLCC_LOW_PREVALENCE_B017,MLCC_X7R,leakage_ua,SIM_X7R_10N_50V,healthy_settling,healthy_settling,False,True,False,,,0.0127396261925,0.0131911069278,False,False,False,0.12,synthetic,True
MLCC_LOW_PREVALENCE_C000218,MLCC_LOW_PREVALENCE_B017,MLCC_X7R,leakage_ua,SIM_X7R_10N_50V,healthy_settling,healthy_settling,False,True,False,,,0.0174988190573,0.0184026152233,False,False,False,0.12,synthetic,True
MLCC_LOW_PREVALENCE_C000222,MLCC_LOW_PREVALENCE_B017,MLCC_X7R,leakage_ua,SIM_X7R_10N_50V,ordinary_noise,ordinary_noise,False,True,False,,,0.00892067948422,0.00842043580412,False,False,False,0.12,synthetic,True
MLCC_LOW_PREVALENCE_C000232,MLCC_LOW_PREVALENCE_B017,MLCC_X7R,leakage_ua,SIM_X7R_10N_50V,healthy_settling,healthy_settling,False,True,False,,,0.0113876762667,0.0113143346442,False,False,False,0.12,synthetic,True
MLCC_LOW_PREVALENCE_C000244,MLCC_LOW_PREVALENCE_B017,MLCC_X7R,leakage_ua,SIM_X7R_10N_50V,healthy_settling,healthy_settling,False,True,False,,,0.012665989282,0.0124273686021,False,False,False,0.12,synthetic,True
MLCC_LOW_PREVALENCE_C000260,MLCC_LOW_PREVALENCE_B017,MLCC_X7R,leakage_ua,SIM_X7R_10N_50V,healthy_settling,healthy_settling,False,True,False,,,0.0236141405401,0.0242774264684,False,False,False,0.12,synthetic,True
MLCC_LOW_PREVALENCE_C000336,MLCC_LOW_PREVALENCE_B017,MLCC_X7R,leakage_ua,SIM_X7R_10N_50V,healthy_settling,healthy_settling,False,True,False,,,0.00935094316188,0.00911101629914,False,False,False,0.12,synthetic,True
MLCC_LOW_PREVALENCE_C000339,MLCC_LOW_PREVALENCE_B017,MLCC_X7R,leakage_ua,SIM_X7R_10N_50V,ordinary_noise,ordinary_noise,False,True,False,,,0.0124556283713,0.0138508574486,False,False,False,0.12,synthetic,True
MLCC_LOW_PREVALENCE_C000357,MLCC_LOW_PREVALENCE_B017,MLCC_X7R,leakage_ua,SIM_X7R_10N_50V,ordinary_noise,ordinary_noise,False,True,False,,,0.00954572503654,0.0107825096607,False,False,False,0.12,synthetic,True
MLCC_LOW_PREVALENCE_C000378,MLCC_LOW_PREVALENCE_B017,MLCC_X7R,leakage_ua,SIM_X7R_10N_50V,healthy_settling,healthy_settling,False,True,False,,,0.0119907615008,0.0120771855464,False,False,False,0.12,synthetic,True
MLCC_LOW_PREVALENCE_C000412,MLCC_LOW_PREVALENCE_B017,MLCC_X7R,leakage_ua,SIM_X7R_10N_50V,healthy_settling,healthy_settling,False,True,False,,,0.0128656479247,0.0130222778593,False,False,False,0.12,synthetic,True
MLCC_LOW_PREVALENCE_C000442,MLCC_LOW_PREVALENCE_B017,MLCC_X7R,leakage_ua,SIM_X7R_10N_50V,healthy_settling,healthy_settling,False,True,False,,,0.0235691704843,0.023365687555,False,False,False,0.12,synthetic,True
MLCC_LOW_PREVALENCE_C000454,MLCC_LOW_PREVALENCE_B017,MLCC_X7R,leakage_ua,SIM_X7R_10N_50V,healthy_settling,healthy_settling,False,True,False,,,0.0121063927933,0.0120202817831,False,False,False,0.12,synthetic,True
MLCC_LOW_PREVALENCE_C000460,MLCC_LOW_PREVALENCE_B017,MLCC_X7R,leakage_ua,SIM_X7R_10N_50V,healthy_settling,healthy_settling,False,True,False,,,0.0149132204459,0.0147914849214,False,False,False,0.12,synthetic,True
MLCC_LOW_PREVALENCE_C000468,MLCC_LOW_PREVALENCE_B017,MLCC_X7R,leakage_ua,SIM_X7R_10N_50V,healthy_settling,healthy_settling,False,True,False,,,0.0101971394209,0.0100959900614,False,False,False,0.12,synthetic,True
MLCC_LOW_PREVALENCE_C000479,MLCC_LOW_PREVALENCE_B017,MLCC_X7R,leakage_ua,SIM_X7R_10N_50V,healthy_settling,healthy_settling,False,True,False,,,0.0231955025223,0.0234496816682,False,False,False,0.12,synthetic,True
MLCC_LOW_PREVALENCE_C000489,MLCC_LOW_PREVALENCE_B017,MLCC_X7R,leakage_ua,SIM_X7R_10N_50V,healthy_settling,healthy_settling,False,True,False,,,0.0105561211793,0.0103601518796,False,False,False,0.12,synthetic,True
MLCC_LOW_PREVALENCE_C000497,MLCC_LOW_PREVALENCE_B017,MLCC_X7R,leakage_ua,SIM_X7R_10N_50V,healthy_settling,healthy_settling,False,True,False,,,0.0160036610163,0.0160178058923,False,False,False,0.12,synthetic,True
MLCC_LOW_PREVALENCE_C000499,MLCC_LOW_PREVALENCE_B017,MLCC_X7R,leakage_ua,SIM_X7R_10N_50V,healthy_settling,healthy_settling,False,True,False,,,0.0160257232602,0.0151694703367,False,False,False,0.12,synthetic,True
MLCC_LOW_PREVALENCE_C000505,MLCC_LOW_PREVALENCE_B017,MLCC_X7R,leakage_ua,SIM_X7R_10N_50V,healthy_settling,healthy_settling,False,True,False,,,0.00950861456738,0.00986022765407,False,False,False,0.12,synthetic,True
MLCC_LOW_PREVALENCE_C000512,MLCC_LOW_PREVALENCE_B017,MLCC_X7R,leakage_ua,SIM_X7R_10N_50V,healthy_settling,healthy_settling,False,True,False,,,0.0130574133297,0.0127850527439,False,False,False,0.12,synthetic,True
MLCC_LOW_PREVALENCE_C000513,MLCC_LOW_PREVALENCE_B017,MLCC_X7R,leakage_ua,SIM_X7R_10N_50V,healthy_settling,healthy_settling,False,True,False,,,0.0264841521869,0.026504880725,False,False,False,0.12,synthetic,True
MLCC_LOW_PREVALENCE_C000528,MLCC_LOW_PREVALENCE_B017,MLCC_X7R,leakage_ua,SIM_X7R_10N_50V,healthy_settling,healthy_settling,False,True,False,,,0.0164984335919,0.0151058547712,False,False,False,0.12,synthetic,True
MLCC_LOW_PREVALENCE_C000537,MLCC_LOW_PREVALENCE_B017,MLCC_X7R,leakage_ua,SIM_X7R_10N_50V,healthy_settling,healthy_settling,False,True,False,,,0.013749558658,0.0138515523616,False,False,False,0.12,synthetic,True
MLCC_LOW_PREVALENCE_C000593,MLCC_LOW_PREVALENCE_B017,MLCC_X7R,leakage_ua,SIM_X7R_10N_50V,ordinary_noise,ordinary_noise,False,True,False,,,0.0128292107242,0.0129063711307,False,False,False,0.12,synthetic,True
MLCC_LOW_PREVALENCE_C000615,MLCC_LOW_PREVALENCE_B017,MLCC_X7R,leakage_ua,SIM_X7R_10N_50V,healthy_settling,healthy_settling,False,True,False,,,0.0105032491957,0.0105504957216,False,False,False,0.12,synthetic,True
MLCC_LOW_PREVALENCE_C000620,MLCC_LOW_PREVALENCE_B017,MLCC_X7R,leakage_ua,SIM_X7R_10N_50V,healthy_settling,healthy_settling,False,True,False,,,0.0149947753011,0.0139941096913,False,False,False,0.12,synthetic,True
MLCC_LOW_PREVALENCE_C000638,MLCC_LOW_PREVALENCE_B017,MLCC_X7R,leakage_ua,SIM_X7R_10N_50V,ordinary_noise,ordinary_noise,False,True,False,,,0.0126609601584,0.0128329861296,False,False,False,0.12,synthetic,True
MLCC_LOW_PREVALENCE_C000641,MLCC_LOW_PREVALENCE_B017,MLCC_X7R,leakage_ua,SIM_X7R_10N_50V,ordinary_noise,ordinary_noise,False,True,False,,,0.0115410142364,0.0115815802628,False,False,False,0.12,synthetic,True
MLCC_LOW_PREVALENCE_C000710,MLCC_LOW_PREVALENCE_B017,MLCC_X7R,leakage_ua,SIM_X7R_10N_50V,ordinary_noise,ordinary_noise,False,True,False,,,0.0114243286158,0.0132568442247,False,False,False,0.12,synthetic,True
MLCC_LOW_PREVALENCE_C000715,MLCC_LOW_PREVALENCE_B017,MLCC_X7R,leakage_ua,SIM_X7R_10N_50V,healthy_settling,healthy_settling,False,True,False,,,0.0129744776913,0.0130952998201,False,False,False,0.12,synthetic,True
MLCC_LOW_PREVALENCE_C000720,MLCC_LOW_PREVALENCE_B017,MLCC_X7R,leakage_ua,SIM_X7R_10N_50V,healthy_settling,healthy_settling,False,True,False,,,0.0197692830876,0.0192772723925,False,False,False,0.12,synthetic,True
MLCC_LOW_PREVALENCE_C000742,MLCC_LOW_PREVALENCE_B017,MLCC_X7R,leakage_ua,SIM_X7R_10N_50V,healthy_settling,healthy_settling,False,True,False,,,0.0112272364195,0.0111956789642,False,False,False,0.12,synthetic,True
MLCC_LOW_PREVALENCE_C000770,MLCC_LOW_PREVALENCE_B017,MLCC_X7R,leakage_ua,SIM_X7R_10N_50V,healthy_settling,healthy_settling,False,True,False,,,0.00890512711075,0.00884992623003,False,False,False,0.12,synthetic,True
MLCC_LOW_PREVALENCE_C000791,MLCC_LOW_PREVALENCE_B017,MLCC_X7R,leakage_ua,SIM_X7R_10N_50V,healthy_settling,healthy_settling,False,True,False,,,0.0116670437597,0.0120919190279,False,False,False,0.12,synthetic,True
MLCC_LOW_PREVALENCE_C000799,MLCC_LOW_PREVALENCE_B017,MLCC_X7R,leakage_ua,SIM_X7R_10N_50V,healthy_settling,healthy_settling,False,True,False,,,0.0145542055621,0.0142562428939,False,False,False,0.12,synthetic,True
MLCC_LOW_PREVALENCE_C000808,MLCC_LOW_PREVALENCE_B017,MLCC_X7R,leakage_ua,SIM_X7R_10N_50V,ordinary_noise,ordinary_noise,False,True,False,,,0.0110722608111,0.0115737130875,False,False,False,0.12,synthetic,True
MLCC_LOW_PREVALENCE_C000813,MLCC_LOW_PREVALENCE_B017,MLCC_X7R,leakage_ua,SIM_X7R_10N_50V,healthy_settling,healthy_settling,False,True,False,,,0.0131208943066,0.0133438607459,False,False,False,0.12,synthetic,True
MLCC_LOW_PREVALENCE_C000824,MLCC_LOW_PREVALENCE_B017,MLCC_X7R,leakage_ua,SIM_X7R_10N_50V,moisture_associated_history,moisture_associated_history,True,False,False,48,,0.0739298689671,0.0734806300184,False,False,False,0.12,synthetic,True
MLCC_LOW_PREVALENCE_C000848,MLCC_LOW_PREVALENCE_B017,MLCC_X7R,leakage_ua,SIM_X7R_10N_50V,healthy_settling,healthy_settling,False,True,False,,,0.0117367540347,0.0113467589197,False,False,False,0.12,synthetic,True
MLCC_LOW_PREVALENCE_C000865,MLCC_LOW_PREVALENCE_B017,MLCC_X7R,leakage_ua,SIM_X7R_10N_50V,healthy_settling,healthy_settling,False,True,False,,,0.0190967103929,0.0195936570132,False,False,False,0.12,synthetic,True
MLCC_LOW_PREVALENCE_C000870,MLCC_LOW_PREVALENCE_B017,MLCC_X7R,leakage_ua,SIM_X7R_10N_50V,ordinary_noise,ordinary_noise,False,True,False,,,0.0166861428954,0.0201435005771,False,False,False,0.12,synthetic,True
MLCC_LOW_PREVALENCE_C000902,MLCC_LOW_PREVALENCE_B017,MLCC_X7R,leakage_ua,SIM_X7R_10N_50V,ordinary_noise,ordinary_noise,False,True,False,,,0.0140110043263,0.0135889569694,False,False,False,0.12,synthetic,True
MLCC_LOW_PREVALENCE_C000937,MLCC_LOW_PREVALENCE_B017,MLCC_X7R,leakage_ua,SIM_X7R_10N_50V,healthy_settling,healthy_settling,False,True,False,,,0.011690088401,0.0114135652075,False,False,False,0.12,synthetic,True
MLCC_LOW_PREVALENCE_C000987,MLCC_LOW_PREVALENCE_B017,MLCC_X7R,leakage_ua,SIM_X7R_10N_50V,healthy_settling,healthy_settling,False,True,False,,,0.0161075515642,0.0160591793372,False,False,False,0.12,synthetic,True
MLCC_LOW_PREVALENCE_C000994,MLCC_LOW_PREVALENCE_B017,MLCC_X7R,leakage_ua,SIM_X7R_10N_50V,healthy_settling,healthy_settling,False,True,False,,,0.0165881850369,0.0171854319899,False,False,False,0.12,synthetic,True
MLCC_LOW_PREVALENCE_C001006,MLCC_LOW_PREVALENCE_B017,MLCC_X7R,leakage_ua,SIM_X7R_10N_50V,healthy_settling,healthy_settling,False,True,False,,,0.0220932553867,0.0215328519717,False,False,False,0.12,synthetic,True
MLCC_LOW_PREVALENCE_C001024,MLCC_LOW_PREVALENCE_B017,MLCC_X7R,leakage_ua,SIM_X7R_10N_50V,healthy_settling,healthy_settling,False,True,False,,,0.00997399264153,0.0101021346883,False,False,False,0.12,synthetic,True
MLCC_LOW_PREVALENCE_C001051,MLCC_LOW_PREVALENCE_B017,MLCC_X7R,leakage_ua,SIM_X7R_10N_50V,healthy_settling,healthy_settling,False,True,False,,,0.00893773820565,0.00946193597407,False,False,False,0.12,synthetic,True
MLCC_LOW_PREVALENCE_C001060,MLCC_LOW_PREVALENCE_B017,MLCC_X7R,leakage_ua,SIM_X7R_10N_50V,healthy_settling,healthy_settling,False,True,False,,,0.014480681663,0.0138703392525,False,False,False,0.12,synthetic,True
MLCC_LOW_PREVALENCE_C001117,MLCC_LOW_PREVALENCE_B017,MLCC_X7R,leakage_ua,SIM_X7R_10N_50V,ordinary_noise,ordinary_noise,False,True,False,,,0.012057998601,0.0126913974634,False,False,False,0.12,synthetic,True
MLCC_LOW_PREVALENCE_C001122,MLCC_LOW_PREVALENCE_B017,MLCC_X7R,leakage_ua,SIM_X7R_10N_50V,healthy_settling,healthy_settling,False,True,False,,,0.0136145430987,0.0138941059272,False,False,False,0.12,synthetic,True
MLCC_LOW_PREVALENCE_C001150,MLCC_LOW_PREVALENCE_B017,MLCC_X7R,leakage_ua,SIM_X7R_10N_50V,healthy_settling,healthy_settling,False,True,False,,,0.0185448292216,0.0191501474907,False,False,False,0.12,synthetic,True
MLCC_LOW_PREVALENCE_C001165,MLCC_LOW_PREVALENCE_B017,MLCC_X7R,leakage_ua,SIM_X7R_10N_50V,healthy_settling,healthy_settling,False,True,False,,,0.0183994611182,0.0183571075917,False,False,False,0.12,synthetic,True
MLCC_LOW_PREVALENCE_C001180,MLCC_LOW_PREVALENCE_B017,MLCC_X7R,leakage_ua,SIM_X7R_10N_50V,healthy_settling,healthy_settling,False,True,False,,,0.0160449471331,0.0155187010844,False,False,False,0.12,synthetic,True
MLCC_LOW_PREVALENCE_C001181,MLCC_LOW_PREVALENCE_B017,MLCC_X7R,leakage_ua,SIM_X7R_10N_50V,healthy_settling,healthy_settling,False,True,False,,,0.0138475310203,0.0137713379865,False,False,False,0.12,synthetic,True
MLCC_LOW_PREVALENCE_C001204,MLCC_LOW_PREVALENCE_B017,MLCC_X7R,leakage_ua,SIM_X7R_10N_50V,healthy_settling,healthy_settling,False,True,False,,,0.0175813493857,0.017457044623,False,False,False,0.12,synthetic,True
MLCC_LOW_PREVALENCE_C001253,MLCC_LOW_PREVALENCE_B017,MLCC_X7R,leakage_ua,SIM_X7R_10N_50V,healthy_settling,healthy_settling,False,True,False,,,0.00966611510754,0.00982470594955,False,False,False,0.12,synthetic,True
MLCC_LOW_PREVALENCE_C001324,MLCC_LOW_PREVALENCE_B017,MLCC_X7R,leakage_ua,SIM_X7R_10N_50V,healthy_settling,healthy_settling,False,True,False,,,0.0077093066762,0.00724864063207,False,False,False,0.12,synthetic,True
MLCC_LOW_PREVALENCE_C001335,MLCC_LOW_PREVALENCE_B017,MLCC_X7R,leakage_ua,SIM_X7R_10N_50V,healthy_settling,healthy_settling,False,True,False,,,0.00887771724848,0.00881658439613,False,False,False,0.12,synthetic,True
MLCC_LOW_PREVALENCE_C001340,MLCC_LOW_PREVALENCE_B017,MLCC_X7R,leakage_ua,SIM_X7R_10N_50V,healthy_settling,healthy_settling,False,True,False,,,0.0116021330072,0.0127107282482,False,False,False,0.12,synthetic,True
MLCC_LOW_PREVALENCE_C001346,MLCC_LOW_PREVALENCE_B017,MLCC_X7R,leakage_ua,SIM_X7R_10N_50V,healthy_settling,healthy_settling,False,True,False,,,0.0188926131667,0.0191320106381,False,False,False,0.12,synthetic,True
MLCC_LOW_PREVALENCE_C001349,MLCC_LOW_PREVALENCE_B017,MLCC_X7R,leakage_ua,SIM_X7R_10N_50V,healthy_settling,healthy_settling,False,True,False,,,0.0206886666907,0.0198710427488,False,False,False,0.12,synthetic,True
MLCC_LOW_PREVALENCE_C001354,MLCC_LOW_PREVALENCE_B017,MLCC_X7R,leakage_ua,SIM_X7R_10N_50V,healthy_settling,healthy_settling,False,True,False,,,0.016466848696,0.0164434691875,False,False,False,0.12,synthetic,True
MLCC_LOW_PREVALENCE_C001361,MLCC_LOW_PREVALENCE_B017,MLCC_X7R,leakage_ua,SIM_X7R_10N_50V,healthy_settling,healthy_settling,False,True,False,,,0.0128944975793,0.0129224504538,False,False,False,0.12,synthetic,True
MLCC_LOW_PREVALENCE_C001401,MLCC_LOW_PREVALENCE_B017,MLCC_X7R,leakage_ua,SIM_X7R_10N_50V,healthy_settling,healthy_settling,False,True,False,,,0.0151377110121,0.0146709395227,False,False,False,0.12,synthetic,True
MLCC_LOW_PREVALENCE_C001453,MLCC_LOW_PREVALENCE_B017,MLCC_X7R,leakage_ua,SIM_X7R_10N_50V,healthy_settling,healthy_settling,False,True,False,,,0.0168434060019,0.0189101954492,False,False,False,0.12,synthetic,True
MLCC_LOW_PREVALENCE_C001454,MLCC_LOW_PREVALENCE_B017,MLCC_X7R,leakage_ua,SIM_X7R_10N_50V,healthy_settling,healthy_settling,False,True,False,,,0.0102987674321,0.0102522026795,False,False,False,0.12,synthetic,True
MLCC_LOW_PREVALENCE_C001458,MLCC_LOW_PREVALENCE_B017,MLCC_X7R,leakage_ua,SIM_X7R_10N_50V,healthy_settling,healthy_settling,False,True,False,,,0.0120053445091,0.0119643699896,False,False,False,0.12,synthetic,True
MLCC_LOW_PREVALENCE_C001467,MLCC_LOW_PREVALENCE_B017,MLCC_X7R,leakage_ua,SIM_X7R_10N_50V,healthy_settling,healthy_settling,False,True,False,,,0.0167062881499,0.016771470942,False,False,False,0.12,synthetic,True
MLCC_LOW_PREVALENCE_C001482,MLCC_LOW_PREVALENCE_B017,MLCC_X7R,leakage_ua,SIM_X7R_10N_50V,healthy_settling,healthy_settling,False,True,False,,,0.0160121797679,0.0165042390395,False,False,False,0.12,synthetic,True
MLCC_LOW_PREVALENCE_C001489,MLCC_LOW_PREVALENCE_B017,MLCC_X7R,leakage_ua,SIM_X7R_10N_50V,healthy_settling,healthy_settling,False,True,False,,,0.0202268441146,0.0199228426473,False,False,False,0.12,synthetic,True
MLCC_LOW_PREVALENCE_C001534,MLCC_LOW_PREVALENCE_B017,MLCC_X7R,leakage_ua,SIM_X7R_10N_50V,ordinary_noise,ordinary_noise,False,True,False,,,0.0144934288391,0.0152864632046,False,False,False,0.12,synthetic,True
MLCC_LOW_PREVALENCE_C001581,MLCC_LOW_PREVALENCE_B017,MLCC_X7R,leakage_ua,SIM_X7R_10N_50V,healthy_settling,healthy_settling,False,True,False,,,0.0290147624291,0.0303411606928,False,False,False,0.12,synthetic,True
MLCC_LOW_PREVALENCE_C001659,MLCC_LOW_PREVALENCE_B017,MLCC_X7R,leakage_ua,SIM_X7R_10N_50V,healthy_settling,healthy_settling,False,True,False,,,0.0106672405041,0.0101491003371,False,False,False,0.12,synthetic,True
MLCC_LOW_PREVALENCE_C001702,MLCC_LOW_PREVALENCE_B017,MLCC_X7R,leakage_ua,SIM_X7R_10N_50V,ordinary_noise,ordinary_noise,False,True,False,,,0.00941838848041,0.00921801042096,False,False,False,0.12,synthetic,True
MLCC_LOW_PREVALENCE_C001713,MLCC_LOW_PREVALENCE_B017,MLCC_X7R,leakage_ua,SIM_X7R_10N_50V,healthy_settling,healthy_settling,False,True,False,,,0.00941599390288,0.00941478685706,False,False,False,0.12,synthetic,True
MLCC_LOW_PREVALENCE_C001718,MLCC_LOW_PREVALENCE_B017,MLCC_X7R,leakage_ua,SIM_X7R_10N_50V,healthy_settling,healthy_settling,False,True,False,,,0.011358470568,0.011570933791,False,False,False,0.12,synthetic,True
MLCC_LOW_PREVALENCE_C001721,MLCC_LOW_PREVALENCE_B017,MLCC_X7R,leakage_ua,SIM_X7R_10N_50V,healthy_settling,healthy_settling,False,True,False,,,0.0082641597561,0.00832247494678,False,False,False,0.12,synthetic,True
MLCC_LOW_PREVALENCE_C001736,MLCC_LOW_PREVALENCE_B017,MLCC_X7R,leakage_ua,SIM_X7R_10N_50V,healthy_settling,healthy_settling,False,True,False,,,0.0205157006151,0.0207482356704,False,False,False,0.12,synthetic,True
MLCC_LOW_PREVALENCE_C001764,MLCC_LOW_PREVALENCE_B017,MLCC_X7R,leakage_ua,SIM_X7R_10N_50V,ordinary_noise,ordinary_noise,False,True,False,,,0.0122496912998,0.0146686842692,False,False,False,0.12,synthetic,True
MLCC_LOW_PREVALENCE_C001791,MLCC_LOW_PREVALENCE_B017,MLCC_X7R,leakage_ua,SIM_X7R_10N_50V,ordinary_noise,ordinary_noise,False,True,False,,,0.0156878944265,0.0153765254679,False,False,False,0.12,synthetic,True
MLCC_LOW_PREVALENCE_C001873,MLCC_LOW_PREVALENCE_B017,MLCC_X7R,leakage_ua,SIM_X7R_10N_50V,ordinary_noise,ordinary_noise,False,True,False,,,0.0132639198547,0.0119778107104,False,False,False,0.12,synthetic,True
MLCC_LOW_PREVALENCE_C001896,MLCC_LOW_PREVALENCE_B017,MLCC_X7R,leakage_ua,SIM_X7R_10N_50V,healthy_settling,healthy_settling,False,True,False,,,0.00714157256051,0.00772923069234,False,False,False,0.12,synthetic,True
MLCC_LOW_PREVALENCE_C001898,MLCC_LOW_PREVALENCE_B017,MLCC_X7R,leakage_ua,SIM_X7R_10N_50V,healthy_settling,healthy_settling,False,True,False,,,0.0210777821844,0.0200937324935,False,False,False,0.12,synthetic,True
MLCC_LOW_PREVALENCE_C001911,MLCC_LOW_PREVALENCE_B017,MLCC_X7R,leakage_ua,SIM_X7R_10N_50V,healthy_settling,healthy_settling,False,True,False,,,0.01128770359,0.0111321770654,False,False,False,0.12,synthetic,True
MLCC_LOW_PREVALENCE_C001928,MLCC_LOW_PREVALENCE_B017,MLCC_X7R,leakage_ua,SIM_X7R_10N_50V,healthy_settling,healthy_settling,False,True,False,,,0.0101496341288,0.0101999322894,False,False,False,0.12,synthetic,True
MLCC_LOW_PREVALENCE_C001951,MLCC_LOW_PREVALENCE_B017,MLCC_X7R,leakage_ua,SIM_X7R_10N_50V,healthy_settling,healthy_settling,False,True,False,,,0.00793552013078,0.00839873635276,False,False,False,0.12,synthetic,True
MLCC_LOW_PREVALENCE_C001957,MLCC_LOW_PREVALENCE_B017,MLCC_X7R,leakage_ua,SIM_X7R_10N_50V,healthy_settling,healthy_settling,False,True,False,,,0.0182792410122,0.0181890744837,False,False,False,0.12,synthetic,True
MLCC_LOW_PREVALENCE_C001980,MLCC_LOW_PREVALENCE_B017,MLCC_X7R,leakage_ua,SIM_X7R_10N_50V,ordinary_noise,ordinary_noise,False,True,False,,,0.0105495604484,0.0111950802509,False,False,False,0.12,synthetic,True
MLCC_LOW_PREVALENCE_C000030,MLCC_LOW_PREVALENCE_B018,MLCC_X7R,leakage_ua,SIM_X7R_4U7_16V,healthy_settling,healthy_settling,False,True,False,,,0.140590438653,0.141232337745,False,False,False,1.3,synthetic,True
MLCC_LOW_PREVALENCE_C000041,MLCC_LOW_PREVALENCE_B018,MLCC_X7R,leakage_ua,SIM_X7R_4U7_16V,healthy_settling,healthy_settling,False,True,False,,,0.0955678188731,0.0967878082538,False,False,False,1.3,synthetic,True
MLCC_LOW_PREVALENCE_C000048,MLCC_LOW_PREVALENCE_B018,MLCC_X7R,leakage_ua,SIM_X7R_4U7_16V,healthy_settling,healthy_settling,False,True,False,,,0.207049447073,0.210604885092,False,False,False,1.3,synthetic,True
MLCC_LOW_PREVALENCE_C000049,MLCC_LOW_PREVALENCE_B018,MLCC_X7R,leakage_ua,SIM_X7R_4U7_16V,ordinary_noise,ordinary_noise,False,True,False,,,0.0804844405144,0.0987330781723,False,False,False,1.3,synthetic,True
MLCC_LOW_PREVALENCE_C000058,MLCC_LOW_PREVALENCE_B018,MLCC_X7R,leakage_ua,SIM_X7R_4U7_16V,healthy_settling,healthy_settling,False,True,False,,,0.165056201965,0.162342826525,False,False,False,1.3,synthetic,True
MLCC_LOW_PREVALENCE_C000066,MLCC_LOW_PREVALENCE_B018,MLCC_X7R,leakage_ua,SIM_X7R_4U7_16V,healthy_settling,healthy_settling,False,True,False,,,0.148593309099,0.148617946294,False,False,False,1.3,synthetic,True
MLCC_LOW_PREVALENCE_C000180,MLCC_LOW_PREVALENCE_B018,MLCC_X7R,leakage_ua,SIM_X7R_4U7_16V,healthy_settling,healthy_settling,False,True,False,,,0.124590302045,0.123525910989,False,False,False,1.3,synthetic,True
MLCC_LOW_PREVALENCE_C000203,MLCC_LOW_PREVALENCE_B018,MLCC_X7R,leakage_ua,SIM_X7R_4U7_16V,ordinary_noise,ordinary_noise,False,True,False,,,0.116529311843,0.118412194041,False,False,False,1.3,synthetic,True
MLCC_LOW_PREVALENCE_C000204,MLCC_LOW_PREVALENCE_B018,MLCC_X7R,leakage_ua,SIM_X7R_4U7_16V,ordinary_noise,ordinary_noise,False,True,False,,,0.15085044017,0.136793477208,False,False,False,1.3,synthetic,True
MLCC_LOW_PREVALENCE_C000210,MLCC_LOW_PREVALENCE_B018,MLCC_X7R,leakage_ua,SIM_X7R_4U7_16V,healthy_settling,healthy_settling,False,True,False,,,0.142793243694,0.146190170683,False,False,False,1.3,synthetic,True
MLCC_LOW_PREVALENCE_C000216,MLCC_LOW_PREVALENCE_B018,MLCC_X7R,leakage_ua,SIM_X7R_4U7_16V,healthy_settling,healthy_settling,False,True,False,,,0.164296049468,0.161143732279,False,False,False,1.3,synthetic,True
MLCC_LOW_PREVALENCE_C000225,MLCC_LOW_PREVALENCE_B018,MLCC_X7R,leakage_ua,SIM_X7R_4U7_16V,healthy_settling,healthy_settling,False,True,False,,,0.10001461774,0.10395249555,False,False,False,1.3,synthetic,True
MLCC_LOW_PREVALENCE_C000302,MLCC_LOW_PREVALENCE_B018,MLCC_X7R,leakage_ua,SIM_X7R_4U7_16V,healthy_settling,healthy_settling,False,True,False,,,0.133985765597,0.137448209981,False,False,False,1.3,synthetic,True
MLCC_LOW_PREVALENCE_C000311,MLCC_LOW_PREVALENCE_B018,MLCC_X7R,leakage_ua,SIM_X7R_4U7_16V,healthy_settling,healthy_settling,False,True,False,,,0.13010583585,0.127789622616,False,False,False,1.3,synthetic,True
MLCC_LOW_PREVALENCE_C000343,MLCC_LOW_PREVALENCE_B018,MLCC_X7R,leakage_ua,SIM_X7R_4U7_16V,ordinary_noise,ordinary_noise,False,True,False,,,0.0939767677778,0.100296296762,False,False,False,1.3,synthetic,True
MLCC_LOW_PREVALENCE_C000407,MLCC_LOW_PREVALENCE_B018,MLCC_X7R,leakage_ua,SIM_X7R_4U7_16V,healthy_settling,healthy_settling,False,True,False,,,0.153295728769,0.159037410515,False,False,False,1.3,synthetic,True
MLCC_LOW_PREVALENCE_C000450,MLCC_LOW_PREVALENCE_B018,MLCC_X7R,leakage_ua,SIM_X7R_4U7_16V,healthy_settling,healthy_settling,False,True,False,,,0.144049715273,0.146363356082,False,False,False,1.3,synthetic,True
MLCC_LOW_PREVALENCE_C000475,MLCC_LOW_PREVALENCE_B018,MLCC_X7R,leakage_ua,SIM_X7R_4U7_16V,healthy_settling,healthy_settling,False,True,False,,,0.094547425571,0.0966568025187,False,False,False,1.3,synthetic,True
MLCC_LOW_PREVALENCE_C000514,MLCC_LOW_PREVALENCE_B018,MLCC_X7R,leakage_ua,SIM_X7R_4U7_16V,healthy_settling,healthy_settling,False,True,False,,,0.139139823055,0.152174137571,False,False,False,1.3,synthetic,True
MLCC_LOW_PREVALENCE_C000517,MLCC_LOW_PREVALENCE_B018,MLCC_X7R,leakage_ua,SIM_X7R_4U7_16V,ordinary_noise,ordinary_noise,False,True,False,,,0.198095726578,0.209005824649,False,False,False,1.3,synthetic,True
MLCC_LOW_PREVALENCE_C000521,MLCC_LOW_PREVALENCE_B018,MLCC_X7R,leakage_ua,SIM_X7R_4U7_16V,healthy_settling,healthy_settling,False,True,False,,,0.0813792954943,0.0833744590357,False,False,False,1.3,synthetic,True
MLCC_LOW_PREVALENCE_C000530,MLCC_LOW_PREVALENCE_B018,MLCC_X7R,leakage_ua,SIM_X7R_4U7_16V,ordinary_noise,ordinary_noise,False,True,False,,,0.186009090172,0.168072041986,False,False,False,1.3,synthetic,True
MLCC_LOW_PREVALENCE_C000533,MLCC_LOW_PREVALENCE_B018,MLCC_X7R,leakage_ua,SIM_X7R_4U7_16V,healthy_settling,healthy_settling,False,True,False,,,0.201904175918,0.200916871457,False,False,False,1.3,synthetic,True
MLCC_LOW_PREVALENCE_C000542,MLCC_LOW_PREVALENCE_B018,MLCC_X7R,leakage_ua,SIM_X7R_4U7_16V,healthy_settling,healthy_settling,False,True,False,,,0.10562732945,0.108600865655,False,False,False,1.3,synthetic,True
MLCC_LOW_PREVALENCE_C000544,MLCC_LOW_PREVALENCE_B018,MLCC_X7R,leakage_ua,SIM_X7R_4U7_16V,ordinary_noise,ordinary_noise,False,True,False,,,0.224482210043,0.227903367449,False,False,False,1.3,synthetic,True
MLCC_LOW_PREVALENCE_C000545,MLCC_LOW_PREVALENCE_B018,MLCC_X7R,leakage_ua,SIM_X7R_4U7_16V,healthy_settling,healthy_settling,False,True,False,,,0.21249598997,0.214578850588,False,False,False,1.3,synthetic,True
MLCC_LOW_PREVALENCE_C000551,MLCC_LOW_PREVALENCE_B018,MLCC_X7R,leakage_ua,SIM_X7R_4U7_16V,healthy_settling,healthy_settling,False,True,False,,,0.115154542999,0.111383711075,False,False,False,1.3,synthetic,True
MLCC_LOW_PREVALENCE_C000560,MLCC_LOW_PREVALENCE_B018,MLCC_X7R,leakage_ua,SIM_X7R_4U7_16V,healthy_settling,healthy_settling,False,True,False,,,0.234784870576,0.238765722365,False,False,False,1.3,synthetic,True
MLCC_LOW_PREVALENCE_C000621,MLCC_LOW_PREVALENCE_B018,MLCC_X7R,leakage_ua,SIM_X7R_4U7_16V,healthy_settling,healthy_settling,False,True,False,,,0.174007790714,0.16554636556,False,False,False,1.3,synthetic,True
MLCC_LOW_PREVALENCE_C000625,MLCC_LOW_PREVALENCE_B018,MLCC_X7R,leakage_ua,SIM_X7R_4U7_16V,healthy_settling,healthy_settling,False,True,False,,,0.123069871289,0.122348784807,False,False,False,1.3,synthetic,True
MLCC_LOW_PREVALENCE_C000628,MLCC_LOW_PREVALENCE_B018,MLCC_X7R,leakage_ua,SIM_X7R_4U7_16V,healthy_settling,healthy_settling,False,True,False,,,0.0930232754384,0.0915478434402,False,False,False,1.3,synthetic,True
MLCC_LOW_PREVALENCE_C000632,MLCC_LOW_PREVALENCE_B018,MLCC_X7R,leakage_ua,SIM_X7R_4U7_16V,ordinary_noise,ordinary_noise,False,True,False,,,0.243464564038,0.205041881196,False,False,False,1.3,synthetic,True
MLCC_LOW_PREVALENCE_C000646,MLCC_LOW_PREVALENCE_B018,MLCC_X7R,leakage_ua,SIM_X7R_4U7_16V,ordinary_noise,ordinary_noise,False,True,False,,,0.096844330121,0.11599766338,False,False,False,1.3,synthetic,True
MLCC_LOW_PREVALENCE_C000650,MLCC_LOW_PREVALENCE_B018,MLCC_X7R,leakage_ua,SIM_X7R_4U7_16V,healthy_settling,healthy_settling,False,True,False,,,0.157174233791,0.157353047276,False,False,False,1.3,synthetic,True
MLCC_LOW_PREVALENCE_C000691,MLCC_LOW_PREVALENCE_B018,MLCC_X7R,leakage_ua,SIM_X7R_4U7_16V,healthy_settling,healthy_settling,False,True,False,,,0.151062477631,0.15193058826,False,False,False,1.3,synthetic,True
MLCC_LOW_PREVALENCE_C000702,MLCC_LOW_PREVALENCE_B018,MLCC_X7R,leakage_ua,SIM_X7R_4U7_16V,healthy_settling,healthy_settling,False,True,False,,,0.22772585559,0.227115075792,False,False,False,1.3,synthetic,True
MLCC_LOW_PREVALENCE_C000714,MLCC_LOW_PREVALENCE_B018,MLCC_X7R,leakage_ua,SIM_X7R_4U7_16V,ordinary_noise,ordinary_noise,False,True,False,,,0.172674906394,0.182426106455,False,False,False,1.3,synthetic,True
MLCC_LOW_PREVALENCE_C000721,MLCC_LOW_PREVALENCE_B018,MLCC_X7R,leakage_ua,SIM_X7R_4U7_16V,healthy_settling,healthy_settling,False,True,False,,,0.143343875058,0.143840098613,False,False,False,1.3,synthetic,True
MLCC_LOW_PREVALENCE_C000749,MLCC_LOW_PREVALENCE_B018,MLCC_X7R,leakage_ua,SIM_X7R_4U7_16V,healthy_settling,healthy_settling,False,True,False,,,0.301284462455,0.301330376831,False,False,False,1.3,synthetic,True
MLCC_LOW_PREVALENCE_C000754,MLCC_LOW_PREVALENCE_B018,MLCC_X7R,leakage_ua,SIM_X7R_4U7_16V,healthy_settling,healthy_settling,False,True,False,,,0.151704397647,0.153844828968,False,False,False,1.3,synthetic,True
MLCC_LOW_PREVALENCE_C000767,MLCC_LOW_PREVALENCE_B018,MLCC_X7R,leakage_ua,SIM_X7R_4U7_16V,ordinary_noise,ordinary_noise,False,True,False,,,0.14390430696,0.169081552803,False,False,False,1.3,synthetic,True
MLCC_LOW_PREVALENCE_C000775,MLCC_LOW_PREVALENCE_B018,MLCC_X7R,leakage_ua,SIM_X7R_4U7_16V,ordinary_noise,ordinary_noise,False,True,False,,,0.235883253491,0.190933184415,False,False,False,1.3,synthetic,True
MLCC_LOW_PREVALENCE_C000786,MLCC_LOW_PREVALENCE_B018,MLCC_X7R,leakage_ua,SIM_X7R_4U7_16V,ordinary_noise,ordinary_noise,False,True,False,,,0.242072064159,0.24365969419,False,False,False,1.3,synthetic,True
MLCC_LOW_PREVALENCE_C000811,MLCC_LOW_PREVALENCE_B018,MLCC_X7R,leakage_ua,SIM_X7R_4U7_16V,healthy_settling,healthy_settling,False,True,False,,,0.142692313778,0.147445804513,False,False,False,1.3,synthetic,True
MLCC_LOW_PREVALENCE_C000830,MLCC_LOW_PREVALENCE_B018,MLCC_X7R,leakage_ua,SIM_X7R_4U7_16V,healthy_settling,healthy_settling,False,True,False,,,0.15758638112,0.158566031861,False,False,False,1.3,synthetic,True
MLCC_LOW_PREVALENCE_C000875,MLCC_LOW_PREVALENCE_B018,MLCC_X7R,leakage_ua,SIM_X7R_4U7_16V,ordinary_noise,ordinary_noise,False,True,False,,,0.11467423551,0.127699498791,False,False,False,1.3,synthetic,True
MLCC_LOW_PREVALENCE_C000877,MLCC_LOW_PREVALENCE_B018,MLCC_X7R,leakage_ua,SIM_X7R_4U7_16V,healthy_settling,healthy_settling,False,True,False,,,0.122986666906,0.127392901657,False,False,False,1.3,synthetic,True
MLCC_LOW_PREVALENCE_C000897,MLCC_LOW_PREVALENCE_B018,MLCC_X7R,leakage_ua,SIM_X7R_4U7_16V,healthy_settling,healthy_settling,False,True,False,,,0.114674670821,0.115797304213,False,False,False,1.3,synthetic,True
MLCC_LOW_PREVALENCE_C000933,MLCC_LOW_PREVALENCE_B018,MLCC_X7R,leakage_ua,SIM_X7R_4U7_16V,healthy_settling,healthy_settling,False,True,False,,,0.160177993455,0.161365465751,False,False,False,1.3,synthetic,True
MLCC_LOW_PREVALENCE_C000938,MLCC_LOW_PREVALENCE_B018,MLCC_X7R,leakage_ua,SIM_X7R_4U7_16V,healthy_settling,healthy_settling,False,True,False,,,0.123214501227,0.124127154358,False,False,False,1.3,synthetic,True
MLCC_LOW_PREVALENCE_C000948,MLCC_LOW_PREVALENCE_B018,MLCC_X7R,leakage_ua,SIM_X7R_4U7_16V,healthy_settling,healthy_settling,False,True,False,,,0.133215317514,0.134945910393,False,False,False,1.3,synthetic,True
MLCC_LOW_PREVALENCE_C000982,MLCC_LOW_PREVALENCE_B018,MLCC_X7R,leakage_ua,SIM_X7R_4U7_16V,ordinary_noise,ordinary_noise,False,True,False,,,0.163813097741,0.14903106988,False,False,False,1.3,synthetic,True
MLCC_LOW_PREVALENCE_C001011,MLCC_LOW_PREVALENCE_B018,MLCC_X7R,leakage_ua,SIM_X7R_4U7_16V,healthy_settling,healthy_settling,False,True,False,,,0.0927922150271,0.091140910267,False,False,False,1.3,synthetic,True
MLCC_LOW_PREVALENCE_C001025,MLCC_LOW_PREVALENCE_B018,MLCC_X7R,leakage_ua,SIM_X7R_4U7_16V,healthy_settling,healthy_settling,False,True,False,,,0.181774813354,0.181458809853,False,False,False,1.3,synthetic,True
MLCC_LOW_PREVALENCE_C001069,MLCC_LOW_PREVALENCE_B018,MLCC_X7R,leakage_ua,SIM_X7R_4U7_16V,healthy_settling,healthy_settling,False,True,False,,,0.179959079707,0.170765208012,False,False,False,1.3,synthetic,True
MLCC_LOW_PREVALENCE_C001107,MLCC_LOW_PREVALENCE_B018,MLCC_X7R,leakage_ua,SIM_X7R_4U7_16V,healthy_settling,healthy_settling,False,True,False,,,0.141735453412,0.146033965298,False,False,False,1.3,synthetic,True
MLCC_LOW_PREVALENCE_C001146,MLCC_LOW_PREVALENCE_B018,MLCC_X7R,leakage_ua,SIM_X7R_4U7_16V,ordinary_noise,ordinary_noise,False,True,False,,,0.117506944645,0.120660495387,False,False,False,1.3,synthetic,True
MLCC_LOW_PREVALENCE_C001155,MLCC_LOW_PREVALENCE_B018,MLCC_X7R,leakage_ua,SIM_X7R_4U7_16V,ordinary_noise,ordinary_noise,False,True,False,,,0.218113931799,0.18626984936,False,False,False,1.3,synthetic,True
MLCC_LOW_PREVALENCE_C001162,MLCC_LOW_PREVALENCE_B018,MLCC_X7R,leakage_ua,SIM_X7R_4U7_16V,healthy_settling,healthy_settling,False,True,False,,,0.148975866031,0.151735860332,False,False,False,1.3,synthetic,True
MLCC_LOW_PREVALENCE_C001169,MLCC_LOW_PREVALENCE_B018,MLCC_X7R,leakage_ua,SIM_X7R_4U7_16V,healthy_settling,healthy_settling,False,True,False,,,0.132495565318,0.129341041537,False,False,False,1.3,synthetic,True
MLCC_LOW_PREVALENCE_C001210,MLCC_LOW_PREVALENCE_B018,MLCC_X7R,leakage_ua,SIM_X7R_4U7_16V,healthy_settling,healthy_settling,False,True,False,,,0.149375401095,0.153544347637,False,False,False,1.3,synthetic,True
MLCC_LOW_PREVALENCE_C001227,MLCC_LOW_PREVALENCE_B018,MLCC_X7R,leakage_ua,SIM_X7R_4U7_16V,healthy_settling,healthy_settling,False,True,False,,,0.144816705151,0.148609413157,False,False,False,1.3,synthetic,True
MLCC_LOW_PREVALENCE_C001229,MLCC_LOW_PREVALENCE_B018,MLCC_X7R,leakage_ua,SIM_X7R_4U7_16V,healthy_settling,healthy_settling,False,True,False,,,0.121962824821,0.122458064598,False,False,False,1.3,synthetic,True
MLCC_LOW_PREVALENCE_C001251,MLCC_LOW_PREVALENCE_B018,MLCC_X7R,leakage_ua,SIM_X7R_4U7_16V,ordinary_noise,ordinary_noise,False,True,False,,,0.112286540008,0.14013052177,False,False,False,1.3,synthetic,True
MLCC_LOW_PREVALENCE_C001273,MLCC_LOW_PREVALENCE_B018,MLCC_X7R,leakage_ua,SIM_X7R_4U7_16V,healthy_settling,healthy_settling,False,True,False,,,0.265244782099,0.274077699637,False,False,False,1.3,synthetic,True
MLCC_LOW_PREVALENCE_C001289,MLCC_LOW_PREVALENCE_B018,MLCC_X7R,leakage_ua,SIM_X7R_4U7_16V,ordinary_noise,ordinary_noise,False,True,False,,,0.121132252065,0.126459149765,False,False,False,1.3,synthetic,True
MLCC_LOW_PREVALENCE_C001293,MLCC_LOW_PREVALENCE_B018,MLCC_X7R,leakage_ua,SIM_X7R_4U7_16V,healthy_settling,healthy_settling,False,True,False,,,0.0617960895331,0.0627891463337,False,False,False,1.3,synthetic,True
MLCC_LOW_PREVALENCE_C001313,MLCC_LOW_PREVALENCE_B018,MLCC_X7R,leakage_ua,SIM_X7R_4U7_16V,healthy_settling,healthy_settling,False,True,False,,,0.196874138236,0.192489549982,False,False,False,1.3,synthetic,True
MLCC_LOW_PREVALENCE_C001330,MLCC_LOW_PREVALENCE_B018,MLCC_X7R,leakage_ua,SIM_X7R_4U7_16V,healthy_settling,healthy_settling,False,True,False,,,0.228785610868,0.236836702173,False,False,False,1.3,synthetic,True
MLCC_LOW_PREVALENCE_C001376,MLCC_LOW_PREVALENCE_B018,MLCC_X7R,leakage_ua,SIM_X7R_4U7_16V,healthy_settling,healthy_settling,False,True,False,,,0.151820195378,0.151200234527,False,False,False,1.3,synthetic,True
MLCC_LOW_PREVALENCE_C001402,MLCC_LOW_PREVALENCE_B018,MLCC_X7R,leakage_ua,SIM_X7R_4U7_16V,healthy_settling,healthy_settling,False,True,False,,,0.211621124008,0.199916012095,False,False,False,1.3,synthetic,True
MLCC_LOW_PREVALENCE_C001424,MLCC_LOW_PREVALENCE_B018,MLCC_X7R,leakage_ua,SIM_X7R_4U7_16V,healthy_settling,healthy_settling,False,True,False,,,0.111008199954,0.111965193084,False,False,False,1.3,synthetic,True
MLCC_LOW_PREVALENCE_C001426,MLCC_LOW_PREVALENCE_B018,MLCC_X7R,leakage_ua,SIM_X7R_4U7_16V,ordinary_noise,ordinary_noise,False,True,False,,,0.22349366553,0.280059977456,False,False,False,1.3,synthetic,True
MLCC_LOW_PREVALENCE_C001431,MLCC_LOW_PREVALENCE_B018,MLCC_X7R,leakage_ua,SIM_X7R_4U7_16V,healthy_settling,healthy_settling,False,True,False,,,0.115459375253,0.113942801372,False,False,False,1.3,synthetic,True
MLCC_LOW_PREVALENCE_C001435,MLCC_LOW_PREVALENCE_B018,MLCC_X7R,leakage_ua,SIM_X7R_4U7_16V,healthy_settling,healthy_settling,False,True,False,,,0.142929015811,0.144952554189,False,False,False,1.3,synthetic,True
MLCC_LOW_PREVALENCE_C001443,MLCC_LOW_PREVALENCE_B018,MLCC_X7R,leakage_ua,SIM_X7R_4U7_16V,healthy_settling,healthy_settling,False,True,False,,,0.177014052029,0.181804680276,False,False,False,1.3,synthetic,True
MLCC_LOW_PREVALENCE_C001445,MLCC_LOW_PREVALENCE_B018,MLCC_X7R,leakage_ua,SIM_X7R_4U7_16V,healthy_settling,healthy_settling,False,True,False,,,0.259349394018,0.25178678216,False,False,False,1.3,synthetic,True
MLCC_LOW_PREVALENCE_C001473,MLCC_LOW_PREVALENCE_B018,MLCC_X7R,leakage_ua,SIM_X7R_4U7_16V,ordinary_noise,ordinary_noise,False,True,False,,,0.222673123583,0.203172205039,False,False,False,1.3,synthetic,True
MLCC_LOW_PREVALENCE_C001510,MLCC_LOW_PREVALENCE_B018,MLCC_X7R,leakage_ua,SIM_X7R_4U7_16V,ordinary_noise,ordinary_noise,False,True,False,,,0.146753068145,0.189856405924,False,False,False,1.3,synthetic,True
MLCC_LOW_PREVALENCE_C001518,MLCC_LOW_PREVALENCE_B018,MLCC_X7R,leakage_ua,SIM_X7R_4U7_16V,healthy_settling,healthy_settling,False,True,False,,,0.154848690645,0.157974962545,False,False,False,1.3,synthetic,True
MLCC_LOW_PREVALENCE_C001542,MLCC_LOW_PREVALENCE_B018,MLCC_X7R,leakage_ua,SIM_X7R_4U7_16V,ordinary_noise,ordinary_noise,False,True,False,,,0.111214274342,0.113127529866,False,False,False,1.3,synthetic,True
MLCC_LOW_PREVALENCE_C001563,MLCC_LOW_PREVALENCE_B018,MLCC_X7R,leakage_ua,SIM_X7R_4U7_16V,ordinary_noise,ordinary_noise,False,True,False,,,0.189653510554,0.221975351761,False,False,False,1.3,synthetic,True
MLCC_LOW_PREVALENCE_C001600,MLCC_LOW_PREVALENCE_B018,MLCC_X7R,leakage_ua,SIM_X7R_4U7_16V,healthy_settling,healthy_settling,False,True,False,,,0.222408793666,0.212468181537,False,False,False,1.3,synthetic,True
MLCC_LOW_PREVALENCE_C001625,MLCC_LOW_PREVALENCE_B018,MLCC_X7R,leakage_ua,SIM_X7R_4U7_16V,healthy_settling,healthy_settling,False,True,False,,,0.104960937487,0.101667154188,False,False,False,1.3,synthetic,True
MLCC_LOW_PREVALENCE_C001701,MLCC_LOW_PREVALENCE_B018,MLCC_X7R,leakage_ua,SIM_X7R_4U7_16V,ordinary_noise,ordinary_noise,False,True,False,,,0.145251789499,0.136321217226,False,False,False,1.3,synthetic,True
MLCC_LOW_PREVALENCE_C001731,MLCC_LOW_PREVALENCE_B018,MLCC_X7R,leakage_ua,SIM_X7R_4U7_16V,ordinary_noise,ordinary_noise,False,True,False,,,0.22772962365,0.197796644056,False,False,False,1.3,synthetic,True
MLCC_LOW_PREVALENCE_C001734,MLCC_LOW_PREVALENCE_B018,MLCC_X7R,leakage_ua,SIM_X7R_4U7_16V,healthy_settling,healthy_settling,False,True,False,,,0.175336246648,0.176889453765,False,False,False,1.3,synthetic,True
MLCC_LOW_PREVALENCE_C001766,MLCC_LOW_PREVALENCE_B018,MLCC_X7R,leakage_ua,SIM_X7R_4U7_16V,healthy_settling,healthy_settling,False,True,False,,,0.120370152566,0.119015705379,False,False,False,1.3,synthetic,True
MLCC_LOW_PREVALENCE_C001784,MLCC_LOW_PREVALENCE_B018,MLCC_X7R,leakage_ua,SIM_X7R_4U7_16V,ordinary_noise,ordinary_noise,False,True,False,,,0.110534418328,0.099690104115,False,False,False,1.3,synthetic,True
MLCC_LOW_PREVALENCE_C001788,MLCC_LOW_PREVALENCE_B018,MLCC_X7R,leakage_ua,SIM_X7R_4U7_16V,healthy_settling,healthy_settling,False,True,False,,,0.151472340737,0.151855248234,False,False,False,1.3,synthetic,True
MLCC_LOW_PREVALENCE_C001800,MLCC_LOW_PREVALENCE_B018,MLCC_X7R,leakage_ua,SIM_X7R_4U7_16V,healthy_settling,healthy_settling,False,True,False,,,0.165158184273,0.174105003515,False,False,False,1.3,synthetic,True
MLCC_LOW_PREVALENCE_C001836,MLCC_LOW_PREVALENCE_B018,MLCC_X7R,leakage_ua,SIM_X7R_4U7_16V,healthy_settling,healthy_settling,False,True,False,,,0.104167861471,0.109378942573,False,False,False,1.3,synthetic,True
MLCC_LOW_PREVALENCE_C001842,MLCC_LOW_PREVALENCE_B018,MLCC_X7R,leakage_ua,SIM_X7R_4U7_16V,healthy_settling,healthy_settling,False,True,False,,,0.211408419162,0.215002276113,False,False,False,1.3,synthetic,True
MLCC_LOW_PREVALENCE_C001856,MLCC_LOW_PREVALENCE_B018,MLCC_X7R,leakage_ua,SIM_X7R_4U7_16V,healthy_settling,healthy_settling,False,True,False,,,0.172327315206,0.170119082394,False,False,False,1.3,synthetic,True
MLCC_LOW_PREVALENCE_C001887,MLCC_LOW_PREVALENCE_B018,MLCC_X7R,leakage_ua,SIM_X7R_4U7_16V,healthy_settling,healthy_settling,False,True,False,,,0.136737622489,0.132697698669,False,False,False,1.3,synthetic,True
MLCC_LOW_PREVALENCE_C001894,MLCC_LOW_PREVALENCE_B018,MLCC_X7R,leakage_ua,SIM_X7R_4U7_16V,healthy_settling,healthy_settling,False,True,False,,,0.141330403297,0.147331606099,False,False,False,1.3,synthetic,True
MLCC_LOW_PREVALENCE_C001938,MLCC_LOW_PREVALENCE_B018,MLCC_X7R,leakage_ua,SIM_X7R_4U7_16V,healthy_settling,healthy_settling,False,True,False,,,0.218382109936,0.232594185621,False,False,False,1.3,synthetic,True
MLCC_LOW_PREVALENCE_C001943,MLCC_LOW_PREVALENCE_B018,MLCC_X7R,leakage_ua,SIM_X7R_4U7_16V,ordinary_noise,ordinary_noise,False,True,False,,,0.179481747779,0.204165343624,False,False,False,1.3,synthetic,True
MLCC_LOW_PREVALENCE_C001946,MLCC_LOW_PREVALENCE_B018,MLCC_X7R,leakage_ua,SIM_X7R_4U7_16V,ordinary_noise,ordinary_noise,False,True,False,,,0.135285939953,0.129682179724,False,False,False,1.3,synthetic,True
MLCC_LOW_PREVALENCE_C001983,MLCC_LOW_PREVALENCE_B018,MLCC_X7R,leakage_ua,SIM_X7R_4U7_16V,healthy_settling,healthy_settling,False,True,False,,,0.113454775339,0.116469560965,False,False,False,1.3,synthetic,True
MLCC_LOW_PREVALENCE_C000005,MLCC_LOW_PREVALENCE_B019,MLCC_X7R,leakage_ua,SIM_X7R_1U_25V,ordinary_noise,ordinary_noise,False,True,False,,,0.0761701983506,0.0751241262987,False,False,False,0.7,synthetic,True
MLCC_LOW_PREVALENCE_C000009,MLCC_LOW_PREVALENCE_B019,MLCC_X7R,leakage_ua,SIM_X7R_1U_25V,healthy_settling,healthy_settling,False,True,False,,,0.0450606051482,0.0461686135192,False,False,False,0.7,synthetic,True
MLCC_LOW_PREVALENCE_C000089,MLCC_LOW_PREVALENCE_B019,MLCC_X7R,leakage_ua,SIM_X7R_1U_25V,healthy_settling,healthy_settling,False,True,False,,,0.0704557029891,0.0672794169734,False,False,False,0.7,synthetic,True
MLCC_LOW_PREVALENCE_C000128,MLCC_LOW_PREVALENCE_B019,MLCC_X7R,leakage_ua,SIM_X7R_1U_25V,ordinary_noise,ordinary_noise,False,True,False,,,0.04164309435,0.0429576780131,False,False,False,0.7,synthetic,True
MLCC_LOW_PREVALENCE_C000157,MLCC_LOW_PREVALENCE_B019,MLCC_X7R,leakage_ua,SIM_X7R_1U_25V,healthy_settling,healthy_settling,False,True,False,,,0.0801618082683,0.0817846336481,False,False,False,0.7,synthetic,True
MLCC_LOW_PREVALENCE_C000162,MLCC_LOW_PREVALENCE_B019,MLCC_X7R,leakage_ua,SIM_X7R_1U_25V,healthy_settling,healthy_settling,False,True,False,,,0.0712859135758,0.0707451187402,False,False,False,0.7,synthetic,True
MLCC_LOW_PREVALENCE_C000167,MLCC_LOW_PREVALENCE_B019,MLCC_X7R,leakage_ua,SIM_X7R_1U_25V,healthy_settling,healthy_settling,False,True,False,,,0.0948752006953,0.0949043646863,False,False,False,0.7,synthetic,True
MLCC_LOW_PREVALENCE_C000168,MLCC_LOW_PREVALENCE_B019,MLCC_X7R,leakage_ua,SIM_X7R_1U_25V,healthy_settling,healthy_settling,False,True,False,,,0.0636203168245,0.0631813510412,False,False,False,0.7,synthetic,True
MLCC_LOW_PREVALENCE_C000173,MLCC_LOW_PREVALENCE_B019,MLCC_X7R,leakage_ua,SIM_X7R_1U_25V,ordinary_noise,ordinary_noise,False,True,False,,,0.060397437024,0.0777846929398,False,False,False,0.7,synthetic,True
MLCC_LOW_PREVALENCE_C000179,MLCC_LOW_PREVALENCE_B019,MLCC_X7R,leakage_ua,SIM_X7R_1U_25V,healthy_settling,healthy_settling,False,True,False,,,0.0965913240315,0.0969769743938,False,False,False,0.7,synthetic,True
MLCC_LOW_PREVALENCE_C000186,MLCC_LOW_PREVALENCE_B019,MLCC_X7R,leakage_ua,SIM_X7R_1U_25V,ordinary_noise,ordinary_noise,False,True,False,,,0.0673039069473,0.0715568490255,False,False,False,0.7,synthetic,True
MLCC_LOW_PREVALENCE_C000199,MLCC_LOW_PREVALENCE_B019,MLCC_X7R,leakage_ua,SIM_X7R_1U_25V,healthy_settling,healthy_settling,False,True,False,,,0.0776794128236,0.0727614638305,False,False,False,0.7,synthetic,True
MLCC_LOW_PREVALENCE_C000219,MLCC_LOW_PREVALENCE_B019,MLCC_X7R,leakage_ua,SIM_X7R_1U_25V,healthy_settling,healthy_settling,False,True,False,,,0.0699177803499,0.0698188669748,False,False,False,0.7,synthetic,True
MLCC_LOW_PREVALENCE_C000253,MLCC_LOW_PREVALENCE_B019,MLCC_X7R,leakage_ua,SIM_X7R_1U_25V,healthy_settling,healthy_settling,False,True,False,,,0.125455704642,0.144057209484,False,False,False,0.7,synthetic,True
MLCC_LOW_PREVALENCE_C000305,MLCC_LOW_PREVALENCE_B019,MLCC_X7R,leakage_ua,SIM_X7R_1U_25V,healthy_settling,healthy_settling,False,True,False,,,0.101498428057,0.0997066112905,False,False,False,0.7,synthetic,True
MLCC_LOW_PREVALENCE_C000306,MLCC_LOW_PREVALENCE_B019,MLCC_X7R,leakage_ua,SIM_X7R_1U_25V,healthy_settling,healthy_settling,False,True,False,,,0.049218363365,0.0481045359579,False,False,False,0.7,synthetic,True
MLCC_LOW_PREVALENCE_C000308,MLCC_LOW_PREVALENCE_B019,MLCC_X7R,leakage_ua,SIM_X7R_1U_25V,healthy_settling,healthy_settling,False,True,False,,,0.146595383408,0.142209853718,False,False,False,0.7,synthetic,True
MLCC_LOW_PREVALENCE_C000313,MLCC_LOW_PREVALENCE_B019,MLCC_X7R,leakage_ua,SIM_X7R_1U_25V,healthy_settling,healthy_settling,False,True,False,,,0.0867063804556,0.0874021854912,False,False,False,0.7,synthetic,True
MLCC_LOW_PREVALENCE_C000389,MLCC_LOW_PREVALENCE_B019,MLCC_X7R,leakage_ua,SIM_X7R_1U_25V,healthy_settling,healthy_settling,False,True,False,,,0.0841838362342,0.0842907302105,False,False,False,0.7,synthetic,True
MLCC_LOW_PREVALENCE_C000391,MLCC_LOW_PREVALENCE_B019,MLCC_X7R,leakage_ua,SIM_X7R_1U_25V,healthy_settling,healthy_settling,False,True,False,,,0.10612253483,0.104817282989,False,False,False,0.7,synthetic,True
MLCC_LOW_PREVALENCE_C000393,MLCC_LOW_PREVALENCE_B019,MLCC_X7R,leakage_ua,SIM_X7R_1U_25V,healthy_settling,healthy_settling,False,True,False,,,0.0981166066705,0.100866809302,False,False,False,0.7,synthetic,True
MLCC_LOW_PREVALENCE_C000414,MLCC_LOW_PREVALENCE_B019,MLCC_X7R,leakage_ua,SIM_X7R_1U_25V,healthy_settling,healthy_settling,False,True,False,,,0.0732271534098,0.0714401612255,False,False,False,0.7,synthetic,True
MLCC_LOW_PREVALENCE_C000434,MLCC_LOW_PREVALENCE_B019,MLCC_X7R,leakage_ua,SIM_X7R_1U_25V,ordinary_noise,ordinary_noise,False,True,False,,,0.045252842418,0.0475304452161,False,False,False,0.7,synthetic,True
MLCC_LOW_PREVALENCE_C000519,MLCC_LOW_PREVALENCE_B019,MLCC_X7R,leakage_ua,SIM_X7R_1U_25V,healthy_settling,healthy_settling,False,True,False,,,0.0536450222759,0.0570802612994,False,False,False,0.7,synthetic,True
MLCC_LOW_PREVALENCE_C000524,MLCC_LOW_PREVALENCE_B019,MLCC_X7R,leakage_ua,SIM_X7R_1U_25V,healthy_settling,healthy_settling,False,True,False,,,0.0677431746166,0.0653467753467,False,False,False,0.7,synthetic,True
MLCC_LOW_PREVALENCE_C000534,MLCC_LOW_PREVALENCE_B019,MLCC_X7R,leakage_ua,SIM_X7R_1U_25V,healthy_settling,healthy_settling,False,True,False,,,0.0686110780024,0.0660748488687,False,False,False,0.7,synthetic,True
MLCC_LOW_PREVALENCE_C000573,MLCC_LOW_PREVALENCE_B019,MLCC_X7R,leakage_ua,SIM_X7R_1U_25V,healthy_settling,healthy_settling,False,True,False,,,0.0579510569308,0.0592300681348,False,False,False,0.7,synthetic,True
MLCC_LOW_PREVALENCE_C000586,MLCC_LOW_PREVALENCE_B019,MLCC_X7R,leakage_ua,SIM_X7R_1U_25V,ordinary_noise,ordinary_noise,False,True,False,,,0.0930473562935,0.0913566126153,False,False,False,0.7,synthetic,True
MLCC_LOW_PREVALENCE_C000587,MLCC_LOW_PREVALENCE_B019,MLCC_X7R,leakage_ua,SIM_X7R_1U_25V,healthy_settling,healthy_settling,False,True,False,,,0.0979573328589,0.0987785046474,False,False,False,0.7,synthetic,True
MLCC_LOW_PREVALENCE_C000605,MLCC_LOW_PREVALENCE_B019,MLCC_X7R,leakage_ua,SIM_X7R_1U_25V,healthy_settling,healthy_settling,False,True,False,,,0.07973876293,0.0768988899502,False,False,False,0.7,synthetic,True
MLCC_LOW_PREVALENCE_C000609,MLCC_LOW_PREVALENCE_B019,MLCC_X7R,leakage_ua,SIM_X7R_1U_25V,healthy_settling,healthy_settling,False,True,False,,,0.0962857515783,0.0964475162016,False,False,False,0.7,synthetic,True
MLCC_LOW_PREVALENCE_C000617,MLCC_LOW_PREVALENCE_B019,MLCC_X7R,leakage_ua,SIM_X7R_1U_25V,healthy_settling,healthy_settling,False,True,False,,,0.0793805291214,0.078819196607,False,False,False,0.7,synthetic,True
MLCC_LOW_PREVALENCE_C000639,MLCC_LOW_PREVALENCE_B019,MLCC_X7R,leakage_ua,SIM_X7R_1U_25V,ordinary_noise,ordinary_noise,False,True,False,,,0.0726297045151,0.0544983033875,False,False,False,0.7,synthetic,True
MLCC_LOW_PREVALENCE_C000644,MLCC_LOW_PREVALENCE_B019,MLCC_X7R,leakage_ua,SIM_X7R_1U_25V,ordinary_noise,ordinary_noise,False,True,False,,,0.121596740966,0.099530025141,False,False,False,0.7,synthetic,True
MLCC_LOW_PREVALENCE_C000651,MLCC_LOW_PREVALENCE_B019,MLCC_X7R,leakage_ua,SIM_X7R_1U_25V,healthy_settling,healthy_settling,False,True,False,,,0.0818809322526,0.0807268641569,False,False,False,0.7,synthetic,True
MLCC_LOW_PREVALENCE_C000662,MLCC_LOW_PREVALENCE_B019,MLCC_X7R,leakage_ua,SIM_X7R_1U_25V,healthy_settling,healthy_settling,False,True,False,,,0.0695500429455,0.069497537435,False,False,False,0.7,synthetic,True
MLCC_LOW_PREVALENCE_C000669,MLCC_LOW_PREVALENCE_B019,MLCC_X7R,leakage_ua,SIM_X7R_1U_25V,healthy_settling,healthy_settling,False,True,False,,,0.0825347998191,0.0819827924347,False,False,False,0.7,synthetic,True
MLCC_LOW_PREVALENCE_C000680,MLCC_LOW_PREVALENCE_B019,MLCC_X7R,leakage_ua,SIM_X7R_1U_25V,healthy_settling,healthy_settling,False,True,False,,,0.0772090229713,0.0785806755111,False,False,False,0.7,synthetic,True
MLCC_LOW_PREVALENCE_C000683,MLCC_LOW_PREVALENCE_B019,MLCC_X7R,leakage_ua,SIM_X7R_1U_25V,healthy_settling,healthy_settling,False,True,False,,,0.142357783425,0.145039154443,False,False,False,0.7,synthetic,True
MLCC_LOW_PREVALENCE_C000684,MLCC_LOW_PREVALENCE_B019,MLCC_X7R,leakage_ua,SIM_X7R_1U_25V,healthy_settling,healthy_settling,False,True,False,,,0.0523530790989,0.0528884786627,False,False,False,0.7,synthetic,True
MLCC_LOW_PREVALENCE_C000729,MLCC_LOW_PREVALENCE_B019,MLCC_X7R,leakage_ua,SIM_X7R_1U_25V,ordinary_noise,ordinary_noise,False,True,False,,,0.106257433547,0.0994717718364,False,False,False,0.7,synthetic,True
MLCC_LOW_PREVALENCE_C000752,MLCC_LOW_PREVALENCE_B019,MLCC_X7R,leakage_ua,SIM_X7R_1U_25V,healthy_settling,healthy_settling,False,True,False,,,0.0773110463789,0.0759761503146,False,False,False,0.7,synthetic,True
MLCC_LOW_PREVALENCE_C000771,MLCC_LOW_PREVALENCE_B019,MLCC_X7R,leakage_ua,SIM_X7R_1U_25V,healthy_settling,healthy_settling,False,True,False,,,0.0559017844746,0.0573751923011,False,False,False,0.7,synthetic,True
MLCC_LOW_PREVALENCE_C000834,MLCC_LOW_PREVALENCE_B019,MLCC_X7R,leakage_ua,SIM_X7R_1U_25V,healthy_settling,healthy_settling,False,True,False,,,0.103307821328,0.101097855617,False,False,False,0.7,synthetic,True
MLCC_LOW_PREVALENCE_C000849,MLCC_LOW_PREVALENCE_B019,MLCC_X7R,leakage_ua,SIM_X7R_1U_25V,healthy_settling,healthy_settling,False,True,False,,,0.142376690909,0.142200620455,False,False,False,0.7,synthetic,True
MLCC_LOW_PREVALENCE_C000911,MLCC_LOW_PREVALENCE_B019,MLCC_X7R,leakage_ua,SIM_X7R_1U_25V,healthy_settling,healthy_settling,False,True,False,,,0.0908248609699,0.0900120095811,False,False,False,0.7,synthetic,True
MLCC_LOW_PREVALENCE_C000918,MLCC_LOW_PREVALENCE_B019,MLCC_X7R,leakage_ua,SIM_X7R_1U_25V,healthy_settling,healthy_settling,False,True,False,,,0.0734617759474,0.0719849879922,False,False,False,0.7,synthetic,True
MLCC_LOW_PREVALENCE_C000956,MLCC_LOW_PREVALENCE_B019,MLCC_X7R,leakage_ua,SIM_X7R_1U_25V,healthy_settling,healthy_settling,False,True,False,,,0.137790615478,0.135915988702,False,False,False,0.7,synthetic,True
MLCC_LOW_PREVALENCE_C000965,MLCC_LOW_PREVALENCE_B019,MLCC_X7R,leakage_ua,SIM_X7R_1U_25V,healthy_settling,healthy_settling,False,True,False,,,0.155360960296,0.148445899054,False,False,False,0.7,synthetic,True
MLCC_LOW_PREVALENCE_C000995,MLCC_LOW_PREVALENCE_B019,MLCC_X7R,leakage_ua,SIM_X7R_1U_25V,healthy_settling,healthy_settling,False,True,False,,,0.117237217746,0.114910252232,False,False,False,0.7,synthetic,True
MLCC_LOW_PREVALENCE_C000998,MLCC_LOW_PREVALENCE_B019,MLCC_X7R,leakage_ua,SIM_X7R_1U_25V,ordinary_noise,ordinary_noise,False,True,False,,,0.097472571172,0.100660252043,False,False,False,0.7,synthetic,True
MLCC_LOW_PREVALENCE_C001014,MLCC_LOW_PREVALENCE_B019,MLCC_X7R,leakage_ua,SIM_X7R_1U_25V,healthy_settling,healthy_settling,False,True,False,,,0.0675927533303,0.0661378661895,False,False,False,0.7,synthetic,True
MLCC_LOW_PREVALENCE_C001020,MLCC_LOW_PREVALENCE_B019,MLCC_X7R,leakage_ua,SIM_X7R_1U_25V,healthy_settling,healthy_settling,False,True,False,,,0.0937418193014,0.0940986748238,False,False,False,0.7,synthetic,True
MLCC_LOW_PREVALENCE_C001031,MLCC_LOW_PREVALENCE_B019,MLCC_X7R,leakage_ua,SIM_X7R_1U_25V,healthy_settling,healthy_settling,False,True,False,,,0.126519190081,0.124484926346,False,False,False,0.7,synthetic,True
MLCC_LOW_PREVALENCE_C001041,MLCC_LOW_PREVALENCE_B019,MLCC_X7R,leakage_ua,SIM_X7R_1U_25V,ordinary_noise,ordinary_noise,False,True,False,,,0.0707314743352,0.0699703975412,False,False,False,0.7,synthetic,True
MLCC_LOW_PREVALENCE_C001052,MLCC_LOW_PREVALENCE_B019,MLCC_X7R,leakage_ua,SIM_X7R_1U_25V,ordinary_noise,ordinary_noise,False,True,False,,,0.114908259871,0.112172995654,False,False,False,0.7,synthetic,True
MLCC_LOW_PREVALENCE_C001075,MLCC_LOW_PREVALENCE_B019,MLCC_X7R,leakage_ua,SIM_X7R_1U_25V,healthy_settling,healthy_settling,False,True,False,,,0.0989124004673,0.0969122432486,False,False,False,0.7,synthetic,True
MLCC_LOW_PREVALENCE_C001080,MLCC_LOW_PREVALENCE_B019,MLCC_X7R,leakage_ua,SIM_X7R_1U_25V,healthy_settling,healthy_settling,False,True,False,,,0.0660594495191,0.0656272374837,False,False,False,0.7,synthetic,True
MLCC_LOW_PREVALENCE_C001099,MLCC_LOW_PREVALENCE_B019,MLCC_X7R,leakage_ua,SIM_X7R_1U_25V,healthy_settling,healthy_settling,False,True,False,,,0.0866014357602,0.0860846955324,False,False,False,0.7,synthetic,True
MLCC_LOW_PREVALENCE_C001177,MLCC_LOW_PREVALENCE_B019,MLCC_X7R,leakage_ua,SIM_X7R_1U_25V,healthy_settling,healthy_settling,False,True,False,,,0.106293287485,0.106909146133,False,False,False,0.7,synthetic,True
MLCC_LOW_PREVALENCE_C001207,MLCC_LOW_PREVALENCE_B019,MLCC_X7R,leakage_ua,SIM_X7R_1U_25V,healthy_settling,healthy_settling,False,True,False,,,0.0630897924598,0.0660323373539,False,False,False,0.7,synthetic,True
MLCC_LOW_PREVALENCE_C001262,MLCC_LOW_PREVALENCE_B019,MLCC_X7R,leakage_ua,SIM_X7R_1U_25V,healthy_settling,healthy_settling,False,True,False,,,0.0770660176135,0.0779238846144,False,False,False,0.7,synthetic,True
MLCC_LOW_PREVALENCE_C001305,MLCC_LOW_PREVALENCE_B019,MLCC_X7R,leakage_ua,SIM_X7R_1U_25V,healthy_settling,healthy_settling,False,True,False,,,0.0812503155754,0.0800671999933,False,False,False,0.7,synthetic,True
MLCC_LOW_PREVALENCE_C001307,MLCC_LOW_PREVALENCE_B019,MLCC_X7R,leakage_ua,SIM_X7R_1U_25V,healthy_settling,healthy_settling,False,True,False,,,0.0598319913502,0.0624344814352,False,False,False,0.7,synthetic,True
MLCC_LOW_PREVALENCE_C001317,MLCC_LOW_PREVALENCE_B019,MLCC_X7R,leakage_ua,SIM_X7R_1U_25V,healthy_settling,healthy_settling,False,True,False,,,0.0734645472097,0.0715367368674,False,False,False,0.7,synthetic,True
MLCC_LOW_PREVALENCE_C001360,MLCC_LOW_PREVALENCE_B019,MLCC_X7R,leakage_ua,SIM_X7R_1U_25V,ordinary_noise,ordinary_noise,False,True,False,,,0.0776536860294,0.0781765538159,False,False,False,0.7,synthetic,True
MLCC_LOW_PREVALENCE_C001362,MLCC_LOW_PREVALENCE_B019,MLCC_X7R,leakage_ua,SIM_X7R_1U_25V,healthy_settling,healthy_settling,False,True,False,,,0.0830782918004,0.0822367465075,False,False,False,0.7,synthetic,True
MLCC_LOW_PREVALENCE_C001372,MLCC_LOW_PREVALENCE_B019,MLCC_X7R,leakage_ua,SIM_X7R_1U_25V,healthy_settling,healthy_settling,False,True,False,,,0.061411013828,0.0596725643104,False,False,False,0.7,synthetic,True
MLCC_LOW_PREVALENCE_C001391,MLCC_LOW_PREVALENCE_B019,MLCC_X7R,leakage_ua,SIM_X7R_1U_25V,healthy_settling,healthy_settling,False,True,False,,,0.107883180791,0.107480912512,False,False,False,0.7,synthetic,True
MLCC_LOW_PREVALENCE_C001406,MLCC_LOW_PREVALENCE_B019,MLCC_X7R,leakage_ua,SIM_X7R_1U_25V,healthy_settling,healthy_settling,False,True,False,,,0.0888939877597,0.0853304208024,False,False,False,0.7,synthetic,True
MLCC_LOW_PREVALENCE_C001418,MLCC_LOW_PREVALENCE_B019,MLCC_X7R,leakage_ua,SIM_X7R_1U_25V,healthy_settling,healthy_settling,False,True,False,,,0.132256821824,0.133135035299,False,False,False,0.7,synthetic,True
MLCC_LOW_PREVALENCE_C001460,MLCC_LOW_PREVALENCE_B019,MLCC_X7R,leakage_ua,SIM_X7R_1U_25V,healthy_settling,healthy_settling,False,True,False,,,0.0647079111976,0.0656582960009,False,False,False,0.7,synthetic,True
MLCC_LOW_PREVALENCE_C001463,MLCC_LOW_PREVALENCE_B019,MLCC_X7R,leakage_ua,SIM_X7R_1U_25V,ordinary_noise,ordinary_noise,False,True,False,,,0.0816064181569,0.0983425390281,False,False,False,0.7,synthetic,True
MLCC_LOW_PREVALENCE_C001531,MLCC_LOW_PREVALENCE_B019,MLCC_X7R,leakage_ua,SIM_X7R_1U_25V,healthy_settling,healthy_settling,False,True,False,,,0.132062314415,0.135677370196,False,False,False,0.7,synthetic,True
MLCC_LOW_PREVALENCE_C001583,MLCC_LOW_PREVALENCE_B019,MLCC_X7R,leakage_ua,SIM_X7R_1U_25V,healthy_settling,healthy_settling,False,True,False,,,0.0933588493997,0.10344214337,False,False,False,0.7,synthetic,True
MLCC_LOW_PREVALENCE_C001584,MLCC_LOW_PREVALENCE_B019,MLCC_X7R,leakage_ua,SIM_X7R_1U_25V,healthy_settling,healthy_settling,False,True,False,,,0.102870831805,0.10416221242,False,False,False,0.7,synthetic,True
MLCC_LOW_PREVALENCE_C001602,MLCC_LOW_PREVALENCE_B019,MLCC_X7R,leakage_ua,SIM_X7R_1U_25V,healthy_settling,healthy_settling,False,True,False,,,0.140691919101,0.138704323542,False,False,False,0.7,synthetic,True
MLCC_LOW_PREVALENCE_C001608,MLCC_LOW_PREVALENCE_B019,MLCC_X7R,leakage_ua,SIM_X7R_1U_25V,healthy_settling,healthy_settling,False,True,False,,,0.0877400224819,0.0884051069397,False,False,False,0.7,synthetic,True
MLCC_LOW_PREVALENCE_C001647,MLCC_LOW_PREVALENCE_B019,MLCC_X7R,leakage_ua,SIM_X7R_1U_25V,healthy_settling,healthy_settling,False,True,False,,,0.0830746479484,0.0837014019815,False,False,False,0.7,synthetic,True
MLCC_LOW_PREVALENCE_C001650,MLCC_LOW_PREVALENCE_B019,MLCC_X7R,leakage_ua,SIM_X7R_1U_25V,healthy_settling,healthy_settling,False,True,False,,,0.209674811452,0.195289203924,False,False,False,0.7,synthetic,True
MLCC_LOW_PREVALENCE_C001653,MLCC_LOW_PREVALENCE_B019,MLCC_X7R,leakage_ua,SIM_X7R_1U_25V,healthy_settling,healthy_settling,False,True,False,,,0.0608236441756,0.0592972731825,False,False,False,0.7,synthetic,True
MLCC_LOW_PREVALENCE_C001676,MLCC_LOW_PREVALENCE_B019,MLCC_X7R,leakage_ua,SIM_X7R_1U_25V,healthy_settling,healthy_settling,False,True,False,,,0.0805130975981,0.0808519184874,False,False,False,0.7,synthetic,True
MLCC_LOW_PREVALENCE_C001681,MLCC_LOW_PREVALENCE_B019,MLCC_X7R,leakage_ua,SIM_X7R_1U_25V,healthy_settling,healthy_settling,False,True,False,,,0.139489088548,0.140360996605,False,False,False,0.7,synthetic,True
MLCC_LOW_PREVALENCE_C001687,MLCC_LOW_PREVALENCE_B019,MLCC_X7R,leakage_ua,SIM_X7R_1U_25V,ordinary_noise,ordinary_noise,False,True,False,,,0.0987446508987,0.0897375318751,False,False,False,0.7,synthetic,True
MLCC_LOW_PREVALENCE_C001692,MLCC_LOW_PREVALENCE_B019,MLCC_X7R,leakage_ua,SIM_X7R_1U_25V,ordinary_noise,ordinary_noise,False,True,False,,,0.0543323985593,0.055681245915,False,False,False,0.7,synthetic,True
MLCC_LOW_PREVALENCE_C001693,MLCC_LOW_PREVALENCE_B019,MLCC_X7R,leakage_ua,SIM_X7R_1U_25V,healthy_settling,healthy_settling,False,True,False,,,0.0758746124261,0.0740571506188,False,False,False,0.7,synthetic,True
MLCC_LOW_PREVALENCE_C001755,MLCC_LOW_PREVALENCE_B019,MLCC_X7R,leakage_ua,SIM_X7R_1U_25V,ordinary_noise,ordinary_noise,False,True,False,,,0.139250391663,0.143581006149,False,False,False,0.7,synthetic,True
MLCC_LOW_PREVALENCE_C001775,MLCC_LOW_PREVALENCE_B019,MLCC_X7R,leakage_ua,SIM_X7R_1U_25V,healthy_settling,healthy_settling,False,True,False,,,0.0890019910009,0.0876075165947,False,False,False,0.7,synthetic,True
MLCC_LOW_PREVALENCE_C001799,MLCC_LOW_PREVALENCE_B019,MLCC_X7R,leakage_ua,SIM_X7R_1U_25V,healthy_settling,healthy_settling,False,True,False,,,0.0919187556085,0.0935816122508,False,False,False,0.7,synthetic,True
MLCC_LOW_PREVALENCE_C001811,MLCC_LOW_PREVALENCE_B019,MLCC_X7R,leakage_ua,SIM_X7R_1U_25V,healthy_settling,healthy_settling,False,True,False,,,0.0857064191078,0.0835129731623,False,False,False,0.7,synthetic,True
MLCC_LOW_PREVALENCE_C001825,MLCC_LOW_PREVALENCE_B019,MLCC_X7R,leakage_ua,SIM_X7R_1U_25V,healthy_settling,healthy_settling,False,True,False,,,0.118301716976,0.111208533927,False,False,False,0.7,synthetic,True
MLCC_LOW_PREVALENCE_C001863,MLCC_LOW_PREVALENCE_B019,MLCC_X7R,leakage_ua,SIM_X7R_1U_25V,ordinary_noise,ordinary_noise,False,True,False,,,0.0562667613372,0.0681756935425,False,False,False,0.7,synthetic,True
MLCC_LOW_PREVALENCE_C001880,MLCC_LOW_PREVALENCE_B019,MLCC_X7R,leakage_ua,SIM_X7R_1U_25V,healthy_settling,healthy_settling,False,True,False,,,0.0622095201547,0.0668062518079,False,False,False,0.7,synthetic,True
MLCC_LOW_PREVALENCE_C001900,MLCC_LOW_PREVALENCE_B019,MLCC_X7R,leakage_ua,SIM_X7R_1U_25V,healthy_settling,healthy_settling,False,True,False,,,0.0821973382093,0.083807407815,False,False,False,0.7,synthetic,True
MLCC_LOW_PREVALENCE_C001924,MLCC_LOW_PREVALENCE_B019,MLCC_X7R,leakage_ua,SIM_X7R_1U_25V,healthy_settling,healthy_settling,False,True,False,,,0.0871524320666,0.0909217446018,False,False,False,0.7,synthetic,True
MLCC_LOW_PREVALENCE_C001933,MLCC_LOW_PREVALENCE_B019,MLCC_X7R,leakage_ua,SIM_X7R_1U_25V,healthy_settling,healthy_settling,False,True,False,,,0.112475360092,0.117014402877,False,False,False,0.7,synthetic,True
MLCC_LOW_PREVALENCE_C001964,MLCC_LOW_PREVALENCE_B019,MLCC_X7R,leakage_ua,SIM_X7R_1U_25V,healthy_settling,healthy_settling,False,True,False,,,0.0629281450933,0.0625419612436,False,False,False,0.7,synthetic,True
MLCC_LOW_PREVALENCE_C001972,MLCC_LOW_PREVALENCE_B019,MLCC_X7R,leakage_ua,SIM_X7R_1U_25V,healthy_settling,healthy_settling,False,True,False,,,0.101897899262,0.0982904868199,False,False,False,0.7,synthetic,True
MLCC_LOW_PREVALENCE_C001989,MLCC_LOW_PREVALENCE_B019,MLCC_X7R,leakage_ua,SIM_X7R_1U_25V,healthy_settling,healthy_settling,False,True,False,,,0.0806744116991,0.0823164003072,False,False,False,0.7,synthetic,True
MLCC_LOW_PREVALENCE_C001991,MLCC_LOW_PREVALENCE_B019,MLCC_X7R,leakage_ua,SIM_X7R_1U_25V,healthy_settling,healthy_settling,False,True,False,,,0.0611953547464,0.0627207509547,False,False,False,0.7,synthetic,True
MLCC_LOW_PREVALENCE_C000013,MLCC_LOW_PREVALENCE_B020,MLCC_X7R,leakage_ua,SIM_X7R_1U_25V,healthy_settling,healthy_settling,False,True,False,,,0.0717491124233,0.0696872616148,False,False,False,0.7,synthetic,True
MLCC_LOW_PREVALENCE_C000034,MLCC_LOW_PREVALENCE_B020,MLCC_X7R,leakage_ua,SIM_X7R_1U_25V,healthy_settling,healthy_settling,False,True,False,,,0.105001776003,0.10909659841,False,False,False,0.7,synthetic,True
MLCC_LOW_PREVALENCE_C000045,MLCC_LOW_PREVALENCE_B020,MLCC_X7R,leakage_ua,SIM_X7R_1U_25V,healthy_settling,healthy_settling,False,True,False,,,0.10564011371,0.106339427822,False,False,False,0.7,synthetic,True
MLCC_LOW_PREVALENCE_C000060,MLCC_LOW_PREVALENCE_B020,MLCC_X7R,leakage_ua,SIM_X7R_1U_25V,tester_channel_fault,healthy_settling,False,False,True,,0,0.832792283634,0.0727491534128,False,True,False,0.7,synthetic,True
MLCC_LOW_PREVALENCE_C000076,MLCC_LOW_PREVALENCE_B020,MLCC_X7R,leakage_ua,SIM_X7R_1U_25V,healthy_settling,healthy_settling,False,True,False,,,0.0865587510822,0.0871646312753,False,False,False,0.7,synthetic,True
MLCC_LOW_PREVALENCE_C000083,MLCC_LOW_PREVALENCE_B020,MLCC_X7R,leakage_ua,SIM_X7R_1U_25V,healthy_settling,healthy_settling,False,True,False,,,0.109054905577,0.110632778588,False,False,False,0.7,synthetic,True
MLCC_LOW_PREVALENCE_C000086,MLCC_LOW_PREVALENCE_B020,MLCC_X7R,leakage_ua,SIM_X7R_1U_25V,healthy_settling,healthy_settling,False,True,False,,,0.059389659954,0.0596335672151,False,False,False,0.7,synthetic,True
MLCC_LOW_PREVALENCE_C000093,MLCC_LOW_PREVALENCE_B020,MLCC_X7R,leakage_ua,SIM_X7R_1U_25V,healthy_settling,healthy_settling,False,True,False,,,0.08058343908,0.078141775187,False,False,False,0.7,synthetic,True
MLCC_LOW_PREVALENCE_C000101,MLCC_LOW_PREVALENCE_B020,MLCC_X7R,leakage_ua,SIM_X7R_1U_25V,healthy_settling,healthy_settling,False,True,False,,,0.0611463289711,0.0611019631216,False,False,False,0.7,synthetic,True
MLCC_LOW_PREVALENCE_C000113,MLCC_LOW_PREVALENCE_B020,MLCC_X7R,leakage_ua,SIM_X7R_1U_25V,tester_channel_fault,healthy_settling,False,False,True,,0,0.820912401751,0.0618579666317,False,True,False,0.7,synthetic,True
MLCC_LOW_PREVALENCE_C000163,MLCC_LOW_PREVALENCE_B020,MLCC_X7R,leakage_ua,SIM_X7R_1U_25V,healthy_settling,healthy_settling,False,True,False,,,0.0792399665701,0.0816396953984,False,False,False,0.7,synthetic,True
MLCC_LOW_PREVALENCE_C000187,MLCC_LOW_PREVALENCE_B020,MLCC_X7R,leakage_ua,SIM_X7R_1U_25V,healthy_settling,healthy_settling,False,True,False,,,0.101580759715,0.101683370329,False,False,False,0.7,synthetic,True
MLCC_LOW_PREVALENCE_C000189,MLCC_LOW_PREVALENCE_B020,MLCC_X7R,leakage_ua,SIM_X7R_1U_25V,healthy_settling,healthy_settling,False,True,False,,,0.0852139255747,0.0851206029356,False,False,False,0.7,synthetic,True
MLCC_LOW_PREVALENCE_C000200,MLCC_LOW_PREVALENCE_B020,MLCC_X7R,leakage_ua,SIM_X7R_1U_25V,healthy_settling,healthy_settling,False,True,False,,,0.0998254637723,0.0983212934947,False,False,False,0.7,synthetic,True
MLCC_LOW_PREVALENCE_C000247,MLCC_LOW_PREVALENCE_B020,MLCC_X7R,leakage_ua,SIM_X7R_1U_25V,healthy_settling,healthy_settling,False,True,False,,,0.0808263340098,0.0806583404738,False,False,False,0.7,synthetic,True
MLCC_LOW_PREVALENCE_C000266,MLCC_LOW_PREVALENCE_B020,MLCC_X7R,leakage_ua,SIM_X7R_1U_25V,healthy_settling,healthy_settling,False,True,False,,,0.0840685651675,0.0825236500467,False,False,False,0.7,synthetic,True
MLCC_LOW_PREVALENCE_C000271,MLCC_LOW_PREVALENCE_B020,MLCC_X7R,leakage_ua,SIM_X7R_1U_25V,healthy_settling,healthy_settling,False,True,False,,,0.103021328281,0.0981299897305,False,False,False,0.7,synthetic,True
MLCC_LOW_PREVALENCE_C000282,MLCC_LOW_PREVALENCE_B020,MLCC_X7R,leakage_ua,SIM_X7R_1U_25V,healthy_settling,healthy_settling,False,True,False,,,0.0851552261889,0.0840774029869,False,False,False,0.7,synthetic,True
MLCC_LOW_PREVALENCE_C000327,MLCC_LOW_PREVALENCE_B020,MLCC_X7R,leakage_ua,SIM_X7R_1U_25V,healthy_settling,healthy_settling,False,True,False,,,0.137256649752,0.128496989758,False,False,False,0.7,synthetic,True
MLCC_LOW_PREVALENCE_C000344,MLCC_LOW_PREVALENCE_B020,MLCC_X7R,leakage_ua,SIM_X7R_1U_25V,ordinary_noise,ordinary_noise,False,True,False,,,0.0697863942803,0.0646828735161,False,False,False,0.7,synthetic,True
MLCC_LOW_PREVALENCE_C000408,MLCC_LOW_PREVALENCE_B020,MLCC_X7R,leakage_ua,SIM_X7R_1U_25V,healthy_settling,healthy_settling,False,True,False,,,0.0790429766664,0.0786156025002,False,False,False,0.7,synthetic,True
MLCC_LOW_PREVALENCE_C000410,MLCC_LOW_PREVALENCE_B020,MLCC_X7R,leakage_ua,SIM_X7R_1U_25V,ordinary_noise,ordinary_noise,False,True,False,,,0.0585037416438,0.0607407911934,False,False,False,0.7,synthetic,True
MLCC_LOW_PREVALENCE_C000458,MLCC_LOW_PREVALENCE_B020,MLCC_X7R,leakage_ua,SIM_X7R_1U_25V,healthy_settling,healthy_settling,False,True,False,,,0.0774963992066,0.074603544642,False,False,False,0.7,synthetic,True
MLCC_LOW_PREVALENCE_C000462,MLCC_LOW_PREVALENCE_B020,MLCC_X7R,leakage_ua,SIM_X7R_1U_25V,healthy_settling,healthy_settling,False,True,False,,,0.0619541839803,0.0608041800251,False,False,False,0.7,synthetic,True
MLCC_LOW_PREVALENCE_C000486,MLCC_LOW_PREVALENCE_B020,MLCC_X7R,leakage_ua,SIM_X7R_1U_25V,healthy_settling,healthy_settling,False,True,False,,,0.0626378522812,0.0610861706098,False,False,False,0.7,synthetic,True
MLCC_LOW_PREVALENCE_C000492,MLCC_LOW_PREVALENCE_B020,MLCC_X7R,leakage_ua,SIM_X7R_1U_25V,ordinary_noise,ordinary_noise,False,True,False,,,0.0851917748729,0.0858575034583,False,False,False,0.7,synthetic,True
MLCC_LOW_PREVALENCE_C000495,MLCC_LOW_PREVALENCE_B020,MLCC_X7R,leakage_ua,SIM_X7R_1U_25V,healthy_settling,healthy_settling,False,True,False,,,0.0800389580422,0.0779163843929,False,False,False,0.7,synthetic,True
MLCC_LOW_PREVALENCE_C000515,MLCC_LOW_PREVALENCE_B020,MLCC_X7R,leakage_ua,SIM_X7R_1U_25V,healthy_settling,healthy_settling,False,True,False,,,0.0971325382668,0.0992888854997,False,False,False,0.7,synthetic,True
MLCC_LOW_PREVALENCE_C000532,MLCC_LOW_PREVALENCE_B020,MLCC_X7R,leakage_ua,SIM_X7R_1U_25V,healthy_settling,healthy_settling,False,True,False,,,0.0823927004198,0.0807144772706,False,False,False,0.7,synthetic,True
MLCC_LOW_PREVALENCE_C000570,MLCC_LOW_PREVALENCE_B020,MLCC_X7R,leakage_ua,SIM_X7R_1U_25V,healthy_settling,healthy_settling,False,True,False,,,0.0548344978347,0.0563689246462,False,False,False,0.7,synthetic,True
MLCC_LOW_PREVALENCE_C000604,MLCC_LOW_PREVALENCE_B020,MLCC_X7R,leakage_ua,SIM_X7R_1U_25V,ordinary_noise,ordinary_noise,False,True,False,,,0.089849486889,0.0953413268421,False,False,False,0.7,synthetic,True
MLCC_LOW_PREVALENCE_C000607,MLCC_LOW_PREVALENCE_B020,MLCC_X7R,leakage_ua,SIM_X7R_1U_25V,healthy_settling,healthy_settling,False,True,False,,,0.0662129686271,0.0655242251233,False,False,False,0.7,synthetic,True
MLCC_LOW_PREVALENCE_C000627,MLCC_LOW_PREVALENCE_B020,MLCC_X7R,leakage_ua,SIM_X7R_1U_25V,ordinary_noise,ordinary_noise,False,True,False,,,0.0813761857443,0.0878846709579,False,False,False,0.7,synthetic,True
MLCC_LOW_PREVALENCE_C000677,MLCC_LOW_PREVALENCE_B020,MLCC_X7R,leakage_ua,SIM_X7R_1U_25V,healthy_settling,healthy_settling,False,True,False,,,0.0966162887888,0.0965214268723,False,False,False,0.7,synthetic,True
MLCC_LOW_PREVALENCE_C000738,MLCC_LOW_PREVALENCE_B020,MLCC_X7R,leakage_ua,SIM_X7R_1U_25V,healthy_settling,healthy_settling,False,True,False,,,0.100696532546,0.101768398113,False,False,False,0.7,synthetic,True
MLCC_LOW_PREVALENCE_C000745,MLCC_LOW_PREVALENCE_B020,MLCC_X7R,leakage_ua,SIM_X7R_1U_25V,healthy_settling,healthy_settling,False,True,False,,,0.108407978604,0.108687758721,False,False,False,0.7,synthetic,True
MLCC_LOW_PREVALENCE_C000753,MLCC_LOW_PREVALENCE_B020,MLCC_X7R,leakage_ua,SIM_X7R_1U_25V,healthy_settling,healthy_settling,False,True,False,,,0.0643763024733,0.0639944738059,False,False,False,0.7,synthetic,True
MLCC_LOW_PREVALENCE_C000780,MLCC_LOW_PREVALENCE_B020,MLCC_X7R,leakage_ua,SIM_X7R_1U_25V,healthy_settling,healthy_settling,False,True,False,,,0.0864328793201,0.0844550677851,False,False,False,0.7,synthetic,True
MLCC_LOW_PREVALENCE_C000794,MLCC_LOW_PREVALENCE_B020,MLCC_X7R,leakage_ua,SIM_X7R_1U_25V,healthy_settling,healthy_settling,False,True,False,,,0.0765676839285,0.0763690285424,False,False,False,0.7,synthetic,True
MLCC_LOW_PREVALENCE_C000847,MLCC_LOW_PREVALENCE_B020,MLCC_X7R,leakage_ua,SIM_X7R_1U_25V,ordinary_noise,ordinary_noise,False,True,False,,,0.0532453610343,0.0640493298563,False,False,False,0.7,synthetic,True
MLCC_LOW_PREVALENCE_C000881,MLCC_LOW_PREVALENCE_B020,MLCC_X7R,leakage_ua,SIM_X7R_1U_25V,ordinary_noise,ordinary_noise,False,True,False,,,0.0519374427093,0.0599563974267,False,False,False,0.7,synthetic,True
MLCC_LOW_PREVALENCE_C000894,MLCC_LOW_PREVALENCE_B020,MLCC_X7R,leakage_ua,SIM_X7R_1U_25V,healthy_settling,healthy_settling,False,True,False,,,0.0957398437236,0.0978172373575,False,False,False,0.7,synthetic,True
MLCC_LOW_PREVALENCE_C000901,MLCC_LOW_PREVALENCE_B020,MLCC_X7R,leakage_ua,SIM_X7R_1U_25V,tester_channel_fault,healthy_settling,False,False,True,,0,0.853806642153,0.0947127706347,False,True,False,0.7,synthetic,True
MLCC_LOW_PREVALENCE_C000917,MLCC_LOW_PREVALENCE_B020,MLCC_X7R,leakage_ua,SIM_X7R_1U_25V,ordinary_noise,ordinary_noise,False,True,False,,,0.0668562439294,0.0715428856501,False,False,False,0.7,synthetic,True
MLCC_LOW_PREVALENCE_C000921,MLCC_LOW_PREVALENCE_B020,MLCC_X7R,leakage_ua,SIM_X7R_1U_25V,ordinary_noise,ordinary_noise,False,True,False,,,0.0479639847222,0.051628480206,False,False,False,0.7,synthetic,True
MLCC_LOW_PREVALENCE_C000924,MLCC_LOW_PREVALENCE_B020,MLCC_X7R,leakage_ua,SIM_X7R_1U_25V,healthy_settling,healthy_settling,False,True,False,,,0.061948150238,0.0611232266892,False,False,False,0.7,synthetic,True
MLCC_LOW_PREVALENCE_C000971,MLCC_LOW_PREVALENCE_B020,MLCC_X7R,leakage_ua,SIM_X7R_1U_25V,healthy_settling,healthy_settling,False,True,False,,,0.0970287287265,0.100235815301,False,False,False,0.7,synthetic,True
MLCC_LOW_PREVALENCE_C000975,MLCC_LOW_PREVALENCE_B020,MLCC_X7R,leakage_ua,SIM_X7R_1U_25V,ordinary_noise,ordinary_noise,False,True,False,,,0.0745712796845,0.0628009943788,False,False,False,0.7,synthetic,True
MLCC_LOW_PREVALENCE_C000997,MLCC_LOW_PREVALENCE_B020,MLCC_X7R,leakage_ua,SIM_X7R_1U_25V,healthy_settling,healthy_settling,False,True,False,,,0.0510302061444,0.052244692615,False,False,False,0.7,synthetic,True
MLCC_LOW_PREVALENCE_C001004,MLCC_LOW_PREVALENCE_B020,MLCC_X7R,leakage_ua,SIM_X7R_1U_25V,healthy_settling,healthy_settling,False,True,False,,,0.115239191756,0.117092746847,False,False,False,0.7,synthetic,True
MLCC_LOW_PREVALENCE_C001065,MLCC_LOW_PREVALENCE_B020,MLCC_X7R,leakage_ua,SIM_X7R_1U_25V,healthy_settling,healthy_settling,False,True,False,,,0.0465085442479,0.0509513962771,False,False,False,0.7,synthetic,True
MLCC_LOW_PREVALENCE_C001074,MLCC_LOW_PREVALENCE_B020,MLCC_X7R,leakage_ua,SIM_X7R_1U_25V,healthy_settling,healthy_settling,False,True,False,,,0.0432609738236,0.043496990626,False,False,False,0.7,synthetic,True
MLCC_LOW_PREVALENCE_C001121,MLCC_LOW_PREVALENCE_B020,MLCC_X7R,leakage_ua,SIM_X7R_1U_25V,healthy_settling,healthy_settling,False,True,False,,,0.0657464501332,0.0661415159248,False,False,False,0.7,synthetic,True
MLCC_LOW_PREVALENCE_C001147,MLCC_LOW_PREVALENCE_B020,MLCC_X7R,leakage_ua,SIM_X7R_1U_25V,healthy_settling,healthy_settling,False,True,False,,,0.0978768104519,0.0947747018972,False,False,False,0.7,synthetic,True
MLCC_LOW_PREVALENCE_C001163,MLCC_LOW_PREVALENCE_B020,MLCC_X7R,leakage_ua,SIM_X7R_1U_25V,healthy_settling,healthy_settling,False,True,False,,,0.0527383433152,0.0548266245717,False,False,False,0.7,synthetic,True
MLCC_LOW_PREVALENCE_C001166,MLCC_LOW_PREVALENCE_B020,MLCC_X7R,leakage_ua,SIM_X7R_1U_25V,healthy_settling,healthy_settling,False,True,False,,,0.0682132939263,0.0675310680054,False,False,False,0.7,synthetic,True
MLCC_LOW_PREVALENCE_C001170,MLCC_LOW_PREVALENCE_B020,MLCC_X7R,leakage_ua,SIM_X7R_1U_25V,healthy_settling,healthy_settling,False,True,False,,,0.0625314483985,0.0601464091804,False,False,False,0.7,synthetic,True
MLCC_LOW_PREVALENCE_C001171,MLCC_LOW_PREVALENCE_B020,MLCC_X7R,leakage_ua,SIM_X7R_1U_25V,healthy_settling,healthy_settling,False,True,False,,,0.0561212698929,0.0565260760687,False,False,False,0.7,synthetic,True
MLCC_LOW_PREVALENCE_C001201,MLCC_LOW_PREVALENCE_B020,MLCC_X7R,leakage_ua,SIM_X7R_1U_25V,healthy_settling,healthy_settling,False,True,False,,,0.0942080169352,0.0922195377436,False,False,False,0.7,synthetic,True
MLCC_LOW_PREVALENCE_C001208,MLCC_LOW_PREVALENCE_B020,MLCC_X7R,leakage_ua,SIM_X7R_1U_25V,healthy_settling,healthy_settling,False,True,False,,,0.0868383321892,0.0839860585496,False,False,False,0.7,synthetic,True
MLCC_LOW_PREVALENCE_C001222,MLCC_LOW_PREVALENCE_B020,MLCC_X7R,leakage_ua,SIM_X7R_1U_25V,healthy_settling,healthy_settling,False,True,False,,,0.0533373323519,0.0531773758923,False,False,False,0.7,synthetic,True
MLCC_LOW_PREVALENCE_C001232,MLCC_LOW_PREVALENCE_B020,MLCC_X7R,leakage_ua,SIM_X7R_1U_25V,healthy_settling,healthy_settling,False,True,False,,,0.0681610190241,0.0687993057251,False,False,False,0.7,synthetic,True
MLCC_LOW_PREVALENCE_C001233,MLCC_LOW_PREVALENCE_B020,MLCC_X7R,leakage_ua,SIM_X7R_1U_25V,ordinary_noise,ordinary_noise,False,True,False,,,0.105889589816,0.110776366556,False,False,False,0.7,synthetic,True
MLCC_LOW_PREVALENCE_C001254,MLCC_LOW_PREVALENCE_B020,MLCC_X7R,leakage_ua,SIM_X7R_1U_25V,healthy_settling,healthy_settling,False,True,False,,,0.0587709683505,0.0576830802024,False,False,False,0.7,synthetic,True
MLCC_LOW_PREVALENCE_C001258,MLCC_LOW_PREVALENCE_B020,MLCC_X7R,leakage_ua,SIM_X7R_1U_25V,healthy_settling,healthy_settling,False,True,False,,,0.0887575711961,0.0917078165682,False,False,False,0.7,synthetic,True
MLCC_LOW_PREVALENCE_C001284,MLCC_LOW_PREVALENCE_B020,MLCC_X7R,leakage_ua,SIM_X7R_1U_25V,healthy_settling,healthy_settling,False,True,False,,,0.0600037171845,0.0592862396608,False,False,False,0.7,synthetic,True
MLCC_LOW_PREVALENCE_C001308,MLCC_LOW_PREVALENCE_B020,MLCC_X7R,leakage_ua,SIM_X7R_1U_25V,healthy_settling,healthy_settling,False,True,False,,,0.0697532679263,0.0653944210652,False,False,False,0.7,synthetic,True
MLCC_LOW_PREVALENCE_C001309,MLCC_LOW_PREVALENCE_B020,MLCC_X7R,leakage_ua,SIM_X7R_1U_25V,healthy_settling,healthy_settling,False,True,False,,,0.062616564212,0.0635170377583,False,False,False,0.7,synthetic,True
MLCC_LOW_PREVALENCE_C001342,MLCC_LOW_PREVALENCE_B020,MLCC_X7R,leakage_ua,SIM_X7R_1U_25V,healthy_settling,healthy_settling,False,True,False,,,0.0781847561318,0.0758961638202,False,False,False,0.7,synthetic,True
MLCC_LOW_PREVALENCE_C001384,MLCC_LOW_PREVALENCE_B020,MLCC_X7R,leakage_ua,SIM_X7R_1U_25V,healthy_settling,healthy_settling,False,True,False,,,0.0726924546799,0.0721265099852,False,False,False,0.7,synthetic,True
MLCC_LOW_PREVALENCE_C001389,MLCC_LOW_PREVALENCE_B020,MLCC_X7R,leakage_ua,SIM_X7R_1U_25V,healthy_settling,healthy_settling,False,True,False,,,0.121018476976,0.121238358282,False,False,False,0.7,synthetic,True
MLCC_LOW_PREVALENCE_C001404,MLCC_LOW_PREVALENCE_B020,MLCC_X7R,leakage_ua,SIM_X7R_1U_25V,healthy_settling,healthy_settling,False,True,False,,,0.0625453068573,0.0591910448135,False,False,False,0.7,synthetic,True
MLCC_LOW_PREVALENCE_C001438,MLCC_LOW_PREVALENCE_B020,MLCC_X7R,leakage_ua,SIM_X7R_1U_25V,healthy_settling,healthy_settling,False,True,False,,,0.0533615831047,0.0500069170889,False,False,False,0.7,synthetic,True
MLCC_LOW_PREVALENCE_C001439,MLCC_LOW_PREVALENCE_B020,MLCC_X7R,leakage_ua,SIM_X7R_1U_25V,healthy_settling,healthy_settling,False,True,False,,,0.101718091029,0.0990335652743,False,False,False,0.7,synthetic,True
MLCC_LOW_PREVALENCE_C001452,MLCC_LOW_PREVALENCE_B020,MLCC_X7R,leakage_ua,SIM_X7R_1U_25V,ordinary_noise,ordinary_noise,False,True,False,,,0.0828127565742,0.0942524824968,False,False,False,0.7,synthetic,True
MLCC_LOW_PREVALENCE_C001509,MLCC_LOW_PREVALENCE_B020,MLCC_X7R,leakage_ua,SIM_X7R_1U_25V,healthy_settling,healthy_settling,False,True,False,,,0.0855366403926,0.0847169524208,False,False,False,0.7,synthetic,True
MLCC_LOW_PREVALENCE_C001530,MLCC_LOW_PREVALENCE_B020,MLCC_X7R,leakage_ua,SIM_X7R_1U_25V,healthy_settling,healthy_settling,False,True,False,,,0.109967697181,0.112948647706,False,False,False,0.7,synthetic,True
MLCC_LOW_PREVALENCE_C001586,MLCC_LOW_PREVALENCE_B020,MLCC_X7R,leakage_ua,SIM_X7R_1U_25V,healthy_settling,healthy_settling,False,True,False,,,0.0762475627411,0.0773574179186,False,False,False,0.7,synthetic,True
MLCC_LOW_PREVALENCE_C001587,MLCC_LOW_PREVALENCE_B020,MLCC_X7R,leakage_ua,SIM_X7R_1U_25V,healthy_settling,healthy_settling,False,True,False,,,0.0947803507226,0.0960740301134,False,False,False,0.7,synthetic,True
MLCC_LOW_PREVALENCE_C001612,MLCC_LOW_PREVALENCE_B020,MLCC_X7R,leakage_ua,SIM_X7R_1U_25V,healthy_settling,healthy_settling,False,True,False,,,0.072747782376,0.0709131156263,False,False,False,0.7,synthetic,True
MLCC_LOW_PREVALENCE_C001649,MLCC_LOW_PREVALENCE_B020,MLCC_X7R,leakage_ua,SIM_X7R_1U_25V,ordinary_noise,ordinary_noise,False,True,False,,,0.0924891028249,0.0970391345618,False,False,False,0.7,synthetic,True
MLCC_LOW_PREVALENCE_C001662,MLCC_LOW_PREVALENCE_B020,MLCC_X7R,leakage_ua,SIM_X7R_1U_25V,ordinary_noise,ordinary_noise,False,True,False,,,0.0683772230611,0.0668198778283,False,False,False,0.7,synthetic,True
MLCC_LOW_PREVALENCE_C001680,MLCC_LOW_PREVALENCE_B020,MLCC_X7R,leakage_ua,SIM_X7R_1U_25V,ordinary_noise,ordinary_noise,False,True,False,,,0.0511184889917,0.0581627641175,False,False,False,0.7,synthetic,True
MLCC_LOW_PREVALENCE_C001686,MLCC_LOW_PREVALENCE_B020,MLCC_X7R,leakage_ua,SIM_X7R_1U_25V,tester_channel_fault,ordinary_noise,False,False,True,,0,0.827428194444,0.0694957044525,False,True,False,0.7,synthetic,True
MLCC_LOW_PREVALENCE_C001703,MLCC_LOW_PREVALENCE_B020,MLCC_X7R,leakage_ua,SIM_X7R_1U_25V,tester_channel_fault,healthy_settling,False,False,True,,0,0.836539651809,0.0751744625378,False,True,False,0.7,synthetic,True
MLCC_LOW_PREVALENCE_C001708,MLCC_LOW_PREVALENCE_B020,MLCC_X7R,leakage_ua,SIM_X7R_1U_25V,healthy_settling,healthy_settling,False,True,False,,,0.0639872652911,0.0645462378017,False,False,False,0.7,synthetic,True
MLCC_LOW_PREVALENCE_C001719,MLCC_LOW_PREVALENCE_B020,MLCC_X7R,leakage_ua,SIM_X7R_1U_25V,healthy_settling,healthy_settling,False,True,False,,,0.0630019004043,0.0621794551154,False,False,False,0.7,synthetic,True
MLCC_LOW_PREVALENCE_C001724,MLCC_LOW_PREVALENCE_B020,MLCC_X7R,leakage_ua,SIM_X7R_1U_25V,healthy_settling,healthy_settling,False,True,False,,,0.0413850800354,0.0438002137995,False,False,False,0.7,synthetic,True
MLCC_LOW_PREVALENCE_C001729,MLCC_LOW_PREVALENCE_B020,MLCC_X7R,leakage_ua,SIM_X7R_1U_25V,healthy_settling,healthy_settling,False,True,False,,,0.0574136954864,0.0570982450443,False,False,False,0.7,synthetic,True
MLCC_LOW_PREVALENCE_C001770,MLCC_LOW_PREVALENCE_B020,MLCC_X7R,leakage_ua,SIM_X7R_1U_25V,healthy_settling,healthy_settling,False,True,False,,,0.0905362202663,0.0891792345892,False,False,False,0.7,synthetic,True
MLCC_LOW_PREVALENCE_C001838,MLCC_LOW_PREVALENCE_B020,MLCC_X7R,leakage_ua,SIM_X7R_1U_25V,healthy_settling,healthy_settling,False,True,False,,,0.0989262693059,0.0975169423341,False,False,False,0.7,synthetic,True
MLCC_LOW_PREVALENCE_C001848,MLCC_LOW_PREVALENCE_B020,MLCC_X7R,leakage_ua,SIM_X7R_1U_25V,healthy_settling,healthy_settling,False,True,False,,,0.0580762242901,0.0561378900981,False,False,False,0.7,synthetic,True
MLCC_LOW_PREVALENCE_C001850,MLCC_LOW_PREVALENCE_B020,MLCC_X7R,leakage_ua,SIM_X7R_1U_25V,healthy_settling,healthy_settling,False,True,False,,,0.0804232442438,0.0787507684929,False,False,False,0.7,synthetic,True
MLCC_LOW_PREVALENCE_C001858,MLCC_LOW_PREVALENCE_B020,MLCC_X7R,leakage_ua,SIM_X7R_1U_25V,healthy_settling,healthy_settling,False,True,False,,,0.0641168151788,0.0647766354105,False,False,False,0.7,synthetic,True
MLCC_LOW_PREVALENCE_C001891,MLCC_LOW_PREVALENCE_B020,MLCC_X7R,leakage_ua,SIM_X7R_1U_25V,healthy_settling,healthy_settling,False,True,False,,,0.0835651522384,0.0832827450701,False,False,False,0.7,synthetic,True
MLCC_LOW_PREVALENCE_C001905,MLCC_LOW_PREVALENCE_B020,MLCC_X7R,leakage_ua,SIM_X7R_1U_25V,healthy_settling,healthy_settling,False,True,False,,,0.104512006771,0.10541444185,False,False,False,0.7,synthetic,True
MLCC_LOW_PREVALENCE_C001963,MLCC_LOW_PREVALENCE_B020,MLCC_X7R,leakage_ua,SIM_X7R_1U_25V,healthy_settling,healthy_settling,False,True,False,,,0.059844995211,0.0604951449317,False,False,False,0.7,synthetic,True
MLCC_LOW_PREVALENCE_C001971,MLCC_LOW_PREVALENCE_B020,MLCC_X7R,leakage_ua,SIM_X7R_1U_25V,healthy_settling,healthy_settling,False,True,False,,,0.106360693195,0.105439792948,False,False,False,0.7,synthetic,True
MLCC_LOW_PREVALENCE_C001999,MLCC_LOW_PREVALENCE_B020,MLCC_X7R,leakage_ua,SIM_X7R_1U_25V,tester_channel_fault,healthy_settling,False,False,True,,0,0.844822346085,0.0867236218649,False,True,False,0.7,synthetic,True
MLCC_LOW_PREVALENCE_C002000,MLCC_LOW_PREVALENCE_B020,MLCC_X7R,leakage_ua,SIM_X7R_1U_25V,ordinary_noise,ordinary_noise,False,True,False,,,0.0704613061144,0.0726352104239,False,False,False,0.7,synthetic,True
