component_id,has_0h,has_24h
MLCC_C000002,True,True
MLCC_C000003,True,True
MLCC_C000004,True,True
MLCC_C000006,True,True
MLCC_C000007,True,True
MLCC_C000008,True,True
MLCC_C000009,True,True
MLCC_C000010,True,True
MLCC_C000011,True,True
MLCC_C000012,True,True
MLCC_C000013,True,True
MLCC_C000015,True,True
MLCC_C000016,True,True
MLCC_C000017,True,True
MLCC_C000018,True,True
MLCC_C000019,True,True
MLCC_C000022,True,True
MLCC_C000023,True,True
MLCC_C000024,True,True
MLCC_C000026,True,True
MLCC_C000027,True,True
MLCC_C000028,True,True
MLCC_C000029,True,True
MLCC_C000030,True,True
MLCC_C000032,True,True
MLCC_C000033,True,True
MLCC_C000034,True,True
MLCC_C000036,True,True
MLCC_C000038,True,True
MLCC_C000041,True,True
MLCC_C000042,True,True
MLCC_C000043,True,True
MLCC_C000044,True,True
MLCC_C000046,True,True
MLCC_C000047,True,True
MLCC_C000050,True,True
MLCC_C000051,True,True
MLCC_C000053,True,True
MLCC_C000055,True,True
MLCC_C000056,True,True
MLCC_C000057,True,True
MLCC_C000061,True,True
MLCC_C000063,True,True
MLCC_C000064,True,True
MLCC_C000065,True,True
MLCC_C000066,True,True
MLCC_C000067,True,True
MLCC_C000069,True,True
MLCC_C000070,True,True
MLCC_C000071,True,True
MLCC_C000072,True,True
MLCC_C000074,True,True
MLCC_C000075,True,True
MLCC_C000076,True,True
MLCC_C000077,True,True
MLCC_C000080,True,True
MLCC_C000086,True,True
MLCC_C000087,True,True
MLCC_C000089,True,True
MLCC_C000092,True,True
MLCC_C000093,True,True
MLCC_C000094,True,True
MLCC_C000096,True,True
MLCC_C000098,True,True
MLCC_C000100,True,True
MLCC_C000101,True,True
MLCC_C000104,True,True
MLCC_C000108,True,True
MLCC_C000111,True,True
MLCC_C000112,True,True
MLCC_C000115,True,True
MLCC_C000119,True,True
MLCC_C000123,True,True
MLCC_C000124,True,True
MLCC_C000126,True,True
MLCC_C000127,True,True
MLCC_C000129,True,True
MLCC_C000130,True,True
MLCC_C000131,True,True
MLCC_C000132,True,True
MLCC_C000137,True,True
MLCC_C000139,True,True
MLCC_C000140,True,True
MLCC_C000141,True,True
MLCC_C000143,True,True
MLCC_C000144,True,True
MLCC_C000145,True,True
MLCC_C000146,True,True
MLCC_C000148,True,True
MLCC_C000149,True,True
MLCC_C000151,True,True
MLCC_C000152,True,True
MLCC_C000153,True,True
MLCC_C000154,True,True
MLCC_C000156,True,True
MLCC_C000158,True,True
MLCC_C000159,True,True
MLCC_C000160,True,True
MLCC_C000163,True,True
MLCC_C000166,True,True
MLCC_C000167,True,True
MLCC_C000168,True,True
MLCC_C000169,True,True
MLCC_C000170,True,True
MLCC_C000173,True,True
MLCC_C000174,True,True
MLCC_C000175,True,True
MLCC_C000176,True,True
MLCC_C000179,True,True
MLCC_C000180,True,True
MLCC_C000182,True,True
MLCC_C000186,True,True
MLCC_C000190,True,True
MLCC_C000193,True,True
MLCC_C000194,True,True
MLCC_C000195,True,True
MLCC_C000196,True,True
MLCC_C000198,True,True
MLCC_C000202,True,True
MLCC_C000206,True,True
MLCC_C000207,True,True
MLCC_C000208,True,True
MLCC_C000210,True,True
MLCC_C000211,True,True
MLCC_C000213,True,True
MLCC_C000215,True,True
MLCC_C000217,True,True
MLCC_C000218,True,True
MLCC_C000219,True,True
MLCC_C000220,True,True
MLCC_C000222,True,True
MLCC_C000223,True,True
MLCC_C000224,True,True
MLCC_C000226,True,True
MLCC_C000227,True,True
MLCC_C000228,True,True
MLCC_C000234,True,True
MLCC_C000236,True,True
MLCC_C000237,True,True
MLCC_C000238,True,True
MLCC_C000239,True,True
MLCC_C000242,True,True
MLCC_C000245,True,True
MLCC_C000249,True,True
MLCC_C000251,True,True
MLCC_C000252,True,True
MLCC_C000253,True,True
MLCC_C000254,True,True
MLCC_C000255,True,True
MLCC_C000256,True,True
MLCC_C000259,True,True
MLCC_C000261,True,True
MLCC_C000263,True,True
MLCC_C000265,True,True
MLCC_C000266,True,True
MLCC_C000268,True,True
MLCC_C000269,True,True
MLCC_C000270,True,True
MLCC_C000271,True,True
MLCC_C000274,True,True
MLCC_C000275,True,True
MLCC_C000276,True,True
MLCC_C000277,True,True
MLCC_C000282,True,True
MLCC_C000288,True,True
MLCC_C000289,True,True
MLCC_C000292,True,True
MLCC_C000294,True,True
MLCC_C000296,True,True
MLCC_C000298,True,True
MLCC_C000299,True,True
MLCC_C000300,True,True
MLCC_C000303,True,True
MLCC_C000304,True,True
MLCC_C000306,True,True
MLCC_C000307,True,True
MLCC_C000308,True,True
MLCC_C000309,True,True
MLCC_C000310,True,True
MLCC_C000314,True,True
MLCC_C000315,True,True
MLCC_C000316,True,True
MLCC_C000317,True,True
MLCC_C000321,True,True
MLCC_C000323,True,True
MLCC_C000325,True,True
MLCC_C000326,True,True
MLCC_C000329,True,True
MLCC_C000330,True,True
MLCC_C000331,True,True
MLCC_C000332,True,True
MLCC_C000334,True,True
MLCC_C000335,True,True
MLCC_C000337,True,True
MLCC_C000338,True,True
MLCC_C000339,True,True
MLCC_C000340,True,True
MLCC_C000341,True,True
MLCC_C000342,True,True
MLCC_C000344,True,True
MLCC_C000345,True,True
MLCC_C000348,True,True
MLCC_C000349,True,True
MLCC_C000351,True,True
MLCC_C000352,True,True
MLCC_C000353,True,True
MLCC_C000354,True,True
MLCC_C000355,True,True
MLCC_C000357,True,True
MLCC_C000358,True,True
MLCC_C000359,True,True
MLCC_C000362,True,True
MLCC_C000363,True,True
MLCC_C000364,True,True
MLCC_C000365,True,True
MLCC_C000367,True,True
MLCC_C000374,True,True
MLCC_C000375,True,True
MLCC_C000379,True,True
MLCC_C000380,True,True
MLCC_C000381,True,True
MLCC_C000382,True,True
MLCC_C000384,True,True
MLCC_C000388,True,True
MLCC_C000389,True,True
MLCC_C000390,True,True
MLCC_C000391,True,True
MLCC_C000394,True,True
MLCC_C000396,True,True
MLCC_C000398,True,True
MLCC_C000399,True,True
MLCC_C000400,True,True
MLCC_C000402,True,True
MLCC_C000403,True,True
MLCC_C000404,True,True
MLCC_C000405,True,True
MLCC_C000406,True,True
MLCC_C000407,True,True
MLCC_C000408,True,True
MLCC_C000410,True,True
MLCC_C000411,True,True
MLCC_C000414,True,True
MLCC_C000415,True,True
MLCC_C000418,True,True
MLCC_C000419,True,True
MLCC_C000420,True,True
MLCC_C000421,True,True
MLCC_C000422,True,True
MLCC_C000423,True,True
MLCC_C000424,True,True
MLCC_C000426,True,True
MLCC_C000428,True,True
MLCC_C000430,True,True
MLCC_C000431,True,True
MLCC_C000432,True,True
MLCC_C000433,True,True
MLCC_C000437,True,True
MLCC_C000438,True,True
MLCC_C000440,True,True
MLCC_C000442,True,True
MLCC_C000443,True,True
MLCC_C000444,True,True
MLCC_C000445,True,True
MLCC_C000446,True,True
MLCC_C000449,True,True
MLCC_C000451,True,True
MLCC_C000452,True,True
MLCC_C000455,True,True
MLCC_C000456,True,True
MLCC_C000457,True,True
MLCC_C000459,True,True
MLCC_C000460,True,True
MLCC_C000461,True,True
MLCC_C000462,True,True
MLCC_C000463,True,True
MLCC_C000464,True,True
MLCC_C000465,True,True
MLCC_C000466,True,True
MLCC_C000468,True,True
MLCC_C000470,True,True
MLCC_C000471,True,True
MLCC_C000472,True,True
MLCC_C000474,True,True
MLCC_C000475,True,True
MLCC_C000476,True,True
MLCC_C000477,True,True
MLCC_C000479,True,True
MLCC_C000480,True,True
MLCC_C000483,True,True
MLCC_C000487,True,True
MLCC_C000488,True,True
MLCC_C000489,True,True
MLCC_C000494,True,True
MLCC_C000495,True,True
MLCC_C000496,True,True
MLCC_C000497,True,True
MLCC_C000498,True,True
MLCC_C000501,True,True
MLCC_C000505,True,True
MLCC_C000508,True,True
MLCC_C000509,True,True
MLCC_C000510,True,True
MLCC_C000513,True,True
MLCC_C000515,True,True
MLCC_C000517,True,True
MLCC_C000518,True,True
MLCC_C000519,True,True
MLCC_C000520,True,True
MLCC_C000522,True,True
MLCC_C000523,True,True
MLCC_C000524,True,True
MLCC_C000525,True,True
MLCC_C000527,True,True
MLCC_C000528,True,True
MLCC_C000530,True,True
MLCC_C000532,True,True
MLCC_C000534,True,True
MLCC_C000535,True,True
MLCC_C000536,True,True
MLCC_C000537,True,True
MLCC_C000538,True,True
MLCC_C000539,True,True
MLCC_C000540,True,True
MLCC_C000541,True,True
MLCC_C000543,True,True
MLCC_C000544,True,True
MLCC_C000546,True,True
MLCC_C000548,True,True
MLCC_C000549,True,True
MLCC_C000550,True,True
MLCC_C000552,True,True
MLCC_C000553,True,True
MLCC_C000554,True,True
MLCC_C000555,True,True
MLCC_C000556,True,True
MLCC_C000559,True,True
MLCC_C000560,True,True
MLCC_C000562,True,True
MLCC_C000563,True,True
MLCC_C000564,True,True
MLCC_C000565,True,True
MLCC_C000566,True,True
MLCC_C000567,True,True
MLCC_C000569,True,True
MLCC_C000572,True,True
MLCC_C000575,True,True
MLCC_C000576,True,True
MLCC_C000578,True,True
MLCC_C000579,True,True
MLCC_C000580,True,True
MLCC_C000581,True,True
MLCC_C000582,True,True
MLCC_C000583,True,True
MLCC_C000584,True,True
MLCC_C000585,True,True
MLCC_C000587,True,True
MLCC_C000589,True,True
MLCC_C000592,True,True
MLCC_C000595,True,True
MLCC_C000598,True,True
MLCC_C000601,True,True
MLCC_C000602,True,True
MLCC_C000603,True,True
MLCC_C000604,True,True
MLCC_C000605,True,True
MLCC_C000606,True,True
MLCC_C000609,True,True
MLCC_C000611,True,True
MLCC_C000614,True,True
MLCC_C000615,True,True
MLCC_C000617,True,True
MLCC_C000619,True,True
MLCC_C000620,True,True
MLCC_C000621,True,True
MLCC_C000624,True,True
MLCC_C000625,True,True
MLCC_C000629,True,True
MLCC_C000630,True,True
MLCC_C000631,True,True
MLCC_C000633,True,True
MLCC_C000635,True,True
MLCC_C000636,True,True
MLCC_C000637,True,True
MLCC_C000639,True,True
MLCC_C000640,True,True
MLCC_C000641,True,True
MLCC_C000642,True,True
MLCC_C000643,True,True
MLCC_C000645,True,True
MLCC_C000646,True,True
MLCC_C000647,True,True
MLCC_C000648,True,True
MLCC_C000649,True,True
MLCC_C000650,True,True
MLCC_C000651,True,True
MLCC_C000654,True,True
MLCC_C000656,True,True
MLCC_C000659,True,True
MLCC_C000660,True,True
MLCC_C000664,True,True
MLCC_C000666,True,True
MLCC_C000667,True,True
MLCC_C000668,True,True
MLCC_C000672,True,True
MLCC_C000673,True,True
MLCC_C000674,True,True
MLCC_C000676,True,True
MLCC_C000678,True,True
MLCC_C000679,True,True
MLCC_C000681,True,True
MLCC_C000682,True,True
MLCC_C000684,True,True
MLCC_C000686,True,True
MLCC_C000687,True,True
MLCC_C000688,True,True
MLCC_C000690,True,True
MLCC_C000693,True,True
MLCC_C000694,True,True
MLCC_C000696,True,True
MLCC_C000699,True,True
MLCC_C000700,True,True
MLCC_C000702,True,True
MLCC_C000704,True,True
MLCC_C000705,True,True
MLCC_C000706,True,True
MLCC_C000711,True,True
MLCC_C000713,True,True
MLCC_C000714,True,True
MLCC_C000715,True,True
MLCC_C000718,True,True
MLCC_C000719,True,True
MLCC_C000721,True,True
MLCC_C000723,True,True
MLCC_C000724,True,True
MLCC_C000727,True,True
MLCC_C000728,True,True
MLCC_C000730,True,True
MLCC_C000731,True,True
MLCC_C000736,True,True
MLCC_C000737,True,True
MLCC_C000739,True,True
MLCC_C000741,True,True
MLCC_C000744,True,True
MLCC_C000745,True,True
MLCC_C000746,True,True
MLCC_C000749,True,True
MLCC_C000754,True,True
MLCC_C000755,True,True
MLCC_C000757,True,True
MLCC_C000760,True,True
MLCC_C000761,True,True
MLCC_C000762,True,True
MLCC_C000763,True,True
MLCC_C000766,True,True
MLCC_C000768,True,True
MLCC_C000769,True,True
MLCC_C000771,True,True
MLCC_C000775,True,True
MLCC_C000776,True,True
MLCC_C000777,True,True
MLCC_C000779,True,True
MLCC_C000780,True,True
MLCC_C000782,True,True
MLCC_C000783,True,True
MLCC_C000787,True,True
MLCC_C000788,True,True
MLCC_C000789,True,True
MLCC_C000792,True,True
MLCC_C000793,True,True
MLCC_C000795,True,True
MLCC_C000796,True,True
MLCC_C000797,True,True
MLCC_C000799,True,True
MLCC_C000802,True,True
MLCC_C000803,True,True
MLCC_C000805,True,True
MLCC_C000806,True,True
MLCC_C000807,True,True
MLCC_C000808,True,True
MLCC_C000809,True,True
MLCC_C000811,True,True
MLCC_C000812,True,True
MLCC_C000813,True,True
MLCC_C000814,True,True
MLCC_C000815,True,True
MLCC_C000818,True,True
MLCC_C000819,True,True
MLCC_C000822,True,True
MLCC_C000823,True,True
MLCC_C000824,True,True
MLCC_C000826,True,True
MLCC_C000827,True,True
MLCC_C000829,True,True
MLCC_C000833,True,True
MLCC_C000834,True,True
MLCC_C000835,True,True
MLCC_C000837,True,True
MLCC_C000840,True,True
MLCC_C000841,True,True
MLCC_C000842,True,True
MLCC_C000843,True,True
MLCC_C000844,True,True
MLCC_C000845,True,True
MLCC_C000846,True,True
MLCC_C000847,True,True
MLCC_C000849,True,True
MLCC_C000850,True,True
MLCC_C000852,True,True
MLCC_C000853,True,True
MLCC_C000854,True,True
MLCC_C000855,True,True
MLCC_C000860,True,True
MLCC_C000868,True,True
MLCC_C000871,True,True
MLCC_C000872,True,True
MLCC_C000875,True,True
MLCC_C000876,True,True
MLCC_C000877,True,True
MLCC_C000880,True,True
MLCC_C000882,True,True
MLCC_C000883,True,True
MLCC_C000886,True,True
MLCC_C000888,True,True
MLCC_C000890,True,True
MLCC_C000893,True,True
MLCC_C000895,True,True
MLCC_C000896,True,True
MLCC_C000898,True,True
MLCC_C000900,True,True
MLCC_C000902,True,True
MLCC_C000903,True,True
MLCC_C000905,True,True
MLCC_C000906,True,True
MLCC_C000907,True,True
MLCC_C000908,True,True
MLCC_C000909,True,True
MLCC_C000910,True,True
MLCC_C000915,True,True
MLCC_C000916,True,True
MLCC_C000918,True,True
MLCC_C000919,True,True
MLCC_C000920,True,True
MLCC_C000921,True,True
MLCC_C000922,True,True
MLCC_C000924,True,True
MLCC_C000925,True,True
MLCC_C000927,True,True
MLCC_C000929,True,True
MLCC_C000930,True,True
MLCC_C000934,True,True
MLCC_C000940,True,True
MLCC_C000945,True,True
MLCC_C000946,True,True
MLCC_C000947,True,True
MLCC_C000948,True,True
MLCC_C000951,True,True
MLCC_C000952,True,True
MLCC_C000956,True,True
MLCC_C000958,True,True
MLCC_C000959,True,True
MLCC_C000960,True,True
MLCC_C000961,True,True
MLCC_C000962,True,True
MLCC_C000964,True,True
MLCC_C000966,True,True
MLCC_C000967,True,True
MLCC_C000971,True,True
MLCC_C000972,True,True
MLCC_C000973,True,True
MLCC_C000974,True,True
MLCC_C000976,True,True
MLCC_C000977,True,True
MLCC_C000978,True,True
MLCC_C000979,True,True
MLCC_C000980,True,True
MLCC_C000981,True,True
MLCC_C000983,True,True
MLCC_C000984,True,True
MLCC_C000985,True,True
MLCC_C000986,True,True
MLCC_C000987,True,True
MLCC_C000988,True,True
MLCC_C000991,True,True
MLCC_C000992,True,True
MLCC_C000998,True,True
MLCC_C000999,True,True
MLCC_C001000,True,True
MLCC_C001001,True,True
MLCC_C001003,True,True
MLCC_C001004,True,True
MLCC_C001007,True,True
MLCC_C001010,True,True
MLCC_C001011,True,True
MLCC_C001014,True,True
MLCC_C001015,True,True
MLCC_C001018,True,True
MLCC_C001019,True,True
MLCC_C001020,True,True
MLCC_C001021,True,True
MLCC_C001022,True,True
MLCC_C001023,True,True
MLCC_C001024,True,True
MLCC_C001025,True,True
MLCC_C001029,True,True
MLCC_C001030,True,True
MLCC_C001031,True,True
MLCC_C001033,True,True
MLCC_C001035,True,True
MLCC_C001036,True,True
MLCC_C001038,True,True
MLCC_C001039,True,True
MLCC_C001040,True,True
MLCC_C001041,True,True
MLCC_C001042,True,True
MLCC_C001043,True,True
MLCC_C001044,True,True
MLCC_C001047,True,True
MLCC_C001049,True,True
MLCC_C001050,True,True
MLCC_C001051,True,True
MLCC_C001056,True,True
MLCC_C001057,True,True
MLCC_C001058,True,True
MLCC_C001059,True,True
MLCC_C001061,True,True
MLCC_C001062,True,True
MLCC_C001063,True,True
MLCC_C001064,True,True
MLCC_C001065,True,True
MLCC_C001067,True,True
MLCC_C001069,True,True
MLCC_C001072,True,True
MLCC_C001073,True,True
MLCC_C001076,True,True
MLCC_C001079,True,True
MLCC_C001080,True,True
MLCC_C001081,True,True
MLCC_C001084,True,True
MLCC_C001086,True,True
MLCC_C001089,True,True
MLCC_C001090,True,True
MLCC_C001092,True,True
MLCC_C001094,True,True
MLCC_C001097,True,True
MLCC_C001098,True,True
MLCC_C001101,True,True
MLCC_C001104,True,True
MLCC_C001105,True,True
MLCC_C001110,True,True
MLCC_C001112,True,True
MLCC_C001113,True,True
MLCC_C001115,True,True
MLCC_C001118,True,True
MLCC_C001121,True,True
MLCC_C001122,True,True
MLCC_C001123,True,True
MLCC_C001124,True,True
MLCC_C001125,True,True
MLCC_C001126,True,True
MLCC_C001127,True,True
MLCC_C001132,True,True
MLCC_C001133,True,True
MLCC_C001135,True,True
MLCC_C001137,True,True
MLCC_C001138,True,True
MLCC_C001139,True,True
MLCC_C001140,True,True
MLCC_C001142,True,True
MLCC_C001144,True,True
MLCC_C001145,True,True
MLCC_C001146,True,True
MLCC_C001147,True,True
MLCC_C001149,True,True
MLCC_C001151,True,True
MLCC_C001152,True,True
MLCC_C001153,True,True
MLCC_C001154,True,True
MLCC_C001155,True,True
MLCC_C001156,True,True
MLCC_C001158,True,True
MLCC_C001159,True,True
MLCC_C001160,True,True
MLCC_C001162,True,True
MLCC_C001164,True,True
MLCC_C001168,True,True
MLCC_C001171,True,True
MLCC_C001172,True,True
MLCC_C001173,True,True
MLCC_C001174,True,True
MLCC_C001175,True,True
MLCC_C001181,True,True
MLCC_C001184,True,True
MLCC_C001186,True,True
MLCC_C001191,True,True
MLCC_C001192,True,True
MLCC_C001193,True,True
MLCC_C001194,True,True
MLCC_C001195,True,True
MLCC_C001197,True,True
MLCC_C001198,True,True
MLCC_C001199,True,True
MLCC_C001201,True,True
MLCC_C001203,True,True
MLCC_C001204,True,True
MLCC_C001210,True,True
MLCC_C001211,True,True
MLCC_C001212,True,True
MLCC_C001213,True,True
MLCC_C001215,True,True
MLCC_C001216,True,True
MLCC_C001217,True,True
MLCC_C001219,True,True
MLCC_C001220,True,True
MLCC_C001221,True,True
MLCC_C001222,True,True
MLCC_C001223,True,True
MLCC_C001224,True,True
MLCC_C001225,True,True
MLCC_C001226,True,True
MLCC_C001227,True,True
MLCC_C001228,True,True
MLCC_C001229,True,True
MLCC_C001230,True,True
MLCC_C001233,True,True
MLCC_C001236,True,True
MLCC_C001237,True,True
MLCC_C001238,True,True
MLCC_C001240,True,True
MLCC_C001241,True,True
MLCC_C001245,True,True
MLCC_C001246,True,True
MLCC_C001248,True,True
MLCC_C001250,True,True
MLCC_C001251,True,True
MLCC_C001254,True,True
MLCC_C001258,True,True
MLCC_C001259,True,True
MLCC_C001260,True,True
MLCC_C001261,True,True
MLCC_C001262,True,True
MLCC_C001263,True,True
MLCC_C001266,True,True
MLCC_C001269,True,True
MLCC_C001270,True,True
MLCC_C001271,True,True
MLCC_C001275,True,True
MLCC_C001278,True,True
MLCC_C001279,True,True
MLCC_C001280,True,True
MLCC_C001283,True,True
MLCC_C001287,True,True
MLCC_C001288,True,True
MLCC_C001289,True,True
MLCC_C001290,True,True
MLCC_C001292,True,True
MLCC_C001294,True,True
MLCC_C001295,True,True
MLCC_C001296,True,True
MLCC_C001297,True,True
MLCC_C001298,True,True
MLCC_C001300,True,True
MLCC_C001301,True,True
MLCC_C001304,True,True
MLCC_C001307,True,True
MLCC_C001309,True,True
MLCC_C001310,True,True
MLCC_C001311,True,True
MLCC_C001312,True,True
MLCC_C001313,True,True
MLCC_C001316,True,True
MLCC_C001318,True,True
MLCC_C001319,True,True
MLCC_C001321,True,True
MLCC_C001322,True,True
MLCC_C001325,True,True
MLCC_C001327,True,True
MLCC_C001328,True,True
MLCC_C001329,True,True
MLCC_C001330,True,True
MLCC_C001334,True,True
MLCC_C001335,True,True
MLCC_C001337,True,True
MLCC_C001338,True,True
MLCC_C001339,True,True
MLCC_C001340,True,True
MLCC_C001341,True,True
MLCC_C001342,True,True
MLCC_C001346,True,True
MLCC_C001347,True,True
MLCC_C001348,True,True
MLCC_C001349,True,True
MLCC_C001350,True,True
MLCC_C001352,True,True
MLCC_C001353,True,True
MLCC_C001354,True,True
MLCC_C001355,True,True
MLCC_C001356,True,True
MLCC_C001357,True,True
MLCC_C001358,True,True
MLCC_C001360,True,True
MLCC_C001363,True,True
MLCC_C001366,True,True
MLCC_C001368,True,True
MLCC_C001369,True,True
MLCC_C001370,True,True
MLCC_C001374,True,True
MLCC_C001375,True,True
MLCC_C001376,True,True
MLCC_C001379,True,True
MLCC_C001380,True,True
MLCC_C001383,True,True
MLCC_C001385,True,True
MLCC_C001387,True,True
MLCC_C001389,True,True
MLCC_C001390,True,True
MLCC_C001391,True,True
MLCC_C001393,True,True
MLCC_C001394,True,True
MLCC_C001395,True,True
MLCC_C001396,True,True
MLCC_C001397,True,True
MLCC_C001398,True,True
MLCC_C001399,True,True
MLCC_C001400,True,True
MLCC_C001401,True,True
MLCC_C001404,True,True
MLCC_C001405,True,True
MLCC_C001406,True,True
MLCC_C001407,True,True
MLCC_C001408,True,True
MLCC_C001409,True,True
MLCC_C001411,True,True
MLCC_C001412,True,True
MLCC_C001413,True,True
MLCC_C001414,True,True
MLCC_C001415,True,True
MLCC_C001419,True,True
MLCC_C001420,True,True
MLCC_C001422,True,True
MLCC_C001423,True,True
MLCC_C001424,True,True
MLCC_C001425,True,True
MLCC_C001429,True,True
MLCC_C001431,True,True
MLCC_C001432,True,True
MLCC_C001434,True,True
MLCC_C001435,True,True
MLCC_C001439,True,True
MLCC_C001446,True,True
MLCC_C001447,True,True
MLCC_C001448,True,True
MLCC_C001449,True,True
MLCC_C001451,True,True
MLCC_C001452,True,True
MLCC_C001453,True,True
MLCC_C001454,True,True
MLCC_C001455,True,True
MLCC_C001456,True,True
MLCC_C001457,True,True
MLCC_C001458,True,True
MLCC_C001459,True,True
MLCC_C001461,True,True
MLCC_C001462,True,True
MLCC_C001463,True,True
MLCC_C001464,True,True
MLCC_C001465,True,True
MLCC_C001466,True,True
MLCC_C001468,True,True
MLCC_C001474,True,True
MLCC_C001476,True,True
MLCC_C001477,True,True
MLCC_C001478,True,True
MLCC_C001479,True,True
MLCC_C001480,True,True
MLCC_C001481,True,True
MLCC_C001482,True,True
MLCC_C001484,True,True
MLCC_C001485,True,True
MLCC_C001486,True,True
MLCC_C001488,True,True
MLCC_C001489,True,True
MLCC_C001492,True,True
MLCC_C001493,True,True
MLCC_C001494,True,True
MLCC_C001495,True,True
MLCC_C001496,True,True
MLCC_C001498,True,True
MLCC_C001501,True,True
MLCC_C001503,True,True
MLCC_C001505,True,True
MLCC_C001506,True,True
MLCC_C001507,True,True
MLCC_C001511,True,True
MLCC_C001514,True,True
MLCC_C001515,True,True
MLCC_C001516,True,True
MLCC_C001519,True,True
MLCC_C001520,True,True
MLCC_C001523,True,True
MLCC_C001528,True,True
MLCC_C001533,True,True
MLCC_C001534,True,True
MLCC_C001538,True,True
MLCC_C001540,True,True
MLCC_C001543,True,True
MLCC_C001546,True,True
MLCC_C001549,True,True
MLCC_C001550,True,True
MLCC_C001551,True,True
MLCC_C001552,True,True
MLCC_C001553,True,True
MLCC_C001554,True,True
MLCC_C001557,True,True
MLCC_C001560,True,True
MLCC_C001561,True,True
MLCC_C001563,True,True
MLCC_C001567,True,True
MLCC_C001568,True,True
MLCC_C001569,True,True
MLCC_C001570,True,True
MLCC_C001572,True,True
MLCC_C001575,True,True
MLCC_C001576,True,True
MLCC_C001578,True,True
MLCC_C001579,True,True
MLCC_C001580,True,True
MLCC_C001582,True,True
MLCC_C001584,True,True
MLCC_C001585,True,True
MLCC_C001586,True,True
MLCC_C001588,True,True
MLCC_C001589,True,True
MLCC_C001590,True,True
MLCC_C001592,True,True
MLCC_C001594,True,True
MLCC_C001596,True,True
MLCC_C001597,True,True
MLCC_C001601,True,True
MLCC_C001602,True,True
MLCC_C001603,True,True
MLCC_C001607,True,True
MLCC_C001608,True,True
MLCC_C001609,True,True
MLCC_C001610,True,True
MLCC_C001611,True,True
MLCC_C001612,True,True
MLCC_C001613,True,True
MLCC_C001614,True,True
MLCC_C001618,True,True
MLCC_C001619,True,True
MLCC_C001620,True,True
MLCC_C001624,True,True
MLCC_C001626,True,True
MLCC_C001627,True,True
MLCC_C001629,True,True
MLCC_C001630,True,True
MLCC_C001631,True,True
MLCC_C001632,True,True
MLCC_C001633,True,True
MLCC_C001634,True,True
MLCC_C001635,True,True
MLCC_C001636,True,True
MLCC_C001637,True,True
MLCC_C001638,True,True
MLCC_C001639,True,True
MLCC_C001645,True,True
MLCC_C001646,True,True
MLCC_C001647,True,True
MLCC_C001648,True,True
MLCC_C001649,True,True
MLCC_C001653,True,True
MLCC_C001655,True,True
MLCC_C001657,True,True
MLCC_C001660,True,True
MLCC_C001661,True,True
MLCC_C001662,True,True
MLCC_C001664,True,True
MLCC_C001665,True,True
MLCC_C001667,True,True
MLCC_C001668,True,True
MLCC_C001670,True,True
MLCC_C001671,True,True
MLCC_C001672,True,True
MLCC_C001673,True,True
MLCC_C001674,True,True
MLCC_C001678,True,True
MLCC_C001681,True,True
MLCC_C001685,True,True
MLCC_C001686,True,True
MLCC_C001687,True,True
MLCC_C001689,True,True
MLCC_C001690,True,True
MLCC_C001692,True,True
MLCC_C001693,True,True
MLCC_C001694,True,True
MLCC_C001695,True,True
MLCC_C001697,True,True
MLCC_C001702,True,True
MLCC_C001705,True,True
MLCC_C001707,True,True
MLCC_C001708,True,True
MLCC_C001709,True,True
MLCC_C001711,True,True
MLCC_C001712,True,True
MLCC_C001713,True,True
MLCC_C001714,True,True
MLCC_C001716,True,True
MLCC_C001717,True,True
MLCC_C001719,True,True
MLCC_C001721,True,True
MLCC_C001723,True,True
MLCC_C001724,True,True
MLCC_C001725,True,True
MLCC_C001726,True,True
MLCC_C001728,True,True
MLCC_C001729,True,True
MLCC_C001731,True,True
MLCC_C001732,True,True
MLCC_C001734,True,True
MLCC_C001735,True,True
MLCC_C001736,True,True
MLCC_C001738,True,True
MLCC_C001741,True,True
MLCC_C001743,True,True
MLCC_C001745,True,True
MLCC_C001746,True,True
MLCC_C001755,True,True
MLCC_C001756,True,True
MLCC_C001757,True,True
MLCC_C001758,True,True
MLCC_C001759,True,True
MLCC_C001760,True,True
MLCC_C001761,True,True
MLCC_C001764,True,True
MLCC_C001765,True,True
MLCC_C001766,True,True
MLCC_C001769,True,True
MLCC_C001770,True,True
MLCC_C001772,True,True
MLCC_C001773,True,True
MLCC_C001776,True,True
MLCC_C001780,True,True
MLCC_C001781,True,True
MLCC_C001784,True,True
MLCC_C001786,True,True
MLCC_C001787,True,True
MLCC_C001788,True,True
MLCC_C001791,True,True
MLCC_C001792,True,True
MLCC_C001794,True,True
MLCC_C001795,True,True
MLCC_C001797,True,True
MLCC_C001798,True,True
MLCC_C001801,True,True
MLCC_C001803,True,True
MLCC_C001804,True,True
MLCC_C001806,True,True
MLCC_C001807,True,True
MLCC_C001810,True,True
MLCC_C001814,True,True
MLCC_C001816,True,True
MLCC_C001817,True,True
MLCC_C001818,True,True
MLCC_C001819,True,True
MLCC_C001820,True,True
MLCC_C001821,True,True
MLCC_C001822,True,True
MLCC_C001824,True,True
MLCC_C001825,True,True
MLCC_C001827,True,True
MLCC_C001829,True,True
MLCC_C001830,True,True
MLCC_C001831,True,True
MLCC_C001833,True,True
MLCC_C001834,True,True
MLCC_C001835,True,True
MLCC_C001836,True,True
MLCC_C001837,True,True
MLCC_C001838,True,True
MLCC_C001839,True,True
MLCC_C001840,True,True
MLCC_C001841,True,True
MLCC_C001845,True,True
MLCC_C001846,True,True
MLCC_C001848,True,True
MLCC_C001853,True,True
MLCC_C001854,True,True
MLCC_C001855,True,True
MLCC_C001861,True,True
MLCC_C001862,True,True
MLCC_C001867,True,True
MLCC_C001868,True,True
MLCC_C001871,True,True
MLCC_C001873,True,True
MLCC_C001876,True,True
MLCC_C001877,True,True
MLCC_C001878,True,True
MLCC_C001879,True,True
MLCC_C001881,True,True
MLCC_C001882,True,True
MLCC_C001883,True,True
MLCC_C001884,True,True
MLCC_C001887,True,True
MLCC_C001889,True,True
MLCC_C001890,True,True
MLCC_C001891,True,True
MLCC_C001892,True,True
MLCC_C001893,True,True
MLCC_C001896,True,True
MLCC_C001897,True,True
MLCC_C001898,True,True
MLCC_C001899,True,True
MLCC_C001900,True,True
MLCC_C001902,True,True
MLCC_C001904,True,True
MLCC_C001907,True,True
MLCC_C001909,True,True
MLCC_C001911,True,True
MLCC_C001913,True,True
MLCC_C001914,True,True
MLCC_C001915,True,True
MLCC_C001922,True,True
MLCC_C001923,True,True
MLCC_C001925,True,True
MLCC_C001926,True,True
MLCC_C001927,True,True
MLCC_C001929,True,True
MLCC_C001933,True,True
MLCC_C001934,True,True
MLCC_C001935,True,True
MLCC_C001936,True,True
MLCC_C001937,True,True
MLCC_C001938,True,True
MLCC_C001939,True,True
MLCC_C001940,True,True
MLCC_C001941,True,True
MLCC_C001942,True,True
MLCC_C001945,True,True
MLCC_C001946,True,True
MLCC_C001947,True,True
MLCC_C001948,True,True
MLCC_C001952,True,True
MLCC_C001953,True,True
MLCC_C001954,True,True
MLCC_C001955,True,True
MLCC_C001958,True,True
MLCC_C001961,True,True
MLCC_C001963,True,True
MLCC_C001964,True,True
MLCC_C001965,True,True
MLCC_C001966,True,True
MLCC_C001967,True,True
MLCC_C001968,True,True
MLCC_C001969,True,True
MLCC_C001970,True,True
MLCC_C001971,True,True
MLCC_C001973,True,True
MLCC_C001974,True,True
MLCC_C001975,True,True
MLCC_C001976,True,True
MLCC_C001978,True,True
MLCC_C001986,True,True
MLCC_C001987,True,True
MLCC_C001988,True,True
MLCC_C001989,True,True
MLCC_C001991,True,True
MLCC_C001992,True,True
MLCC_C001993,True,True
MLCC_C001995,True,True
MLCC_C001996,True,True
MLCC_C001997,True,True
MLCC_C001999,True,True
MLCC_C002001,True,True
MLCC_C002004,True,True
MLCC_C002007,True,True
MLCC_C002009,True,True
MLCC_C002010,True,True
MLCC_C002012,True,True
MLCC_C002013,True,True
MLCC_C002014,True,True
MLCC_C002017,True,True
MLCC_C002019,True,True
MLCC_C002020,True,True
MLCC_C002021,True,True
MLCC_C002022,True,True
MLCC_C002023,True,True
MLCC_C002025,True,True
MLCC_C002027,True,True
MLCC_C002028,True,True
MLCC_C002029,True,True
MLCC_C002030,True,True
MLCC_C002031,True,True
MLCC_C002032,True,True
MLCC_C002033,True,True
MLCC_C002034,True,True
MLCC_C002035,True,True
MLCC_C002036,True,True
MLCC_C002037,True,True
MLCC_C002038,True,True
MLCC_C002040,True,True
MLCC_C002041,True,True
MLCC_C002043,True,True
MLCC_C002047,True,True
MLCC_C002048,True,True
MLCC_C002051,True,True
MLCC_C002052,True,True
MLCC_C002056,True,True
MLCC_C002060,True,True
MLCC_C002061,True,True
MLCC_C002062,True,True
MLCC_C002063,True,True
MLCC_C002066,True,True
MLCC_C002067,True,True
MLCC_C002070,True,True
MLCC_C002071,True,True
MLCC_C002072,True,True
MLCC_C002073,True,True
MLCC_C002075,True,True
MLCC_C002076,True,True
MLCC_C002078,True,True
MLCC_C002080,True,True
MLCC_C002085,True,True
MLCC_C002086,True,True
MLCC_C002088,True,True
MLCC_C002090,True,True
MLCC_C002091,True,True
MLCC_C002092,True,True
MLCC_C002093,True,True
MLCC_C002095,True,True
MLCC_C002097,True,True
MLCC_C002100,True,True
MLCC_C002101,True,True
MLCC_C002102,True,True
MLCC_C002104,True,True
MLCC_C002109,True,True
MLCC_C002110,True,True
MLCC_C002115,True,True
MLCC_C002116,True,True
MLCC_C002119,True,True
MLCC_C002121,True,True
MLCC_C002123,True,True
MLCC_C002124,True,True
MLCC_C002125,True,True
MLCC_C002126,True,True
MLCC_C002128,True,True
MLCC_C002129,True,True
MLCC_C002131,True,True
MLCC_C002132,True,True
MLCC_C002133,True,True
MLCC_C002134,True,True
MLCC_C002135,True,True
MLCC_C002136,True,True
MLCC_C002137,True,True
MLCC_C002139,True,True
MLCC_C002140,True,True
MLCC_C002141,True,True
MLCC_C002143,True,True
MLCC_C002144,True,True
MLCC_C002145,True,True
MLCC_C002148,True,True
MLCC_C002149,True,True
MLCC_C002150,True,True
MLCC_C002151,True,True
MLCC_C002155,True,True
MLCC_C002156,True,True
MLCC_C002157,True,True
MLCC_C002159,True,True
MLCC_C002160,True,True
MLCC_C002161,True,True
MLCC_C002164,True,True
MLCC_C002165,True,True
MLCC_C002167,True,True
MLCC_C002169,True,True
MLCC_C002172,True,True
MLCC_C002175,True,True
MLCC_C002176,True,True
MLCC_C002177,True,True
MLCC_C002180,True,True
MLCC_C002181,True,True
MLCC_C002182,True,True
MLCC_C002183,True,True
MLCC_C002184,True,True
MLCC_C002186,True,True
MLCC_C002187,True,True
MLCC_C002188,True,True
MLCC_C002191,True,True
MLCC_C002192,True,True
MLCC_C002193,True,True
MLCC_C002194,True,True
MLCC_C002195,True,True
MLCC_C002196,True,True
MLCC_C002198,True,True
MLCC_C002199,True,True
MLCC_C002202,True,True
MLCC_C002205,True,True
MLCC_C002208,True,True
MLCC_C002213,True,True
MLCC_C002215,True,True
MLCC_C002217,True,True
MLCC_C002220,True,True
MLCC_C002221,True,True
MLCC_C002222,True,True
MLCC_C002223,True,True
MLCC_C002226,True,True
MLCC_C002231,True,True
MLCC_C002232,True,True
MLCC_C002233,True,True
MLCC_C002234,True,True
MLCC_C002237,True,True
MLCC_C002240,True,True
MLCC_C002241,True,True
MLCC_C002242,True,True
MLCC_C002244,True,True
MLCC_C002245,True,True
MLCC_C002246,True,True
MLCC_C002247,True,True
MLCC_C002250,True,True
MLCC_C002252,True,True
MLCC_C002254,True,True
MLCC_C002255,True,True
MLCC_C002257,True,True
MLCC_C002258,True,True
MLCC_C002260,True,True
MLCC_C002264,True,True
MLCC_C002265,True,True
MLCC_C002269,True,True
MLCC_C002270,True,True
MLCC_C002271,True,True
MLCC_C002272,True,True
MLCC_C002273,True,True
MLCC_C002274,True,True
MLCC_C002277,True,True
MLCC_C002280,True,True
MLCC_C002282,True,True
MLCC_C002284,True,True
MLCC_C002285,True,True
MLCC_C002286,True,True
MLCC_C002287,True,True
MLCC_C002289,True,True
MLCC_C002290,True,True
MLCC_C002291,True,True
MLCC_C002292,True,True
MLCC_C002293,True,True
MLCC_C002294,True,True
MLCC_C002295,True,True
MLCC_C002301,True,True
MLCC_C002302,True,True
MLCC_C002303,True,True
MLCC_C002304,True,True
MLCC_C002305,True,True
MLCC_C002308,True,True
MLCC_C002309,True,True
MLCC_C002312,True,True
MLCC_C002313,True,True
MLCC_C002315,True,True
MLCC_C002317,True,True
MLCC_C002318,True,True
MLCC_C002320,True,True
MLCC_C002323,True,True
MLCC_C002324,True,True
MLCC_C002325,True,True
MLCC_C002326,True,True
MLCC_C002327,True,True
MLCC_C002330,True,True
MLCC_C002332,True,True
MLCC_C002333,True,True
MLCC_C002336,True,True
MLCC_C002337,True,True
MLCC_C002338,True,True
MLCC_C002340,True,True
MLCC_C002341,True,True
MLCC_C002343,True,True
MLCC_C002345,True,True
MLCC_C002347,True,True
MLCC_C002348,True,True
MLCC_C002349,True,True
MLCC_C002350,True,True
MLCC_C002351,True,True
MLCC_C002352,True,True
MLCC_C002353,True,True
MLCC_C002354,True,True
MLCC_C002355,True,True
MLCC_C002357,True,True
MLCC_C002358,True,True
MLCC_C002359,True,True
MLCC_C002360,True,True
MLCC_C002361,True,True
MLCC_C002362,True,True
MLCC_C002367,True,True
MLCC_C002369,True,True
MLCC_C002371,True,True
MLCC_C002375,True,True
MLCC_C002377,True,True
MLCC_C002378,True,True
MLCC_C002379,True,True
MLCC_C002381,True,True
MLCC_C002383,True,True
MLCC_C002385,True,True
MLCC_C002387,True,True
MLCC_C002388,True,True
MLCC_C002389,True,True
MLCC_C002391,True,True
MLCC_C002394,True,True
MLCC_C002395,True,True
MLCC_C002396,True,True
MLCC_C002397,True,True
MLCC_C002399,True,True
MLCC_C002400,True,True
MLCC_C002403,True,True
MLCC_C002405,True,True
MLCC_C002406,True,True
MLCC_C002407,True,True
MLCC_C002408,True,True
MLCC_C002409,True,True
MLCC_C002412,True,True
MLCC_C002413,True,True
MLCC_C002414,True,True
MLCC_C002421,True,True
MLCC_C002422,True,True
MLCC_C002423,True,True
MLCC_C002429,True,True
MLCC_C002430,True,True
MLCC_C002431,True,True
MLCC_C002434,True,True
MLCC_C002438,True,True
MLCC_C002441,True,True
MLCC_C002443,True,True
MLCC_C002448,True,True
MLCC_C002450,True,True
MLCC_C002451,True,True
MLCC_C002459,True,True
MLCC_C002462,True,True
MLCC_C002464,True,True
MLCC_C002465,True,True
MLCC_C002466,True,True
MLCC_C002467,True,True
MLCC_C002469,True,True
MLCC_C002470,True,True
MLCC_C002471,True,True
MLCC_C002472,True,True
MLCC_C002473,True,True
MLCC_C002474,True,True
MLCC_C002475,True,True
MLCC_C002476,True,True
MLCC_C002477,True,True
MLCC_C002479,True,True
MLCC_C002482,True,True
MLCC_C002484,True,True
MLCC_C002486,True,True
MLCC_C002488,True,True
MLCC_C002491,True,True
MLCC_C002492,True,True
MLCC_C002494,True,True
MLCC_C002495,True,True
MLCC_C002496,True,True
MLCC_C002498,True,True
MLCC_C002499,True,True
MLCC_C002501,True,True
MLCC_C002502,True,True
MLCC_C002503,True,True
MLCC_C002505,True,True
MLCC_C002506,True,True
MLCC_C002507,True,True
MLCC_C002509,True,True
MLCC_C002512,True,True
MLCC_C002513,True,True
MLCC_C002514,True,True
MLCC_C002516,True,True
MLCC_C002520,True,True
MLCC_C002521,True,True
MLCC_C002523,True,True
MLCC_C002524,True,True
MLCC_C002525,True,True
MLCC_C002526,True,True
MLCC_C002527,True,True
MLCC_C002531,True,True
MLCC_C002533,True,True
MLCC_C002535,True,True
MLCC_C002536,True,True
MLCC_C002537,True,True
MLCC_C002541,True,True
MLCC_C002542,True,True
MLCC_C002544,True,True
MLCC_C002545,True,True
MLCC_C002546,True,True
MLCC_C002548,True,True
MLCC_C002549,True,True
MLCC_C002550,True,True
MLCC_C002552,True,True
MLCC_C002553,True,True
MLCC_C002555,True,True
MLCC_C002556,True,True
MLCC_C002557,True,True
MLCC_C002558,True,True
MLCC_C002559,True,True
MLCC_C002563,True,True
MLCC_C002564,True,True
MLCC_C002565,True,True
MLCC_C002567,True,True
MLCC_C002568,True,True
MLCC_C002569,True,True
MLCC_C002571,True,True
MLCC_C002572,True,True
MLCC_C002573,True,True
MLCC_C002574,True,True
MLCC_C002575,True,True
MLCC_C002576,True,True
MLCC_C002577,True,True
MLCC_C002580,True,True
MLCC_C002581,True,True
MLCC_C002582,True,True
MLCC_C002586,True,True
MLCC_C002588,True,True
MLCC_C002590,True,True
MLCC_C002591,True,True
MLCC_C002592,True,True
MLCC_C002593,True,True
MLCC_C002596,True,True
MLCC_C002598,True,True
MLCC_C002600,True,True
MLCC_C002601,True,True
MLCC_C002603,True,True
MLCC_C002604,True,True
MLCC_C002605,True,True
MLCC_C002606,True,True
MLCC_C002607,True,True
MLCC_C002609,True,True
MLCC_C002610,True,True
MLCC_C002611,True,True
MLCC_C002612,True,True
MLCC_C002613,True,True
MLCC_C002616,True,True
MLCC_C002619,True,True
MLCC_C002620,True,True
MLCC_C002621,True,True
MLCC_C002625,True,True
MLCC_C002627,True,True
MLCC_C002628,True,True
MLCC_C002629,True,True
MLCC_C002630,True,True
MLCC_C002631,True,True
MLCC_C002633,True,True
MLCC_C002634,True,True
MLCC_C002635,True,True
MLCC_C002638,True,True
MLCC_C002640,True,True
MLCC_C002641,True,True
MLCC_C002642,True,True
MLCC_C002644,True,True
MLCC_C002645,True,True
MLCC_C002646,True,True
MLCC_C002647,True,True
MLCC_C002649,True,True
MLCC_C002650,True,True
MLCC_C002651,True,True
MLCC_C002652,True,True
MLCC_C002654,True,True
MLCC_C002655,True,True
MLCC_C002656,True,True
MLCC_C002657,True,True
MLCC_C002658,True,True
MLCC_C002660,True,True
MLCC_C002661,True,True
MLCC_C002662,True,True
MLCC_C002664,True,True
MLCC_C002666,True,True
MLCC_C002667,True,True
MLCC_C002668,True,True
MLCC_C002669,True,True
MLCC_C002671,True,True
MLCC_C002672,True,True
MLCC_C002674,True,True
MLCC_C002675,True,True
MLCC_C002676,True,True
MLCC_C002677,True,True
MLCC_C002679,True,True
MLCC_C002682,True,True
MLCC_C002686,True,True
MLCC_C002688,True,True
MLCC_C002689,True,True
MLCC_C002691,True,True
MLCC_C002695,True,True
MLCC_C002697,True,True
MLCC_C002702,True,True
MLCC_C002703,True,True
MLCC_C002705,True,True
MLCC_C002706,True,True
MLCC_C002707,True,True
MLCC_C002709,True,True
MLCC_C002712,True,True
MLCC_C002714,True,True
MLCC_C002716,True,True
MLCC_C002717,True,True
MLCC_C002718,True,True
MLCC_C002719,True,True
MLCC_C002720,True,True
MLCC_C002723,True,True
MLCC_C002724,True,True
MLCC_C002725,True,True
MLCC_C002729,True,True
MLCC_C002730,True,True
MLCC_C002732,True,True
MLCC_C002733,True,True
MLCC_C002735,True,True
MLCC_C002738,True,True
MLCC_C002739,True,True
MLCC_C002740,True,True
MLCC_C002742,True,True
MLCC_C002743,True,True
MLCC_C002744,True,True
MLCC_C002746,True,True
MLCC_C002747,True,True
MLCC_C002748,True,True
MLCC_C002750,True,True
MLCC_C002753,True,True
MLCC_C002755,True,True
MLCC_C002756,True,True
MLCC_C002758,True,True
MLCC_C002760,True,True
MLCC_C002761,True,True
MLCC_C002762,True,True
MLCC_C002765,True,True
MLCC_C002766,True,True
MLCC_C002767,True,True
MLCC_C002768,True,True
MLCC_C002769,True,True
MLCC_C002772,True,True
MLCC_C002775,True,True
MLCC_C002776,True,True
MLCC_C002779,True,True
MLCC_C002780,True,True
MLCC_C002781,True,True
MLCC_C002783,True,True
MLCC_C002784,True,True
MLCC_C002785,True,True
MLCC_C002787,True,True
MLCC_C002788,True,True
MLCC_C002789,True,True
MLCC_C002790,True,True
MLCC_C002791,True,True
MLCC_C002792,True,True
MLCC_C002793,True,True
MLCC_C002794,True,True
MLCC_C002795,True,True
MLCC_C002796,True,True
MLCC_C002797,True,True
MLCC_C002800,True,True
MLCC_C002803,True,True
MLCC_C002804,True,True
MLCC_C002807,True,True
MLCC_C002809,True,True
MLCC_C002813,True,True
MLCC_C002814,True,True
MLCC_C002815,True,True
MLCC_C002816,True,True
MLCC_C002817,True,True
MLCC_C002818,True,True
MLCC_C002819,True,True
MLCC_C002820,True,True
MLCC_C002821,True,True
MLCC_C002823,True,True
MLCC_C002824,True,True
MLCC_C002825,True,True
MLCC_C002826,True,True
MLCC_C002827,True,True
MLCC_C002829,True,True
MLCC_C002830,True,True
MLCC_C002836,True,True
MLCC_C002837,True,True
MLCC_C002838,True,True
MLCC_C002839,True,True
MLCC_C002840,True,True
MLCC_C002843,True,True
MLCC_C002844,True,True
MLCC_C002845,True,True
MLCC_C002846,True,True
MLCC_C002848,True,True
MLCC_C002854,True,True
MLCC_C002855,True,True
MLCC_C002856,True,True
MLCC_C002857,True,True
MLCC_C002859,True,True
MLCC_C002863,True,True
MLCC_C002868,True,True
MLCC_C002869,True,True
MLCC_C002870,True,True
MLCC_C002871,True,True
MLCC_C002872,True,True
MLCC_C002873,True,True
MLCC_C002874,True,True
MLCC_C002875,True,True
MLCC_C002879,True,True
MLCC_C002880,True,True
MLCC_C002881,True,True
MLCC_C002882,True,True
MLCC_C002885,True,True
MLCC_C002886,True,True
MLCC_C002889,True,True
MLCC_C002890,True,True
MLCC_C002891,True,True
MLCC_C002892,True,True
MLCC_C002893,True,True
MLCC_C002894,True,True
MLCC_C002895,True,True
MLCC_C002896,True,True
MLCC_C002901,True,True
MLCC_C002903,True,True
MLCC_C002905,True,True
MLCC_C002907,True,True
MLCC_C002908,True,True
MLCC_C002909,True,True
MLCC_C002910,True,True
MLCC_C002911,True,True
MLCC_C002912,True,True
MLCC_C002913,True,True
MLCC_C002914,True,True
MLCC_C002915,True,True
MLCC_C002917,True,True
MLCC_C002918,True,True
MLCC_C002919,True,True
MLCC_C002920,True,True
MLCC_C002923,True,True
MLCC_C002924,True,True
MLCC_C002925,True,True
MLCC_C002926,True,True
MLCC_C002927,True,True
MLCC_C002928,True,True
MLCC_C002929,True,True
MLCC_C002933,True,True
MLCC_C002934,True,True
MLCC_C002935,True,True
MLCC_C002936,True,True
MLCC_C002937,True,True
MLCC_C002940,True,True
MLCC_C002941,True,True
MLCC_C002946,True,True
MLCC_C002947,True,True
MLCC_C002951,True,True
MLCC_C002953,True,True
MLCC_C002954,True,True
MLCC_C002955,True,True
MLCC_C002956,True,True
MLCC_C002957,True,True
MLCC_C002959,True,True
MLCC_C002960,True,True
MLCC_C002961,True,True
MLCC_C002962,True,True
MLCC_C002963,True,True
MLCC_C002964,True,True
MLCC_C002965,True,True
MLCC_C002968,True,True
MLCC_C002969,True,True
MLCC_C002971,True,True
MLCC_C002972,True,True
MLCC_C002975,True,True
MLCC_C002977,True,True
MLCC_C002980,True,True
MLCC_C002981,True,True
MLCC_C002982,True,True
MLCC_C002983,True,True
MLCC_C002984,True,True
MLCC_C002985,True,True
MLCC_C002986,True,True
MLCC_C002987,True,True
MLCC_C002988,True,True
MLCC_C002990,True,True
MLCC_C002991,True,True
MLCC_C002994,True,True
MLCC_C002995,True,True
MLCC_C002997,True,True
MLCC_C002999,True,True
MLCC_C003000,True,True
MLCC_C003006,True,True
MLCC_C003008,True,True
MLCC_C003009,True,True
MLCC_C003010,True,True
MLCC_C003011,True,True
MLCC_C003012,True,True
MLCC_C003013,True,True
MLCC_C003014,True,True
MLCC_C003015,True,True
MLCC_C003018,True,True
MLCC_C003020,True,True
MLCC_C003021,True,True
MLCC_C003023,True,True
MLCC_C003025,True,True
MLCC_C003026,True,True
MLCC_C003028,True,True
MLCC_C003029,True,True
MLCC_C003032,True,True
MLCC_C003034,True,True
MLCC_C003035,True,True
MLCC_C003036,True,True
MLCC_C003038,True,True
MLCC_C003040,True,True
MLCC_C003041,True,True
MLCC_C003042,True,True
MLCC_C003047,True,True
MLCC_C003049,True,True
MLCC_C003050,True,True
MLCC_C003053,True,True
MLCC_C003054,True,True
MLCC_C003055,True,True
MLCC_C003056,True,True
MLCC_C003057,True,True
MLCC_C003058,True,True
MLCC_C003059,True,True
MLCC_C003062,True,True
MLCC_C003066,True,True
MLCC_C003067,True,True
MLCC_C003069,True,True
MLCC_C003070,True,True
MLCC_C003072,True,True
MLCC_C003073,True,True
MLCC_C003074,True,True
MLCC_C003076,True,True
MLCC_C003077,True,True
MLCC_C003081,True,True
MLCC_C003082,True,True
MLCC_C003086,True,True
MLCC_C003087,True,True
MLCC_C003088,True,True
MLCC_C003089,True,True
MLCC_C003090,True,True
MLCC_C003091,True,True
MLCC_C003092,True,True
MLCC_C003095,True,True
MLCC_C003096,True,True
MLCC_C003097,True,True
MLCC_C003098,True,True
MLCC_C003101,True,True
MLCC_C003102,True,True
MLCC_C003105,True,True
MLCC_C003106,True,True
MLCC_C003107,True,True
MLCC_C003108,True,True
MLCC_C003111,True,True
MLCC_C003113,True,True
MLCC_C003115,True,True
MLCC_C003116,True,True
MLCC_C003117,True,True
MLCC_C003118,True,True
MLCC_C003119,True,True
MLCC_C003120,True,True
MLCC_C003122,True,True
MLCC_C003124,True,True
MLCC_C003125,True,True
MLCC_C003128,True,True
MLCC_C003129,True,True
MLCC_C003130,True,True
MLCC_C003131,True,True
MLCC_C003133,True,True
MLCC_C003136,True,True
MLCC_C003137,True,True
MLCC_C003138,True,True
MLCC_C003139,True,True
MLCC_C003141,True,True
MLCC_C003142,True,True
MLCC_C003143,True,True
MLCC_C003144,True,True
MLCC_C003147,True,True
MLCC_C003152,True,True
MLCC_C003153,True,True
MLCC_C003155,True,True
MLCC_C003157,True,True
MLCC_C003159,True,True
MLCC_C003160,True,True
MLCC_C003161,True,True
MLCC_C003162,True,True
MLCC_C003163,True,True
MLCC_C003164,True,True
MLCC_C003165,True,True
MLCC_C003167,True,True
MLCC_C003168,True,True
MLCC_C003169,True,True
MLCC_C003170,True,True
MLCC_C003172,True,True
MLCC_C003173,True,True
MLCC_C003175,True,True
MLCC_C003176,True,True
MLCC_C003177,True,True
MLCC_C003178,True,True
MLCC_C003179,True,True
MLCC_C003180,True,True
MLCC_C003181,True,True
MLCC_C003183,True,True
MLCC_C003184,True,True
MLCC_C003186,True,True
MLCC_C003187,True,True
MLCC_C003188,True,True
MLCC_C003190,True,True
MLCC_C003191,True,True
MLCC_C003192,True,True
MLCC_C003193,True,True
MLCC_C003194,True,True
MLCC_C003195,True,True
MLCC_C003196,True,True
MLCC_C003198,True,True
MLCC_C003200,True,True
MLCC_C003201,True,True
MLCC_C003202,True,True
MLCC_C003203,True,True
MLCC_C003204,True,True
MLCC_C003205,True,True
MLCC_C003206,True,True
MLCC_C003208,True,True
MLCC_C003210,True,True
MLCC_C003212,True,True
MLCC_C003213,True,True
MLCC_C003215,True,True
MLCC_C003216,True,True
MLCC_C003219,True,True
MLCC_C003220,True,True
MLCC_C003222,True,True
MLCC_C003223,True,True
MLCC_C003224,True,True
MLCC_C003225,True,True
MLCC_C003227,True,True
MLCC_C003229,True,True
MLCC_C003234,True,True
MLCC_C003235,True,True
MLCC_C003236,True,True
MLCC_C003237,True,True
MLCC_C003240,True,True
MLCC_C003243,True,True
MLCC_C003244,True,True
MLCC_C003246,True,True
MLCC_C003247,True,True
MLCC_C003248,True,True
MLCC_C003250,True,True
MLCC_C003251,True,True
MLCC_C003253,True,True
MLCC_C003255,True,True
MLCC_C003258,True,True
MLCC_C003261,True,True
MLCC_C003262,True,True
MLCC_C003267,True,True
MLCC_C003268,True,True
MLCC_C003269,True,True
MLCC_C003270,True,True
MLCC_C003272,True,True
MLCC_C003273,True,True
MLCC_C003277,True,True
MLCC_C003278,True,True
MLCC_C003279,True,True
MLCC_C003280,True,True
MLCC_C003281,True,True
MLCC_C003282,True,True
MLCC_C003283,True,True
MLCC_C003284,True,True
MLCC_C003285,True,True
MLCC_C003287,True,True
MLCC_C003290,True,True
MLCC_C003294,True,True
MLCC_C003295,True,True
MLCC_C003297,True,True
MLCC_C003298,True,True
MLCC_C003299,True,True
MLCC_C003301,True,True
MLCC_C003302,True,True
MLCC_C003305,True,True
MLCC_C003306,True,True
MLCC_C003307,True,True
MLCC_C003308,True,True
MLCC_C003309,True,True
MLCC_C003310,True,True
MLCC_C003313,True,True
MLCC_C003315,True,True
MLCC_C003316,True,True
MLCC_C003318,True,True
MLCC_C003320,True,True
MLCC_C003321,True,True
MLCC_C003322,True,True
MLCC_C003323,True,True
MLCC_C003324,True,True
MLCC_C003325,True,True
MLCC_C003328,True,True
MLCC_C003329,True,True
MLCC_C003331,True,True
MLCC_C003332,True,True
MLCC_C003333,True,True
MLCC_C003337,True,True
MLCC_C003338,True,True
MLCC_C003340,True,True
MLCC_C003341,True,True
MLCC_C003342,True,True
MLCC_C003344,True,True
MLCC_C003345,True,True
MLCC_C003347,True,True
MLCC_C003348,True,True
MLCC_C003351,True,True
MLCC_C003353,True,True
MLCC_C003355,True,True
MLCC_C003356,True,True
MLCC_C003358,True,True
MLCC_C003359,True,True
MLCC_C003361,True,True
MLCC_C003363,True,True
MLCC_C003364,True,True
MLCC_C003365,True,True
MLCC_C003366,True,True
MLCC_C003367,True,True
MLCC_C003369,True,True
MLCC_C003370,True,True
MLCC_C003371,True,True
MLCC_C003374,True,True
MLCC_C003375,True,True
MLCC_C003376,True,True
MLCC_C003377,True,True
MLCC_C003378,True,True
MLCC_C003379,True,True
MLCC_C003381,True,True
MLCC_C003383,True,True
MLCC_C003385,True,True
MLCC_C003386,True,True
MLCC_C003388,True,True
MLCC_C003389,True,True
MLCC_C003390,True,True
MLCC_C003394,True,True
MLCC_C003396,True,True
MLCC_C003398,True,True
MLCC_C003399,True,True
MLCC_C003400,True,True
MLCC_C003401,True,True
MLCC_C003404,True,True
MLCC_C003405,True,True
MLCC_C003408,True,True
MLCC_C003409,True,True
MLCC_C003412,True,True
MLCC_C003414,True,True
MLCC_C003415,True,True
MLCC_C003417,True,True
MLCC_C003418,True,True
MLCC_C003420,True,True
MLCC_C003421,True,True
MLCC_C003422,True,True
MLCC_C003423,True,True
MLCC_C003424,True,True
MLCC_C003425,True,True
MLCC_C003428,True,True
MLCC_C003429,True,True
MLCC_C003430,True,True
MLCC_C003433,True,True
MLCC_C003435,True,True
MLCC_C003437,True,True
MLCC_C003439,True,True
MLCC_C003440,True,True
MLCC_C003442,True,True
MLCC_C003443,True,True
MLCC_C003444,True,True
MLCC_C003446,True,True
MLCC_C003447,True,True
MLCC_C003448,True,True
MLCC_C003451,True,True
MLCC_C003452,True,True
MLCC_C003457,True,True
MLCC_C003458,True,True
MLCC_C003460,True,True
MLCC_C003462,True,True
MLCC_C003464,True,True
MLCC_C003465,True,True
MLCC_C003466,True,True
MLCC_C003467,True,True
MLCC_C003468,True,True
MLCC_C003470,True,True
MLCC_C003472,True,True
MLCC_C003476,True,True
MLCC_C003477,True,True
MLCC_C003478,True,True
MLCC_C003479,True,True
MLCC_C003481,True,True
MLCC_C003483,True,True
MLCC_C003484,True,True
MLCC_C003485,True,True
MLCC_C003486,True,True
MLCC_C003489,True,True
MLCC_C003491,True,True
MLCC_C003492,True,True
MLCC_C003494,True,True
MLCC_C003496,True,True
MLCC_C003497,True,True
MLCC_C003498,True,True
MLCC_C003499,True,True
MLCC_C003500,True,True
MLCC_C003501,True,True
MLCC_C003503,True,True
MLCC_C003506,True,True
MLCC_C003507,True,True
MLCC_C003508,True,True
MLCC_C003509,True,True
MLCC_C003510,True,True
MLCC_C003511,True,True
MLCC_C003517,True,True
MLCC_C003518,True,True
MLCC_C003520,True,True
MLCC_C003522,True,True
MLCC_C003524,True,True
MLCC_C003527,True,True
MLCC_C003528,True,True
MLCC_C003529,True,True
MLCC_C003530,True,True
MLCC_C003531,True,True
MLCC_C003532,True,True
MLCC_C003533,True,True
MLCC_C003534,True,True
MLCC_C003535,True,True
MLCC_C003537,True,True
MLCC_C003541,True,True
MLCC_C003542,True,True
MLCC_C003543,True,True
MLCC_C003544,True,True
MLCC_C003545,True,True
MLCC_C003553,True,True
MLCC_C003556,True,True
MLCC_C003558,True,True
MLCC_C003561,True,True
MLCC_C003562,True,True
MLCC_C003563,True,True
MLCC_C003565,True,True
MLCC_C003566,True,True
MLCC_C003567,True,True
MLCC_C003568,True,True
MLCC_C003569,True,True
MLCC_C003570,True,True
MLCC_C003572,True,True
MLCC_C003575,True,True
MLCC_C003576,True,True
MLCC_C003579,True,True
MLCC_C003582,True,True
MLCC_C003583,True,True
MLCC_C003586,True,True
MLCC_C003587,True,True
MLCC_C003588,True,True
MLCC_C003591,True,True
MLCC_C003592,True,True
MLCC_C003593,True,True
MLCC_C003595,True,True
MLCC_C003598,True,True
MLCC_C003600,True,True
MLCC_C003604,True,True
MLCC_C003605,True,True
MLCC_C003606,True,True
MLCC_C003609,True,True
MLCC_C003610,True,True
MLCC_C003611,True,True
MLCC_C003616,True,True
MLCC_C003620,True,True
MLCC_C003621,True,True
MLCC_C003622,True,True
MLCC_C003623,True,True
MLCC_C003624,True,True
MLCC_C003626,True,True
MLCC_C003627,True,True
MLCC_C003628,True,True
MLCC_C003630,True,True
MLCC_C003632,True,True
MLCC_C003633,True,True
MLCC_C003635,True,True
MLCC_C003639,True,True
MLCC_C003640,True,True
MLCC_C003641,True,True
MLCC_C003643,True,True
MLCC_C003647,True,True
MLCC_C003653,True,True
MLCC_C003654,True,True
MLCC_C003655,True,True
MLCC_C003656,True,True
MLCC_C003657,True,True
MLCC_C003658,True,True
MLCC_C003659,True,True
MLCC_C003660,True,True
MLCC_C003663,True,True
MLCC_C003665,True,True
MLCC_C003666,True,True
MLCC_C003667,True,True
MLCC_C003669,True,True
MLCC_C003670,True,True
MLCC_C003672,True,True
MLCC_C003673,True,True
MLCC_C003674,True,True
MLCC_C003675,True,True
MLCC_C003676,True,True
MLCC_C003677,True,True
MLCC_C003679,True,True
MLCC_C003680,True,True
MLCC_C003681,True,True
MLCC_C003684,True,True
MLCC_C003685,True,True
MLCC_C003686,True,True
MLCC_C003688,True,True
MLCC_C003689,True,True
MLCC_C003690,True,True
MLCC_C003693,True,True
MLCC_C003694,True,True
MLCC_C003696,True,True
MLCC_C003697,True,True
MLCC_C003698,True,True
MLCC_C003699,True,True
MLCC_C003700,True,True
MLCC_C003704,True,True
MLCC_C003705,True,True
MLCC_C003706,True,True
MLCC_C003707,True,True
MLCC_C003709,True,True
MLCC_C003712,True,True
MLCC_C003713,True,True
MLCC_C003714,True,True
MLCC_C003715,True,True
MLCC_C003716,True,True
MLCC_C003717,True,True
MLCC_C003718,True,True
MLCC_C003719,True,True
MLCC_C003721,True,True
MLCC_C003722,True,True
MLCC_C003724,True,True
MLCC_C003731,True,True
MLCC_C003732,True,True
MLCC_C003734,True,True
MLCC_C003735,True,True
MLCC_C003736,True,True
MLCC_C003737,True,True
MLCC_C003740,True,True
MLCC_C003741,True,True
MLCC_C003744,True,True
MLCC_C003745,True,True
MLCC_C003746,True,True
MLCC_C003747,True,True
MLCC_C003748,True,True
MLCC_C003749,True,True
MLCC_C003750,True,True
MLCC_C003751,True,True
MLCC_C003753,True,True
MLCC_C003754,True,True
MLCC_C003755,True,True
MLCC_C003756,True,True
MLCC_C003757,True,True
MLCC_C003758,True,True
MLCC_C003759,True,True
MLCC_C003761,True,True
MLCC_C003762,True,True
MLCC_C003763,True,True
MLCC_C003766,True,True
MLCC_C003767,True,True
MLCC_C003770,True,True
MLCC_C003772,True,True
MLCC_C003778,True,True
MLCC_C003779,True,True
MLCC_C003780,True,True
MLCC_C003781,True,True
MLCC_C003782,True,True
MLCC_C003785,True,True
MLCC_C003787,True,True
MLCC_C003789,True,True
MLCC_C003790,True,True
MLCC_C003791,True,True
MLCC_C003792,True,True
MLCC_C003793,True,True
MLCC_C003794,True,True
MLCC_C003797,True,True
MLCC_C003799,True,True
MLCC_C003801,True,True
MLCC_C003802,True,True
MLCC_C003803,True,True
MLCC_C003805,True,True
MLCC_C003807,True,True
MLCC_C003808,True,True
MLCC_C003809,True,True
MLCC_C003810,True,True
MLCC_C003811,True,True
MLCC_C003812,True,True
MLCC_C003814,True,True
MLCC_C003816,True,True
MLCC_C003817,True,True
MLCC_C003818,True,True
MLCC_C003820,True,True
MLCC_C003821,True,True
MLCC_C003822,True,True
MLCC_C003823,True,True
MLCC_C003824,True,True
MLCC_C003825,True,True
MLCC_C003826,True,True
MLCC_C003828,True,True
MLCC_C003830,True,True
MLCC_C003833,True,True
MLCC_C003834,True,True
MLCC_C003835,True,True
MLCC_C003836,True,True
MLCC_C003838,True,True
MLCC_C003839,True,True
MLCC_C003841,True,True
MLCC_C003842,True,True
MLCC_C003843,True,True
MLCC_C003844,True,True
MLCC_C003846,True,True
MLCC_C003847,True,True
MLCC_C003851,True,True
MLCC_C003852,True,True
MLCC_C003856,True,True
MLCC_C003857,True,True
MLCC_C003859,True,True
MLCC_C003865,True,True
MLCC_C003866,True,True
MLCC_C003867,True,True
MLCC_C003868,True,True
MLCC_C003870,True,True
MLCC_C003871,True,True
MLCC_C003872,True,True
MLCC_C003873,True,True
MLCC_C003874,True,True
MLCC_C003875,True,True
MLCC_C003876,True,True
MLCC_C003877,True,True
MLCC_C003878,True,True
MLCC_C003879,True,True
MLCC_C003885,True,True
MLCC_C003887,True,True
MLCC_C003888,True,True
MLCC_C003892,True,True
MLCC_C003894,True,True
MLCC_C003895,True,True
MLCC_C003896,True,True
MLCC_C003897,True,True
MLCC_C003898,True,True
MLCC_C003900,True,True
MLCC_C003901,True,True
MLCC_C003902,True,True
MLCC_C003904,True,True
MLCC_C003905,True,True
MLCC_C003906,True,True
MLCC_C003907,True,True
MLCC_C003908,True,True
MLCC_C003909,True,True
MLCC_C003910,True,True
MLCC_C003911,True,True
MLCC_C003912,True,True
MLCC_C003913,True,True
MLCC_C003917,True,True
MLCC_C003924,True,True
MLCC_C003925,True,True
MLCC_C003926,True,True
MLCC_C003927,True,True
MLCC_C003928,True,True
MLCC_C003929,True,True
MLCC_C003932,True,True
MLCC_C003933,True,True
MLCC_C003936,True,True
MLCC_C003937,True,True
MLCC_C003943,True,True
MLCC_C003944,True,True
MLCC_C003945,True,True
MLCC_C003947,True,True
MLCC_C003948,True,True
MLCC_C003950,True,True
MLCC_C003951,True,True
MLCC_C003952,True,True
MLCC_C003953,True,True
MLCC_C003955,True,True
MLCC_C003956,True,True
MLCC_C003957,True,True
MLCC_C003958,True,True
MLCC_C003960,True,True
MLCC_C003964,True,True
MLCC_C003966,True,True
MLCC_C003968,True,True
MLCC_C003969,True,True
MLCC_C003970,True,True
MLCC_C003972,True,True
MLCC_C003974,True,True
MLCC_C003975,True,True
MLCC_C003977,True,True
MLCC_C003979,True,True
MLCC_C003980,True,True
MLCC_C003984,True,True
MLCC_C003985,True,True
MLCC_C003987,True,True
MLCC_C003988,True,True
MLCC_C003993,True,True
MLCC_C003994,True,True
MLCC_C003996,True,True
MLCC_C003999,True,True
MLCC_C004001,True,True
MLCC_C004002,True,True
MLCC_C004004,True,True
MLCC_C004005,True,True
MLCC_C004007,True,True
MLCC_C004009,True,True
MLCC_C004012,True,True
MLCC_C004013,True,True
MLCC_C004014,True,True
MLCC_C004018,True,True
MLCC_C004019,True,True
MLCC_C004021,True,True
MLCC_C004022,True,True
MLCC_C004023,True,True
MLCC_C004024,True,True
MLCC_C004025,True,True
MLCC_C004027,True,True
MLCC_C004028,True,True
MLCC_C004029,True,True
MLCC_C004030,True,True
MLCC_C004031,True,True
MLCC_C004032,True,True
MLCC_C004033,True,True
MLCC_C004039,True,True
MLCC_C004041,True,True
MLCC_C004042,True,True
MLCC_C004045,True,True
MLCC_C004046,True,True
MLCC_C004048,True,True
MLCC_C004049,True,True
MLCC_C004050,True,True
MLCC_C004051,True,True
MLCC_C004055,True,True
MLCC_C004056,True,True
MLCC_C004057,True,True
MLCC_C004059,True,True
MLCC_C004060,True,True
MLCC_C004062,True,True
MLCC_C004064,True,True
MLCC_C004065,True,True
MLCC_C004066,True,True
MLCC_C004067,True,True
MLCC_C004068,True,True
MLCC_C004070,True,True
MLCC_C004072,True,True
MLCC_C004074,True,True
MLCC_C004075,True,True
MLCC_C004076,True,True
MLCC_C004084,True,True
MLCC_C004090,True,True
MLCC_C004093,True,True
MLCC_C004095,True,True
MLCC_C004096,True,True
MLCC_C004099,True,True
MLCC_C004101,True,True
MLCC_C004102,True,True
MLCC_C004103,True,True
MLCC_C004104,True,True
MLCC_C004105,True,True
MLCC_C004106,True,True
MLCC_C004108,True,True
MLCC_C004111,True,True
MLCC_C004116,True,True
MLCC_C004117,True,True
MLCC_C004118,True,True
MLCC_C004119,True,True
MLCC_C004122,True,True
MLCC_C004125,True,True
MLCC_C004126,True,True
MLCC_C004127,True,True
MLCC_C004129,True,True
MLCC_C004132,True,True
MLCC_C004133,True,True
MLCC_C004135,True,True
MLCC_C004137,True,True
MLCC_C004138,True,True
MLCC_C004139,True,True
MLCC_C004140,True,True
MLCC_C004144,True,True
MLCC_C004145,True,True
MLCC_C004147,True,True
MLCC_C004149,True,True
MLCC_C004150,True,True
MLCC_C004151,True,True
MLCC_C004152,True,True
MLCC_C004155,True,True
MLCC_C004156,True,True
MLCC_C004160,True,True
MLCC_C004163,True,True
MLCC_C004166,True,True
MLCC_C004167,True,True
MLCC_C004170,True,True
MLCC_C004171,True,True
MLCC_C004173,True,True
MLCC_C004176,True,True
MLCC_C004177,True,True
MLCC_C004178,True,True
MLCC_C004179,True,True
MLCC_C004180,True,True
MLCC_C004182,True,True
MLCC_C004183,True,True
MLCC_C004184,True,True
MLCC_C004185,True,True
MLCC_C004186,True,True
MLCC_C004188,True,True
MLCC_C004193,True,True
MLCC_C004195,True,True
MLCC_C004196,True,True
MLCC_C004197,True,True
MLCC_C004198,True,True
MLCC_C004199,True,True
MLCC_C004200,True,True
MLCC_C004202,True,True
MLCC_C004204,True,True
MLCC_C004205,True,True
MLCC_C004206,True,True
MLCC_C004207,True,True
MLCC_C004208,True,True
MLCC_C004209,True,True
MLCC_C004215,True,True
MLCC_C004216,True,True
MLCC_C004217,True,True
MLCC_C004221,True,True
MLCC_C004222,True,True
MLCC_C004223,True,True
MLCC_C004224,True,True
MLCC_C004225,True,True
MLCC_C004226,True,True
MLCC_C004227,True,True
MLCC_C004229,True,True
MLCC_C004230,True,True
MLCC_C004232,True,True
MLCC_C004233,True,True
MLCC_C004236,True,True
MLCC_C004237,True,True
MLCC_C004238,True,True
MLCC_C004241,True,True
MLCC_C004242,True,True
MLCC_C004243,True,True
MLCC_C004244,True,True
MLCC_C004245,True,True
MLCC_C004248,True,True
MLCC_C004249,True,True
MLCC_C004250,True,True
MLCC_C004251,True,True
MLCC_C004252,True,True
MLCC_C004253,True,True
MLCC_C004255,True,True
MLCC_C004256,True,True
MLCC_C004259,True,True
MLCC_C004260,True,True
MLCC_C004262,True,True
MLCC_C004263,True,True
MLCC_C004264,True,True
MLCC_C004265,True,True
MLCC_C004266,True,True
MLCC_C004268,True,True
MLCC_C004269,True,True
MLCC_C004270,True,True
MLCC_C004271,True,True
MLCC_C004273,True,True
MLCC_C004274,True,True
MLCC_C004278,True,True
MLCC_C004279,True,True
MLCC_C004280,True,True
MLCC_C004282,True,True
MLCC_C004283,True,True
MLCC_C004287,True,True
MLCC_C004289,True,True
MLCC_C004290,True,True
MLCC_C004292,True,True
MLCC_C004294,True,True
MLCC_C004297,True,True
MLCC_C004299,True,True
MLCC_C004301,True,True
MLCC_C004303,True,True
MLCC_C004305,True,True
MLCC_C004306,True,True
MLCC_C004307,True,True
MLCC_C004308,True,True
MLCC_C004309,True,True
MLCC_C004310,True,True
MLCC_C004311,True,True
MLCC_C004312,True,True
MLCC_C004313,True,True
MLCC_C004314,True,True
MLCC_C004315,True,True
MLCC_C004318,True,True
MLCC_C004319,True,True
MLCC_C004320,True,True
MLCC_C004321,True,True
MLCC_C004322,True,True
MLCC_C004323,True,True
MLCC_C004325,True,True
MLCC_C004327,True,True
MLCC_C004329,True,True
MLCC_C004330,True,True
MLCC_C004332,True,True
MLCC_C004333,True,True
MLCC_C004334,True,True
MLCC_C004335,True,True
MLCC_C004336,True,True
MLCC_C004338,True,True
MLCC_C004340,True,True
MLCC_C004342,True,True
MLCC_C004343,True,True
MLCC_C004344,True,True
MLCC_C004345,True,True
MLCC_C004348,True,True
MLCC_C004351,True,True
MLCC_C004352,True,True
MLCC_C004354,True,True
MLCC_C004355,True,True
MLCC_C004356,True,True
MLCC_C004357,True,True
MLCC_C004358,True,True
MLCC_C004359,True,True
MLCC_C004360,True,True
MLCC_C004361,True,True
MLCC_C004363,True,True
MLCC_C004364,True,True
MLCC_C004365,True,True
MLCC_C004366,True,True
MLCC_C004367,True,True
MLCC_C004368,True,True
MLCC_C004369,True,True
MLCC_C004370,True,True
MLCC_C004371,True,True
MLCC_C004372,True,True
MLCC_C004375,True,True
MLCC_C004377,True,True
MLCC_C004378,True,True
MLCC_C004379,True,True
MLCC_C004382,True,True
MLCC_C004384,True,True
MLCC_C004385,True,True
MLCC_C004386,True,True
MLCC_C004388,True,True
MLCC_C004390,True,True
MLCC_C004391,True,True
MLCC_C004392,True,True
MLCC_C004393,True,True
MLCC_C004394,True,True
MLCC_C004396,True,True
MLCC_C004400,True,True
MLCC_C004402,True,True
MLCC_C004403,True,True
MLCC_C004405,True,True
MLCC_C004408,True,True
MLCC_C004409,True,True
MLCC_C004411,True,True
MLCC_C004412,True,True
MLCC_C004414,True,True
MLCC_C004415,True,True
MLCC_C004416,True,True
MLCC_C004418,True,True
MLCC_C004419,True,True
MLCC_C004420,True,True
MLCC_C004421,True,True
MLCC_C004422,True,True
MLCC_C004423,True,True
MLCC_C004424,True,True
MLCC_C004425,True,True
MLCC_C004427,True,True
MLCC_C004428,True,True
MLCC_C004429,True,True
MLCC_C004432,True,True
MLCC_C004433,True,True
MLCC_C004434,True,True
MLCC_C004435,True,True
MLCC_C004438,True,True
MLCC_C004440,True,True
MLCC_C004442,True,True
MLCC_C004446,True,True
MLCC_C004447,True,True
MLCC_C004452,True,True
MLCC_C004453,True,True
MLCC_C004454,True,True
MLCC_C004456,True,True
MLCC_C004457,True,True
MLCC_C004458,True,True
MLCC_C004459,True,True
MLCC_C004460,True,True
MLCC_C004462,True,True
MLCC_C004464,True,True
MLCC_C004465,True,True
MLCC_C004469,True,True
MLCC_C004470,True,True
MLCC_C004471,True,True
MLCC_C004475,True,True
MLCC_C004477,True,True
MLCC_C004478,True,True
MLCC_C004479,True,True
MLCC_C004480,True,True
MLCC_C004482,True,True
MLCC_C004484,True,True
MLCC_C004485,True,True
MLCC_C004487,True,True
MLCC_C004489,True,True
MLCC_C004491,True,True
MLCC_C004492,True,True
MLCC_C004495,True,True
MLCC_C004496,True,True
MLCC_C004498,True,True
MLCC_C004502,True,True
MLCC_C004503,True,True
MLCC_C004505,True,True
MLCC_C004506,True,True
MLCC_C004508,True,True
MLCC_C004515,True,True
MLCC_C004517,True,True
MLCC_C004518,True,True
MLCC_C004519,True,True
MLCC_C004520,True,True
MLCC_C004521,True,True
MLCC_C004522,True,True
MLCC_C004526,True,True
MLCC_C004529,True,True
MLCC_C004530,True,True
MLCC_C004531,True,True
MLCC_C004532,True,True
MLCC_C004534,True,True
MLCC_C004535,True,True
MLCC_C004536,True,True
MLCC_C004537,True,True
MLCC_C004538,True,True
MLCC_C004540,True,True
MLCC_C004541,True,True
MLCC_C004543,True,True
MLCC_C004547,True,True
MLCC_C004550,True,True
MLCC_C004551,True,True
MLCC_C004552,True,True
MLCC_C004555,True,True
MLCC_C004557,True,True
MLCC_C004558,True,True
MLCC_C004559,True,True
MLCC_C004562,True,True
MLCC_C004563,True,True
MLCC_C004564,True,True
MLCC_C004565,True,True
MLCC_C004567,True,True
MLCC_C004568,True,True
MLCC_C004569,True,True
MLCC_C004570,True,True
MLCC_C004571,True,True
MLCC_C004574,True,True
MLCC_C004575,True,True
MLCC_C004577,True,True
MLCC_C004578,True,True
MLCC_C004581,True,True
MLCC_C004582,True,True
MLCC_C004584,True,True
MLCC_C004585,True,True
MLCC_C004586,True,True
MLCC_C004589,True,True
MLCC_C004591,True,True
MLCC_C004592,True,True
MLCC_C004593,True,True
MLCC_C004595,True,True
MLCC_C004596,True,True
MLCC_C004597,True,True
MLCC_C004598,True,True
MLCC_C004599,True,True
MLCC_C004600,True,True
MLCC_C004601,True,True
MLCC_C004602,True,True
MLCC_C004604,True,True
MLCC_C004605,True,True
MLCC_C004607,True,True
MLCC_C004611,True,True
MLCC_C004612,True,True
MLCC_C004615,True,True
MLCC_C004616,True,True
MLCC_C004618,True,True
MLCC_C004619,True,True
MLCC_C004624,True,True
MLCC_C004625,True,True
MLCC_C004626,True,True
MLCC_C004627,True,True
MLCC_C004629,True,True
MLCC_C004631,True,True
MLCC_C004633,True,True
MLCC_C004634,True,True
MLCC_C004635,True,True
MLCC_C004638,True,True
MLCC_C004640,True,True
MLCC_C004641,True,True
MLCC_C004643,True,True
MLCC_C004645,True,True
MLCC_C004647,True,True
MLCC_C004648,True,True
MLCC_C004649,True,True
MLCC_C004650,True,True
MLCC_C004651,True,True
MLCC_C004652,True,True
MLCC_C004654,True,True
MLCC_C004655,True,True
MLCC_C004656,True,True
MLCC_C004658,True,True
MLCC_C004659,True,True
MLCC_C004664,True,True
MLCC_C004666,True,True
MLCC_C004668,True,True
MLCC_C004670,True,True
MLCC_C004671,True,True
MLCC_C004674,True,True
MLCC_C004675,True,True
MLCC_C004678,True,True
MLCC_C004679,True,True
MLCC_C004680,True,True
MLCC_C004681,True,True
MLCC_C004683,True,True
MLCC_C004687,True,True
MLCC_C004688,True,True
MLCC_C004693,True,True
MLCC_C004694,True,True
MLCC_C004695,True,True
MLCC_C004696,True,True
MLCC_C004697,True,True
MLCC_C004700,True,True
MLCC_C004704,True,True
MLCC_C004705,True,True
MLCC_C004706,True,True
MLCC_C004707,True,True
MLCC_C004710,True,True
MLCC_C004712,True,True
MLCC_C004713,True,True
MLCC_C004714,True,True
MLCC_C004715,True,True
MLCC_C004716,True,True
MLCC_C004717,True,True
MLCC_C004719,True,True
MLCC_C004721,True,True
MLCC_C004722,True,True
MLCC_C004723,True,True
MLCC_C004724,True,True
MLCC_C004727,True,True
MLCC_C004728,True,True
MLCC_C004729,True,True
MLCC_C004730,True,True
MLCC_C004734,True,True
MLCC_C004736,True,True
MLCC_C004737,True,True
MLCC_C004738,True,True
MLCC_C004742,True,True
MLCC_C004743,True,True
MLCC_C004744,True,True
MLCC_C004745,True,True
MLCC_C004748,True,True
MLCC_C004749,True,True
MLCC_C004750,True,True
MLCC_C004751,True,True
MLCC_C004752,True,True
MLCC_C004754,True,True
MLCC_C004756,True,True
MLCC_C004759,True,True
MLCC_C004760,True,True
MLCC_C004762,True,True
MLCC_C004763,True,True
MLCC_C004765,True,True
MLCC_C004767,True,True
MLCC_C004772,True,True
MLCC_C004773,True,True
MLCC_C004776,True,True
MLCC_C004777,True,True
MLCC_C004778,True,True
MLCC_C004779,True,True
MLCC_C004780,True,True
MLCC_C004785,True,True
MLCC_C004786,True,True
MLCC_C004787,True,True
MLCC_C004788,True,True
MLCC_C004789,True,True
MLCC_C004791,True,True
MLCC_C004792,True,True
MLCC_C004794,True,True
MLCC_C004796,True,True
MLCC_C004799,True,True
MLCC_C004801,True,True
MLCC_C004803,True,True
MLCC_C004806,True,True
MLCC_C004807,True,True
MLCC_C004808,True,True
MLCC_C004810,True,True
MLCC_C004817,True,True
MLCC_C004821,True,True
MLCC_C004823,True,True
MLCC_C004824,True,True
MLCC_C004827,True,True
MLCC_C004828,True,True
MLCC_C004829,True,True
MLCC_C004832,True,True
MLCC_C004835,True,True
MLCC_C004839,True,True
MLCC_C004842,True,True
MLCC_C004843,True,True
MLCC_C004844,True,True
MLCC_C004846,True,True
MLCC_C004847,True,True
MLCC_C004848,True,True
MLCC_C004849,True,True
MLCC_C004852,True,True
MLCC_C004853,True,True
MLCC_C004855,True,True
MLCC_C004857,True,True
MLCC_C004858,True,True
MLCC_C004861,True,True
MLCC_C004862,True,True
MLCC_C004863,True,True
MLCC_C004865,True,True
MLCC_C004866,True,True
MLCC_C004867,True,True
MLCC_C004868,True,True
MLCC_C004869,True,True
MLCC_C004870,True,True
MLCC_C004871,True,True
MLCC_C004872,True,True
MLCC_C004873,True,True
MLCC_C004874,True,True
MLCC_C004875,True,True
MLCC_C004876,True,True
MLCC_C004879,True,True
MLCC_C004880,True,True
MLCC_C004882,True,True
MLCC_C004883,True,True
MLCC_C004885,True,True
MLCC_C004886,True,True
MLCC_C004888,True,True
MLCC_C004890,True,True
MLCC_C004896,True,True
MLCC_C004899,True,True
MLCC_C004900,True,True
MLCC_C004907,True,True
MLCC_C004910,True,True
MLCC_C004913,True,True
MLCC_C004914,True,True
MLCC_C004915,True,True
MLCC_C004916,True,True
MLCC_C004917,True,True
MLCC_C004919,True,True
MLCC_C004920,True,True
MLCC_C004922,True,True
MLCC_C004923,True,True
MLCC_C004926,True,True
MLCC_C004928,True,True
MLCC_C004931,True,True
MLCC_C004934,True,True
MLCC_C004935,True,True
MLCC_C004936,True,True
MLCC_C004937,True,True
MLCC_C004940,True,True
MLCC_C004942,True,True
MLCC_C004946,True,True
MLCC_C004947,True,True
MLCC_C004949,True,True
MLCC_C004950,True,True
MLCC_C004951,True,True
MLCC_C004953,True,True
MLCC_C004954,True,True
MLCC_C004955,True,True
MLCC_C004956,True,True
MLCC_C004957,True,True
MLCC_C004958,True,True
MLCC_C004959,True,True
MLCC_C004960,True,True
MLCC_C004961,True,True
MLCC_C004963,True,True
MLCC_C004964,True,True
MLCC_C004966,True,True
MLCC_C004967,True,True
MLCC_C004968,True,True
MLCC_C004969,True,True
MLCC_C004970,True,True
MLCC_C004972,True,True
MLCC_C004973,True,True
MLCC_C004974,True,True
MLCC_C004975,True,True
MLCC_C004976,True,True
MLCC_C004978,True,True
MLCC_C004980,True,True
MLCC_C004981,True,True
MLCC_C004982,True,True
MLCC_C004983,True,True
MLCC_C004985,True,True
MLCC_C004986,True,True
MLCC_C004987,True,True
MLCC_C004988,True,True
MLCC_C004990,True,True
MLCC_C004992,True,True
MLCC_C004993,True,True
MLCC_C004994,True,True
MLCC_C004995,True,True
MLCC_C004997,True,True
MLCC_C004998,True,True
MLCC_C004999,True,True
MLCC_C005000,True,True
MLCC_C005002,True,True
MLCC_C005003,True,True
MLCC_C005006,True,True
MLCC_C005007,True,True
MLCC_C005008,True,True
MLCC_C005009,True,True
MLCC_C005010,True,True
MLCC_C005013,True,True
MLCC_C005016,True,True
MLCC_C005018,True,True
MLCC_C005021,True,True
MLCC_C005023,True,True
MLCC_C005024,True,True
MLCC_C005026,True,True
MLCC_C005029,True,True
MLCC_C005031,True,True
MLCC_C005032,True,True
MLCC_C005033,True,True
MLCC_C005035,True,True
MLCC_C005036,True,True
MLCC_C005037,True,True
MLCC_C005038,True,True
MLCC_C005039,True,True
MLCC_C005040,True,True
MLCC_C005041,True,True
MLCC_C005045,True,True
MLCC_C005047,True,True
MLCC_C005048,True,True
MLCC_C005049,True,True
MLCC_C005050,True,True
MLCC_C005052,True,True
MLCC_C005055,True,True
MLCC_C005056,True,True
MLCC_C005058,True,True
MLCC_C005059,True,True
MLCC_C005060,True,True
MLCC_C005061,True,True
MLCC_C005062,True,True
MLCC_C005063,True,True
MLCC_C005064,True,True
MLCC_C005065,True,True
MLCC_C005067,True,True
MLCC_C005068,True,True
MLCC_C005070,True,True
MLCC_C005074,True,True
MLCC_C005075,True,True
MLCC_C005082,True,True
MLCC_C005083,True,True
MLCC_C005086,True,True
MLCC_C005088,True,True
MLCC_C005089,True,True
MLCC_C005092,True,True
MLCC_C005093,True,True
MLCC_C005094,True,True
MLCC_C005095,True,True
MLCC_C005096,True,True
MLCC_C005097,True,True
MLCC_C005098,True,True
MLCC_C005099,True,True
MLCC_C005101,True,True
MLCC_C005102,True,True
MLCC_C005104,True,True
MLCC_C005107,True,True
MLCC_C005108,True,True
MLCC_C005110,True,True
MLCC_C005116,True,True
MLCC_C005117,True,True
MLCC_C005118,True,True
MLCC_C005119,True,True
MLCC_C005120,True,True
MLCC_C005121,True,True
MLCC_C005122,True,True
MLCC_C005124,True,True
MLCC_C005125,True,True
MLCC_C005126,True,True
MLCC_C005127,True,True
MLCC_C005128,True,True
MLCC_C005130,True,True
MLCC_C005131,True,True
MLCC_C005132,True,True
MLCC_C005133,True,True
MLCC_C005134,True,True
MLCC_C005136,True,True
MLCC_C005137,True,True
MLCC_C005138,True,True
MLCC_C005139,True,True
MLCC_C005140,True,True
MLCC_C005141,True,True
MLCC_C005143,True,True
MLCC_C005144,True,True
MLCC_C005146,True,True
MLCC_C005148,True,True
MLCC_C005149,True,True
MLCC_C005150,True,True
MLCC_C005151,True,True
MLCC_C005152,True,True
MLCC_C005155,True,True
MLCC_C005157,True,True
MLCC_C005158,True,True
MLCC_C005160,True,True
MLCC_C005162,True,True
MLCC_C005163,True,True
MLCC_C005164,True,True
MLCC_C005165,True,True
MLCC_C005166,True,True
MLCC_C005167,True,True
MLCC_C005169,True,True
MLCC_C005171,True,True
MLCC_C005172,True,True
MLCC_C005173,True,True
MLCC_C005175,True,True
MLCC_C005177,True,True
MLCC_C005178,True,True
MLCC_C005179,True,True
MLCC_C005180,True,True
MLCC_C005182,True,True
MLCC_C005184,True,True
MLCC_C005186,True,True
MLCC_C005188,True,True
MLCC_C005190,True,True
MLCC_C005192,True,True
MLCC_C005193,True,True
MLCC_C005194,True,True
MLCC_C005196,True,True
MLCC_C005197,True,True
MLCC_C005198,True,True
MLCC_C005199,True,True
MLCC_C005201,True,True
MLCC_C005202,True,True
MLCC_C005205,True,True
MLCC_C005206,True,True
MLCC_C005207,True,True
MLCC_C005208,True,True
MLCC_C005211,True,True
MLCC_C005214,True,True
MLCC_C005215,True,True
MLCC_C005217,True,True
MLCC_C005221,True,True
MLCC_C005222,True,True
MLCC_C005224,True,True
MLCC_C005225,True,True
MLCC_C005226,True,True
MLCC_C005227,True,True
MLCC_C005230,True,True
MLCC_C005231,True,True
MLCC_C005233,True,True
MLCC_C005234,True,True
MLCC_C005235,True,True
MLCC_C005236,True,True
MLCC_C005237,True,True
MLCC_C005238,True,True
MLCC_C005240,True,True
MLCC_C005242,True,True
MLCC_C005245,True,True
MLCC_C005246,True,True
MLCC_C005247,True,True
MLCC_C005248,True,True
MLCC_C005249,True,True
MLCC_C005250,True,True
MLCC_C005251,True,True
MLCC_C005252,True,True
MLCC_C005254,True,True
MLCC_C005255,True,True
MLCC_C005256,True,True
MLCC_C005262,True,True
MLCC_C005263,True,True
MLCC_C005264,True,True
MLCC_C005265,True,True
MLCC_C005267,True,True
MLCC_C005268,True,True
MLCC_C005269,True,True
MLCC_C005270,True,True
MLCC_C005271,True,True
MLCC_C005273,True,True
MLCC_C005274,True,True
MLCC_C005275,True,True
MLCC_C005277,True,True
MLCC_C005278,True,True
MLCC_C005279,True,True
MLCC_C005281,True,True
MLCC_C005283,True,True
MLCC_C005284,True,True
MLCC_C005285,True,True
MLCC_C005286,True,True
MLCC_C005287,True,True
MLCC_C005289,True,True
MLCC_C005293,True,True
MLCC_C005296,True,True
MLCC_C005297,True,True
MLCC_C005299,True,True
MLCC_C005304,True,True
MLCC_C005307,True,True
MLCC_C005309,True,True
MLCC_C005310,True,True
MLCC_C005311,True,True
MLCC_C005312,True,True
MLCC_C005314,True,True
MLCC_C005319,True,True
MLCC_C005320,True,True
MLCC_C005321,True,True
MLCC_C005322,True,True
MLCC_C005323,True,True
MLCC_C005325,True,True
MLCC_C005326,True,True
MLCC_C005328,True,True
MLCC_C005329,True,True
MLCC_C005331,True,True
MLCC_C005334,True,True
MLCC_C005336,True,True
MLCC_C005337,True,True
MLCC_C005340,True,True
MLCC_C005342,True,True
MLCC_C005344,True,True
MLCC_C005345,True,True
MLCC_C005348,True,True
MLCC_C005349,True,True
MLCC_C005353,True,True
MLCC_C005355,True,True
MLCC_C005356,True,True
MLCC_C005357,True,True
MLCC_C005358,True,True
MLCC_C005359,True,True
MLCC_C005361,True,True
MLCC_C005363,True,True
MLCC_C005364,True,True
MLCC_C005365,True,True
MLCC_C005367,True,True
MLCC_C005370,True,True
MLCC_C005371,True,True
MLCC_C005373,True,True
MLCC_C005374,True,True
MLCC_C005375,True,True
MLCC_C005376,True,True
MLCC_C005378,True,True
MLCC_C005381,True,True
MLCC_C005382,True,True
MLCC_C005383,True,True
MLCC_C005384,True,True
MLCC_C005391,True,True
MLCC_C005392,True,True
MLCC_C005393,True,True
MLCC_C005394,True,True
MLCC_C005396,True,True
MLCC_C005398,True,True
MLCC_C005399,True,True
MLCC_C005403,True,True
MLCC_C005404,True,True
MLCC_C005406,True,True
MLCC_C005407,True,True
MLCC_C005408,True,True
MLCC_C005410,True,True
MLCC_C005411,True,True
MLCC_C005412,True,True
MLCC_C005414,True,True
MLCC_C005416,True,True
MLCC_C005419,True,True
MLCC_C005421,True,True
MLCC_C005423,True,True
MLCC_C005425,True,True
MLCC_C005426,True,True
MLCC_C005427,True,True
MLCC_C005429,True,True
MLCC_C005431,True,True
MLCC_C005432,True,True
MLCC_C005433,True,True
MLCC_C005434,True,True
MLCC_C005437,True,True
MLCC_C005438,True,True
MLCC_C005440,True,True
MLCC_C005441,True,True
MLCC_C005442,True,True
MLCC_C005445,True,True
MLCC_C005446,True,True
MLCC_C005448,True,True
MLCC_C005451,True,True
MLCC_C005454,True,True
MLCC_C005456,True,True
MLCC_C005458,True,True
MLCC_C005459,True,True
MLCC_C005461,True,True
MLCC_C005462,True,True
MLCC_C005465,True,True
MLCC_C005466,True,True
MLCC_C005467,True,True
MLCC_C005469,True,True
MLCC_C005470,True,True
MLCC_C005472,True,True
MLCC_C005473,True,True
MLCC_C005476,True,True
MLCC_C005477,True,True
MLCC_C005478,True,True
MLCC_C005479,True,True
MLCC_C005480,True,True
MLCC_C005481,True,True
MLCC_C005483,True,True
MLCC_C005484,True,True
MLCC_C005487,True,True
MLCC_C005489,True,True
MLCC_C005491,True,True
MLCC_C005492,True,True
MLCC_C005495,True,True
MLCC_C005497,True,True
MLCC_C005498,True,True
MLCC_C005499,True,True
MLCC_C005504,True,True
MLCC_C005506,True,True
MLCC_C005508,True,True
MLCC_C005509,True,True
MLCC_C005510,True,True
MLCC_C005511,True,True
MLCC_C005512,True,True
MLCC_C005513,True,True
MLCC_C005516,True,True
MLCC_C005517,True,True
MLCC_C005518,True,True
MLCC_C005519,True,True
MLCC_C005522,True,True
MLCC_C005524,True,True
MLCC_C005525,True,True
MLCC_C005526,True,True
MLCC_C005530,True,True
MLCC_C005532,True,True
MLCC_C005533,True,True
MLCC_C005537,True,True
MLCC_C005541,True,True
MLCC_C005542,True,True
MLCC_C005545,True,True
MLCC_C005550,True,True
MLCC_C005552,True,True
MLCC_C005553,True,True
MLCC_C005555,True,True
MLCC_C005557,True,True
MLCC_C005559,True,True
MLCC_C005561,True,True
MLCC_C005562,True,True
MLCC_C005563,True,True
MLCC_C005564,True,True
MLCC_C005569,True,True
MLCC_C005571,True,True
MLCC_C005572,True,True
MLCC_C005573,True,True
MLCC_C005574,True,True
MLCC_C005577,True,True
MLCC_C005579,True,True
MLCC_C005580,True,True
MLCC_C005582,True,True
MLCC_C005583,True,True
MLCC_C005585,True,True
MLCC_C005586,True,True
MLCC_C005587,True,True
MLCC_C005588,True,True
MLCC_C005589,True,True
MLCC_C005591,True,True
MLCC_C005592,True,True
MLCC_C005593,True,True
MLCC_C005594,True,True
MLCC_C005597,True,True
MLCC_C005600,True,True
MLCC_C005601,True,True
MLCC_C005602,True,True
MLCC_C005603,True,True
MLCC_C005604,True,True
MLCC_C005606,True,True
MLCC_C005607,True,True
MLCC_C005608,True,True
MLCC_C005610,True,True
MLCC_C005611,True,True
MLCC_C005612,True,True
MLCC_C005614,True,True
MLCC_C005617,True,True
MLCC_C005622,True,True
MLCC_C005623,True,True
MLCC_C005626,True,True
MLCC_C005627,True,True
MLCC_C005629,True,True
MLCC_C005630,True,True
MLCC_C005631,True,True
MLCC_C005632,True,True
MLCC_C005633,True,True
MLCC_C005636,True,True
MLCC_C005638,True,True
MLCC_C005639,True,True
MLCC_C005640,True,True
MLCC_C005641,True,True
MLCC_C005642,True,True
MLCC_C005643,True,True
MLCC_C005644,True,True
MLCC_C005645,True,True
MLCC_C005646,True,True
MLCC_C005647,True,True
MLCC_C005648,True,True
MLCC_C005649,True,True
MLCC_C005651,True,True
MLCC_C005654,True,True
MLCC_C005655,True,True
MLCC_C005656,True,True
MLCC_C005658,True,True
MLCC_C005660,True,True
MLCC_C005661,True,True
MLCC_C005663,True,True
MLCC_C005664,True,True
MLCC_C005667,True,True
MLCC_C005669,True,True
MLCC_C005670,True,True
MLCC_C005671,True,True
MLCC_C005672,True,True
MLCC_C005673,True,True
MLCC_C005676,True,True
MLCC_C005678,True,True
MLCC_C005682,True,True
MLCC_C005683,True,True
MLCC_C005687,True,True
MLCC_C005688,True,True
MLCC_C005689,True,True
MLCC_C005690,True,True
MLCC_C005693,True,True
MLCC_C005694,True,True
MLCC_C005695,True,True
MLCC_C005696,True,True
MLCC_C005697,True,True
MLCC_C005699,True,True
MLCC_C005701,True,True
MLCC_C005702,True,True
MLCC_C005703,True,True
MLCC_C005704,True,True
MLCC_C005705,True,True
MLCC_C005706,True,True
MLCC_C005707,True,True
MLCC_C005708,True,True
MLCC_C005712,True,True
MLCC_C005713,True,True
MLCC_C005714,True,True
MLCC_C005715,True,True
MLCC_C005717,True,True
MLCC_C005718,True,True
MLCC_C005723,True,True
MLCC_C005724,True,True
MLCC_C005734,True,True
MLCC_C005736,True,True
MLCC_C005737,True,True
MLCC_C005738,True,True
MLCC_C005740,True,True
MLCC_C005741,True,True
MLCC_C005742,True,True
MLCC_C005743,True,True
MLCC_C005746,True,True
MLCC_C005748,True,True
MLCC_C005749,True,True
MLCC_C005750,True,True
MLCC_C005751,True,True
MLCC_C005754,True,True
MLCC_C005755,True,True
MLCC_C005756,True,True
MLCC_C005758,True,True
MLCC_C005760,True,True
MLCC_C005761,True,True
MLCC_C005762,True,True
MLCC_C005765,True,True
MLCC_C005766,True,True
MLCC_C005767,True,True
MLCC_C005769,True,True
MLCC_C005772,True,True
MLCC_C005774,True,True
MLCC_C005775,True,True
MLCC_C005776,True,True
MLCC_C005777,True,True
MLCC_C005778,True,True
MLCC_C005779,True,True
MLCC_C005781,True,True
MLCC_C005782,True,True
MLCC_C005783,True,True
MLCC_C005785,True,True
MLCC_C005787,True,True
MLCC_C005788,True,True
MLCC_C005789,True,True
MLCC_C005793,True,True
MLCC_C005794,True,True
MLCC_C005795,True,True
MLCC_C005796,True,True
MLCC_C005797,True,True
MLCC_C005798,True,True
MLCC_C005800,True,True
MLCC_C005803,True,True
MLCC_C005804,True,True
MLCC_C005806,True,True
MLCC_C005808,True,True
MLCC_C005810,True,True
MLCC_C005811,True,True
MLCC_C005812,True,True
MLCC_C005813,True,True
MLCC_C005814,True,True
MLCC_C005815,True,True
MLCC_C005816,True,True
MLCC_C005817,True,True
MLCC_C005819,True,True
MLCC_C005821,True,True
MLCC_C005822,True,True
MLCC_C005823,True,True
MLCC_C005824,True,True
MLCC_C005825,True,True
MLCC_C005826,True,True
MLCC_C005832,True,True
MLCC_C005833,True,True
MLCC_C005834,True,True
MLCC_C005835,True,True
MLCC_C005836,True,True
MLCC_C005837,True,True
MLCC_C005838,True,True
MLCC_C005839,True,True
MLCC_C005842,True,True
MLCC_C005845,True,True
MLCC_C005846,True,True
MLCC_C005850,True,True
MLCC_C005851,True,True
MLCC_C005853,True,True
MLCC_C005855,True,True
MLCC_C005857,True,True
MLCC_C005859,True,True
MLCC_C005860,True,True
MLCC_C005862,True,True
MLCC_C005864,True,True
MLCC_C005865,True,True
MLCC_C005866,True,True
MLCC_C005867,True,True
MLCC_C005868,True,True
MLCC_C005869,True,True
MLCC_C005871,True,True
MLCC_C005872,True,True
MLCC_C005875,True,True
MLCC_C005876,True,True
MLCC_C005877,True,True
MLCC_C005878,True,True
MLCC_C005881,True,True
MLCC_C005883,True,True
MLCC_C005884,True,True
MLCC_C005885,True,True
MLCC_C005886,True,True
MLCC_C005888,True,True
MLCC_C005890,True,True
MLCC_C005891,True,True
MLCC_C005892,True,True
MLCC_C005896,True,True
MLCC_C005897,True,True
MLCC_C005901,True,True
MLCC_C005902,True,True
MLCC_C005903,True,True
MLCC_C005906,True,True
MLCC_C005910,True,True
MLCC_C005911,True,True
MLCC_C005912,True,True
MLCC_C005913,True,True
MLCC_C005914,True,True
MLCC_C005915,True,True
MLCC_C005918,True,True
MLCC_C005919,True,True
MLCC_C005920,True,True
MLCC_C005921,True,True
MLCC_C005922,True,True
MLCC_C005923,True,True
MLCC_C005924,True,True
MLCC_C005925,True,True
MLCC_C005927,True,True
MLCC_C005928,True,True
MLCC_C005930,True,True
MLCC_C005934,True,True
MLCC_C005935,True,True
MLCC_C005936,True,True
MLCC_C005939,True,True
MLCC_C005940,True,True
MLCC_C005941,True,True
MLCC_C005943,True,True
MLCC_C005945,True,True
MLCC_C005949,True,True
MLCC_C005950,True,True
MLCC_C005951,True,True
MLCC_C005952,True,True
MLCC_C005953,True,True
MLCC_C005954,True,True
MLCC_C005955,True,True
MLCC_C005956,True,True
MLCC_C005957,True,True
MLCC_C005959,True,True
MLCC_C005960,True,True
MLCC_C005962,True,True
MLCC_C005963,True,True
MLCC_C005964,True,True
MLCC_C005965,True,True
MLCC_C005966,True,True
MLCC_C005967,True,True
MLCC_C005968,True,True
MLCC_C005971,True,True
MLCC_C005973,True,True
MLCC_C005974,True,True
MLCC_C005975,True,True
MLCC_C005976,True,True
MLCC_C005980,True,True
MLCC_C005981,True,True
MLCC_C005982,True,True
MLCC_C005983,True,True
MLCC_C005984,True,True
MLCC_C005985,True,True
MLCC_C005990,True,True
MLCC_C005991,True,True
MLCC_C005993,True,True
MLCC_C005998,True,True
MLCC_C006000,True,True
MLCC_C006002,True,True
MLCC_C006004,True,True
MLCC_C006005,True,True
MLCC_C006006,True,True
MLCC_C006009,True,True
MLCC_C006010,True,True
MLCC_C006011,True,True
MLCC_C006012,True,True
MLCC_C006013,True,True
MLCC_C006014,True,True
MLCC_C006015,True,True
MLCC_C006016,True,True
MLCC_C006017,True,True
MLCC_C006019,True,True
MLCC_C006020,True,True
MLCC_C006021,True,True
MLCC_C006024,True,True
MLCC_C006025,True,True
MLCC_C006029,True,True
MLCC_C006030,True,True
MLCC_C006032,True,True
MLCC_C006034,True,True
MLCC_C006035,True,True
MLCC_C006036,True,True
MLCC_C006037,True,True
MLCC_C006039,True,True
MLCC_C006041,True,True
MLCC_C006043,True,True
MLCC_C006044,True,True
MLCC_C006046,True,True
MLCC_C006049,True,True
MLCC_C006051,True,True
MLCC_C006052,True,True
MLCC_C006053,True,True
MLCC_C006054,True,True
MLCC_C006058,True,True
MLCC_C006059,True,True
MLCC_C006060,True,True
MLCC_C006063,True,True
MLCC_C006065,True,True
MLCC_C006067,True,True
MLCC_C006068,True,True
MLCC_C006070,True,True
MLCC_C006071,True,True
MLCC_C006073,True,True
MLCC_C006074,True,True
MLCC_C006076,True,True
MLCC_C006077,True,True
MLCC_C006078,True,True
MLCC_C006079,True,True
MLCC_C006080,True,True
MLCC_C006081,True,True
MLCC_C006086,True,True
MLCC_C006087,True,True
MLCC_C006090,True,True
MLCC_C006092,True,True
MLCC_C006094,True,True
MLCC_C006095,True,True
MLCC_C006096,True,True
MLCC_C006097,True,True
MLCC_C006098,True,True
MLCC_C006099,True,True
MLCC_C006102,True,True
MLCC_C006104,True,True
MLCC_C006106,True,True
MLCC_C006110,True,True
MLCC_C006112,True,True
MLCC_C006114,True,True
MLCC_C006116,True,True
MLCC_C006118,True,True
MLCC_C006119,True,True
MLCC_C006121,True,True
MLCC_C006123,True,True
MLCC_C006125,True,True
MLCC_C006126,True,True
MLCC_C006129,True,True
MLCC_C006130,True,True
MLCC_C006131,True,True
MLCC_C006132,True,True
MLCC_C006134,True,True
MLCC_C006135,True,True
MLCC_C006136,True,True
MLCC_C006139,True,True
MLCC_C006144,True,True
MLCC_C006145,True,True
MLCC_C006146,True,True
MLCC_C006149,True,True
MLCC_C006150,True,True
MLCC_C006154,True,True
MLCC_C006158,True,True
MLCC_C006160,True,True
MLCC_C006161,True,True
MLCC_C006163,True,True
MLCC_C006164,True,True
MLCC_C006165,True,True
MLCC_C006168,True,True
MLCC_C006169,True,True
MLCC_C006172,True,True
MLCC_C006173,True,True
MLCC_C006176,True,True
MLCC_C006179,True,True
MLCC_C006180,True,True
MLCC_C006182,True,True
MLCC_C006183,True,True
MLCC_C006185,True,True
MLCC_C006186,True,True
MLCC_C006187,True,True
MLCC_C006189,True,True
MLCC_C006191,True,True
MLCC_C006195,True,True
MLCC_C006196,True,True
MLCC_C006200,True,True
MLCC_C006201,True,True
MLCC_C006202,True,True
MLCC_C006203,True,True
MLCC_C006204,True,True
MLCC_C006205,True,True
MLCC_C006206,True,True
MLCC_C006208,True,True
MLCC_C006211,True,True
MLCC_C006214,True,True
MLCC_C006216,True,True
MLCC_C006217,True,True
MLCC_C006218,True,True
MLCC_C006219,True,True
MLCC_C006220,True,True
MLCC_C006222,True,True
MLCC_C006223,True,True
MLCC_C006224,True,True
MLCC_C006225,True,True
MLCC_C006226,True,True
MLCC_C006227,True,True
MLCC_C006228,True,True
MLCC_C006229,True,True
MLCC_C006231,True,True
MLCC_C006232,True,True
MLCC_C006233,True,True
MLCC_C006235,True,True
MLCC_C006236,True,True
MLCC_C006237,True,True
MLCC_C006240,True,True
MLCC_C006241,True,True
MLCC_C006243,True,True
MLCC_C006245,True,True
MLCC_C006248,True,True
MLCC_C006251,True,True
MLCC_C006252,True,True
MLCC_C006253,True,True
MLCC_C006256,True,True
MLCC_C006257,True,True
MLCC_C006258,True,True
MLCC_C006262,True,True
MLCC_C006263,True,True
MLCC_C006264,True,True
MLCC_C006265,True,True
MLCC_C006266,True,True
MLCC_C006268,True,True
MLCC_C006269,True,True
MLCC_C006271,True,True
MLCC_C006272,True,True
MLCC_C006273,True,True
MLCC_C006278,True,True
MLCC_C006279,True,True
MLCC_C006283,True,True
MLCC_C006284,True,True
MLCC_C006286,True,True
MLCC_C006288,True,True
MLCC_C006289,True,True
MLCC_C006290,True,True
MLCC_C006291,True,True
MLCC_C006292,True,True
MLCC_C006294,True,True
MLCC_C006295,True,True
MLCC_C006296,True,True
MLCC_C006298,True,True
MLCC_C006299,True,True
MLCC_C006301,True,True
MLCC_C006302,True,True
MLCC_C006303,True,True
MLCC_C006304,True,True
MLCC_C006306,True,True
MLCC_C006307,True,True
MLCC_C006308,True,True
MLCC_C006309,True,True
MLCC_C006311,True,True
MLCC_C006312,True,True
MLCC_C006315,True,True
MLCC_C006319,True,True
MLCC_C006320,True,True
MLCC_C006321,True,True
MLCC_C006323,True,True
MLCC_C006324,True,True
MLCC_C006325,True,True
MLCC_C006326,True,True
MLCC_C006328,True,True
MLCC_C006329,True,True
MLCC_C006330,True,True
MLCC_C006331,True,True
MLCC_C006333,True,True
MLCC_C006335,True,True
MLCC_C006337,True,True
MLCC_C006338,True,True
MLCC_C006339,True,True
MLCC_C006340,True,True
MLCC_C006342,True,True
MLCC_C006346,True,True
MLCC_C006347,True,True
MLCC_C006348,True,True
MLCC_C006351,True,True
MLCC_C006352,True,True
MLCC_C006354,True,True
MLCC_C006355,True,True
MLCC_C006356,True,True
MLCC_C006357,True,True
MLCC_C006358,True,True
MLCC_C006359,True,True
MLCC_C006364,True,True
MLCC_C006366,True,True
MLCC_C006367,True,True
MLCC_C006368,True,True
MLCC_C006374,True,True
MLCC_C006375,True,True
MLCC_C006376,True,True
MLCC_C006377,True,True
MLCC_C006381,True,True
MLCC_C006382,True,True
MLCC_C006383,True,True
MLCC_C006385,True,True
MLCC_C006386,True,True
MLCC_C006387,True,True
MLCC_C006388,True,True
MLCC_C006389,True,True
MLCC_C006390,True,True
MLCC_C006391,True,True
MLCC_C006392,True,True
MLCC_C006395,True,True
MLCC_C006396,True,True
MLCC_C006400,True,True
MLCC_C006401,True,True
MLCC_C006402,True,True
MLCC_C006403,True,True
MLCC_C006407,True,True
MLCC_C006408,True,True
MLCC_C006410,True,True
MLCC_C006412,True,True
MLCC_C006413,True,True
MLCC_C006415,True,True
MLCC_C006417,True,True
MLCC_C006419,True,True
MLCC_C006420,True,True
MLCC_C006421,True,True
MLCC_C006423,True,True
MLCC_C006424,True,True
MLCC_C006425,True,True
MLCC_C006426,True,True
MLCC_C006429,True,True
MLCC_C006430,True,True
MLCC_C006432,True,True
MLCC_C006436,True,True
MLCC_C006437,True,True
MLCC_C006438,True,True
MLCC_C006440,True,True
MLCC_C006445,True,True
MLCC_C006451,True,True
MLCC_C006454,True,True
MLCC_C006455,True,True
MLCC_C006456,True,True
MLCC_C006458,True,True
MLCC_C006463,True,True
MLCC_C006464,True,True
MLCC_C006465,True,True
MLCC_C006466,True,True
MLCC_C006467,True,True
MLCC_C006468,True,True
MLCC_C006469,True,True
MLCC_C006472,True,True
MLCC_C006473,True,True
MLCC_C006474,True,True
MLCC_C006475,True,True
MLCC_C006476,True,True
MLCC_C006478,True,True
MLCC_C006479,True,True
MLCC_C006480,True,True
MLCC_C006481,True,True
MLCC_C006483,True,True
MLCC_C006485,True,True
MLCC_C006486,True,True
MLCC_C006488,True,True
MLCC_C006489,True,True
MLCC_C006490,True,True
MLCC_C006492,True,True
MLCC_C006493,True,True
MLCC_C006494,True,True
MLCC_C006496,True,True
MLCC_C006497,True,True
MLCC_C006498,True,True
MLCC_C006499,True,True
MLCC_C006500,True,True
MLCC_C006501,True,True
MLCC_C006502,True,True
MLCC_C006503,True,True
MLCC_C006506,True,True
MLCC_C006507,True,True
MLCC_C006508,True,True
MLCC_C006510,True,True
MLCC_C006514,True,True
MLCC_C006518,True,True
MLCC_C006519,True,True
MLCC_C006520,True,True
MLCC_C006523,True,True
MLCC_C006524,True,True
MLCC_C006527,True,True
MLCC_C006528,True,True
MLCC_C006529,True,True
MLCC_C006532,True,True
MLCC_C006533,True,True
MLCC_C006534,True,True
MLCC_C006535,True,True
MLCC_C006536,True,True
MLCC_C006539,True,True
MLCC_C006540,True,True
MLCC_C006542,True,True
MLCC_C006543,True,True
MLCC_C006544,True,True
MLCC_C006545,True,True
MLCC_C006546,True,True
MLCC_C006548,True,True
MLCC_C006550,True,True
MLCC_C006551,True,True
MLCC_C006552,True,True
MLCC_C006555,True,True
MLCC_C006558,True,True
MLCC_C006560,True,True
MLCC_C006561,True,True
MLCC_C006562,True,True
MLCC_C006563,True,True
MLCC_C006564,True,True
MLCC_C006565,True,True
MLCC_C006566,True,True
MLCC_C006568,True,True
MLCC_C006569,True,True
MLCC_C006570,True,True
MLCC_C006571,True,True
MLCC_C006573,True,True
MLCC_C006575,True,True
MLCC_C006576,True,True
MLCC_C006577,True,True
MLCC_C006578,True,True
MLCC_C006580,True,True
MLCC_C006581,True,True
MLCC_C006582,True,True
MLCC_C006583,True,True
MLCC_C006585,True,True
MLCC_C006586,True,True
MLCC_C006587,True,True
MLCC_C006588,True,True
MLCC_C006590,True,True
MLCC_C006591,True,True
MLCC_C006592,True,True
MLCC_C006594,True,True
MLCC_C006595,True,True
MLCC_C006597,True,True
MLCC_C006598,True,True
MLCC_C006599,True,True
MLCC_C006600,True,True
MLCC_C006601,True,True
MLCC_C006602,True,True
MLCC_C006604,True,True
MLCC_C006607,True,True
MLCC_C006608,True,True
MLCC_C006609,True,True
MLCC_C006610,True,True
MLCC_C006611,True,True
MLCC_C006613,True,True
MLCC_C006615,True,True
MLCC_C006617,True,True
MLCC_C006618,True,True
MLCC_C006620,True,True
MLCC_C006621,True,True
MLCC_C006622,True,True
MLCC_C006623,True,True
MLCC_C006624,True,True
MLCC_C006626,True,True
MLCC_C006628,True,True
MLCC_C006629,True,True
MLCC_C006630,True,True
MLCC_C006631,True,True
MLCC_C006633,True,True
MLCC_C006634,True,True
MLCC_C006636,True,True
MLCC_C006637,True,True
MLCC_C006638,True,True
MLCC_C006639,True,True
MLCC_C006640,True,True
MLCC_C006641,True,True
MLCC_C006642,True,True
MLCC_C006643,True,True
MLCC_C006645,True,True
MLCC_C006646,True,True
MLCC_C006648,True,True
MLCC_C006649,True,True
MLCC_C006650,True,True
MLCC_C006655,True,True
MLCC_C006657,True,True
MLCC_C006658,True,True
MLCC_C006660,True,True
MLCC_C006661,True,True
MLCC_C006662,True,True
MLCC_C006663,True,True
MLCC_C006665,True,True
MLCC_C006667,True,True
MLCC_C006670,True,True
MLCC_C006671,True,True
MLCC_C006672,True,True
MLCC_C006673,True,True
MLCC_C006674,True,True
MLCC_C006677,True,True
MLCC_C006679,True,True
MLCC_C006682,True,True
MLCC_C006684,True,True
MLCC_C006687,True,True
MLCC_C006689,True,True
MLCC_C006690,True,True
MLCC_C006693,True,True
MLCC_C006697,True,True
MLCC_C006699,True,True
MLCC_C006701,True,True
MLCC_C006703,True,True
MLCC_C006704,True,True
MLCC_C006705,True,True
MLCC_C006707,True,True
MLCC_C006709,True,True
MLCC_C006710,True,True
MLCC_C006713,True,True
MLCC_C006716,True,True
MLCC_C006717,True,True
MLCC_C006719,True,True
MLCC_C006720,True,True
MLCC_C006721,True,True
MLCC_C006725,True,True
MLCC_C006726,True,True
MLCC_C006727,True,True
MLCC_C006728,True,True
MLCC_C006729,True,True
MLCC_C006730,True,True
MLCC_C006731,True,True
MLCC_C006735,True,True
MLCC_C006737,True,True
MLCC_C006741,True,True
MLCC_C006743,True,True
MLCC_C006745,True,True
MLCC_C006746,True,True
MLCC_C006747,True,True
MLCC_C006756,True,True
MLCC_C006760,True,True
MLCC_C006765,True,True
MLCC_C006766,True,True
MLCC_C006768,True,True
MLCC_C006769,True,True
MLCC_C006771,True,True
MLCC_C006772,True,True
MLCC_C006773,True,True
MLCC_C006774,True,True
MLCC_C006776,True,True
MLCC_C006777,True,True
MLCC_C006780,True,True
MLCC_C006781,True,True
MLCC_C006783,True,True
MLCC_C006786,True,True
MLCC_C006787,True,True
MLCC_C006788,True,True
MLCC_C006795,True,True
MLCC_C006796,True,True
MLCC_C006798,True,True
MLCC_C006799,True,True
MLCC_C006800,True,True
MLCC_C006803,True,True
MLCC_C006804,True,True
MLCC_C006805,True,True
MLCC_C006806,True,True
MLCC_C006810,True,True
MLCC_C006812,True,True
MLCC_C006813,True,True
MLCC_C006814,True,True
MLCC_C006815,True,True
MLCC_C006816,True,True
MLCC_C006817,True,True
MLCC_C006819,True,True
MLCC_C006822,True,True
MLCC_C006823,True,True
MLCC_C006824,True,True
MLCC_C006826,True,True
MLCC_C006829,True,True
MLCC_C006830,True,True
MLCC_C006832,True,True
MLCC_C006834,True,True
MLCC_C006835,True,True
MLCC_C006837,True,True
MLCC_C006838,True,True
MLCC_C006839,True,True
MLCC_C006840,True,True
MLCC_C006841,True,True
MLCC_C006844,True,True
MLCC_C006846,True,True
MLCC_C006849,True,True
MLCC_C006853,True,True
MLCC_C006856,True,True
MLCC_C006857,True,True
MLCC_C006858,True,True
MLCC_C006860,True,True
MLCC_C006861,True,True
MLCC_C006862,True,True
MLCC_C006863,True,True
MLCC_C006864,True,True
MLCC_C006866,True,True
MLCC_C006869,True,True
MLCC_C006872,True,True
MLCC_C006873,True,True
MLCC_C006875,True,True
MLCC_C006876,True,True
MLCC_C006877,True,True
MLCC_C006878,True,True
MLCC_C006879,True,True
MLCC_C006883,True,True
MLCC_C006884,True,True
MLCC_C006885,True,True
MLCC_C006886,True,True
MLCC_C006888,True,True
MLCC_C006889,True,True
MLCC_C006892,True,True
MLCC_C006897,True,True
MLCC_C006898,True,True
MLCC_C006900,True,True
MLCC_C006901,True,True
MLCC_C006904,True,True
MLCC_C006905,True,True
MLCC_C006906,True,True
MLCC_C006907,True,True
MLCC_C006908,True,True
MLCC_C006909,True,True
MLCC_C006910,True,True
MLCC_C006915,True,True
MLCC_C006916,True,True
MLCC_C006920,True,True
MLCC_C006921,True,True
MLCC_C006930,True,True
MLCC_C006932,True,True
MLCC_C006934,True,True
MLCC_C006935,True,True
MLCC_C006937,True,True
MLCC_C006938,True,True
MLCC_C006941,True,True
MLCC_C006942,True,True
MLCC_C006943,True,True
MLCC_C006945,True,True
MLCC_C006946,True,True
MLCC_C006950,True,True
MLCC_C006952,True,True
MLCC_C006955,True,True
MLCC_C006956,True,True
MLCC_C006957,True,True
MLCC_C006958,True,True
MLCC_C006961,True,True
MLCC_C006962,True,True
MLCC_C006963,True,True
MLCC_C006964,True,True
MLCC_C006965,True,True
MLCC_C006967,True,True
MLCC_C006968,True,True
MLCC_C006969,True,True
MLCC_C006970,True,True
MLCC_C006971,True,True
MLCC_C006972,True,True
MLCC_C006974,True,True
MLCC_C006977,True,True
MLCC_C006978,True,True
MLCC_C006980,True,True
MLCC_C006981,True,True
MLCC_C006984,True,True
MLCC_C006985,True,True
MLCC_C006986,True,True
MLCC_C006989,True,True
MLCC_C006991,True,True
MLCC_C006992,True,True
MLCC_C006993,True,True
MLCC_C006994,True,True
MLCC_C006995,True,True
MLCC_C006996,True,True
MLCC_C006997,True,True
MLCC_C006999,True,True
MLCC_C007004,True,True
MLCC_C007005,True,True
MLCC_C007007,True,True
MLCC_C007008,True,True
MLCC_C007009,True,True
MLCC_C007011,True,True
MLCC_C007012,True,True
MLCC_C007014,True,True
MLCC_C007016,True,True
MLCC_C007018,True,True
MLCC_C007019,True,True
MLCC_C007022,True,True
MLCC_C007023,True,True
MLCC_C007026,True,True
MLCC_C007027,True,True
MLCC_C007028,True,True
MLCC_C007029,True,True
MLCC_C007030,True,True
MLCC_C007036,True,True
MLCC_C007037,True,True
MLCC_C007040,True,True
MLCC_C007043,True,True
MLCC_C007047,True,True
MLCC_C007048,True,True
MLCC_C007049,True,True
MLCC_C007050,True,True
MLCC_C007052,True,True
MLCC_C007053,True,True
MLCC_C007054,True,True
MLCC_C007055,True,True
MLCC_C007056,True,True
MLCC_C007057,True,True
MLCC_C007058,True,True
MLCC_C007061,True,True
MLCC_C007062,True,True
MLCC_C007063,True,True
MLCC_C007064,True,True
MLCC_C007065,True,True
MLCC_C007066,True,True
MLCC_C007068,True,True
MLCC_C007069,True,True
MLCC_C007070,True,True
MLCC_C007071,True,True
MLCC_C007073,True,True
MLCC_C007074,True,True
MLCC_C007075,True,True
MLCC_C007083,True,True
MLCC_C007089,True,True
MLCC_C007090,True,True
MLCC_C007091,True,True
MLCC_C007092,True,True
MLCC_C007096,True,True
MLCC_C007097,True,True
MLCC_C007099,True,True
MLCC_C007100,True,True
MLCC_C007103,True,True
MLCC_C007104,True,True
MLCC_C007106,True,True
MLCC_C007107,True,True
MLCC_C007112,True,True
MLCC_C007116,True,True
MLCC_C007117,True,True
MLCC_C007118,True,True
MLCC_C007119,True,True
MLCC_C007120,True,True
MLCC_C007121,True,True
MLCC_C007123,True,True
MLCC_C007124,True,True
MLCC_C007127,True,True
MLCC_C007128,True,True
MLCC_C007131,True,True
MLCC_C007132,True,True
MLCC_C007133,True,True
MLCC_C007138,True,True
MLCC_C007140,True,True
MLCC_C007143,True,True
MLCC_C007144,True,True
MLCC_C007145,True,True
MLCC_C007146,True,True
MLCC_C007149,True,True
MLCC_C007151,True,True
MLCC_C007154,True,True
MLCC_C007155,True,True
MLCC_C007157,True,True
MLCC_C007160,True,True
MLCC_C007162,True,True
MLCC_C007163,True,True
MLCC_C007164,True,True
MLCC_C007166,True,True
MLCC_C007169,True,True
MLCC_C007170,True,True
MLCC_C007171,True,True
MLCC_C007172,True,True
MLCC_C007173,True,True
MLCC_C007174,True,True
MLCC_C007175,True,True
MLCC_C007178,True,True
MLCC_C007180,True,True
MLCC_C007182,True,True
MLCC_C007184,True,True
MLCC_C007185,True,True
MLCC_C007186,True,True
MLCC_C007188,True,True
MLCC_C007189,True,True
MLCC_C007190,True,True
MLCC_C007191,True,True
MLCC_C007192,True,True
MLCC_C007193,True,True
MLCC_C007196,True,True
MLCC_C007197,True,True
MLCC_C007199,True,True
MLCC_C007201,True,True
MLCC_C007204,True,True
MLCC_C007205,True,True
MLCC_C007206,True,True
MLCC_C007207,True,True
MLCC_C007209,True,True
MLCC_C007212,True,True
MLCC_C007213,True,True
MLCC_C007214,True,True
MLCC_C007215,True,True
MLCC_C007218,True,True
MLCC_C007220,True,True
MLCC_C007221,True,True
MLCC_C007222,True,True
MLCC_C007223,True,True
MLCC_C007224,True,True
MLCC_C007225,True,True
MLCC_C007226,True,True
MLCC_C007229,True,True
MLCC_C007230,True,True
MLCC_C007231,True,True
MLCC_C007233,True,True
MLCC_C007234,True,True
MLCC_C007237,True,True
MLCC_C007238,True,True
MLCC_C007239,True,True
MLCC_C007241,True,True
MLCC_C007242,True,True
MLCC_C007243,True,True
MLCC_C007244,True,True
MLCC_C007245,True,True
MLCC_C007246,True,True
MLCC_C007247,True,True
MLCC_C007248,True,True
MLCC_C007250,True,True
MLCC_C007255,True,True
MLCC_C007256,True,True
MLCC_C007258,True,True
MLCC_C007259,True,True
MLCC_C007260,True,True
MLCC_C007261,True,True
MLCC_C007263,True,True
MLCC_C007264,True,True
MLCC_C007266,True,True
MLCC_C007267,True,True
MLCC_C007268,True,True
MLCC_C007269,True,True
MLCC_C007270,True,True
MLCC_C007271,True,True
MLCC_C007275,True,True
MLCC_C007277,True,True
MLCC_C007279,True,True
MLCC_C007281,True,True
MLCC_C007282,True,True
MLCC_C007283,True,True
MLCC_C007287,True,True
MLCC_C007288,True,True
MLCC_C007289,True,True
MLCC_C007292,True,True
MLCC_C007293,True,True
MLCC_C007294,True,True
MLCC_C007296,True,True
MLCC_C007297,True,True
MLCC_C007298,True,True
MLCC_C007300,True,True
MLCC_C007301,True,True
MLCC_C007304,True,True
MLCC_C007305,True,True
MLCC_C007306,True,True
MLCC_C007309,True,True
MLCC_C007310,True,True
MLCC_C007312,True,True
MLCC_C007313,True,True
MLCC_C007314,True,True
MLCC_C007317,True,True
MLCC_C007319,True,True
MLCC_C007320,True,True
MLCC_C007321,True,True
MLCC_C007322,True,True
MLCC_C007327,True,True
MLCC_C007328,True,True
MLCC_C007329,True,True
MLCC_C007330,True,True
MLCC_C007331,True,True
MLCC_C007334,True,True
MLCC_C007336,True,True
MLCC_C007337,True,True
MLCC_C007339,True,True
MLCC_C007340,True,True
MLCC_C007342,True,True
MLCC_C007343,True,True
MLCC_C007344,True,True
MLCC_C007345,True,True
MLCC_C007346,True,True
MLCC_C007353,True,True
MLCC_C007354,True,True
MLCC_C007355,True,True
MLCC_C007357,True,True
MLCC_C007358,True,True
MLCC_C007360,True,True
MLCC_C007362,True,True
MLCC_C007363,True,True
MLCC_C007366,True,True
MLCC_C007369,True,True
MLCC_C007374,True,True
MLCC_C007376,True,True
MLCC_C007378,True,True
MLCC_C007379,True,True
MLCC_C007380,True,True
MLCC_C007381,True,True
MLCC_C007384,True,True
MLCC_C007385,True,True
MLCC_C007386,True,True
MLCC_C007387,True,True
MLCC_C007390,True,True
MLCC_C007391,True,True
MLCC_C007395,True,True
MLCC_C007396,True,True
MLCC_C007398,True,True
MLCC_C007400,True,True
MLCC_C007401,True,True
MLCC_C007405,True,True
MLCC_C007407,True,True
MLCC_C007408,True,True
MLCC_C007409,True,True
MLCC_C007410,True,True
MLCC_C007411,True,True
MLCC_C007412,True,True
MLCC_C007413,True,True
MLCC_C007414,True,True
MLCC_C007419,True,True
MLCC_C007420,True,True
MLCC_C007421,True,True
MLCC_C007422,True,True
MLCC_C007423,True,True
MLCC_C007425,True,True
MLCC_C007426,True,True
MLCC_C007427,True,True
MLCC_C007428,True,True
MLCC_C007429,True,True
MLCC_C007430,True,True
MLCC_C007431,True,True
MLCC_C007436,True,True
MLCC_C007437,True,True
MLCC_C007439,True,True
MLCC_C007440,True,True
MLCC_C007441,True,True
MLCC_C007443,True,True
MLCC_C007444,True,True
MLCC_C007445,True,True
MLCC_C007446,True,True
MLCC_C007448,True,True
MLCC_C007450,True,True
MLCC_C007453,True,True
MLCC_C007455,True,True
MLCC_C007456,True,True
MLCC_C007457,True,True
MLCC_C007458,True,True
MLCC_C007460,True,True
MLCC_C007462,True,True
MLCC_C007464,True,True
MLCC_C007465,True,True
MLCC_C007466,True,True
MLCC_C007467,True,True
MLCC_C007468,True,True
MLCC_C007470,True,True
MLCC_C007471,True,True
MLCC_C007473,True,True
MLCC_C007474,True,True
MLCC_C007475,True,True
MLCC_C007476,True,True
MLCC_C007477,True,True
MLCC_C007478,True,True
MLCC_C007481,True,True
MLCC_C007482,True,True
MLCC_C007483,True,True
MLCC_C007485,True,True
MLCC_C007486,True,True
MLCC_C007489,True,True
MLCC_C007490,True,True
MLCC_C007491,True,True
MLCC_C007492,True,True
MLCC_C007494,True,True
MLCC_C007496,True,True
MLCC_C007497,True,True
MLCC_C007499,True,True
MLCC_C007502,True,True
MLCC_C007503,True,True
MLCC_C007504,True,True
MLCC_C007506,True,True
MLCC_C007507,True,True
MLCC_C007509,True,True
MLCC_C007510,True,True
MLCC_C007514,True,True
MLCC_C007516,True,True
MLCC_C007517,True,True
MLCC_C007518,True,True
MLCC_C007519,True,True
MLCC_C007520,True,True
MLCC_C007521,True,True
MLCC_C007522,True,True
MLCC_C007527,True,True
MLCC_C007530,True,True
MLCC_C007531,True,True
MLCC_C007533,True,True
MLCC_C007534,True,True
MLCC_C007537,True,True
MLCC_C007538,True,True
MLCC_C007542,True,True
MLCC_C007543,True,True
MLCC_C007545,True,True
MLCC_C007548,True,True
MLCC_C007549,True,True
MLCC_C007550,True,True
MLCC_C007552,True,True
MLCC_C007553,True,True
MLCC_C007555,True,True
MLCC_C007556,True,True
MLCC_C007558,True,True
MLCC_C007559,True,True
MLCC_C007560,True,True
MLCC_C007561,True,True
MLCC_C007562,True,True
MLCC_C007563,True,True
MLCC_C007564,True,True
MLCC_C007565,True,True
MLCC_C007570,True,True
MLCC_C007571,True,True
MLCC_C007572,True,True
MLCC_C007574,True,True
MLCC_C007575,True,True
MLCC_C007578,True,True
MLCC_C007579,True,True
MLCC_C007581,True,True
MLCC_C007582,True,True
MLCC_C007583,True,True
MLCC_C007584,True,True
MLCC_C007585,True,True
MLCC_C007586,True,True
MLCC_C007588,True,True
MLCC_C007589,True,True
MLCC_C007590,True,True
MLCC_C007591,True,True
MLCC_C007592,True,True
MLCC_C007595,True,True
MLCC_C007596,True,True
MLCC_C007599,True,True
MLCC_C007600,True,True
MLCC_C007601,True,True
MLCC_C007603,True,True
MLCC_C007605,True,True
MLCC_C007606,True,True
MLCC_C007607,True,True
MLCC_C007608,True,True
MLCC_C007610,True,True
MLCC_C007611,True,True
MLCC_C007612,True,True
MLCC_C007613,True,True
MLCC_C007614,True,True
MLCC_C007615,True,True
MLCC_C007616,True,True
MLCC_C007617,True,True
MLCC_C007618,True,True
MLCC_C007619,True,True
MLCC_C007620,True,True
MLCC_C007622,True,True
MLCC_C007623,True,True
MLCC_C007624,True,True
MLCC_C007625,True,True
MLCC_C007627,True,True
MLCC_C007628,True,True
MLCC_C007629,True,True
MLCC_C007632,True,True
MLCC_C007634,True,True
MLCC_C007636,True,True
MLCC_C007637,True,True
MLCC_C007638,True,True
MLCC_C007639,True,True
MLCC_C007641,True,True
MLCC_C007642,True,True
MLCC_C007643,True,True
MLCC_C007645,True,True
MLCC_C007646,True,True
MLCC_C007648,True,True
MLCC_C007650,True,True
MLCC_C007652,True,True
MLCC_C007653,True,True
MLCC_C007657,True,True
MLCC_C007658,True,True
MLCC_C007659,True,True
MLCC_C007660,True,True
MLCC_C007661,True,True
MLCC_C007662,True,True
MLCC_C007664,True,True
MLCC_C007666,True,True
MLCC_C007667,True,True
MLCC_C007669,True,True
MLCC_C007670,True,True
MLCC_C007671,True,True
MLCC_C007673,True,True
MLCC_C007674,True,True
MLCC_C007677,True,True
MLCC_C007679,True,True
MLCC_C007680,True,True
MLCC_C007683,True,True
MLCC_C007693,True,True
MLCC_C007694,True,True
MLCC_C007697,True,True
MLCC_C007698,True,True
MLCC_C007701,True,True
MLCC_C007702,True,True
MLCC_C007703,True,True
MLCC_C007704,True,True
MLCC_C007705,True,True
MLCC_C007706,True,True
MLCC_C007708,True,True
MLCC_C007710,True,True
MLCC_C007711,True,True
MLCC_C007712,True,True
MLCC_C007713,True,True
MLCC_C007715,True,True
MLCC_C007717,True,True
MLCC_C007719,True,True
MLCC_C007720,True,True
MLCC_C007721,True,True
MLCC_C007725,True,True
MLCC_C007726,True,True
MLCC_C007727,True,True
MLCC_C007729,True,True
MLCC_C007730,True,True
MLCC_C007732,True,True
MLCC_C007734,True,True
MLCC_C007735,True,True
MLCC_C007736,True,True
MLCC_C007739,True,True
MLCC_C007740,True,True
MLCC_C007741,True,True
MLCC_C007742,True,True
MLCC_C007743,True,True
MLCC_C007748,True,True
MLCC_C007753,True,True
MLCC_C007758,True,True
MLCC_C007760,True,True
MLCC_C007761,True,True
MLCC_C007762,True,True
MLCC_C007763,True,True
MLCC_C007766,True,True
MLCC_C007767,True,True
MLCC_C007768,True,True
MLCC_C007769,True,True
MLCC_C007770,True,True
MLCC_C007771,True,True
MLCC_C007773,True,True
MLCC_C007774,True,True
MLCC_C007775,True,True
MLCC_C007776,True,True
MLCC_C007780,True,True
MLCC_C007781,True,True
MLCC_C007783,True,True
MLCC_C007785,True,True
MLCC_C007786,True,True
MLCC_C007787,True,True
MLCC_C007788,True,True
MLCC_C007790,True,True
MLCC_C007791,True,True
MLCC_C007794,True,True
MLCC_C007795,True,True
MLCC_C007799,True,True
MLCC_C007800,True,True
MLCC_C007801,True,True
MLCC_C007802,True,True
MLCC_C007807,True,True
MLCC_C007808,True,True
MLCC_C007809,True,True
MLCC_C007810,True,True
MLCC_C007811,True,True
MLCC_C007812,True,True
MLCC_C007813,True,True
MLCC_C007814,True,True
MLCC_C007821,True,True
MLCC_C007822,True,True
MLCC_C007823,True,True
MLCC_C007824,True,True
MLCC_C007825,True,True
MLCC_C007826,True,True
MLCC_C007827,True,True
MLCC_C007829,True,True
MLCC_C007830,True,True
MLCC_C007832,True,True
MLCC_C007833,True,True
MLCC_C007835,True,True
MLCC_C007836,True,True
MLCC_C007837,True,True
MLCC_C007839,True,True
MLCC_C007840,True,True
MLCC_C007841,True,True
MLCC_C007842,True,True
MLCC_C007844,True,True
MLCC_C007845,True,True
MLCC_C007847,True,True
MLCC_C007848,True,True
MLCC_C007849,True,True
MLCC_C007851,True,True
MLCC_C007852,True,True
MLCC_C007853,True,True
MLCC_C007854,True,True
MLCC_C007855,True,True
MLCC_C007857,True,True
MLCC_C007860,True,True
MLCC_C007861,True,True
MLCC_C007862,True,True
MLCC_C007864,True,True
MLCC_C007865,True,True
MLCC_C007870,True,True
MLCC_C007871,True,True
MLCC_C007873,True,True
MLCC_C007875,True,True
MLCC_C007876,True,True
MLCC_C007877,True,True
MLCC_C007880,True,True
MLCC_C007881,True,True
MLCC_C007882,True,True
MLCC_C007883,True,True
MLCC_C007885,True,True
MLCC_C007886,True,True
MLCC_C007888,True,True
MLCC_C007894,True,True
MLCC_C007895,True,True
MLCC_C007896,True,True
MLCC_C007898,True,True
MLCC_C007899,True,True
MLCC_C007901,True,True
MLCC_C007903,True,True
MLCC_C007904,True,True
MLCC_C007906,True,True
MLCC_C007907,True,True
MLCC_C007908,True,True
MLCC_C007909,True,True
MLCC_C007910,True,True
MLCC_C007912,True,True
MLCC_C007913,True,True
MLCC_C007914,True,True
MLCC_C007919,True,True
MLCC_C007922,True,True
MLCC_C007924,True,True
MLCC_C007926,True,True
MLCC_C007929,True,True
MLCC_C007931,True,True
MLCC_C007932,True,True
MLCC_C007933,True,True
MLCC_C007934,True,True
MLCC_C007935,True,True
MLCC_C007940,True,True
MLCC_C007941,True,True
MLCC_C007942,True,True
MLCC_C007943,True,True
MLCC_C007946,True,True
MLCC_C007948,True,True
MLCC_C007951,True,True
MLCC_C007952,True,True
MLCC_C007953,True,True
MLCC_C007955,True,True
MLCC_C007956,True,True
MLCC_C007957,True,True
MLCC_C007958,True,True
MLCC_C007960,True,True
MLCC_C007961,True,True
MLCC_C007962,True,True
MLCC_C007964,True,True
MLCC_C007968,True,True
MLCC_C007969,True,True
MLCC_C007970,True,True
MLCC_C007971,True,True
MLCC_C007973,True,True
MLCC_C007974,True,True
MLCC_C007976,True,True
MLCC_C007978,True,True
MLCC_C007981,True,True
MLCC_C007982,True,True
MLCC_C007984,True,True
MLCC_C007985,True,True
MLCC_C007986,True,True
MLCC_C007987,True,True
MLCC_C007989,True,True
MLCC_C007990,True,True
MLCC_C007991,True,True
MLCC_C007992,True,True
MLCC_C007993,True,True
MLCC_C007994,True,True
MLCC_C007995,True,True
MLCC_C007998,True,True
MLCC_C007999,True,True
MLCC_C008001,True,True
MLCC_C008002,True,True
MLCC_C008003,True,True
MLCC_C008006,True,True
MLCC_C008008,True,True
MLCC_C008009,True,True
MLCC_C008010,True,True
MLCC_C008013,True,True
MLCC_C008015,True,True
MLCC_C008016,True,True
MLCC_C008018,True,True
MLCC_C008019,True,True
MLCC_C008023,True,True
MLCC_C008024,True,True
MLCC_C008025,True,True
MLCC_C008029,True,True
MLCC_C008031,True,True
MLCC_C008032,True,True
MLCC_C008036,True,True
MLCC_C008038,True,True
MLCC_C008039,True,True
MLCC_C008040,True,True
MLCC_C008041,True,True
MLCC_C008043,True,True
MLCC_C008044,True,True
MLCC_C008045,True,True
MLCC_C008046,True,True
MLCC_C008047,True,True
MLCC_C008048,True,True
MLCC_C008049,True,True
MLCC_C008050,True,True
MLCC_C008051,True,True
MLCC_C008053,True,True
MLCC_C008054,True,True
MLCC_C008055,True,True
MLCC_C008057,True,True
MLCC_C008058,True,True
MLCC_C008059,True,True
MLCC_C008064,True,True
MLCC_C008065,True,True
MLCC_C008066,True,True
MLCC_C008067,True,True
MLCC_C008070,True,True
MLCC_C008072,True,True
MLCC_C008073,True,True
MLCC_C008074,True,True
MLCC_C008075,True,True
MLCC_C008076,True,True
MLCC_C008077,True,True
MLCC_C008081,True,True
MLCC_C008083,True,True
MLCC_C008086,True,True
MLCC_C008091,True,True
MLCC_C008092,True,True
MLCC_C008093,True,True
MLCC_C008095,True,True
MLCC_C008096,True,True
MLCC_C008098,True,True
MLCC_C008100,True,True
MLCC_C008101,True,True
MLCC_C008102,True,True
MLCC_C008103,True,True
MLCC_C008104,True,True
MLCC_C008106,True,True
MLCC_C008107,True,True
MLCC_C008108,True,True
MLCC_C008110,True,True
MLCC_C008111,True,True
MLCC_C008114,True,True
MLCC_C008116,True,True
MLCC_C008117,True,True
MLCC_C008118,True,True
MLCC_C008119,True,True
MLCC_C008120,True,True
MLCC_C008121,True,True
MLCC_C008122,True,True
MLCC_C008123,True,True
MLCC_C008124,True,True
MLCC_C008127,True,True
MLCC_C008129,True,True
MLCC_C008130,True,True
MLCC_C008131,True,True
MLCC_C008133,True,True
MLCC_C008135,True,True
MLCC_C008136,True,True
MLCC_C008137,True,True
MLCC_C008138,True,True
MLCC_C008139,True,True
MLCC_C008140,True,True
MLCC_C008144,True,True
MLCC_C008145,True,True
MLCC_C008149,True,True
MLCC_C008150,True,True
MLCC_C008151,True,True
MLCC_C008152,True,True
MLCC_C008153,True,True
MLCC_C008156,True,True
MLCC_C008157,True,True
MLCC_C008158,True,True
MLCC_C008159,True,True
MLCC_C008161,True,True
MLCC_C008163,True,True
MLCC_C008164,True,True
MLCC_C008166,True,True
MLCC_C008168,True,True
MLCC_C008169,True,True
MLCC_C008171,True,True
MLCC_C008172,True,True
MLCC_C008173,True,True
MLCC_C008174,True,True
MLCC_C008175,True,True
MLCC_C008178,True,True
MLCC_C008180,True,True
MLCC_C008182,True,True
MLCC_C008183,True,True
MLCC_C008184,True,True
MLCC_C008185,True,True
MLCC_C008188,True,True
MLCC_C008189,True,True
MLCC_C008191,True,True
MLCC_C008194,True,True
MLCC_C008196,True,True
MLCC_C008197,True,True
MLCC_C008198,True,True
MLCC_C008200,True,True
MLCC_C008201,True,True
MLCC_C008202,True,True
MLCC_C008203,True,True
MLCC_C008205,True,True
MLCC_C008206,True,True
MLCC_C008208,True,True
MLCC_C008209,True,True
MLCC_C008210,True,True
MLCC_C008211,True,True
MLCC_C008212,True,True
MLCC_C008213,True,True
MLCC_C008214,True,True
MLCC_C008218,True,True
MLCC_C008222,True,True
MLCC_C008223,True,True
MLCC_C008224,True,True
MLCC_C008225,True,True
MLCC_C008226,True,True
MLCC_C008230,True,True
MLCC_C008231,True,True
MLCC_C008232,True,True
MLCC_C008239,True,True
MLCC_C008242,True,True
MLCC_C008244,True,True
MLCC_C008245,True,True
MLCC_C008246,True,True
MLCC_C008248,True,True
MLCC_C008249,True,True
MLCC_C008250,True,True
MLCC_C008252,True,True
MLCC_C008254,True,True
MLCC_C008255,True,True
MLCC_C008256,True,True
MLCC_C008257,True,True
MLCC_C008261,True,True
MLCC_C008264,True,True
MLCC_C008266,True,True
MLCC_C008267,True,True
MLCC_C008269,True,True
MLCC_C008270,True,True
MLCC_C008272,True,True
MLCC_C008273,True,True
MLCC_C008274,True,True
MLCC_C008275,True,True
MLCC_C008277,True,True
MLCC_C008280,True,True
MLCC_C008284,True,True
MLCC_C008285,True,True
MLCC_C008286,True,True
MLCC_C008288,True,True
MLCC_C008290,True,True
MLCC_C008291,True,True
MLCC_C008292,True,True
MLCC_C008299,True,True
MLCC_C008302,True,True
MLCC_C008303,True,True
MLCC_C008304,True,True
MLCC_C008309,True,True
MLCC_C008312,True,True
MLCC_C008313,True,True
MLCC_C008316,True,True
MLCC_C008317,True,True
MLCC_C008318,True,True
MLCC_C008319,True,True
MLCC_C008322,True,True
MLCC_C008324,True,True
MLCC_C008326,True,True
MLCC_C008327,True,True
MLCC_C008328,True,True
MLCC_C008330,True,True
MLCC_C008333,True,True
MLCC_C008334,True,True
MLCC_C008335,True,True
MLCC_C008336,True,True
MLCC_C008338,True,True
MLCC_C008340,True,True
MLCC_C008341,True,True
MLCC_C008343,True,True
MLCC_C008347,True,True
MLCC_C008350,True,True
MLCC_C008351,True,True
MLCC_C008353,True,True
MLCC_C008354,True,True
MLCC_C008355,True,True
MLCC_C008360,True,True
MLCC_C008362,True,True
MLCC_C008363,True,True
MLCC_C008364,True,True
MLCC_C008365,True,True
MLCC_C008367,True,True
MLCC_C008369,True,True
MLCC_C008371,True,True
MLCC_C008372,True,True
MLCC_C008374,True,True
MLCC_C008375,True,True
MLCC_C008376,True,True
MLCC_C008377,True,True
MLCC_C008378,True,True
MLCC_C008379,True,True
MLCC_C008381,True,True
MLCC_C008383,True,True
MLCC_C008384,True,True
MLCC_C008388,True,True
MLCC_C008389,True,True
MLCC_C008390,True,True
MLCC_C008391,True,True
MLCC_C008393,True,True
MLCC_C008396,True,True
MLCC_C008399,True,True
MLCC_C008400,True,True
MLCC_C008401,True,True
MLCC_C008403,True,True
MLCC_C008404,True,True
MLCC_C008407,True,True
MLCC_C008408,True,True
MLCC_C008410,True,True
MLCC_C008411,True,True
MLCC_C008412,True,True
MLCC_C008414,True,True
MLCC_C008415,True,True
MLCC_C008416,True,True
MLCC_C008420,True,True
MLCC_C008421,True,True
MLCC_C008422,True,True
MLCC_C008423,True,True
MLCC_C008424,True,True
MLCC_C008425,True,True
MLCC_C008427,True,True
MLCC_C008429,True,True
MLCC_C008430,True,True
MLCC_C008432,True,True
MLCC_C008433,True,True
MLCC_C008434,True,True
MLCC_C008435,True,True
MLCC_C008436,True,True
MLCC_C008439,True,True
MLCC_C008440,True,True
MLCC_C008444,True,True
MLCC_C008447,True,True
MLCC_C008451,True,True
MLCC_C008452,True,True
MLCC_C008453,True,True
MLCC_C008455,True,True
MLCC_C008456,True,True
MLCC_C008458,True,True
MLCC_C008461,True,True
MLCC_C008464,True,True
MLCC_C008465,True,True
MLCC_C008468,True,True
MLCC_C008469,True,True
MLCC_C008472,True,True
MLCC_C008475,True,True
MLCC_C008476,True,True
MLCC_C008478,True,True
MLCC_C008479,True,True
MLCC_C008480,True,True
MLCC_C008481,True,True
MLCC_C008482,True,True
MLCC_C008483,True,True
MLCC_C008485,True,True
MLCC_C008487,True,True
MLCC_C008488,True,True
MLCC_C008489,True,True
MLCC_C008490,True,True
MLCC_C008493,True,True
MLCC_C008494,True,True
MLCC_C008495,True,True
MLCC_C008496,True,True
MLCC_C008497,True,True
MLCC_C008498,True,True
MLCC_C008499,True,True
MLCC_C008500,True,True
MLCC_C008501,True,True
MLCC_C008506,True,True
MLCC_C008509,True,True
MLCC_C008510,True,True
MLCC_C008511,True,True
MLCC_C008512,True,True
MLCC_C008514,True,True
MLCC_C008515,True,True
MLCC_C008516,True,True
MLCC_C008517,True,True
MLCC_C008519,True,True
MLCC_C008524,True,True
MLCC_C008526,True,True
MLCC_C008527,True,True
MLCC_C008529,True,True
MLCC_C008530,True,True
MLCC_C008531,True,True
MLCC_C008532,True,True
MLCC_C008533,True,True
MLCC_C008535,True,True
MLCC_C008536,True,True
MLCC_C008538,True,True
MLCC_C008539,True,True
MLCC_C008540,True,True
MLCC_C008542,True,True
MLCC_C008543,True,True
MLCC_C008544,True,True
MLCC_C008545,True,True
MLCC_C008546,True,True
MLCC_C008547,True,True
MLCC_C008551,True,True
MLCC_C008552,True,True
MLCC_C008553,True,True
MLCC_C008554,True,True
MLCC_C008555,True,True
MLCC_C008556,True,True
MLCC_C008557,True,True
MLCC_C008558,True,True
MLCC_C008560,True,True
MLCC_C008563,True,True
MLCC_C008565,True,True
MLCC_C008566,True,True
MLCC_C008567,True,True
MLCC_C008568,True,True
MLCC_C008569,True,True
MLCC_C008571,True,True
MLCC_C008573,True,True
MLCC_C008575,True,True
MLCC_C008576,True,True
MLCC_C008578,True,True
MLCC_C008579,True,True
MLCC_C008581,True,True
MLCC_C008582,True,True
MLCC_C008583,True,True
MLCC_C008584,True,True
MLCC_C008590,True,True
MLCC_C008592,True,True
MLCC_C008593,True,True
MLCC_C008595,True,True
MLCC_C008596,True,True
MLCC_C008597,True,True
MLCC_C008598,True,True
MLCC_C008599,True,True
MLCC_C008600,True,True
MLCC_C008601,True,True
MLCC_C008602,True,True
MLCC_C008603,True,True
MLCC_C008606,True,True
MLCC_C008607,True,True
MLCC_C008608,True,True
MLCC_C008611,True,True
MLCC_C008615,True,True
MLCC_C008616,True,True
MLCC_C008617,True,True
MLCC_C008621,True,True
MLCC_C008622,True,True
MLCC_C008624,True,True
MLCC_C008625,True,True
MLCC_C008626,True,True
MLCC_C008628,True,True
MLCC_C008629,True,True
MLCC_C008630,True,True
MLCC_C008634,True,True
MLCC_C008636,True,True
MLCC_C008637,True,True
MLCC_C008638,True,True
MLCC_C008641,True,True
MLCC_C008643,True,True
MLCC_C008645,True,True
MLCC_C008646,True,True
MLCC_C008647,True,True
MLCC_C008648,True,True
MLCC_C008651,True,True
MLCC_C008653,True,True
MLCC_C008654,True,True
MLCC_C008657,True,True
MLCC_C008659,True,True
MLCC_C008661,True,True
MLCC_C008662,True,True
MLCC_C008663,True,True
MLCC_C008665,True,True
MLCC_C008668,True,True
MLCC_C008669,True,True
MLCC_C008673,True,True
MLCC_C008674,True,True
MLCC_C008675,True,True
MLCC_C008677,True,True
MLCC_C008678,True,True
MLCC_C008680,True,True
MLCC_C008681,True,True
MLCC_C008686,True,True
MLCC_C008687,True,True
MLCC_C008688,True,True
MLCC_C008690,True,True
MLCC_C008691,True,True
MLCC_C008692,True,True
MLCC_C008693,True,True
MLCC_C008694,True,True
MLCC_C008695,True,True
MLCC_C008696,True,True
MLCC_C008697,True,True
MLCC_C008699,True,True
MLCC_C008700,True,True
MLCC_C008702,True,True
MLCC_C008704,True,True
MLCC_C008709,True,True
MLCC_C008712,True,True
MLCC_C008715,True,True
MLCC_C008716,True,True
MLCC_C008717,True,True
MLCC_C008718,True,True
MLCC_C008720,True,True
MLCC_C008721,True,True
MLCC_C008722,True,True
MLCC_C008724,True,True
MLCC_C008725,True,True
MLCC_C008726,True,True
MLCC_C008727,True,True
MLCC_C008728,True,True
MLCC_C008729,True,True
MLCC_C008730,True,True
MLCC_C008731,True,True
MLCC_C008732,True,True
MLCC_C008733,True,True
MLCC_C008734,True,True
MLCC_C008737,True,True
MLCC_C008738,True,True
MLCC_C008741,True,True
MLCC_C008743,True,True
MLCC_C008745,True,True
MLCC_C008749,True,True
MLCC_C008750,True,True
MLCC_C008752,True,True
MLCC_C008757,True,True
MLCC_C008759,True,True
MLCC_C008762,True,True
MLCC_C008763,True,True
MLCC_C008765,True,True
MLCC_C008767,True,True
MLCC_C008768,True,True
MLCC_C008770,True,True
MLCC_C008771,True,True
MLCC_C008773,True,True
MLCC_C008774,True,True
MLCC_C008776,True,True
MLCC_C008778,True,True
MLCC_C008779,True,True
MLCC_C008782,True,True
MLCC_C008784,True,True
MLCC_C008785,True,True
MLCC_C008786,True,True
MLCC_C008789,True,True
MLCC_C008790,True,True
MLCC_C008792,True,True
MLCC_C008795,True,True
MLCC_C008796,True,True
MLCC_C008797,True,True
MLCC_C008798,True,True
MLCC_C008799,True,True
MLCC_C008802,True,True
MLCC_C008804,True,True
MLCC_C008805,True,True
MLCC_C008807,True,True
MLCC_C008808,True,True
MLCC_C008810,True,True
MLCC_C008811,True,True
MLCC_C008815,True,True
MLCC_C008817,True,True
MLCC_C008819,True,True
MLCC_C008821,True,True
MLCC_C008822,True,True
MLCC_C008824,True,True
MLCC_C008825,True,True
MLCC_C008826,True,True
MLCC_C008830,True,True
MLCC_C008831,True,True
MLCC_C008832,True,True
MLCC_C008833,True,True
MLCC_C008834,True,True
MLCC_C008835,True,True
MLCC_C008836,True,True
MLCC_C008837,True,True
MLCC_C008838,True,True
MLCC_C008839,True,True
MLCC_C008840,True,True
MLCC_C008841,True,True
MLCC_C008842,True,True
MLCC_C008843,True,True
MLCC_C008847,True,True
MLCC_C008848,True,True
MLCC_C008849,True,True
MLCC_C008855,True,True
MLCC_C008857,True,True
MLCC_C008858,True,True
MLCC_C008859,True,True
MLCC_C008862,True,True
MLCC_C008863,True,True
MLCC_C008864,True,True
MLCC_C008865,True,True
MLCC_C008866,True,True
MLCC_C008867,True,True
MLCC_C008871,True,True
MLCC_C008872,True,True
MLCC_C008874,True,True
MLCC_C008877,True,True
MLCC_C008879,True,True
MLCC_C008880,True,True
MLCC_C008883,True,True
MLCC_C008884,True,True
MLCC_C008886,True,True
MLCC_C008888,True,True
MLCC_C008889,True,True
MLCC_C008890,True,True
MLCC_C008891,True,True
MLCC_C008894,True,True
MLCC_C008895,True,True
MLCC_C008897,True,True
MLCC_C008898,True,True
MLCC_C008899,True,True
MLCC_C008900,True,True
MLCC_C008902,True,True
MLCC_C008903,True,True
MLCC_C008904,True,True
MLCC_C008906,True,True
MLCC_C008907,True,True
MLCC_C008908,True,True
MLCC_C008909,True,True
MLCC_C008910,True,True
MLCC_C008911,True,True
MLCC_C008917,True,True
MLCC_C008920,True,True
MLCC_C008921,True,True
MLCC_C008923,True,True
MLCC_C008924,True,True
MLCC_C008925,True,True
MLCC_C008926,True,True
MLCC_C008927,True,True
MLCC_C008929,True,True
MLCC_C008932,True,True
MLCC_C008933,True,True
MLCC_C008934,True,True
MLCC_C008936,True,True
MLCC_C008937,True,True
MLCC_C008939,True,True
MLCC_C008941,True,True
MLCC_C008942,True,True
MLCC_C008944,True,True
MLCC_C008947,True,True
MLCC_C008948,True,True
MLCC_C008949,True,True
MLCC_C008950,True,True
MLCC_C008951,True,True
MLCC_C008955,True,True
MLCC_C008959,True,True
MLCC_C008960,True,True
MLCC_C008961,True,True
MLCC_C008963,True,True
MLCC_C008964,True,True
MLCC_C008965,True,True
MLCC_C008966,True,True
MLCC_C008968,True,True
MLCC_C008969,True,True
MLCC_C008970,True,True
MLCC_C008971,True,True
MLCC_C008972,True,True
MLCC_C008976,True,True
MLCC_C008977,True,True
MLCC_C008979,True,True
MLCC_C008980,True,True
MLCC_C008983,True,True
MLCC_C008984,True,True
MLCC_C008985,True,True
MLCC_C008986,True,True
MLCC_C008989,True,True
MLCC_C008991,True,True
MLCC_C008994,True,True
MLCC_C008996,True,True
MLCC_C008997,True,True
MLCC_C008998,True,True
MLCC_C009000,True,True
MLCC_C009001,True,True
MLCC_C009003,True,True
MLCC_C009004,True,True
MLCC_C009006,True,True
MLCC_C009007,True,True
MLCC_C009009,True,True
MLCC_C009010,True,True
MLCC_C009011,True,True
MLCC_C009012,True,True
MLCC_C009013,True,True
MLCC_C009014,True,True
MLCC_C009015,True,True
MLCC_C009017,True,True
MLCC_C009018,True,True
MLCC_C009020,True,True
MLCC_C009022,True,True
MLCC_C009023,True,True
MLCC_C009024,True,True
MLCC_C009026,True,True
MLCC_C009027,True,True
MLCC_C009029,True,True
MLCC_C009030,True,True
MLCC_C009033,True,True
MLCC_C009034,True,True
MLCC_C009035,True,True
MLCC_C009036,True,True
MLCC_C009037,True,True
MLCC_C009038,True,True
MLCC_C009041,True,True
MLCC_C009042,True,True
MLCC_C009043,True,True
MLCC_C009045,True,True
MLCC_C009048,True,True
MLCC_C009050,True,True
MLCC_C009054,True,True
MLCC_C009055,True,True
MLCC_C009057,True,True
MLCC_C009059,True,True
MLCC_C009060,True,True
MLCC_C009062,True,True
MLCC_C009065,True,True
MLCC_C009066,True,True
MLCC_C009067,True,True
MLCC_C009069,True,True
MLCC_C009071,True,True
MLCC_C009072,True,True
MLCC_C009074,True,True
MLCC_C009075,True,True
MLCC_C009078,True,True
MLCC_C009079,True,True
MLCC_C009082,True,True
MLCC_C009083,True,True
MLCC_C009084,True,True
MLCC_C009085,True,True
MLCC_C009087,True,True
MLCC_C009088,True,True
MLCC_C009090,True,True
MLCC_C009091,True,True
MLCC_C009092,True,True
MLCC_C009093,True,True
MLCC_C009094,True,True
MLCC_C009095,True,True
MLCC_C009097,True,True
MLCC_C009098,True,True
MLCC_C009099,True,True
MLCC_C009100,True,True
MLCC_C009102,True,True
MLCC_C009103,True,True
MLCC_C009105,True,True
MLCC_C009109,True,True
MLCC_C009111,True,True
MLCC_C009113,True,True
MLCC_C009114,True,True
MLCC_C009116,True,True
MLCC_C009117,True,True
MLCC_C009118,True,True
MLCC_C009119,True,True
MLCC_C009120,True,True
MLCC_C009121,True,True
MLCC_C009123,True,True
MLCC_C009124,True,True
MLCC_C009125,True,True
MLCC_C009126,True,True
MLCC_C009128,True,True
MLCC_C009130,True,True
MLCC_C009131,True,True
MLCC_C009133,True,True
MLCC_C009135,True,True
MLCC_C009136,True,True
MLCC_C009137,True,True
MLCC_C009138,True,True
MLCC_C009139,True,True
MLCC_C009140,True,True
MLCC_C009142,True,True
MLCC_C009143,True,True
MLCC_C009144,True,True
MLCC_C009145,True,True
MLCC_C009150,True,True
MLCC_C009152,True,True
MLCC_C009155,True,True
MLCC_C009156,True,True
MLCC_C009157,True,True
MLCC_C009160,True,True
MLCC_C009161,True,True
MLCC_C009167,True,True
MLCC_C009168,True,True
MLCC_C009172,True,True
MLCC_C009173,True,True
MLCC_C009175,True,True
MLCC_C009178,True,True
MLCC_C009179,True,True
MLCC_C009180,True,True
MLCC_C009181,True,True
MLCC_C009183,True,True
MLCC_C009184,True,True
MLCC_C009187,True,True
MLCC_C009188,True,True
MLCC_C009189,True,True
MLCC_C009194,True,True
MLCC_C009196,True,True
MLCC_C009199,True,True
MLCC_C009200,True,True
MLCC_C009201,True,True
MLCC_C009204,True,True
MLCC_C009205,True,True
MLCC_C009206,True,True
MLCC_C009207,True,True
MLCC_C009209,True,True
MLCC_C009210,True,True
MLCC_C009212,True,True
MLCC_C009213,True,True
MLCC_C009215,True,True
MLCC_C009216,True,True
MLCC_C009218,True,True
MLCC_C009219,True,True
MLCC_C009220,True,True
MLCC_C009221,True,True
MLCC_C009222,True,True
MLCC_C009226,True,True
MLCC_C009228,True,True
MLCC_C009229,True,True
MLCC_C009231,True,True
MLCC_C009232,True,True
MLCC_C009233,True,True
MLCC_C009236,True,True
MLCC_C009239,True,True
MLCC_C009240,True,True
MLCC_C009241,True,True
MLCC_C009243,True,True
MLCC_C009248,True,True
MLCC_C009250,True,True
MLCC_C009251,True,True
MLCC_C009252,True,True
MLCC_C009253,True,True
MLCC_C009254,True,True
MLCC_C009255,True,True
MLCC_C009256,True,True
MLCC_C009257,True,True
MLCC_C009258,True,True
MLCC_C009260,True,True
MLCC_C009261,True,True
MLCC_C009263,True,True
MLCC_C009265,True,True
MLCC_C009267,True,True
MLCC_C009270,True,True
MLCC_C009271,True,True
MLCC_C009273,True,True
MLCC_C009274,True,True
MLCC_C009275,True,True
MLCC_C009276,True,True
MLCC_C009277,True,True
MLCC_C009279,True,True
MLCC_C009280,True,True
MLCC_C009281,True,True
MLCC_C009283,True,True
MLCC_C009284,True,True
MLCC_C009287,True,True
MLCC_C009288,True,True
MLCC_C009289,True,True
MLCC_C009290,True,True
MLCC_C009294,True,True
MLCC_C009296,True,True
MLCC_C009297,True,True
MLCC_C009299,True,True
MLCC_C009300,True,True
MLCC_C009302,True,True
MLCC_C009303,True,True
MLCC_C009306,True,True
MLCC_C009307,True,True
MLCC_C009309,True,True
MLCC_C009310,True,True
MLCC_C009311,True,True
MLCC_C009314,True,True
MLCC_C009315,True,True
MLCC_C009317,True,True
MLCC_C009320,True,True
MLCC_C009321,True,True
MLCC_C009324,True,True
MLCC_C009326,True,True
MLCC_C009331,True,True
MLCC_C009332,True,True
MLCC_C009333,True,True
MLCC_C009334,True,True
MLCC_C009337,True,True
MLCC_C009338,True,True
MLCC_C009339,True,True
MLCC_C009342,True,True
MLCC_C009344,True,True
MLCC_C009347,True,True
MLCC_C009348,True,True
MLCC_C009351,True,True
MLCC_C009353,True,True
MLCC_C009356,True,True
MLCC_C009361,True,True
MLCC_C009362,True,True
MLCC_C009365,True,True
MLCC_C009366,True,True
MLCC_C009368,True,True
MLCC_C009369,True,True
MLCC_C009370,True,True
MLCC_C009374,True,True
MLCC_C009375,True,True
MLCC_C009376,True,True
MLCC_C009377,True,True
MLCC_C009379,True,True
MLCC_C009380,True,True
MLCC_C009381,True,True
MLCC_C009382,True,True
MLCC_C009383,True,True
MLCC_C009388,True,True
MLCC_C009390,True,True
MLCC_C009392,True,True
MLCC_C009396,True,True
MLCC_C009399,True,True
MLCC_C009400,True,True
MLCC_C009402,True,True
MLCC_C009403,True,True
MLCC_C009404,True,True
MLCC_C009405,True,True
MLCC_C009409,True,True
MLCC_C009410,True,True
MLCC_C009411,True,True
MLCC_C009414,True,True
MLCC_C009415,True,True
MLCC_C009416,True,True
MLCC_C009417,True,True
MLCC_C009419,True,True
MLCC_C009420,True,True
MLCC_C009422,True,True
MLCC_C009423,True,True
MLCC_C009424,True,True
MLCC_C009426,True,True
MLCC_C009427,True,True
MLCC_C009428,True,True
MLCC_C009429,True,True
MLCC_C009430,True,True
MLCC_C009431,True,True
MLCC_C009434,True,True
MLCC_C009435,True,True
MLCC_C009436,True,True
MLCC_C009437,True,True
MLCC_C009438,True,True
MLCC_C009443,True,True
MLCC_C009445,True,True
MLCC_C009446,True,True
MLCC_C009448,True,True
MLCC_C009450,True,True
MLCC_C009452,True,True
MLCC_C009453,True,True
MLCC_C009454,True,True
MLCC_C009456,True,True
MLCC_C009458,True,True
MLCC_C009460,True,True
MLCC_C009462,True,True
MLCC_C009465,True,True
MLCC_C009466,True,True
MLCC_C009467,True,True
MLCC_C009469,True,True
MLCC_C009470,True,True
MLCC_C009471,True,True
MLCC_C009473,True,True
MLCC_C009474,True,True
MLCC_C009476,True,True
MLCC_C009477,True,True
MLCC_C009479,True,True
MLCC_C009480,True,True
MLCC_C009481,True,True
MLCC_C009482,True,True
MLCC_C009483,True,True
MLCC_C009484,True,True
MLCC_C009485,True,True
MLCC_C009487,True,True
MLCC_C009489,True,True
MLCC_C009493,True,True
MLCC_C009494,True,True
MLCC_C009495,True,True
MLCC_C009496,True,True
MLCC_C009498,True,True
MLCC_C009499,True,True
MLCC_C009500,True,True
MLCC_C009502,True,True
MLCC_C009503,True,True
MLCC_C009505,True,True
MLCC_C009507,True,True
MLCC_C009508,True,True
MLCC_C009510,True,True
MLCC_C009512,True,True
MLCC_C009513,True,True
MLCC_C009514,True,True
MLCC_C009515,True,True
MLCC_C009516,True,True
MLCC_C009517,True,True
MLCC_C009518,True,True
MLCC_C009523,True,True
MLCC_C009524,True,True
MLCC_C009525,True,True
MLCC_C009526,True,True
MLCC_C009527,True,True
MLCC_C009530,True,True
MLCC_C009531,True,True
MLCC_C009532,True,True
MLCC_C009533,True,True
MLCC_C009535,True,True
MLCC_C009536,True,True
MLCC_C009537,True,True
MLCC_C009539,True,True
MLCC_C009540,True,True
MLCC_C009541,True,True
MLCC_C009542,True,True
MLCC_C009543,True,True
MLCC_C009544,True,True
MLCC_C009546,True,True
MLCC_C009548,True,True
MLCC_C009549,True,True
MLCC_C009550,True,True
MLCC_C009552,True,True
MLCC_C009553,True,True
MLCC_C009556,True,True
MLCC_C009558,True,True
MLCC_C009559,True,True
MLCC_C009560,True,True
MLCC_C009561,True,True
MLCC_C009562,True,True
MLCC_C009563,True,True
MLCC_C009568,True,True
MLCC_C009569,True,True
MLCC_C009570,True,True
MLCC_C009571,True,True
MLCC_C009572,True,True
MLCC_C009573,True,True
MLCC_C009575,True,True
MLCC_C009576,True,True
MLCC_C009578,True,True
MLCC_C009580,True,True
MLCC_C009581,True,True
MLCC_C009582,True,True
MLCC_C009583,True,True
MLCC_C009584,True,True
MLCC_C009587,True,True
MLCC_C009588,True,True
MLCC_C009590,True,True
MLCC_C009591,True,True
MLCC_C009594,True,True
MLCC_C009596,True,True
MLCC_C009598,True,True
MLCC_C009599,True,True
MLCC_C009600,True,True
MLCC_C009601,True,True
MLCC_C009603,True,True
MLCC_C009604,True,True
MLCC_C009605,True,True
MLCC_C009606,True,True
MLCC_C009607,True,True
MLCC_C009608,True,True
MLCC_C009609,True,True
MLCC_C009610,True,True
MLCC_C009612,True,True
MLCC_C009613,True,True
MLCC_C009615,True,True
MLCC_C009616,True,True
MLCC_C009617,True,True
MLCC_C009619,True,True
MLCC_C009621,True,True
MLCC_C009625,True,True
MLCC_C009628,True,True
MLCC_C009630,True,True
MLCC_C009631,True,True
MLCC_C009632,True,True
MLCC_C009633,True,True
MLCC_C009635,True,True
MLCC_C009636,True,True
MLCC_C009637,True,True
MLCC_C009638,True,True
MLCC_C009640,True,True
MLCC_C009641,True,True
MLCC_C009642,True,True
MLCC_C009643,True,True
MLCC_C009645,True,True
MLCC_C009648,True,True
MLCC_C009649,True,True
MLCC_C009650,True,True
MLCC_C009652,True,True
MLCC_C009654,True,True
MLCC_C009656,True,True
MLCC_C009658,True,True
MLCC_C009660,True,True
MLCC_C009662,True,True
MLCC_C009664,True,True
MLCC_C009665,True,True
MLCC_C009666,True,True
MLCC_C009667,True,True
MLCC_C009669,True,True
MLCC_C009670,True,True
MLCC_C009672,True,True
MLCC_C009675,True,True
MLCC_C009676,True,True
MLCC_C009677,True,True
MLCC_C009678,True,True
MLCC_C009679,True,True
MLCC_C009680,True,True
MLCC_C009681,True,True
MLCC_C009682,True,True
MLCC_C009683,True,True
MLCC_C009684,True,True
MLCC_C009685,True,True
MLCC_C009686,True,True
MLCC_C009687,True,True
MLCC_C009689,True,True
MLCC_C009693,True,True
MLCC_C009696,True,True
MLCC_C009698,True,True
MLCC_C009699,True,True
MLCC_C009702,True,True
MLCC_C009703,True,True
MLCC_C009704,True,True
MLCC_C009705,True,True
MLCC_C009707,True,True
MLCC_C009708,True,True
MLCC_C009711,True,True
MLCC_C009712,True,True
MLCC_C009714,True,True
MLCC_C009715,True,True
MLCC_C009718,True,True
MLCC_C009719,True,True
MLCC_C009720,True,True
MLCC_C009721,True,True
MLCC_C009722,True,True
MLCC_C009724,True,True
MLCC_C009725,True,True
MLCC_C009727,True,True
MLCC_C009729,True,True
MLCC_C009730,True,True
MLCC_C009732,True,True
MLCC_C009733,True,True
MLCC_C009734,True,True
MLCC_C009736,True,True
MLCC_C009739,True,True
MLCC_C009740,True,True
MLCC_C009741,True,True
MLCC_C009742,True,True
MLCC_C009743,True,True
MLCC_C009744,True,True
MLCC_C009747,True,True
MLCC_C009748,True,True
MLCC_C009750,True,True
MLCC_C009754,True,True
MLCC_C009756,True,True
MLCC_C009757,True,True
MLCC_C009758,True,True
MLCC_C009760,True,True
MLCC_C009761,True,True
MLCC_C009762,True,True
MLCC_C009765,True,True
MLCC_C009766,True,True
MLCC_C009767,True,True
MLCC_C009768,True,True
MLCC_C009771,True,True
MLCC_C009773,True,True
MLCC_C009774,True,True
MLCC_C009775,True,True
MLCC_C009776,True,True
MLCC_C009777,True,True
MLCC_C009778,True,True
MLCC_C009780,True,True
MLCC_C009784,True,True
MLCC_C009786,True,True
MLCC_C009788,True,True
MLCC_C009789,True,True
MLCC_C009791,True,True
MLCC_C009792,True,True
MLCC_C009795,True,True
MLCC_C009796,True,True
MLCC_C009797,True,True
MLCC_C009798,True,True
MLCC_C009799,True,True
MLCC_C009800,True,True
MLCC_C009801,True,True
MLCC_C009804,True,True
MLCC_C009805,True,True
MLCC_C009806,True,True
MLCC_C009808,True,True
MLCC_C009809,True,True
MLCC_C009813,True,True
MLCC_C009816,True,True
MLCC_C009820,True,True
MLCC_C009821,True,True
MLCC_C009822,True,True
MLCC_C009823,True,True
MLCC_C009826,True,True
MLCC_C009828,True,True
MLCC_C009830,True,True
MLCC_C009831,True,True
MLCC_C009834,True,True
MLCC_C009835,True,True
MLCC_C009836,True,True
MLCC_C009837,True,True
MLCC_C009838,True,True
MLCC_C009839,True,True
MLCC_C009840,True,True
MLCC_C009844,True,True
MLCC_C009845,True,True
MLCC_C009847,True,True
MLCC_C009848,True,True
MLCC_C009853,True,True
MLCC_C009854,True,True
MLCC_C009855,True,True
MLCC_C009856,True,True
MLCC_C009859,True,True
MLCC_C009860,True,True
MLCC_C009861,True,True
MLCC_C009863,True,True
MLCC_C009864,True,True
MLCC_C009865,True,True
MLCC_C009866,True,True
MLCC_C009869,True,True
MLCC_C009870,True,True
MLCC_C009871,True,True
MLCC_C009872,True,True
MLCC_C009877,True,True
MLCC_C009878,True,True
MLCC_C009880,True,True
MLCC_C009883,True,True
MLCC_C009887,True,True
MLCC_C009888,True,True
MLCC_C009889,True,True
MLCC_C009895,True,True
MLCC_C009897,True,True
MLCC_C009898,True,True
MLCC_C009903,True,True
MLCC_C009904,True,True
MLCC_C009905,True,True
MLCC_C009908,True,True
MLCC_C009910,True,True
MLCC_C009911,True,True
MLCC_C009912,True,True
MLCC_C009915,True,True
MLCC_C009917,True,True
MLCC_C009919,True,True
MLCC_C009920,True,True
MLCC_C009923,True,True
MLCC_C009924,True,True
MLCC_C009925,True,True
MLCC_C009926,True,True
MLCC_C009927,True,True
MLCC_C009929,True,True
MLCC_C009930,True,True
MLCC_C009932,True,True
MLCC_C009933,True,True
MLCC_C009934,True,True
MLCC_C009935,True,True
MLCC_C009937,True,True
MLCC_C009940,True,True
MLCC_C009944,True,True
MLCC_C009945,True,True
MLCC_C009946,True,True
MLCC_C009947,True,True
MLCC_C009949,True,True
MLCC_C009950,True,True
MLCC_C009953,True,True
MLCC_C009957,True,True
MLCC_C009958,True,True
MLCC_C009959,True,True
MLCC_C009960,True,True
MLCC_C009961,True,True
MLCC_C009963,True,True
MLCC_C009964,True,True
MLCC_C009966,True,True
MLCC_C009967,True,True
MLCC_C009968,True,True
MLCC_C009970,True,True
MLCC_C009973,True,True
MLCC_C009974,True,True
MLCC_C009975,True,True
MLCC_C009976,True,True
MLCC_C009978,True,True
MLCC_C009979,True,True
MLCC_C009981,True,True
MLCC_C009982,True,True
MLCC_C009984,True,True
MLCC_C009985,True,True
MLCC_C009987,True,True
MLCC_C009989,True,True
MLCC_C009990,True,True
MLCC_C009991,True,True
MLCC_C009992,True,True
MLCC_C009994,True,True
MLCC_C009995,True,True
MLCC_C009996,True,True
MLCC_C009998,True,True
MLCC_C009999,True,True
MLCC_C010000,True,True
MLCC_C010002,True,True
MLCC_C010003,True,True
MLCC_C010004,True,True
MLCC_C010005,True,True
MLCC_C010006,True,True
MLCC_C010007,True,True
MLCC_C010010,True,True
MLCC_C010011,True,True
MLCC_C010012,True,True
MLCC_C010013,True,True
MLCC_C010015,True,True
MLCC_C010016,True,True
MLCC_C010018,True,True
MLCC_C010019,True,True
MLCC_C010020,True,True
MLCC_C010023,True,True
MLCC_C010024,True,True
MLCC_C010026,True,True
MLCC_C010027,True,True
MLCC_C010028,True,True
MLCC_C010029,True,True
MLCC_C010031,True,True
MLCC_C010032,True,True
MLCC_C010033,True,True
MLCC_C010034,True,True
MLCC_C010038,True,True
MLCC_C010040,True,True
MLCC_C010042,True,True
MLCC_C010043,True,True
MLCC_C010044,True,True
MLCC_C010045,True,True
MLCC_C010048,True,True
MLCC_C010049,True,True
MLCC_C010050,True,True
MLCC_C010051,True,True
MLCC_C010052,True,True
MLCC_C010054,True,True
MLCC_C010055,True,True
MLCC_C010056,True,True
MLCC_C010058,True,True
MLCC_C010059,True,True
MLCC_C010060,True,True
MLCC_C010061,True,True
MLCC_C010065,True,True
MLCC_C010068,True,True
MLCC_C010069,True,True
MLCC_C010070,True,True
MLCC_C010073,True,True
MLCC_C010074,True,True
MLCC_C010075,True,True
MLCC_C010078,True,True
MLCC_C010079,True,True
MLCC_C010081,True,True
MLCC_C010084,True,True
MLCC_C010085,True,True
MLCC_C010087,True,True
MLCC_C010088,True,True
MLCC_C010089,True,True
MLCC_C010090,True,True
MLCC_C010092,True,True
MLCC_C010095,True,True
MLCC_C010097,True,True
MLCC_C010098,True,True
MLCC_C010099,True,True
MLCC_C010101,True,True
MLCC_C010102,True,True
MLCC_C010103,True,True
MLCC_C010105,True,True
MLCC_C010107,True,True
MLCC_C010108,True,True
MLCC_C010110,True,True
MLCC_C010112,True,True
MLCC_C010114,True,True
MLCC_C010116,True,True
MLCC_C010117,True,True
MLCC_C010118,True,True
MLCC_C010119,True,True
MLCC_C010121,True,True
MLCC_C010122,True,True
MLCC_C010124,True,True
MLCC_C010126,True,True
MLCC_C010127,True,True
MLCC_C010128,True,True
MLCC_C010131,True,True
MLCC_C010134,True,True
MLCC_C010135,True,True
MLCC_C010136,True,True
MLCC_C010139,True,True
MLCC_C010140,True,True
MLCC_C010141,True,True
MLCC_C010143,True,True
MLCC_C010144,True,True
MLCC_C010145,True,True
MLCC_C010146,True,True
MLCC_C010147,True,True
MLCC_C010149,True,True
MLCC_C010151,True,True
MLCC_C010154,True,True
MLCC_C010155,True,True
MLCC_C010156,True,True
MLCC_C010158,True,True
MLCC_C010159,True,True
MLCC_C010162,True,True
MLCC_C010164,True,True
MLCC_C010165,True,True
MLCC_C010166,True,True
MLCC_C010167,True,True
MLCC_C010168,True,True
MLCC_C010170,True,True
MLCC_C010171,True,True
MLCC_C010172,True,True
MLCC_C010173,True,True
MLCC_C010175,True,True
MLCC_C010176,True,True
MLCC_C010177,True,True
MLCC_C010179,True,True
MLCC_C010183,True,True
MLCC_C010185,True,True
MLCC_C010188,True,True
MLCC_C010189,True,True
MLCC_C010191,True,True
MLCC_C010194,True,True
MLCC_C010196,True,True
MLCC_C010197,True,True
MLCC_C010199,True,True
MLCC_C010200,True,True
MLCC_C010201,True,True
MLCC_C010202,True,True
MLCC_C010208,True,True
MLCC_C010209,True,True
MLCC_C010211,True,True
MLCC_C010212,True,True
MLCC_C010214,True,True
MLCC_C010215,True,True
MLCC_C010216,True,True
MLCC_C010218,True,True
MLCC_C010219,True,True
MLCC_C010220,True,True
MLCC_C010223,True,True
MLCC_C010225,True,True
MLCC_C010227,True,True
MLCC_C010232,True,True
MLCC_C010233,True,True
MLCC_C010236,True,True
MLCC_C010237,True,True
MLCC_C010239,True,True
MLCC_C010240,True,True
MLCC_C010241,True,True
MLCC_C010242,True,True
MLCC_C010245,True,True
MLCC_C010249,True,True
MLCC_C010252,True,True
MLCC_C010253,True,True
MLCC_C010254,True,True
MLCC_C010256,True,True
MLCC_C010259,True,True
MLCC_C010261,True,True
MLCC_C010262,True,True
MLCC_C010264,True,True
MLCC_C010265,True,True
MLCC_C010267,True,True
MLCC_C010269,True,True
MLCC_C010273,True,True
MLCC_C010275,True,True
MLCC_C010276,True,True
MLCC_C010278,True,True
MLCC_C010279,True,True
MLCC_C010280,True,True
MLCC_C010281,True,True
MLCC_C010282,True,True
MLCC_C010286,True,True
MLCC_C010287,True,True
MLCC_C010288,True,True
MLCC_C010289,True,True
MLCC_C010290,True,True
MLCC_C010294,True,True
MLCC_C010295,True,True
MLCC_C010296,True,True
MLCC_C010298,True,True
MLCC_C010300,True,True
MLCC_C010301,True,True
MLCC_C010302,True,True
MLCC_C010305,True,True
MLCC_C010306,True,True
MLCC_C010308,True,True
MLCC_C010309,True,True
MLCC_C010310,True,True
MLCC_C010311,True,True
MLCC_C010312,True,True
MLCC_C010313,True,True
MLCC_C010314,True,True
MLCC_C010316,True,True
MLCC_C010317,True,True
MLCC_C010321,True,True
MLCC_C010325,True,True
MLCC_C010326,True,True
MLCC_C010327,True,True
MLCC_C010328,True,True
MLCC_C010331,True,True
MLCC_C010332,True,True
MLCC_C010333,True,True
MLCC_C010335,True,True
MLCC_C010336,True,True
MLCC_C010339,True,True
MLCC_C010341,True,True
MLCC_C010342,True,True
MLCC_C010343,True,True
MLCC_C010344,True,True
MLCC_C010345,True,True
MLCC_C010346,True,True
MLCC_C010348,True,True
MLCC_C010349,True,True
MLCC_C010350,True,True
MLCC_C010351,True,True
MLCC_C010354,True,True
MLCC_C010358,True,True
MLCC_C010360,True,True
MLCC_C010361,True,True
MLCC_C010365,True,True
MLCC_C010366,True,True
MLCC_C010367,True,True
MLCC_C010370,True,True
MLCC_C010371,True,True
MLCC_C010373,True,True
MLCC_C010375,True,True
MLCC_C010376,True,True
MLCC_C010378,True,True
MLCC_C010379,True,True
MLCC_C010380,True,True
MLCC_C010382,True,True
MLCC_C010384,True,True
MLCC_C010386,True,True
MLCC_C010389,True,True
MLCC_C010391,True,True
MLCC_C010392,True,True
MLCC_C010393,True,True
MLCC_C010396,True,True
MLCC_C010397,True,True
MLCC_C010401,True,True
MLCC_C010402,True,True
MLCC_C010404,True,True
MLCC_C010406,True,True
MLCC_C010408,True,True
MLCC_C010409,True,True
MLCC_C010411,True,True
MLCC_C010415,True,True
MLCC_C010417,True,True
MLCC_C010418,True,True
MLCC_C010421,True,True
MLCC_C010423,True,True
MLCC_C010425,True,True
MLCC_C010426,True,True
MLCC_C010427,True,True
MLCC_C010429,True,True
MLCC_C010431,True,True
MLCC_C010434,True,True
MLCC_C010435,True,True
MLCC_C010436,True,True
MLCC_C010437,True,True
MLCC_C010438,True,True
MLCC_C010439,True,True
MLCC_C010440,True,True
MLCC_C010441,True,True
MLCC_C010444,True,True
MLCC_C010445,True,True
MLCC_C010446,True,True
MLCC_C010448,True,True
MLCC_C010449,True,True
MLCC_C010450,True,True
MLCC_C010452,True,True
MLCC_C010453,True,True
MLCC_C010454,True,True
MLCC_C010460,True,True
MLCC_C010461,True,True
MLCC_C010462,True,True
MLCC_C010463,True,True
MLCC_C010465,True,True
MLCC_C010466,True,True
MLCC_C010467,True,True
MLCC_C010468,True,True
MLCC_C010471,True,True
MLCC_C010473,True,True
MLCC_C010474,True,True
MLCC_C010475,True,True
MLCC_C010477,True,True
MLCC_C010478,True,True
MLCC_C010479,True,True
MLCC_C010481,True,True
MLCC_C010482,True,True
MLCC_C010484,True,True
MLCC_C010485,True,True
MLCC_C010487,True,True
MLCC_C010488,True,True
MLCC_C010489,True,True
MLCC_C010490,True,True
MLCC_C010492,True,True
MLCC_C010493,True,True
MLCC_C010494,True,True
MLCC_C010495,True,True
MLCC_C010497,True,True
MLCC_C010498,True,True
MLCC_C010500,True,True
MLCC_C010501,True,True
MLCC_C010502,True,True
MLCC_C010503,True,True
MLCC_C010504,True,True
MLCC_C010507,True,True
MLCC_C010512,True,True
MLCC_C010514,True,True
MLCC_C010515,True,True
MLCC_C010517,True,True
MLCC_C010518,True,True
MLCC_C010519,True,True
MLCC_C010520,True,True
MLCC_C010522,True,True
MLCC_C010523,True,True
MLCC_C010524,True,True
MLCC_C010525,True,True
MLCC_C010526,True,True
MLCC_C010527,True,True
MLCC_C010528,True,True
MLCC_C010530,True,True
MLCC_C010534,True,True
MLCC_C010538,True,True
MLCC_C010542,True,True
MLCC_C010544,True,True
MLCC_C010546,True,True
MLCC_C010547,True,True
MLCC_C010549,True,True
MLCC_C010551,True,True
MLCC_C010553,True,True
MLCC_C010555,True,True
MLCC_C010556,True,True
MLCC_C010561,True,True
MLCC_C010562,True,True
MLCC_C010565,True,True
MLCC_C010566,True,True
MLCC_C010567,True,True
MLCC_C010568,True,True
MLCC_C010569,True,True
MLCC_C010573,True,True
MLCC_C010574,True,True
MLCC_C010575,True,True
MLCC_C010576,True,True
MLCC_C010577,True,True
MLCC_C010578,True,True
MLCC_C010579,True,True
MLCC_C010583,True,True
MLCC_C010585,True,True
MLCC_C010587,True,True
MLCC_C010588,True,True
MLCC_C010589,True,True
MLCC_C010590,True,True
MLCC_C010591,True,True
MLCC_C010592,True,True
MLCC_C010594,True,True
MLCC_C010595,True,True
MLCC_C010598,True,True
MLCC_C010599,True,True
MLCC_C010601,True,True
MLCC_C010602,True,True
MLCC_C010603,True,True
MLCC_C010605,True,True
MLCC_C010607,True,True
MLCC_C010609,True,True
MLCC_C010610,True,True
MLCC_C010612,True,True
MLCC_C010613,True,True
MLCC_C010614,True,True
MLCC_C010615,True,True
MLCC_C010616,True,True
MLCC_C010617,True,True
MLCC_C010618,True,True
MLCC_C010621,True,True
MLCC_C010622,True,True
MLCC_C010624,True,True
MLCC_C010625,True,True
MLCC_C010626,True,True
MLCC_C010629,True,True
MLCC_C010635,True,True
MLCC_C010636,True,True
MLCC_C010637,True,True
MLCC_C010638,True,True
MLCC_C010639,True,True
MLCC_C010640,True,True
MLCC_C010641,True,True
MLCC_C010643,True,True
MLCC_C010647,True,True
MLCC_C010650,True,True
MLCC_C010651,True,True
MLCC_C010652,True,True
MLCC_C010653,True,True
MLCC_C010654,True,True
MLCC_C010655,True,True
MLCC_C010659,True,True
MLCC_C010663,True,True
MLCC_C010664,True,True
MLCC_C010667,True,True
MLCC_C010668,True,True
MLCC_C010669,True,True
MLCC_C010670,True,True
MLCC_C010672,True,True
MLCC_C010673,True,True
MLCC_C010675,True,True
MLCC_C010676,True,True
MLCC_C010677,True,True
MLCC_C010679,True,True
MLCC_C010682,True,True
MLCC_C010683,True,True
MLCC_C010685,True,True
MLCC_C010688,True,True
MLCC_C010693,True,True
MLCC_C010696,True,True
MLCC_C010699,True,True
MLCC_C010700,True,True
MLCC_C010701,True,True
MLCC_C010702,True,True
MLCC_C010703,True,True
MLCC_C010704,True,True
MLCC_C010708,True,True
MLCC_C010710,True,True
MLCC_C010711,True,True
MLCC_C010712,True,True
MLCC_C010713,True,True
MLCC_C010714,True,True
MLCC_C010716,True,True
MLCC_C010717,True,True
MLCC_C010718,True,True
MLCC_C010719,True,True
MLCC_C010720,True,True
MLCC_C010721,True,True
MLCC_C010722,True,True
MLCC_C010724,True,True
MLCC_C010726,True,True
MLCC_C010727,True,True
MLCC_C010728,True,True
MLCC_C010729,True,True
MLCC_C010730,True,True
MLCC_C010732,True,True
MLCC_C010734,True,True
MLCC_C010735,True,True
MLCC_C010737,True,True
MLCC_C010738,True,True
MLCC_C010741,True,True
MLCC_C010742,True,True
MLCC_C010744,True,True
MLCC_C010745,True,True
MLCC_C010748,True,True
MLCC_C010750,True,True
MLCC_C010751,True,True
MLCC_C010752,True,True
MLCC_C010755,True,True
MLCC_C010756,True,True
MLCC_C010757,True,True
MLCC_C010758,True,True
MLCC_C010759,True,True
MLCC_C010761,True,True
MLCC_C010762,True,True
MLCC_C010763,True,True
MLCC_C010764,True,True
MLCC_C010765,True,True
MLCC_C010766,True,True
MLCC_C010768,True,True
MLCC_C010769,True,True
MLCC_C010770,True,True
MLCC_C010773,True,True
MLCC_C010775,True,True
MLCC_C010776,True,True
MLCC_C010778,True,True
MLCC_C010779,True,True
MLCC_C010780,True,True
MLCC_C010782,True,True
MLCC_C010784,True,True
MLCC_C010785,True,True
MLCC_C010787,True,True
MLCC_C010788,True,True
MLCC_C010789,True,True
MLCC_C010792,True,True
MLCC_C010795,True,True
MLCC_C010796,True,True
MLCC_C010798,True,True
MLCC_C010799,True,True
MLCC_C010801,True,True
MLCC_C010802,True,True
MLCC_C010804,True,True
MLCC_C010806,True,True
MLCC_C010807,True,True
MLCC_C010808,True,True
MLCC_C010809,True,True
MLCC_C010810,True,True
MLCC_C010811,True,True
MLCC_C010813,True,True
MLCC_C010815,True,True
MLCC_C010816,True,True
MLCC_C010817,True,True
MLCC_C010818,True,True
MLCC_C010819,True,True
MLCC_C010820,True,True
MLCC_C010821,True,True
MLCC_C010823,True,True
MLCC_C010826,True,True
MLCC_C010828,True,True
MLCC_C010829,True,True
MLCC_C010831,True,True
MLCC_C010834,True,True
MLCC_C010836,True,True
MLCC_C010838,True,True
MLCC_C010839,True,True
MLCC_C010841,True,True
MLCC_C010842,True,True
MLCC_C010844,True,True
MLCC_C010845,True,True
MLCC_C010846,True,True
MLCC_C010848,True,True
MLCC_C010849,True,True
MLCC_C010850,True,True
MLCC_C010852,True,True
MLCC_C010855,True,True
MLCC_C010856,True,True
MLCC_C010857,True,True
MLCC_C010858,True,True
MLCC_C010860,True,True
MLCC_C010861,True,True
MLCC_C010863,True,True
MLCC_C010865,True,True
MLCC_C010866,True,True
MLCC_C010868,True,True
MLCC_C010869,True,True
MLCC_C010871,True,True
MLCC_C010873,True,True
MLCC_C010875,True,True
MLCC_C010876,True,True
MLCC_C010878,True,True
MLCC_C010879,True,True
MLCC_C010884,True,True
MLCC_C010885,True,True
MLCC_C010888,True,True
MLCC_C010889,True,True
MLCC_C010891,True,True
MLCC_C010892,True,True
MLCC_C010893,True,True
MLCC_C010897,True,True
MLCC_C010900,True,True
MLCC_C010901,True,True
MLCC_C010902,True,True
MLCC_C010905,True,True
MLCC_C010907,True,True
MLCC_C010909,True,True
MLCC_C010910,True,True
MLCC_C010911,True,True
MLCC_C010912,True,True
MLCC_C010914,True,True
MLCC_C010917,True,True
MLCC_C010918,True,True
MLCC_C010919,True,True
MLCC_C010922,True,True
MLCC_C010923,True,True
MLCC_C010924,True,True
MLCC_C010930,True,True
MLCC_C010931,True,True
MLCC_C010932,True,True
MLCC_C010939,True,True
MLCC_C010940,True,True
MLCC_C010941,True,True
MLCC_C010943,True,True
MLCC_C010946,True,True
MLCC_C010947,True,True
MLCC_C010948,True,True
MLCC_C010949,True,True
MLCC_C010951,True,True
MLCC_C010952,True,True
MLCC_C010953,True,True
MLCC_C010954,True,True
MLCC_C010955,True,True
MLCC_C010957,True,True
MLCC_C010958,True,True
MLCC_C010959,True,True
MLCC_C010960,True,True
MLCC_C010961,True,True
MLCC_C010962,True,True
MLCC_C010963,True,True
MLCC_C010964,True,True
MLCC_C010966,True,True
MLCC_C010970,True,True
MLCC_C010971,True,True
MLCC_C010973,True,True
MLCC_C010976,True,True
MLCC_C010980,True,True
MLCC_C010983,True,True
MLCC_C010984,True,True
MLCC_C010985,True,True
MLCC_C010986,True,True
MLCC_C010987,True,True
MLCC_C010989,True,True
MLCC_C010991,True,True
MLCC_C010992,True,True
MLCC_C010993,True,True
MLCC_C010994,True,True
MLCC_C010995,True,True
MLCC_C010996,True,True
MLCC_C010997,True,True
MLCC_C010998,True,True
MLCC_C011000,True,True
MLCC_C011001,True,True
MLCC_C011002,True,True
MLCC_C011003,True,True
MLCC_C011007,True,True
MLCC_C011011,True,True
MLCC_C011012,True,True
MLCC_C011013,True,True
MLCC_C011016,True,True
MLCC_C011017,True,True
MLCC_C011019,True,True
MLCC_C011020,True,True
MLCC_C011022,True,True
MLCC_C011023,True,True
MLCC_C011024,True,True
MLCC_C011026,True,True
MLCC_C011027,True,True
MLCC_C011028,True,True
MLCC_C011030,True,True
MLCC_C011032,True,True
MLCC_C011033,True,True
MLCC_C011036,True,True
MLCC_C011037,True,True
MLCC_C011038,True,True
MLCC_C011042,True,True
MLCC_C011043,True,True
MLCC_C011045,True,True
MLCC_C011046,True,True
MLCC_C011047,True,True
MLCC_C011049,True,True
MLCC_C011052,True,True
MLCC_C011053,True,True
MLCC_C011055,True,True
MLCC_C011056,True,True
MLCC_C011060,True,True
MLCC_C011061,True,True
MLCC_C011063,True,True
MLCC_C011064,True,True
MLCC_C011066,True,True
MLCC_C011067,True,True
MLCC_C011072,True,True
MLCC_C011074,True,True
MLCC_C011083,True,True
MLCC_C011084,True,True
MLCC_C011085,True,True
MLCC_C011086,True,True
MLCC_C011088,True,True
MLCC_C011091,True,True
MLCC_C011093,True,True
MLCC_C011094,True,True
MLCC_C011095,True,True
MLCC_C011098,True,True
MLCC_C011100,True,True
MLCC_C011101,True,True
MLCC_C011103,True,True
MLCC_C011104,True,True
MLCC_C011110,True,True
MLCC_C011111,True,True
MLCC_C011112,True,True
MLCC_C011113,True,True
MLCC_C011115,True,True
MLCC_C011116,True,True
MLCC_C011117,True,True
MLCC_C011119,True,True
MLCC_C011121,True,True
MLCC_C011122,True,True
MLCC_C011123,True,True
MLCC_C011127,True,True
MLCC_C011128,True,True
MLCC_C011129,True,True
MLCC_C011130,True,True
MLCC_C011135,True,True
MLCC_C011137,True,True
MLCC_C011138,True,True
MLCC_C011139,True,True
MLCC_C011140,True,True
MLCC_C011146,True,True
MLCC_C011147,True,True
MLCC_C011148,True,True
MLCC_C011150,True,True
MLCC_C011151,True,True
MLCC_C011154,True,True
MLCC_C011155,True,True
MLCC_C011156,True,True
MLCC_C011157,True,True
MLCC_C011159,True,True
MLCC_C011160,True,True
MLCC_C011161,True,True
MLCC_C011162,True,True
MLCC_C011163,True,True
MLCC_C011165,True,True
MLCC_C011167,True,True
MLCC_C011170,True,True
MLCC_C011172,True,True
MLCC_C011174,True,True
MLCC_C011175,True,True
MLCC_C011176,True,True
MLCC_C011177,True,True
MLCC_C011178,True,True
MLCC_C011179,True,True
MLCC_C011180,True,True
MLCC_C011181,True,True
MLCC_C011182,True,True
MLCC_C011184,True,True
MLCC_C011187,True,True
MLCC_C011188,True,True
MLCC_C011189,True,True
MLCC_C011192,True,True
MLCC_C011195,True,True
MLCC_C011196,True,True
MLCC_C011197,True,True
MLCC_C011199,True,True
MLCC_C011200,True,True
MLCC_C011201,True,True
MLCC_C011202,True,True
MLCC_C011204,True,True
MLCC_C011205,True,True
MLCC_C011206,True,True
MLCC_C011207,True,True
MLCC_C011209,True,True
MLCC_C011210,True,True
MLCC_C011211,True,True
MLCC_C011212,True,True
MLCC_C011213,True,True
MLCC_C011217,True,True
MLCC_C011221,True,True
MLCC_C011222,True,True
MLCC_C011226,True,True
MLCC_C011227,True,True
MLCC_C011228,True,True
MLCC_C011229,True,True
MLCC_C011230,True,True
MLCC_C011231,True,True
MLCC_C011233,True,True
MLCC_C011234,True,True
MLCC_C011235,True,True
MLCC_C011236,True,True
MLCC_C011237,True,True
MLCC_C011238,True,True
MLCC_C011239,True,True
MLCC_C011241,True,True
MLCC_C011243,True,True
MLCC_C011244,True,True
MLCC_C011245,True,True
MLCC_C011247,True,True
MLCC_C011250,True,True
MLCC_C011254,True,True
MLCC_C011256,True,True
MLCC_C011257,True,True
MLCC_C011258,True,True
MLCC_C011259,True,True
MLCC_C011260,True,True
MLCC_C011261,True,True
MLCC_C011264,True,True
MLCC_C011265,True,True
MLCC_C011267,True,True
MLCC_C011268,True,True
MLCC_C011269,True,True
MLCC_C011270,True,True
MLCC_C011272,True,True
MLCC_C011273,True,True
MLCC_C011274,True,True
MLCC_C011275,True,True
MLCC_C011276,True,True
MLCC_C011277,True,True
MLCC_C011278,True,True
MLCC_C011279,True,True
MLCC_C011281,True,True
MLCC_C011283,True,True
MLCC_C011284,True,True
MLCC_C011286,True,True
MLCC_C011287,True,True
MLCC_C011289,True,True
MLCC_C011291,True,True
MLCC_C011293,True,True
MLCC_C011295,True,True
MLCC_C011297,True,True
MLCC_C011301,True,True
MLCC_C011309,True,True
MLCC_C011310,True,True
MLCC_C011312,True,True
MLCC_C011313,True,True
MLCC_C011314,True,True
MLCC_C011316,True,True
MLCC_C011317,True,True
MLCC_C011318,True,True
MLCC_C011320,True,True
MLCC_C011322,True,True
MLCC_C011323,True,True
MLCC_C011324,True,True
MLCC_C011325,True,True
MLCC_C011328,True,True
MLCC_C011330,True,True
MLCC_C011333,True,True
MLCC_C011334,True,True
MLCC_C011335,True,True
MLCC_C011336,True,True
MLCC_C011337,True,True
MLCC_C011338,True,True
MLCC_C011339,True,True
MLCC_C011341,True,True
MLCC_C011342,True,True
MLCC_C011343,True,True
MLCC_C011344,True,True
MLCC_C011345,True,True
MLCC_C011347,True,True
MLCC_C011348,True,True
MLCC_C011349,True,True
MLCC_C011350,True,True
MLCC_C011351,True,True
MLCC_C011352,True,True
MLCC_C011353,True,True
MLCC_C011354,True,True
MLCC_C011355,True,True
MLCC_C011356,True,True
MLCC_C011357,True,True
MLCC_C011358,True,True
MLCC_C011360,True,True
MLCC_C011361,True,True
MLCC_C011362,True,True
MLCC_C011364,True,True
MLCC_C011366,True,True
MLCC_C011368,True,True
MLCC_C011369,True,True
MLCC_C011374,True,True
MLCC_C011376,True,True
MLCC_C011377,True,True
MLCC_C011379,True,True
MLCC_C011381,True,True
MLCC_C011383,True,True
MLCC_C011384,True,True
MLCC_C011386,True,True
MLCC_C011387,True,True
MLCC_C011388,True,True
MLCC_C011391,True,True
MLCC_C011392,True,True
MLCC_C011395,True,True
MLCC_C011396,True,True
MLCC_C011397,True,True
MLCC_C011398,True,True
MLCC_C011399,True,True
MLCC_C011400,True,True
MLCC_C011404,True,True
MLCC_C011405,True,True
MLCC_C011406,True,True
MLCC_C011407,True,True
MLCC_C011409,True,True
MLCC_C011410,True,True
MLCC_C011411,True,True
MLCC_C011412,True,True
MLCC_C011414,True,True
MLCC_C011415,True,True
MLCC_C011419,True,True
MLCC_C011420,True,True
MLCC_C011421,True,True
MLCC_C011423,True,True
MLCC_C011426,True,True
MLCC_C011429,True,True
MLCC_C011430,True,True
MLCC_C011431,True,True
MLCC_C011433,True,True
MLCC_C011434,True,True
MLCC_C011435,True,True
MLCC_C011436,True,True
MLCC_C011438,True,True
MLCC_C011439,True,True
MLCC_C011440,True,True
MLCC_C011444,True,True
MLCC_C011446,True,True
MLCC_C011447,True,True
MLCC_C011448,True,True
MLCC_C011449,True,True
MLCC_C011451,True,True
MLCC_C011453,True,True
MLCC_C011455,True,True
MLCC_C011457,True,True
MLCC_C011458,True,True
MLCC_C011459,True,True
MLCC_C011460,True,True
MLCC_C011461,True,True
MLCC_C011463,True,True
MLCC_C011464,True,True
MLCC_C011466,True,True
MLCC_C011467,True,True
MLCC_C011468,True,True
MLCC_C011469,True,True
MLCC_C011470,True,True
MLCC_C011472,True,True
MLCC_C011473,True,True
MLCC_C011474,True,True
MLCC_C011475,True,True
MLCC_C011477,True,True
MLCC_C011478,True,True
MLCC_C011480,True,True
MLCC_C011481,True,True
MLCC_C011482,True,True
MLCC_C011483,True,True
MLCC_C011485,True,True
MLCC_C011486,True,True
MLCC_C011488,True,True
MLCC_C011490,True,True
MLCC_C011491,True,True
MLCC_C011493,True,True
MLCC_C011494,True,True
MLCC_C011495,True,True
MLCC_C011496,True,True
MLCC_C011497,True,True
MLCC_C011499,True,True
MLCC_C011500,True,True
MLCC_C011503,True,True
MLCC_C011504,True,True
MLCC_C011505,True,True
MLCC_C011506,True,True
MLCC_C011508,True,True
MLCC_C011509,True,True
MLCC_C011510,True,True
MLCC_C011514,True,True
MLCC_C011515,True,True
MLCC_C011516,True,True
MLCC_C011517,True,True
MLCC_C011520,True,True
MLCC_C011523,True,True
MLCC_C011525,True,True
MLCC_C011526,True,True
MLCC_C011527,True,True
MLCC_C011529,True,True
MLCC_C011530,True,True
MLCC_C011531,True,True
MLCC_C011533,True,True
MLCC_C011537,True,True
MLCC_C011538,True,True
MLCC_C011540,True,True
MLCC_C011542,True,True
MLCC_C011545,True,True
MLCC_C011547,True,True
MLCC_C011549,True,True
MLCC_C011551,True,True
MLCC_C011552,True,True
MLCC_C011553,True,True
MLCC_C011554,True,True
MLCC_C011556,True,True
MLCC_C011557,True,True
MLCC_C011558,True,True
MLCC_C011560,True,True
MLCC_C011561,True,True
MLCC_C011562,True,True
MLCC_C011564,True,True
MLCC_C011567,True,True
MLCC_C011570,True,True
MLCC_C011571,True,True
MLCC_C011572,True,True
MLCC_C011576,True,True
MLCC_C011578,True,True
MLCC_C011581,True,True
MLCC_C011582,True,True
MLCC_C011583,True,True
MLCC_C011584,True,True
MLCC_C011585,True,True
MLCC_C011587,True,True
MLCC_C011588,True,True
MLCC_C011591,True,True
MLCC_C011592,True,True
MLCC_C011593,True,True
MLCC_C011594,True,True
MLCC_C011595,True,True
MLCC_C011596,True,True
MLCC_C011598,True,True
MLCC_C011599,True,True
MLCC_C011600,True,True
MLCC_C011601,True,True
MLCC_C011602,True,True
MLCC_C011603,True,True
MLCC_C011604,True,True
MLCC_C011605,True,True
MLCC_C011606,True,True
MLCC_C011607,True,True
MLCC_C011608,True,True
MLCC_C011609,True,True
MLCC_C011611,True,True
MLCC_C011612,True,True
MLCC_C011613,True,True
MLCC_C011614,True,True
MLCC_C011615,True,True
MLCC_C011616,True,True
MLCC_C011617,True,True
MLCC_C011618,True,True
MLCC_C011619,True,True
MLCC_C011620,True,True
MLCC_C011621,True,True
MLCC_C011622,True,True
MLCC_C011624,True,True
MLCC_C011625,True,True
MLCC_C011626,True,True
MLCC_C011627,True,True
MLCC_C011628,True,True
MLCC_C011629,True,True
MLCC_C011630,True,True
MLCC_C011634,True,True
MLCC_C011635,True,True
MLCC_C011636,True,True
MLCC_C011637,True,True
MLCC_C011638,True,True
MLCC_C011639,True,True
MLCC_C011640,True,True
MLCC_C011641,True,True
MLCC_C011642,True,True
MLCC_C011644,True,True
MLCC_C011645,True,True
MLCC_C011646,True,True
MLCC_C011647,True,True
MLCC_C011648,True,True
MLCC_C011649,True,True
MLCC_C011651,True,True
MLCC_C011652,True,True
MLCC_C011653,True,True
MLCC_C011654,True,True
MLCC_C011655,True,True
MLCC_C011657,True,True
MLCC_C011661,True,True
MLCC_C011663,True,True
MLCC_C011664,True,True
MLCC_C011665,True,True
MLCC_C011666,True,True
MLCC_C011667,True,True
MLCC_C011668,True,True
MLCC_C011669,True,True
MLCC_C011670,True,True
MLCC_C011676,True,True
MLCC_C011677,True,True
MLCC_C011678,True,True
MLCC_C011679,True,True
MLCC_C011680,True,True
MLCC_C011681,True,True
MLCC_C011682,True,True
MLCC_C011684,True,True
MLCC_C011691,True,True
MLCC_C011692,True,True
MLCC_C011696,True,True
MLCC_C011697,True,True
MLCC_C011699,True,True
MLCC_C011701,True,True
MLCC_C011704,True,True
MLCC_C011706,True,True
MLCC_C011707,True,True
MLCC_C011710,True,True
MLCC_C011713,True,True
MLCC_C011714,True,True
MLCC_C011715,True,True
MLCC_C011716,True,True
MLCC_C011718,True,True
MLCC_C011719,True,True
MLCC_C011722,True,True
MLCC_C011723,True,True
MLCC_C011724,True,True
MLCC_C011726,True,True
MLCC_C011727,True,True
MLCC_C011730,True,True
MLCC_C011731,True,True
MLCC_C011732,True,True
MLCC_C011734,True,True
MLCC_C011735,True,True
MLCC_C011737,True,True
MLCC_C011740,True,True
MLCC_C011741,True,True
MLCC_C011744,True,True
MLCC_C011745,True,True
MLCC_C011747,True,True
MLCC_C011748,True,True
MLCC_C011749,True,True
MLCC_C011750,True,True
MLCC_C011752,True,True
MLCC_C011753,True,True
MLCC_C011754,True,True
MLCC_C011755,True,True
MLCC_C011759,True,True
MLCC_C011760,True,True
MLCC_C011761,True,True
MLCC_C011762,True,True
MLCC_C011763,True,True
MLCC_C011766,True,True
MLCC_C011768,True,True
MLCC_C011769,True,True
MLCC_C011770,True,True
MLCC_C011771,True,True
MLCC_C011772,True,True
MLCC_C011773,True,True
MLCC_C011775,True,True
MLCC_C011776,True,True
MLCC_C011777,True,True
MLCC_C011780,True,True
MLCC_C011781,True,True
MLCC_C011785,True,True
MLCC_C011786,True,True
MLCC_C011788,True,True
MLCC_C011790,True,True
MLCC_C011791,True,True
MLCC_C011792,True,True
MLCC_C011796,True,True
MLCC_C011797,True,True
MLCC_C011798,True,True
MLCC_C011799,True,True
MLCC_C011800,True,True
MLCC_C011802,True,True
MLCC_C011803,True,True
MLCC_C011806,True,True
MLCC_C011809,True,True
MLCC_C011810,True,True
MLCC_C011811,True,True
MLCC_C011812,True,True
MLCC_C011814,True,True
MLCC_C011816,True,True
MLCC_C011817,True,True
MLCC_C011818,True,True
MLCC_C011819,True,True
MLCC_C011820,True,True
MLCC_C011821,True,True
MLCC_C011822,True,True
MLCC_C011823,True,True
MLCC_C011825,True,True
MLCC_C011827,True,True
MLCC_C011828,True,True
MLCC_C011830,True,True
MLCC_C011831,True,True
MLCC_C011832,True,True
MLCC_C011833,True,True
MLCC_C011836,True,True
MLCC_C011839,True,True
MLCC_C011840,True,True
MLCC_C011842,True,True
MLCC_C011843,True,True
MLCC_C011846,True,True
MLCC_C011848,True,True
MLCC_C011851,True,True
MLCC_C011854,True,True
MLCC_C011858,True,True
MLCC_C011862,True,True
MLCC_C011863,True,True
MLCC_C011867,True,True
MLCC_C011868,True,True
MLCC_C011869,True,True
MLCC_C011870,True,True
MLCC_C011874,True,True
MLCC_C011875,True,True
MLCC_C011876,True,True
MLCC_C011878,True,True
MLCC_C011879,True,True
MLCC_C011881,True,True
MLCC_C011883,True,True
MLCC_C011885,True,True
MLCC_C011886,True,True
MLCC_C011887,True,True
MLCC_C011888,True,True
MLCC_C011890,True,True
MLCC_C011891,True,True
MLCC_C011894,True,True
MLCC_C011896,True,True
MLCC_C011899,True,True
MLCC_C011900,True,True
MLCC_C011901,True,True
MLCC_C011902,True,True
MLCC_C011904,True,True
MLCC_C011905,True,True
MLCC_C011906,True,True
MLCC_C011907,True,True
MLCC_C011910,True,True
MLCC_C011912,True,True
MLCC_C011914,True,True
MLCC_C011915,True,True
MLCC_C011917,True,True
MLCC_C011918,True,True
MLCC_C011920,True,True
MLCC_C011921,True,True
MLCC_C011923,True,True
MLCC_C011925,True,True
MLCC_C011929,True,True
MLCC_C011931,True,True
MLCC_C011932,True,True
MLCC_C011934,True,True
MLCC_C011935,True,True
MLCC_C011938,True,True
MLCC_C011939,True,True
MLCC_C011940,True,True
MLCC_C011941,True,True
MLCC_C011945,True,True
MLCC_C011946,True,True
MLCC_C011947,True,True
MLCC_C011948,True,True
MLCC_C011950,True,True
MLCC_C011951,True,True
MLCC_C011953,True,True
MLCC_C011958,True,True
MLCC_C011962,True,True
MLCC_C011963,True,True
MLCC_C011967,True,True
MLCC_C011968,True,True
MLCC_C011969,True,True
MLCC_C011970,True,True
MLCC_C011973,True,True
MLCC_C011974,True,True
MLCC_C011976,True,True
MLCC_C011979,True,True
MLCC_C011980,True,True
MLCC_C011981,True,True
MLCC_C011982,True,True
MLCC_C011983,True,True
MLCC_C011986,True,True
MLCC_C011987,True,True
MLCC_C011988,True,True
MLCC_C011990,True,True
MLCC_C011991,True,True
MLCC_C011993,True,True
MLCC_C011995,True,True
MLCC_C011996,True,True
MLCC_C012000,True,True
